onet_soc2000,item_4_A_3_b_1,item_4_A_3_a_1,item_4_A_3_a_2,item_4_A_3_a_4,item_4_C_1_a_4,item_4_C_1_b_1_f,item_4_A_4_a_8,item_4_A_4_a_5,computer_mediated_raw,computer_mediated,physical_dependence_raw,physical_dependence,relational_public_raw,relational_public,remote_feasibility_proxy_raw,remote_feasibility_proxy,partial_market_shelter_proxy_raw,partial_market_shelter_proxy,soc2000
11-1011.01,1.4002617088354277,-1.089722764727014,-1.4369320622453658,-0.6117722154492555,1.1639926619168366,1.2578443833254667,1.4449171443987978,-0.8057457759759455,1.4002617088354277,1.4002617088354277,-1.0461423474738785,-1.3715820938175534,0.7652521034162889,0.8641050314870561,2.771843802652981,1.580318198375055,-1.907738771165925,-1.133252379117011,11-1011
11-1011.02,1.4002617088354277,-1.089722764727014,-1.7951399038492555,-0.6117722154492555,1.3704597604153224,0.8876794581320137,0.9711600112368411,-0.14417430647866872,1.4002617088354277,1.4002617088354277,-1.1655449613418416,-1.528129133072552,0.7712812308263771,0.8709129831506658,2.9283908419079796,1.669570751062051,-2.0574778587573137,-1.2222017572103459,11-1011
11-2011.00,1.0478139961612734,-0.914358491255299,-1.0678694375625708,-0.6117722154492555,1.2687673139681468,1.4059096426867603,1.2838397191237327,-0.47002294070867073,1.0478139961612734,1.0478139961612734,-0.8646667147557084,-1.1336520177609888,0.8721234337674922,0.9847816736889186,2.181466013922262,1.2437246419291246,-1.1966843402333436,-0.7108653428439218,11-2011
11-2021.00,0.6953662834871189,-1.089722764727014,-2.153347745453145,-0.6117722154492555,1.3704597604153224,1.7020419381995668,0.9711600112368411,0.023687111154968556,0.6953662834871189,0.6953662834871187,-1.2849475752098047,-1.6846761723275507,1.0168372052516748,1.1481891279209333,2.3800424558146696,1.3569395224324132,-1.2318533278937362,-0.7317567455556877,11-2021
11-2022.00,1.5818256820312042,-1.089722764727014,-1.9796712161906531,-0.25227645353158534,1.3704597604153224,1.7020419381995668,0.9711600112368411,0.18167432775133327,1.5818256820312042,1.5818256820312042,-1.1072234781497508,-1.4516646803866324,1.0563340094007658,1.192788008525803,3.0334903624178366,1.7294914019815766,-1.8407023538920337,-1.0934307953072482,11-2022
11-3011.00,1.4002617088354277,-1.089722764727014,-0.7096615959586813,-0.6117722154492555,1.062300215469661,-0.8891107613643856,-0.7722662387991592,-0.31203572411230623,1.4002617088354277,1.4002617088354277,-0.8037188587116503,-1.053744165633162,-0.2277781272015475,-0.25720180957213973,2.4540058744685895,1.399108470192366,-2.7112076840407298,-1.6105363085647801,11-3011
11-3021.00,2.4682850805752894,-1.2650870381987294,-1.4369320622453658,-0.6117722154492555,0.9606077690224858,-0.0007156516161860038,-0.4501113882490287,0.18167432775133327,2.4682850805752894,2.4682850805752894,-1.1045971052977837,-1.4482212809447257,0.1728637642271511,0.19519377700973994,3.916506361520015,2.2329275088436935,-3.721312584510275,-2.2105680314171035,11-3021
11-3031.01,1.5818256820312042,-1.4301357661721081,-1.2524007499039684,-0.6117722154492555,0.7556826978028535,-0.1487817993725891,-0.2985091056372026,-0.47002294070867073,1.5818256820312042,1.5818256820312042,-1.098102910508444,-1.4397068361291325,-0.04040778697890224,-0.04562754141262677,3.0215325181603365,1.7226738465062732,-3.067160059572964,-1.821982384160196,11-3031
11-3031.02,1.7633896552269805,-1.2650870381987294,-1.2524007499039684,-0.43747123997402165,0.8573751442500287,0.4434819032579138,1.2838397191237327,-0.14417430647866872,1.7633896552269805,1.7633896552269805,-0.9849863426922397,-1.2914013408918519,0.6101306150382517,0.6889454232993399,3.0547909961188324,1.741635585229704,-2.3658455728194925,-1.4053811583346754,11-3031
11-3040.00,1.0478139961612734,-1.089722764727014,-1.6106085915078578,-0.6117722154492555,1.3504291218955866,-0.04513540710359583,0.17524802752475419,-0.14417430647866872,1.0478139961612734,1.0478139961612734,-1.1040345238947091,-1.447483688607856,0.33409185895951904,0.37724882429854606,2.4952976847691293,1.4226502726558878,-2.118048860470583,-1.2581826959188003,11-3040
11-3041.00,1.0478139961612734,-1.089722764727014,-1.6106085915078578,-0.6117722154492555,1.3504291218955866,-0.04513540710359583,0.17524802752475419,-0.14417430647866872,1.0478139961612734,1.0478139961612734,-1.1040345238947091,-1.447483688607856,0.33409185895951904,0.37724882429854606,2.4952976847691293,1.4226502726558878,-2.118048860470583,-1.2581826959188003,11-3041
11-3042.00,-0.20177334877436495,-1.4301357661721081,-1.9796712161906531,-0.6117722154492555,1.3504291218955866,-0.04513540710359583,-0.4501113882490287,1.011107214882247,-0.20177334877436495,-0.20177334877436526,-1.3405263992706722,-1.7575447643135236,0.4665723853563023,0.5268427802281775,1.5557714155391582,0.8869958249938429,-1.0289286353109808,-0.6112135694527816,11-3042
11-3051.00,0.9623721264220844,-0.6564698537968944,-1.2524007499039684,-0.43747123997402165,1.1655337647189041,0.369449273577267,0.17524802752475419,-0.31203572411230623,0.9623721264220844,0.9623721264220841,-0.7821139478916281,-1.025418279685784,0.34954883542715476,0.39470248574898087,1.9877904061078682,1.1333038861428524,-1.5930879203588872,-0.9463406118154837,11-3051
11-3061.00,1.2293779693570497,-0.914358491255299,-1.3935129299297428,-0.3938959961052131,1.2283981861589757,1.0209387245942434,0.21314859817771076,-0.1737969095904871,1.2293779693570497,1.2293779693570497,-0.9005891390967516,-1.180749388507584,0.5721721498351107,0.6460835995642177,2.4101273578646336,1.3740919024331852,-1.7640437583004158,-1.0478933574006544,11-3061
11-3071.01,0.3749592719651606,-1.1206694012220226,-1.6106085915078578,-0.17601977676117064,1.104518296850599,0.48790165874532365,0.40265145144249315,-0.3712809303359428,0.3749592719651606,0.3749592719651604,-0.969099256497017,-1.2705720120716193,0.40594761917561833,0.4583866920245783,1.6455312840367797,0.9381708419752387,-1.1871445920122015,-0.7051984546246404,11-3071
11-3071.02,0.3749592719651606,-0.2954257613551279,-0.9593216067735133,0.04185644258287207,1.2265492325872092,0.9320992136194235,-0.16585710835185466,-0.1737969095904871,0.3749592719651606,0.3749592719651604,-0.40429697518192304,-0.5300679138772477,0.4547486070660728,0.5134916423924717,0.9050271858424082,0.5159853994810317,-0.3915355434499364,-0.23258351344001746,11-3071
11-9011.01,-0.20177334877436495,0.2822447865516985,-0.7096615959586813,-0.25227645353158534,0.6108476931888569,0.6655806806949637,0.9711600112368411,0.18167432775133327,-0.20177334877436495,-0.20177334877436526,-0.2265644209795227,-0.2970453338993763,0.6073156782179987,0.6857668615432339,0.09527198512501106,0.05431765373801681,0.5904948764182227,0.3507711504696125,11-9011
11-9011.02,-0.020209375578588307,-0.3985812163384898,-1.4369320622453658,-0.06708166708914928,0.42410338244040774,0.31022263679568396,0.17524802752475419,0.34953574538497056,-0.020209375578588307,-0.020209375578588595,-0.634198315224335,-0.8314882340738797,0.31477744803645413,0.3554394367982415,0.8112788584952911,0.46253643253993937,-0.4558394216970496,-0.2707818895025091,11-9011
11-9011.03,-0.20177334877436495,-0.5739454898102049,-1.7951399038492555,-0.25227645353158534,0.30207244670379724,-0.6670119839273357,-0.2985091056372026,-0.14417430647866872,-0.20177334877436495,-0.20177334877436526,-0.8737872823970152,-1.145609862018489,-0.20190573733485245,-0.2279873034497773,0.9438365132441237,0.5381118577976676,-1.1718238166939008,-0.696097467979194,11-9011
11-9012.00,-0.5542210614485191,1.3137993363853169,0.01760887032800328,2.8306720501866165,-0.3154780462663216,-0.13397491807841588,-0.13743168036213724,0.34953574538497056,-0.5542210614485191,-0.5542210614485196,1.3873600856333121,1.818947732807797,-0.05933722483047604,-0.06700222619656183,-2.3731687942563164,-1.353020624679322,2.3061665680597545,1.3699300917895554,11-9012
11-9021.00,-0.20177334877436495,-0.3985812163384898,-1.4369320622453658,-0.43747123997402165,-0.0048538462094953605,-0.04513540710359583,-0.2985091056372026,-0.47002294070867073,-0.20177334877436495,-0.20177334877436526,-0.7576615061859591,-0.9933590371987566,-0.20463032491474115,-0.23106384492676063,0.7915856884243914,0.45130871652760457,-1.022649533351152,-0.6074836000553755,11-9021
11-9031.00,1.4963838122920152,-0.8318341272686095,-1.0678694375625708,-0.06708166708914928,1.3704597604153224,0.5175145329385606,1.1227622938486674,0.5963907713167902,1.4963838122920152,1.4963838122920152,-0.6555950773067765,-0.8595412192233829,0.9017818396298352,1.0182712617829932,2.3559250315153983,1.3431893953575786,-1.337653769732405,-0.7946052886777765,11-9031
11-9032.00,1.4963838122920152,-0.8318341272686095,-1.0678694375625708,-0.06708166708914928,1.3704597604153224,0.5175145329385606,1.1227622938486674,0.5963907713167902,1.4963838122920152,1.4963838122920152,-0.6555950773067765,-0.8595412192233829,0.9017818396298352,1.0182712617829932,2.3559250315153983,1.3431893953575786,-1.337653769732405,-0.7946052886777765,11-9032
11-9033.00,1.4002617088354277,-0.914358491255299,-1.4369320622453658,-0.6117722154492555,1.2265492325872092,0.8876794581320137,1.2838397191237327,0.8432457972486098,1.4002617088354277,1.4002617088354277,-0.9876875896499735,-1.2949429066903815,1.0603285517728913,1.197298553674039,2.6952046155258094,1.5366237080831346,-1.49790606185177,-0.8897998163815014,11-9033
11-9041.00,2.115837367901135,-0.3985812163384898,-0.7096615959586813,-0.25227645353158534,0.6539902513556782,0.4434819032579138,0.02364574491292794,-0.14417430647866872,2.115837367901135,2.115837367901135,-0.4535064219429188,-0.5945857074519268,0.2442358982619628,0.2757855452023716,2.7104230753530616,1.54530024641954,-2.43463753015069,-1.4462455840558397,11-9041
11-9051.00,0.6953662834871189,0.2822447865516985,0.01760887032800328,-0.6117722154492555,1.062300215469661,1.3318770130061135,0.6490051606867108,1.336955849112249,0.6953662834871189,0.6953662834871187,-0.10397285285651792,-0.13631730286560098,1.0950345595686835,1.236487777493603,0.8316835863527197,0.4741698307621341,0.4048041911408832,0.2404654765214938,11-9051
11-9061.00,-0.5542210614485191,-0.5739454898102049,-1.2524007499039684,0.10721930838608465,0.8586074718056115,1.5539757904431633,0.6490051606867108,0.8432457972486098,-0.5542210614485191,-0.5542210614485196,-0.5730423104426963,-0.7513074811481782,0.9762085550460239,1.1023121928448953,0.19708641969965868,0.11236537044614536,0.9052257731452367,0.5377304673783622,11-9061
11-9071.00,-0.20177334877436495,-0.914358491255299,-1.0678694375625708,-0.6117722154492555,1.2247002790154424,1.3762967684935232,2.231353985447646,0.6753843796149726,-0.20177334877436495,-0.20177334877436526,-0.8646667147557084,-1.1336520177609888,1.376933853142896,1.5548019603134484,0.9318786689866235,0.5312943023223644,0.6229232913268249,0.37003457316752586,11-9071
11-9081.00,1.9342733947053585,0.6329733334951286,-0.5251302836172838,0.6519098567461912,1.472152206862498,1.8501071975608596,2.392431410722711,1.998527318609526,1.9342733947053585,1.9342733947053585,0.2532509688746787,0.33203368068333433,1.9283045334388986,2.177397020073823,1.6022397140220241,0.9134889115341852,0.5751573060517987,0.341660187076547,11-9081
11-9111.00,1.2293779693570497,-0.914358491255299,-1.3935129299297428,-0.17601977676117064,0.8567585182338444,1.3762967684935232,0.40265145144249315,0.22117113190042445,1.2293779693570497,1.2293779693570497,-0.8279637326487376,-1.0855312690223624,0.7142194675175713,0.8064801556412197,2.3149092383794123,1.3198049592462988,-1.5084290827381923,-0.8960507971946385,11-9111
11-9121.00,2.2974013410969114,-1.2650870381987294,-1.6106085915078578,-0.6117722154492555,0.8589153225753106,-0.5929793542466889,-0.13743168036213724,0.5173971630186078,2.2974013410969114,2.2974013410969114,-1.1624892817186143,-1.524122875735028,0.16147536274627305,0.1823342566290843,3.821524216831939,2.1787751025545683,-3.639189960202855,-2.1617848013531473,11-9121
11-9131.00,-0.20177334877436495,-1.2650870381987294,-1.9796712161906531,-0.6117722154492555,0.8567585182338444,1.5539757904431633,0.4974028780748846,-0.47002294070867073,-0.20177334877436495,-0.20177334877436526,-1.2855101566128793,-1.6854137646644205,0.6095285615108054,0.6882655983371236,1.4836404158900551,0.8458715988367411,-0.7953748175529316,-0.47247580114480087,11-9131
11-9141.00,0.1613545976171881,-0.5017366713218517,-1.8277042530859726,-0.3938959961052131,1.104518296850599,1.9093338343424435,0.21314859817771076,0.22117113190042445,0.1613545976171881,0.16135459761718784,-0.9077789735043459,-1.1901758763605823,0.8620429653177945,0.9733990411313025,1.3515304739777703,0.7705514292115868,-0.37813143284646766,-0.22462108144412898,11-9141
11-9151.00,-0.37265708825274274,-0.914358491255299,-1.7951399038492555,-0.43747123997402165,1.7183708826771842,1.3762967684935232,1.7575968522856893,1.8306659009758883,-0.37265708825274274,-0.3726570882527431,-1.0489898783595253,-1.3753154503572027,1.6707326011080712,1.8865527326771554,1.0026583621044596,0.5716481047272691,0.8838943705726958,0.5250589931280063,11-9151
13-1011.00,-0.26585475107875645,-1.3269803111887464,-2.2618955762422024,-0.17601977676117064,1.720219836248951,1.5539757904431633,0.5921543047072759,0.6161391733913358,-0.26585475107875645,-0.2658547510787568,-1.2549652213973732,-1.6453667420966323,1.1206222761976814,1.2653808371593982,1.3795119910178755,0.7865046010873962,-0.11413115385847727,-0.06779722863337444,13-1011
13-1021.00,0.1613545976171881,-1.1206694012220226,-1.8277042530859726,-0.3938959961052131,0.8567585182338444,1.5539757904431633,-0.3553599616166373,-0.3712809303359428,0.1613545976171881,0.16135459761718784,-1.1140898834710695,-1.460667125044719,0.42102335418110687,0.4754098644058787,1.622021722661907,0.9247672773007187,-1.146611858256028,-0.6811208305518083,13-1021
13-1022.00,0.6953662834871189,-0.7493097632819199,-0.8941929083000788,-0.43747123997402165,0.9590675906972043,-0.07474828129683281,0.02364574491292794,-0.8057457759759455,0.6953662834871189,0.6953662834871187,-0.6936579705186734,-0.9094449277334058,0.025554819584338445,0.028855913081441763,1.6048112112205244,0.9149550056250467,-1.5759552981390827,-0.9361633353536543,13-1022
13-1023.00,0.3322383370955661,-1.6055000396438233,-1.7951399038492555,-0.6117722154492555,0.7328786289254674,0.31022263679568396,-0.6111888135240938,-0.8057457759759455,0.3322383370955661,0.3322383370955659,-1.3374707196474447,-1.7535385069759994,-0.093458330944722,-0.10553099252284605,2.085776844071565,1.1891691376262763,-2.191307836594411,-1.3017006608722859,13-1023
13-1031.01,0.5138023102913425,-1.7808643131155386,-1.9796712161906531,-0.43747123997402165,-0.06956722122133405,-0.22281442905323592,-0.9238685214109853,-0.47002294070867073,0.5138023102913425,0.5138023102913423,-1.399335589760071,-1.8346486429796904,-0.42156827809855646,-0.47602517992966953,2.3484509532710325,1.338928180546576,-2.824476133200702,-1.67782106548723,13-1031
13-1031.02,0.5138023102913425,-0.914358491255299,-1.4369320622453658,-0.25227645353158534,1.3504291218955866,1.3762967684935232,0.17524802752475419,-0.47002294070867073,0.5138023102913425,0.5138023102913423,-0.8678556690107501,-1.1378330095397655,0.6079877443012984,0.6865257430693068,1.6516353198311078,0.9416509510780954,-0.965109576761801,-0.5733031904077172,13-1031
13-1032.00,-0.020209375578588307,-0.7493097632819199,-1.2524007499039684,-0.25227645353158534,-0.37649351413462706,0.8432597026446038,0.17524802752475419,-0.47002294070867073,-0.020209375578588307,-0.020209375578588595,-0.7513289889058247,-0.9850565654259662,0.04299781883151506,0.04855214566469403,0.9648471898473776,0.5500907270847881,-0.9162950441826836,-0.5443059366867787,13-1032
13-1041.01,0.1613545976171881,-0.914358491255299,-1.1764172683516283,-0.6117722154492555,0.11717708952711511,1.1986177465438836,-0.16585710835185466,0.6161391733913358,0.1613545976171881,0.16135459761718784,-0.9008493250187276,-1.1810905145049277,0.44151922527762,0.4985533294942363,1.3424451121221157,0.7653715692694171,-0.8438917826278792,-0.5012962911037688,13-1041
13-1041.02,0.3749592719651606,-1.5332912211554701,-1.1764172683516283,-0.3938959961052131,0.734727582497234,1.7316548123928035,0.9711600112368411,-0.1737969095904871,0.3749592719651606,0.3749592719651604,-1.0345348285374372,-1.356363643703843,0.8159363741340978,0.9213365414025354,1.7313229156690035,0.9870834382070063,-0.8099863742664681,-0.48115549128817336,13-1041
13-1041.03,0.5885639463131327,-1.3269803111887464,-1.8277042530859726,-0.6117722154492555,0.734727582497234,0.8432597026446038,-0.3553599616166373,-0.5687649510813987,0.5885639463131327,0.5885639463131325,-1.255485593241325,-1.6460489940913197,0.16346559311095046,0.1845815788700276,2.2346129404044524,1.27402543125467,-2.0500313615344243,-1.2177783210347681,13-1041
13-1041.04,0.1613545976171881,-1.3269803111887464,-0.9593216067735133,-0.6117722154492555,0.2410569788354922,1.1986177465438836,-0.3553599616166373,-0.5687649510813987,0.1613545976171881,0.16135459761718784,-0.9660247111371718,-1.2665410201398077,0.12888745317033493,0.14553674048440152,1.4278956177569957,0.8140896784882349,-1.282358877272594,-0.7617585124942621,13-1041
13-1041.05,-0.05225007673078418,-0.2954257613551279,-0.9593216067735133,-0.17601977676117064,0.11717708952711511,-0.5781724729525157,-0.3553599616166373,-0.5687649510813987,-0.05225007673078418,-0.052250076730784474,-0.4769223816299373,-0.6252860333624695,-0.34628007403085914,-0.3910114757450092,0.5730359566316849,0.32670641459723104,-0.9640474323766941,-0.572672245715718,13-1041
13-1041.06,0.3749592719651606,-0.914358491255299,-0.09093896046105424,-0.6117722154492555,0.6126966467606239,0.6655806806949637,0.02364574491292794,-0.1737969095904871,0.3749592719651606,0.3749592719651604,-0.5390232223885363,-0.706705547065538,0.2820315406945071,0.31846351321898586,1.0816648190306983,0.616692252435076,-0.7632013058117125,-0.45336379835051765,13-1041
13-1051.00,-0.20177334877436495,-1.6055000396438233,-1.7951399038492555,-0.25227645353158534,-0.37649351413462706,0.39906214777050397,-0.2985091056372026,0.34953574538497056,-0.20177334877436495,-0.20177334877436526,-1.2176387990082214,-1.5964286098253837,0.018398818345911214,0.020775521472130763,1.3946552610510183,0.7951382712795543,-1.3738797395788875,-0.8161245695850139,13-1051
13-1071.01,0.5138023102913425,-1.4301357661721081,-1.0678694375625708,-0.6117722154492555,0.8567585182338444,1.5539757904431633,0.9711600112368411,1.336955849112249,0.5138023102913425,0.5138023102913423,-1.0365924730613114,-1.359061391664436,1.1797125422565244,1.332104203204926,1.8728637019557783,1.067780438581709,-0.5407594987508524,-0.32122688795332255,13-1071
13-1071.02,0.8662500229654969,-1.4301357661721081,-1.6106085915078578,0.29241409482852093,1.5963399469405741,0.39906214777050397,0.3363254527998194,1.011107214882247,0.8662500229654969,0.8662500229654967,-0.9161100876171483,-1.2010986795204608,0.8357086905982861,0.9436629852823835,2.0673487024859574,1.1786626554492883,-1.123685717203574,-0.6675020352092009,13-1071
13-1072.00,1.2293779693570497,-1.2650870381987294,-1.6106085915078578,-0.25227645353158534,0.8567585182338444,-0.4893329619776958,-0.4501113882490287,-0.96373299257231,1.2293779693570497,1.2293779693570497,-1.0426573610793908,-1.367012978584412,-0.26160470614129755,-0.2953980026036164,2.5963909479414617,1.4802868261194875,-2.8917889505450782,-1.717806838987007,13-1072
13-1073.00,-0.020209375578588307,-1.2650870381987294,-1.2524007499039684,-0.6117722154492555,1.2247002790154424,-0.13397491807841588,0.6490051606867108,0.5173971630186078,-0.020209375578588307,-0.020209375578588595,-1.0430866678506512,-1.3675758364800294,0.5642819211605863,0.6371741352624501,1.3473664609014409,0.7681773900840946,-0.7101923256389907,-0.4218749206261373,13-1073
13-1111.00,0.8342093218133008,-1.1103538557236865,-1.7191564222969153,-0.6117722154492555,1.104518296850599,-0.04513540710359583,-0.2416582496577678,0.20142272982587886,0.8342093218133008,0.8342093218133005,-1.1470941644899526,-1.503938560307933,0.2547868424787786,0.2876994281489045,2.3381478821212336,1.3330540649771503,-2.050448453972329,-1.2180260860876733,13-1111
13-1121.00,-0.20177334877436495,-0.914358491255299,-1.7951399038492555,-0.43747123997402165,0.8549095646620778,1.1986177465438836,0.6490051606867108,0.18167432775133327,-0.20177334877436495,-0.20177334877436526,-1.0489898783595253,-1.3753154503572027,0.7210516999110014,0.8141949549355905,1.1735421015828376,0.669074475955544,-0.359347146647247,-0.21346266848580148,13-1121
13-2011.01,2.2974013410969114,-1.4301357661721081,-1.0678694375625708,-0.6117722154492555,0.08620711720002074,0.11033373710233894,-0.7722662387991592,-0.31203572411230623,2.2974013410969114,2.2974013410969114,-1.0365924730613114,-1.359061391664436,-0.22194027715227643,-0.2506098438942644,3.6564627327613475,2.0846681882768276,-3.9070725766556116,-2.3209148756628717,13-2011
13-2011.02,1.5818256820312042,-1.4301357661721081,-1.2524007499039684,-0.6117722154492555,-0.06633155247074225,1.1097782355690635,0.17524802752475419,0.023687111154968556,1.5818256820312042,1.5818256820312042,-1.098102910508444,-1.4397068361291325,0.310595455444511,0.3507172271836489,3.0215325181603365,1.7226738465062732,-2.670815290976688,-1.586542050949478,13-2011
13-2021.01,0.1613545976171881,-0.2954257613551279,-1.8277042530859726,0.6954851006149997,-0.8664662106528351,0.39906214777050397,0.40265145144249315,-0.1737969095904871,0.1613545976171881,0.16135459761718784,-0.47588163794203364,-0.6239215293730944,-0.05963738025758128,-0.06734115478445059,0.7852761269902823,0.4477114305807758,-0.8526172817747328,-0.5064794916638288,13-2021
13-2021.02,0.5138023102913425,-0.5739454898102049,-1.4369320622453658,-0.25227645353158534,0.2392080252637256,-0.22281442905323592,-0.13743168036213724,0.023687111154968556,0.5138023102913425,0.5138023102913423,-0.7543846685290521,-0.9890628227634902,-0.024337743249169756,-0.02748161854474161,1.5028651330548324,0.8568322346290727,-1.5303467515995741,-0.9090705306913163,13-2021
13-2031.00,0.6953662834871189,-1.7808643131155386,-1.6106085915078578,-0.6117722154492555,-0.1305826890896395,-1.0223700278266155,-0.9238685214109853,-0.8057457759759455,0.6953662834871189,0.6953662834871187,-1.3344150400242174,-1.7495322496384755,-0.7206417535757965,-0.81373205298562,2.444898533125594,1.3939160790304348,-3.2586305861112144,-1.9357214521132198,13-2031
13-2041.00,2.115837367901135,-1.6055000396438233,-1.0678694375625708,-0.43747123997402165,-0.006702799781261981,0.48790165874532365,0.17524802752475419,-0.637884358342308,2.115837367901135,2.115837367901135,-1.0369469057268053,-1.359526083203431,0.004640632036626957,0.0052400947011158935,3.475363451104566,1.9814176045891974,-3.47012335640345,-2.061354315858629,13-2041
13-2051.00,2.4682850805752894,-1.2650870381987294,-1.6106085915078578,-0.43747123997402165,0.3442905280847353,0.14735049614021709,0.4974028780748846,-0.637884358342308,2.4682850805752894,2.4682850805752894,-1.104388956560203,-1.4479483801468507,0.08778988598938223,0.09913031517122592,3.91623346072214,2.232771919233334,-3.817103145550914,-2.2674704138800403,13-2051
13-2052.00,1.2293779693570497,-1.3269803111887464,-1.3935129299297428,-0.6117722154492555,1.104518296850599,1.2874572575187035,1.3501657177664064,1.6035592771186145,1.2293779693570497,1.2293779693570497,-1.1107551521892483,-1.4562950071155636,1.336425137313581,1.5090604523699558,2.6856729764726133,1.5311894110128266,-1.1766125241026575,-0.69894209961634,13-2052
13-2053.00,0.1613545976171881,-1.6055000396438233,-1.7951399038492555,-0.6117722154492555,-0.5613888713113092,-0.31165394002805596,-0.4501113882490287,-0.8057457759759455,0.1613545976171881,0.16135459761718784,-1.3374707196474447,-1.7535385069759994,-0.5322249938910848,-0.6009761920958409,1.9148931045931872,1.0917427663980015,-2.5158692966890284,-1.494499618665195,13-2053
13-2061.00,0.5885639463131327,-1.5332912211554701,-1.8277042530859726,-0.6117722154492555,0.4888167574522464,0.6655806806949637,-0.3553599616166373,-0.5687649510813987,0.5885639463131327,0.5885639463131325,-1.324255896563566,-1.7362127436526984,0.057568131362293495,0.06500460664059751,2.324776689965831,1.325430713951047,-2.2597720833252333,-1.3423704169546347,13-2061
13-2071.00,1.7633896552269805,-1.6055000396438233,-1.6106085915078578,-0.43747123997402165,0.7556826978028535,1.4059096426867603,1.2838397191237327,0.18167432775133327,1.7633896552269805,1.7633896552269805,-1.2178599570419009,-1.5967185669231259,0.90677659684117,1.0239112264666614,3.3601082221501066,1.9157068543657227,-2.336196995683445,-1.3877690402162572,13-2071
13-2072.00,1.7633896552269805,-1.6055000396438233,-1.6106085915078578,-0.43747123997402165,0.7556826978028535,1.4059096426867603,1.2838397191237327,0.18167432775133327,1.7633896552269805,1.7633896552269805,-1.2178599570419009,-1.5967185669231259,0.90677659684117,1.0239112264666614,3.3601082221501066,1.9157068543657227,-2.336196995683445,-1.3877690402162572,13-2072
13-2081.00,0.8662500229654969,-1.6055000396438233,-1.7951399038492555,-0.43747123997402165,0.6089987396170903,0.13254361484604385,-0.2985091056372026,-0.8057457759759455,0.8662500229654969,0.8662500229654967,-1.2793703944890333,-1.677364011387822,-0.09067813178750352,-0.1023916557349252,2.5436140343533187,1.450196993165126,-2.646005690088244,-1.5718044256221964,13-2081
13-2082.00,0.5138023102913425,-1.6055000396438233,-0.7096615959586813,-0.6117722154492555,-0.0048538462094953605,0.48790165874532365,0.6490051606867108,0.5173971630186078,0.5138023102913425,0.5138023102913423,-0.9756446170172534,-1.2791535395366096,0.4123625340602867,0.4656302660097487,1.7929558498279519,1.0222223761866336,-1.3273255838182032,-0.7884700455112927,13-2082
15-1021.00,3.1838607396409966,-1.089722764727014,-0.16692244201339423,-0.6117722154492555,0.2410569788354922,-0.8891107613643856,-0.4501113882490287,0.6753843796149726,3.1838607396409966,3.1838607396409966,-0.6228058073965546,-0.8165516819134672,-0.10569519779073738,-0.11934858043155504,4.000412421554464,2.280765079452643,-4.119761001986019,-2.4472579933157297,15-1021
15-1031.00,3.365424712836773,-1.2650870381987294,-0.35145375435479176,-0.6117722154492555,0.5492155993043676,1.0357456058884167,0.4974028780748846,-0.31203572411230623,3.365424712836773,3.365424712836773,-0.7427710026675922,-0.9738363135053357,0.44258208978884067,0.4997534915948496,4.3392610263421085,2.4739536769224517,-3.839507534747259,-2.2807792734278833,15-1031
15-1032.00,3.365424712836773,-1.2650870381987294,-0.35145375435479176,-0.6117722154492555,0.5492155993043676,1.0357456058884167,0.4974028780748846,-0.31203572411230623,3.365424712836773,3.365424712836773,-0.7427710026675922,-0.9738363135053357,0.44258208978884067,0.4997534915948496,4.3392610263421085,2.4739536769224517,-3.839507534747259,-2.2807792734278833,15-1032
15-1041.00,3.00229676644522,-0.7493097632819199,0.1912853995904953,0.29241409482852093,0.8586074718056115,0.2213831258208639,-0.13743168036213724,0.023687111154968556,3.00229676644522,3.00229676644522,-0.08853675628763456,-0.1160792600185231,0.24156150710482668,0.27276568436862925,3.1183760264637432,1.7778874766610022,-2.8456103420951138,-1.6903754009509429,15-1041
15-1051.00,3.1838607396409966,-1.2650870381987294,-0.35145375435479176,-0.6117722154492555,0.3442905280847353,-0.7410446136079826,-0.13743168036213724,0.34953574538497056,3.1838607396409966,3.1838607396409966,-0.7427710026675922,-0.9738363135053357,-0.046162505125103476,-0.05212563646224895,4.157697053146332,2.37043815749241,-4.209822689608581,-2.5007572581564737,15-1051
15-1061.00,3.365424712836773,-1.1206694012220226,-0.7422259451953989,-0.6117722154492555,0.11717708952711511,-0.31165394002805596,-0.9238685214109853,-0.5687649510813987,3.365424712836773,3.365424712836773,-0.8248891872888923,-1.0815002770905509,-0.42177758074833116,-0.4762615196561028,4.446924989927324,2.5353364001480747,-4.923186509583427,-2.9245161387648615,15-1061
15-1071.01,3.365424712836773,-1.4301357661721081,0.1912853995904953,-0.6117722154492555,0.3630879145721027,0.13254361484604385,-0.4501113882490287,-0.8057457759759455,3.365424712836773,3.365424712836773,-0.6168741940102894,-0.8087748294347438,-0.19005640870170692,-0.2146073147559406,4.174199542271517,2.3798467626447115,-4.388806857027458,-2.607079065218012,15-1071
15-1081.00,3.365424712836773,-1.2650870381987294,-0.5251302836172838,0.10721930838608465,0.2410569788354922,0.2213831258208639,-0.2985091056372026,-0.14417430647866872,3.365424712836773,3.365424712836773,-0.5609993378099761,-0.7355181139944065,0.00493917313512119,0.005577200426357142,4.100942826831179,2.3380807293448753,-4.095365626404822,-2.432766429882258,15-1081
15-2011.00,1.0478139961612734,-1.2650870381987294,-1.9796712161906531,-0.6117722154492555,-1.0717000571189526,-0.7780613726458607,-0.7722662387991592,-0.47002294070867073,1.0478139961612734,1.0478139961612734,-1.2855101566128793,-1.6854137646644205,-0.7730126523181607,-0.8728680643794474,2.733227760825694,1.5583019384435013,-3.6060958252051414,-2.142125921538036,15-2011
15-2021.00,2.2974013410969114,-1.5332912211554701,-0.9593216067735133,-0.6117722154492555,-0.4966754962994705,-0.4004934510028758,-0.9238685214109853,-0.1737969095904871,2.2974013410969114,2.2974013410969114,-1.034795014459413,-1.3567047697011865,-0.49870859457595473,-0.5631302467449683,3.654106110798098,2.083324601538048,-4.217236357543066,-2.5051611927788247,15-2021
15-2031.00,1.4002617088354277,-1.2650870381987294,-1.4369320622453658,-0.25227645353158534,-0.12873373551787246,-0.9335305168517957,-0.7722662387991592,-0.8057457759759455,1.4002617088354277,1.4002617088354277,-0.9847651846585602,-1.2911113837941097,-0.6600690667861933,-0.7453347716296841,2.6913730926295374,1.534439232408613,-3.4367078642592213,-2.041504540541294,15-2031
15-2041.00,2.4682850805752894,-1.4301357661721081,-1.2524007499039684,-0.6117722154492555,-0.9145390035187726,-0.5559625952088108,-0.7722662387991592,-0.47002294070867073,2.4682850805752894,2.4682850805752894,-1.098102910508444,-1.4397068361291325,-0.6781976945588534,-0.7658052001360269,3.9079919167044217,2.228073147252949,-4.673797116840449,-2.776371577819653,15-2041
15-2091.00,2.831413026966842,-1.4301357661721081,-0.7096615959586813,-0.6117722154492555,-0.6811086150832112,-0.7780613726458607,-0.9238685214109853,-0.47002294070867073,2.831413026966842,2.831413026966842,-0.9171898591933484,-1.2025143524094375,-0.713265362462182,-0.8054028022105675,4.03392737937628,2.299873045678191,-4.839330181586847,-2.8747030382280085,15-2091
17-1011.00,1.2293779693570497,-0.3985812163384898,-0.35145375435479176,-0.06708166708914928,0.2410569788354922,0.8876794581320137,0.6490051606867108,-0.14417430647866872,1.2293779693570497,1.2293779693570497,-0.2723722125941436,-0.35710326663448977,0.40839182279388697,0.4611466303966469,1.5864812359915395,0.9045044912770146,-1.1253346055948925,-0.6684815229255502,17-1011
17-1012.00,0.3322383370955661,-0.3985812163384898,-0.5251302836172838,-0.25227645353158534,0.3959068404709637,1.5539757904431633,0.02364574491292794,-0.47002294070867073,0.3322383370955661,0.3322383370955659,-0.3919959844957863,-0.5139402629872306,0.375876358779596,0.4244309181098676,0.8461786000827964,0.4824339089765747,-0.4217476819729289,-0.2505304034319157,17-1012
17-1021.00,0.1613545976171881,-0.914358491255299,-1.2524007499039684,1.0222994296310632,-0.9293306320929072,-0.8446910058769757,-0.6111888135240938,-0.96373299257231,0.1613545976171881,0.16135459761718784,-0.38148660384273475,-0.5001615660865222,-0.8372358610165717,-0.945387430908194,0.66151616370371,0.3771518550286449,-1.6069035946119041,-0.9545475246030077,17-1021
17-1022.00,0.1613545976171881,-0.914358491255299,-0.5251302836172838,0.477608881270957,0.24290593240725883,-0.4893329619776958,-0.6111888135240938,-0.8057457759759455,0.1613545976171881,0.16135459761718784,-0.32062663120054197,-0.4203689366151853,-0.4158404047676191,-0.4695573974265079,0.5817235342323732,0.3316594848131728,-1.051280931658881,-0.6244914843318221,17-1022
17-2011.00,1.9342733947053585,-0.05816821489339564,-0.5251302836172838,-0.06708166708914928,-0.5613888713113092,-1.1112095388014356,-0.4501113882490287,-0.637884358342308,1.9342733947053585,1.9342733947053585,-0.21679338853327623,-0.2842346746485169,-0.6901485391760204,-0.7792998183384631,2.2185080693538755,1.2648435210837754,-2.997807887692338,-1.780785174684489,17-2011
17-2021.00,0.5138023102913425,-0.7493097632819199,-0.5251302836172838,0.10721930838608465,0.2410569788354922,0.6655806806949637,-0.13743168036213724,-0.47002294070867073,0.5138023102913425,0.5138023102913423,-0.389073579504373,-0.510108740090959,0.07479575961491199,0.08445764726239911,1.0239110503823012,0.5837649527320952,-0.9394534031199021,-0.5580626762145964,17-2021
17-2041.00,1.5818256820312042,-0.914358491255299,-1.2524007499039684,-0.6117722154492555,0.447523152857192,-0.8150781316837388,-0.6111888135240938,-0.31203572411230623,1.5818256820312042,1.5818256820312042,-0.926177152202841,-1.2142974622256852,-0.3226948791157367,-0.3643796174282818,2.7961231442568897,1.5941606397653303,-3.160502761685171,-1.8774306671435212,17-2041
17-2051.00,1.6565873180529942,0.11719605857831943,-0.7422259451953989,-0.3938959961052131,-0.25446257839801656,-0.22281442905323592,-0.3553599616166373,-0.5687649510813987,1.6565873180529942,1.6565873180529942,-0.3396419609074308,-0.4452996602370555,-0.3503504800373221,-0.3956076843600235,2.10188697829005,1.198354048500175,-2.497494662650073,-1.483584551018211,17-2051
17-2061.00,3.365424712836773,-1.2650870381987294,-0.35145375435479176,-0.6117722154492555,0.5492155993043676,1.0357456058884167,0.4974028780748846,-0.31203572411230623,3.365424712836773,3.365424712836773,-0.7427710026675922,-0.9738363135053357,0.44258208978884067,0.4997534915948496,4.3392610263421085,2.4739536769224517,-3.839507534747259,-2.2807792734278833,17-2061
17-2071.00,1.870191992400967,-0.7080475812885751,-0.9593216067735133,-0.6117722154492555,-0.12873373551787246,0.39906214777050397,-0.5448628148814201,-0.5687649510813987,1.870191992400967,1.870191992400967,-0.759713801170448,-0.9960497714556708,-0.21082483842754682,-0.23805854676440869,2.8662417638566375,1.6341375426818514,-3.1043003106210465,-1.8440447747229876,17-2071
17-2072.00,1.2293779693570497,-0.7080475812885751,-0.9593216067735133,-0.6117722154492555,0.11902604309888173,-0.04513540710359583,-0.7343656681462027,0.4186551526458799,1.2293779693570497,1.2293779693570497,-0.759713801170448,-0.9960497714556708,-0.06045496987625924,-0.06826435813147476,2.2254277408127203,1.2687886505758206,-2.293692098944195,-1.3625198939065457,17-2072
17-2111.01,1.2293779693570497,-0.5739454898102049,-0.5251302836172838,-0.43747123997402165,0.4888167574522464,-0.4893329619776958,-0.13743168036213724,-0.47002294070867073,1.2293779693570497,1.2293779693570497,-0.5121823378005035,-0.6715148516768413,-0.15199270639906434,-0.17162665971441304,1.900892821033891,1.0837607499257922,-2.072519480748304,-1.2311369186510555,17-2111
17-2111.02,0.3322383370955661,-0.3985812163384898,-1.0678694375625708,-0.43747123997402165,0.36493686814386933,0.2213831258208639,0.6490051606867108,0.34953574538497056,0.3322383370955661,0.3322383370955659,-0.6346406312916941,-0.8320681482693641,0.39621522500910367,0.4473970969223147,1.16430648536493,0.6638089511202709,-0.7169093884426153,-0.4258650515171889,17-2111
17-2111.03,1.4002617088354277,-1.2650870381987294,-1.0678694375625708,-0.6117722154492555,-0.5613888713113092,-0.9335305168517957,-0.6111888135240938,-0.96373299257231,1.4002617088354277,1.4002617088354277,-0.9815762304035185,-1.286930392015333,-0.7674602985648772,-0.8665984745365845,2.6871921008507607,1.532055513171283,-3.553790575387345,-2.1110550801355203,17-2111
17-2112.00,1.2293779693570497,-0.5017366713218517,-1.3935129299297428,-0.17601977676117064,0.11717708952711511,-0.4893329619776958,-0.9238685214109853,-0.1737969095904871,1.2293779693570497,1.2293779693570497,-0.690423126004255,-0.9052037698996044,-0.3674553258630133,-0.4149220818962166,2.134581739256654,1.216994393853544,-2.5495038211528707,-1.5144795055581073,17-2112
17-2121.01,0.5992441800305315,0.11719605857831943,-0.16692244201339423,0.3795645825661378,0.7009841798124896,-0.0007156516161860038,-0.535387672218181,-0.31203572411230623,0.5992441800305315,0.5992441800305313,0.10994606637702099,0.14414869667835833,-0.0367887170335459,-0.041540971071787336,0.4550954833521729,0.25946471935084353,-0.49663645442396026,-0.2950165148597483,17-2121
17-2121.02,0.6953662834871189,-0.5739454898102049,0.01760887032800328,0.10721930838608465,0.23874578687078374,-0.0007156516161860038,-0.4501113882490287,-0.14417430647866872,0.6953662834871189,0.6953662834871187,-0.14970577036537233,-0.19627706924409205,-0.08906388986827492,-0.10056889097777437,0.8916433527312108,0.5083548414353741,-0.9922122437089851,-0.5894029637427955,17-2121
17-2131.00,0.3749592719651606,-1.1206694012220226,-1.6106085915078578,-0.6117722154492555,0.4869678038804798,-0.6670119839273357,-0.9238685214109853,-0.3712809303359428,0.3749592719651606,0.3749592719651604,-1.1143500693930453,-1.4610082510420626,-0.36879840794844604,-0.41643865922091977,1.835967523007223,1.046744728349012,-2.2524061822281425,-1.3379948572245586,17-2131
17-2141.00,2.4682850805752894,-0.5739454898102049,-0.30803462203916876,-0.3938959961052131,0.6539902513556782,-0.6670119839273357,-0.41221081759607214,-0.637884358342308,2.4682850805752894,2.4682850805752894,-0.42529203598486226,-0.5575942342919188,-0.26577922712750945,-0.3001117754532831,3.025879314867208,1.7251520965194707,-3.3259910903204912,-1.9757355529992815,17-2141
17-2151.00,-0.020209375578588307,-0.4914211258235153,-0.7964998605899273,-0.3394269412692024,0.8581452334126696,-0.3338638177717609,-0.535387672218181,0.18167432775133327,-0.020209375578588307,-0.020209375578588595,-0.5424493092275483,-0.7111974399437873,0.04264201779351525,0.0481503833359511,0.6909880643651987,0.3939547430238034,-0.6428376810292475,-0.38186430051281706,17-2151
17-2161.00,1.4429826437050222,-0.5017366713218517,-1.1764172683516283,-0.6117722154492555,0.4888167574522464,-0.6670119839273357,-0.3553599616166373,-0.5687649510813987,1.4429826437050222,1.4429826437050222,-0.7633087183742452,-1.00076301538217,-0.2755800347932813,-0.3111786215015629,2.443745659087192,1.3932587880887242,-2.754924280588755,-1.636505239842866,17-2161
17-2171.00,1.0157732950090772,-0.5017366713218517,-0.9593216067735133,-0.6117722154492555,0.4888167574522464,0.13254361484604385,-0.7343656681462027,-0.3712809303359428,1.0157732950090772,1.0157732950090772,-0.6909434978482069,-0.9058860218942919,-0.12107155654596383,-0.1367112102198633,1.921659316903369,1.0956004038440998,-2.058370527123232,-1.2227320282121883,17-2171
17-3011.01,2.7246106897928564,-1.1206694012220226,0.1261567011170608,-0.6117722154492555,-0.37464456056286005,-0.04513540710359583,-0.7343656681462027,-0.7662489718268544,2.7246106897928564,2.7246106897928564,-0.5354283051847392,-0.7019923031390389,-0.48009865190987827,-0.5421163285581998,3.4266029929318953,1.953617683346296,-3.968719321490095,-2.3575348371085374,17-3011
17-3011.02,1.870191992400967,0.11719605857831943,-0.30803462203916876,-0.6117722154492555,-0.7444352749162249,-0.8446910058769757,-0.9238685214109853,-0.7662489718268544,1.870191992400967,1.870191992400967,-0.2675369263033683,-0.35076379274652103,-0.8198109435077601,-0.9257116158070101,2.220955785147488,1.2662390433745314,-3.146667400954498,-1.8692120600150437,17-3011
17-3012.01,1.870191992400967,-0.914358491255299,-0.30803462203916876,-0.6117722154492555,-0.12873373551787246,-0.31165394002805596,-0.7343656681462027,-0.3712809303359428,1.870191992400967,1.870191992400967,-0.6113884429145745,-0.8015825405534159,-0.3865085685070185,-0.4364365641973157,2.671774532954383,1.5232654568564181,-3.1082110971516985,-1.8463678957954663,17-3012
17-3012.02,-0.020209375578588307,-0.3985812163384898,-0.35145375435479176,0.10721930838608465,0.2410569788354922,-0.3338638177717609,-0.7722662387991592,-0.14417430647866872,-0.020209375578588307,-0.020209375578588595,-0.21427188743573233,-0.2809287710463125,-0.25231184605352414,-0.2849047192491478,0.2607193954677239,0.14864459712074524,-0.5456241147168717,-0.32411661148376836,17-3012
17-3013.00,1.4429826437050222,-0.08911485138840444,0.34325236269517534,-0.6117722154492555,0.24290593240725883,0.31022263679568396,0.21314859817771076,-0.5687649510813987,1.4429826437050222,1.4429826437050222,-0.11921156804749489,-0.15629656184426635,0.04937805407481374,0.0557565601984053,1.5992792055492886,0.9118010294784108,-1.5435226453508832,-0.9168973952318625,17-3013
17-3021.00,2.831413026966842,-0.7493097632819199,0.1912853995904953,0.10721930838608465,-0.7444352749162249,-0.9335305168517957,-0.9238685214109853,-0.8057457759759455,2.831413026966842,2.831413026966842,-0.15026835176844666,-0.19701466158096165,-0.8518950222887378,-0.9619402178343716,3.028427688547804,1.726605007141581,-3.9903679063821755,-2.3703947268923327,17-3021
17-3022.00,1.2293779693570497,-0.5017366713218517,-1.1764172683516283,0.477608881270957,0.2410569788354922,0.39906214777050397,-0.5448628148814201,0.22117113190042445,1.2293779693570497,1.2293779693570497,-0.40018168613417426,-0.5246724179560612,0.07910686090625016,0.08932564344361206,1.7540503873131108,1.0000411081189469,-1.664724743869499,-0.9888949708832983,17-3022
17-3023.01,1.2293779693570497,-0.5017366713218517,-0.30803462203916876,0.04185644258287207,-0.3783424677063937,-0.4004934510028758,-0.9238685214109853,-0.3712809303359428,1.2293779693570497,1.2293779693570497,-0.2559716169260495,-0.33560068297499274,-0.5184963426140494,-0.5854741156022802,1.5649786523320424,0.8922451697969724,-2.150452767934323,-1.2774315604808637,17-3023
17-3023.02,0.5885639463131327,-0.08911485138840444,-0.5251302836172838,-0.17601977676117064,-0.6852687606196864,-1.1112095388014356,-0.9238685214109853,0.22117113190042445,0.5885639463131327,0.5885639463131325,-0.2634216372556196,-0.34536829682533476,-0.6247939222329207,-0.7055028917056189,0.9339322431384672,0.5324651116590107,-1.639435134844086,-0.9738722067459039,17-3023
17-3023.03,1.4429826437050222,-0.2954257613551279,-0.09093896046105424,-0.6117722154492555,-0.5613888713113092,-0.9335305168517957,-0.9238685214109853,-0.5687649510813987,1.4429826437050222,1.4429826437050222,-0.33271231242181254,-0.436214298381401,-0.7468882151638723,-0.8433689522711494,1.8791969420864232,1.071391224522662,-2.7225658943575723,-1.6172834162184169,17-3023
17-3024.00,-0.479459425426729,-0.7080475812885751,1.2116350090076344,-0.6117722154492555,-1.2399548321497338,-1.1112095388014356,-0.9238685214109853,-0.96373299257231,-0.479459425426729,-0.4794594254267293,-0.036061595910065414,-0.047279836576891186,-1.059691471233616,-1.1965791770176497,-0.43217958884983815,-0.24639962344629765,-0.7643995881678116,-0.45407561296131643,17-3024
17-3026.00,1.5818256820312042,-0.7493097632819199,-1.2524007499039684,-0.25227645353158534,0.08851830916472922,-0.7780613726458607,-0.7722662387991592,-0.31203572411230623,1.5818256820312042,1.5818256820312042,-0.7513289889058247,-0.9850565654259662,-0.4434612565981492,-0.5007462264858068,2.5668822474571704,1.4634629573498652,-3.0676284739429773,-1.8222606359351525,17-3026
17-3027.00,0.3749592719651606,-0.2954257613551279,-0.09093896046105424,0.04185644258287207,0.4869678038804798,-0.9335305168517957,-0.9238685214109853,-0.5687649510813987,0.3749592719651606,0.3749592719651604,-0.11483609307777,-0.15055993992573588,-0.48479904636592497,-0.5474239056054391,0.5255192118908962,0.29961557478528383,-1.0729431174963353,-0.6373594534731982,17-3027
17-3031.01,1.0157732950090772,0.5298178785117666,-0.30803462203916876,0.04185644258287207,-0.0048538462094953605,-0.9335305168517957,-0.7343656681462027,0.4186551526458799,1.0157732950090772,1.0157732950090772,0.08787989968515665,0.11521806483190195,-0.31352371964040343,-0.3540237555994452,0.9005552301771753,0.5134357922797421,-1.2545789857766205,-0.7452564480579534,17-3031
17-3031.02,2.0837966667489387,-1.3269803111887464,-0.7422259451953989,0.04185644258287207,-0.25261362482624955,-0.7558514949021558,-0.7343656681462027,-0.1737969095904871,2.0837966667489387,2.0837966667489387,-0.675783271267091,-0.8860096681962647,-0.4791569243662738,-0.5410529515284788,2.9698063349452033,1.69318306907173,-3.510859286473682,-2.08555264445863,17-3031
19-1011.00,0.8662500229654969,-0.5739454898102049,-0.7096615959586813,-0.6117722154492555,-0.9921950535329793,-1.1112095388014356,-0.7722662387991592,-0.637884358342308,0.8662500229654969,0.8662500229654967,-0.6317931004060472,-0.8283347917297148,-0.8783887973689705,-0.9918563778131722,1.6945848146952116,0.9661378533630639,-2.6864411925083838,-1.5958242914502676,19-1011
19-1012.00,-0.020209375578588307,-1.089722764727014,-0.5251302836172838,-0.6117722154492555,-0.5003734034430042,-0.9335305168517957,-0.7722662387991592,-0.47002294070867073,-0.020209375578588307,-0.020209375578588595,-0.7422084212645178,-0.973098721168466,-0.6690482749506574,-0.7554738864639263,0.9528893455898774,0.5432731716094849,-1.7083632320538036,-1.014817503518995,19-1012
19-1013.01,0.6953662834871189,-0.914358491255299,-0.5251302836172838,-0.43747123997402165,-0.9293306320929072,-1.1112095388014356,0.02364574491292794,-0.8057457759759455,0.6953662834871189,0.6953662834871187,-0.6256533382822015,-0.8202850384531166,-0.7056600504893401,-0.7968150592792862,1.5156513219402354,0.864122056286456,-2.3124663812195214,-1.3736723642427882,19-1013
19-1013.02,0.6953662834871189,-1.089722764727014,-0.5251302836172838,-0.6117722154492555,-0.8072996963562967,-0.8446910058769757,-0.6111888135240938,-0.8057457759759455,0.6953662834871189,0.6953662834871187,-0.7422084212645178,-0.973098721168466,-0.767231322933328,-0.8663399205327126,1.6684650046555847,0.9512461011278859,-2.5348049251882974,-1.5057479333564974,19-1013
19-1020.01,0.6953662834871189,-0.7493097632819199,-0.7096615959586813,-0.6117722154492555,-0.8072996963562967,-0.5781724729525157,-0.2985091056372026,-0.47002294070867073,0.6953662834871189,0.6953662834871187,-0.6902478582299523,-0.9049739788568869,-0.5385010539136714,-0.6080629743721931,1.6003402623440057,0.9124059724267097,-2.2084032367161988,-1.3118558263240698,19-1020
19-1021.01,0.6953662834871189,-1.2650870381987294,0.1912853995904953,-0.6117722154492555,-1.1456581999896256,-0.9335305168517957,-0.9238685214109853,-0.96373299257231,0.6953662834871189,0.6953662834871187,-0.5618579513524965,-0.7366438297856407,-0.9916975577061791,-1.1198020175335253,1.4320101132727594,0.8164354860458146,-2.5518121308062844,-1.515850708704999,19-1021
19-1021.02,0.6953662834871189,-1.089722764727014,-0.7096615959586813,-0.6117722154492555,-1.2242387267897157,-1.0223700278266155,-0.9238685214109853,-0.96373299257231,0.6953662834871189,0.6953662834871187,-0.8037188587116503,-1.053744165633162,-1.0335525671499066,-1.1670637291861996,1.749110449120281,0.9972246888757323,-2.91617417830648,-1.732292374320039,19-1021
19-1022.00,0.3322383370955661,-0.914358491255299,-0.16692244201339423,-0.6117722154492555,-1.1142259892695896,-0.6670119839273357,-0.2985091056372026,-0.637884358342308,0.3322383370955661,0.3322383370955659,-0.5643510495726496,-0.7399124947862952,-0.679407859294109,-0.7671716902534591,1.072150831881861,0.6112680192888852,-1.8393225221353202,-1.0926111350661758,19-1022
19-1023.00,-0.020209375578588307,-0.5739454898102049,0.01760887032800328,-0.6117722154492555,-1.1142259892695896,-1.0223700278266155,-0.7722662387991592,-0.8057457759759455,-0.020209375578588307,-0.020209375578588595,-0.389369611643819,-0.5104968635453235,-0.9286520079678275,-1.0486124363503142,0.49028748796673494,0.2795288244336991,-1.5388999243170491,-0.9141513643345689,19-1023
19-1031.01,0.1613545976171881,-0.05816821489339564,-1.2524007499039684,-0.06708166708914928,0.3959068404709637,1.3318770130061135,0.02364574491292794,0.18167432775133327,0.1613545976171881,0.16135459761718784,-0.4592168772955045,-0.6020726028329081,0.4832759815353346,0.5457040959145952,0.7634272004500959,0.4352546477731123,-0.2177231045355007,-0.12933386369917108,19-1031
19-1031.02,-0.479459425426729,0.11719605857831943,-1.6106085915078578,0.2597326619269145,0.3630879145721027,-0.13397491807841588,-0.7343656681462027,-0.1737969095904871,-0.479459425426729,-0.4794594254267293,-0.4112266236675413,-0.5391532757329021,-0.16976239531075074,-0.19169178273465656,0.05969385030617275,0.034033403281826725,-0.25138563304082934,-0.14933038580814068,19-1031
19-1031.03,-0.479459425426729,0.7361287884784906,-0.5251302836172838,0.04185644258287207,0.9806384075422215,1.7316548123928035,1.9186742775607544,0.8136231941367913,-0.479459425426729,-0.4794594254267293,0.08428498248135964,0.11050482090540296,1.3611476729081429,1.536976569559323,-0.5899642463321323,-0.33635778249010345,2.126940815891455,1.2634647763524578,19-1031
19-1032.00,-0.5542210614485191,0.6329733334951286,-0.8941929083000788,0.10721930838608465,0.7032953717771981,1.1097782355690635,0.9711600112368411,-0.14417430647866872,-0.5542210614485191,-0.5542210614485196,-0.05133342213962184,-0.06730250695911262,0.6600148280261086,0.7452735264723283,-0.48691855448940696,-0.2776080860146581,1.232192080961735,0.7319579747418032,19-1032
19-1041.00,0.6953662834871189,-0.7493097632819199,0.01760887032800328,-0.6117722154492555,0.734727582497234,-0.6670119839273357,0.02364574491292794,0.18167432775133327,0.6953662834871189,0.6953662834871187,-0.447824369467724,-0.5871360506724956,0.06825891780853988,0.07707639620839406,1.2825023341596142,0.7311962442440207,-1.2054259379512202,-0.7160581064239234,19-1041
19-1042.00,0.6953662834871189,-0.7493097632819199,0.01760887032800328,-0.6117722154492555,0.734727582497234,-0.6670119839273357,0.02364574491292794,0.18167432775133327,0.6953662834871189,0.6953662834871187,-0.447824369467724,-0.5871360506724956,0.06825891780853988,0.07707639620839406,1.2825023341596142,0.7311962442440207,-1.2054259379512202,-0.7160581064239234,19-1042
19-2011.00,1.0478139961612734,-1.4301357661721081,-0.5251302836172838,-0.6117722154492555,-1.1770904107096616,-1.1112095388014356,-0.7722662387991592,-0.96373299257231,1.0478139961612734,1.0478139961612734,-0.8556794217462157,-1.121868907944741,-1.0060747952206417,-1.136036462652552,2.1696829041060144,1.2370067082352254,-3.3057193667585665,-1.963693558936691,19-2011
19-2012.00,1.0478139961612734,-1.2650870381987294,-0.7096615959586813,-0.6117722154492555,-0.37464456056286005,-1.1112095388014356,-0.9238685214109853,-0.637884358342308,1.0478139961612734,1.0478139961612734,-0.8621736165355554,-1.1303833527603344,-0.7619017447793972,-0.8603218837603134,2.178197348921608,1.2418610698259702,-3.038519232681921,-1.8049688990307218,19-2012
19-2021.00,1.9342733947053585,-0.7493097632819199,-0.16692244201339423,-0.6117722154492555,-0.06633155247074225,0.7766300694134887,1.596519427010624,-0.31203572411230623,1.9342733947053585,1.9342733947053585,-0.5093348069148566,-0.667781495137192,0.498695554960266,0.5631155227115748,2.6020548898425506,1.4835160233968603,-2.0389393671309755,-1.2111893533852933,19-2021
19-2031.00,1.4429826437050222,-0.08911485138840444,-0.09093896046105424,-0.6117722154492555,0.4869678038804798,-0.22281442905323592,-0.9238685214109853,0.4186551526458799,1.4429826437050222,1.4429826437050222,-0.2639420090995714,-0.3460505488200222,-0.060264998484465385,-0.06804984681585101,1.7890331925250442,1.0199859418262847,-1.8570830393408952,-1.103161399432437,19-2031
19-2032.00,0.8021686206611052,-0.7080475812885751,-0.7422259451953989,-0.17601977676117064,0.11902604309888173,-1.1112095388014356,-0.7343656681462027,-0.1737969095904871,0.8021686206611052,0.802168620661105,-0.5420977677483815,-0.7107365389973495,-0.47508651835981097,-0.5364567429134647,1.5129051596584544,0.8625563799574233,-2.0493619025719187,-1.2173806429179068,19-2032
19-2041.00,1.6565873180529942,-0.914358491255299,-1.6106085915078578,-0.6117722154492555,-0.5613888713113092,0.13254361484604385,-0.5448628148814201,-0.7662489718268544,1.6565873180529942,1.6565873180529942,-1.0455797660708042,-1.3708445014806838,-0.43498926079338496,-0.4911798441538243,3.0274318195336782,1.7260372298646962,-3.5186116636875022,-2.090157782255355,19-2041
19-2042.01,1.0478139961612734,-0.2335324883651107,-0.35145375435479176,-0.25227645353158534,-0.8072996963562967,-1.1112095388014356,-0.7722662387991592,-0.637884358342308,1.0478139961612734,1.0478139961612734,-0.27908756541716256,-0.3659076685478249,-0.8321649580747998,-0.9396614842213361,1.4137216647090982,0.8060086473987242,-2.353383148930434,-1.397978115666937,19-2042
19-2043.00,0.8662500229654969,-0.7493097632819199,-1.0678694375625708,-0.25227645353158534,-1.1770904107096616,-1.0223700278266155,-0.7722662387991592,-0.96373299257231,0.8662500229654969,0.8662500229654967,-0.689818551458692,-0.9044111209612697,-0.9838649174769365,-1.1109575807764078,1.7706611439267665,1.0095114400836176,-2.881618724703174,-1.7117654287029085,19-2043
19-3011.00,1.2293779693570497,-1.6055000396438233,-2.153347745453145,-0.6117722154492555,0.36493686814386933,-0.31165394002805596,0.02364574491292794,-0.31203572411230623,1.2293779693570497,1.2293779693570497,-1.4568733335154078,-1.910085546230998,-0.058776762770891236,-0.06636936536091984,3.139463515588048,1.7899101392617156,-3.2058328809489676,-1.9043580778969127,19-3011
19-3021.00,1.5818256820312042,-1.2650870381987294,-1.0678694375625708,-0.6117722154492555,0.36493686814386933,0.48790165874532365,-0.7722662387991592,-0.96373299257231,1.5818256820312042,1.5818256820312042,-0.9815762304035185,-1.286930392015333,-0.2207901761205691,-0.24931117632604716,2.868756074046537,1.635571032601325,-3.1180672503725844,-1.8522227377975946,19-3021
19-3031.01,0.3749592719651606,-1.1206694012220226,-1.6106085915078578,-0.6117722154492555,1.2265492325872092,1.1986177465438836,1.3501657177664064,1.208591235627703,0.3749592719651606,0.3749592719651604,-1.1143500693930453,-1.4610082510420626,1.2459809831313005,1.406932998752249,1.835967523007223,1.046744728349012,-0.42903452425497396,-0.2548589999238406,19-3031
19-3031.02,0.8021686206611052,-1.3269803111887464,-2.0447999146640874,-0.6117722154492555,1.5963399469405741,1.5539757904431633,1.7291714242959717,1.998527318609526,0.8021686206611052,0.802168620661105,-1.327850813767363,-1.7409259875791974,1.7195036200723086,1.9416238428245296,2.5430946082403025,1.4499008514639504,-0.6014707654157727,-0.35729114812725615,19-3031
19-3031.03,1.4429826437050222,-1.1206694012220226,-1.1764172683516283,-0.3938959961052131,1.8422507719855619,1.9093338343424435,1.5396685710311893,2.3934953601004376,1.4429826437050222,1.4429826437050222,-0.8969942218929546,-1.176036144581085,1.9211871343649083,2.1693602171385806,2.619018788286107,1.4931876929909693,-0.4496585711475265,-0.2671102843036836,19-3031
19-3032.00,0.8021686206611052,-1.3269803111887464,-1.6106085915078578,-0.3938959961052131,1.104518296850599,1.0209387245942434,-0.5448628148814201,-0.7662489718268544,0.8021686206611052,0.802168620661105,-1.1104949662672725,-1.45595388111822,0.20358630868414196,0.22988496587005858,2.258122501779325,1.2874289959291898,-2.028237535909266,-1.2048321540264426,19-3032
19-3041.00,0.6953662834871189,-1.4301357661721081,-1.2524007499039684,-0.6117722154492555,0.6089987396170903,-0.7558514949021558,0.02364574491292794,-0.47002294070867073,0.6953662834871189,0.6953662834871187,-1.098102910508444,-1.4397068361291325,-0.14830748777020206,-0.16746539580528602,2.1350731196162513,1.2172745457595975,-2.302538515421537,-1.3677749228817553,19-3041
19-3051.00,0.8662500229654969,-0.914358491255299,-1.0678694375625708,-0.06708166708914928,0.8558340414479612,1.5539757904431633,-0.2985091056372026,-0.31203572411230623,0.8662500229654969,0.8662500229654967,-0.6831031986356729,-0.8956067190479344,0.4498162505354039,0.5079221391186982,1.761856742013431,1.0044917645318656,-1.253934602894733,-0.744873665863138,19-3051
19-3091.01,0.6953662834871189,-0.914358491255299,-0.8941929083000788,-0.25227645353158534,-0.37649351413462706,-0.9335305168517957,-0.6111888135240938,-0.31203572411230623,0.6953662834871189,0.6953662834871187,-0.6869426176956543,-0.9006405258200705,-0.5583121421557057,-0.6304331984496608,1.5960068093071893,0.909935330073295,-2.22644000775685,-1.322570193512254,19-3091
19-3091.02,-0.020209375578588307,-0.05816821489339564,-0.5251302836172838,-0.06708166708914928,-0.9921950535329793,-1.1112095388014356,0.17524802752475419,0.023687111154968556,-0.020209375578588307,-0.020209375578588595,-0.21679338853327623,-0.2842346746485169,-0.476117363413673,-0.5376207493810707,0.26402529906992833,0.15052940016038152,-0.8016460484509991,-0.47620109490233337,19-3091
19-3092.00,0.1613545976171881,-0.2954257613551279,-0.7422259451953989,0.477608881270957,0.2392080252637256,0.6655806806949637,-0.5448628148814201,-0.5687649510813987,0.1613545976171881,0.16135459761718784,-0.1866809417598566,-0.24475468141892653,-0.05220976500103239,-0.058954062888222934,0.4061092790361144,0.2315360928979778,-0.4650633419243373,-0.27626116669724304,19-3092
19-3093.00,0.5138023102913425,-1.4301357661721081,-1.6106085915078578,-0.6117722154492555,0.2410569788354922,-0.31165394002805596,0.17524802752475419,-0.47002294070867073,0.5138023102913425,0.5138023102913423,-1.217505524376407,-1.5962538753841309,-0.09134296859412008,-0.1031423741284461,2.1100561856754734,1.2030115790165512,-2.213198559803919,-1.3147043878671538,19-3093
19-3094.00,0.8662500229654969,-1.4301357661721081,-1.4369320622453658,-0.6117722154492555,0.4888167574522464,-0.31165394002805596,-0.2985091056372026,-0.8057457759759455,0.8662500229654969,0.8662500229654967,-1.1596133479555764,-1.5203522805938285,-0.23177301604723943,-0.26171274595033883,2.386602303559325,1.3606795047357185,-2.648315049509664,-1.5731762523618504,19-3094
19-4011.01,-0.26585475107875645,0.5298178785117666,0.34325236269517534,-0.3938959961052131,0.4869678038804798,-0.8446910058769757,-0.9238685214109853,0.22117113190042445,-0.26585475107875645,-0.2658547510787568,0.15972474836724296,0.2094128063250922,-0.2651051478767642,-0.29935062070494634,-0.47526755740384896,-0.2709654740803567,0.17591693669890265,0.10449978270304229,19-4011
19-4011.02,0.1613545976171881,-0.914358491255299,0.5603480242732903,-0.6117722154492555,-1.1142259892695896,-1.1112095388014356,-0.9238685214109853,-0.96373299257231,0.1613545976171881,0.16135459761718784,-0.3219275608104214,-0.42207456660190396,-1.02825926051358,-1.1610866493752012,0.5834291642190919,0.33263191987792134,-1.744515813594293,-1.036293189635571,19-4011
19-4021.00,-0.26585475107875645,0.5298178785117666,0.34325236269517534,-0.3938959961052131,0.4869678038804798,-0.8446910058769757,-0.9238685214109853,0.22117113190042445,-0.26585475107875645,-0.2658547510787568,0.15972474836724296,0.2094128063250922,-0.2651051478767642,-0.29935062070494634,-0.47526755740384896,-0.2709654740803567,0.17591693669890265,0.10449978270304229,19-4021
19-4031.00,0.3749592719651606,-1.1206694012220226,0.34325236269517534,-0.6117722154492555,-0.5613888713113092,-1.1112095388014356,-0.9238685214109853,0.8136231941367913,0.3749592719651606,0.3749592719651604,-0.46306308465870094,-0.6071153096511609,-0.4457109343467347,-0.5032865107308273,0.9820745816163212,0.5599126227835792,-1.4853610923471485,-0.8823477392145767,19-4031
19-4041.01,0.5885639463131327,-0.08911485138840444,0.1261567011170608,-0.3938959961052131,-0.0048538462094953605,-0.7558514949021558,-0.9238685214109853,-0.3712809303359428,0.5885639463131327,0.5885639463131325,-0.11895138212551892,-0.1559554358469225,-0.5139636982146447,-0.5803559580513475,0.744519382160055,0.4244746863240864,-1.3248753402114026,-0.7870145294632931,19-4041
19-4041.02,-0.05225007673078418,-0.08911485138840444,-0.30803462203916876,-0.6117722154492555,0.2392080252637256,-0.6670119839273357,-0.9238685214109853,-0.1737969095904871,-0.05225007673078418,-0.052250076730784474,-0.3363072296256096,-0.4409275423079001,-0.38136734741627065,-0.4306312158778928,0.38867746557711563,0.2215976497528163,-0.8193086814550083,-0.4866932132026975,19-4041
19-4051.01,0.5885639463131327,-0.2954257613551279,0.5603480242732903,-0.6117722154492555,-0.4393579355746991,-0.9335305168517957,-0.9238685214109853,-0.7662489718268544,0.5885639463131327,0.5885639463131325,-0.1156166508436977,-0.1515833179177671,-0.7657514864160837,-0.8646689232566248,0.7401472642308996,0.42198199985947643,-1.6048161874875244,-0.9533075439905451,19-4051
19-4051.02,1.0157732950090772,-0.7080475812885751,0.34325236269517534,-0.3938959961052131,0.30207244670379724,-0.6670119839273357,-0.9238685214109853,0.4186551526458799,1.0157732950090772,1.0157732950090772,-0.2528970715662043,-0.3315696910431813,-0.21753822649716098,-0.24563914978840723,1.3473429860522586,0.7681640063099687,-1.5929821358406657,-0.9462777727314539,19-4051
19-4061.01,0.8021686206611052,-1.3269803111887464,-0.5251302836172838,-0.3938959961052131,-0.19159815695794452,0.13254361484604385,0.02364574491292794,-0.5687649510813987,0.8021686206611052,0.802168620661105,-0.748668863637081,-0.9815689136788299,-0.15104343707009285,-0.17055476667453937,1.7837375343399349,1.016966715059505,-1.9542923010144742,-1.1609065313806988,19-4061
19-4091.00,0.8021686206611052,-0.7080475812885751,-0.30803462203916876,-0.6117722154492555,0.11902604309888173,0.31022263679568396,-0.3553599616166373,-0.3712809303359428,0.8021686206611052,0.802168620661105,-0.5426181395923332,-0.7114187909920369,-0.07434805301450359,-0.08395210729156335,1.5135874116531418,0.8629453539833226,-1.5975395189447053,-0.9489849909959566,19-4091
19-4092.00,0.5885639463131327,-0.5017366713218517,-0.09093896046105424,-0.6117722154492555,-0.006702799781261981,-0.13397491807841588,-0.7343656681462027,-0.5687649510813987,0.5885639463131327,0.5885639463131325,-0.4014826157440538,-0.5263780479427801,-0.3609520842718198,-0.407578771430503,1.1149419942559127,0.6356646510776649,-1.5225207656864155,-0.904421667183865,19-4092
21-1011.00,0.3322383370955661,-1.4301357661721081,-1.4369320622453658,-0.25227645353158534,1.8422507719855619,0.9320992136194235,0.3363254527998194,2.324375952839528,0.3322383370955661,0.3322383370955659,-1.039781427316353,-1.3632423834432128,1.3587628478110831,1.5342836800443693,1.6954807205387787,0.9666486383889967,-0.16119704049440936,-0.09575573574744019,21-1011
21-1012.00,0.1613545976171881,-1.6055000396438233,-2.153347745453145,-0.6117722154492555,1.4743090112039634,1.7316548123928035,1.7575968522856893,2.65022458706953,0.1613545976171881,0.16135459761718784,-1.4568733335154078,-1.910085546230998,1.9034463157379964,2.14932769377827,2.0714401438481858,1.1809953190849973,0.07788754993008407,0.04626747256801745,21-1012
21-1014.00,0.3322383370955661,-1.4301357661721081,-1.4369320622453658,-0.25227645353158534,1.8422507719855619,0.9320992136194235,0.3363254527998194,2.324375952839528,0.3322383370955661,0.3322383370955659,-1.039781427316353,-1.3632423834432128,1.3587628478110831,1.5342836800443693,1.6954807205387787,0.9666486383889967,-0.16119704049440936,-0.09575573574744019,21-1014
21-1021.00,0.5138023102913425,-0.914358491255299,-1.7951399038492555,-0.25227645353158534,1.7183708826771842,2.0870128562920827,1.4449171443987978,2.8180860047031673,0.5138023102913425,0.5138023102913423,-0.9872582828787132,-1.294380048794764,2.017096722017808,2.2776591122200043,1.8081823590861064,1.0309035037650913,0.4694767531338979,0.278882861464289,21-1021
21-1022.00,0.3322383370955661,-1.4301357661721081,-1.4369320622453658,-0.25227645353158534,1.8422507719855619,0.9320992136194235,0.3363254527998194,2.324375952839528,0.3322383370955661,0.3322383370955659,-1.039781427316353,-1.3632423834432128,1.3587628478110831,1.5342836800443693,1.6954807205387787,0.9666486383889967,-0.16119704049440936,-0.09575573574744019,21-1022
21-1023.00,0.3322383370955661,-1.4301357661721081,-1.4369320622453658,-0.25227645353158534,1.8422507719855619,0.9320992136194235,0.3363254527998194,2.324375952839528,0.3322383370955661,0.3322383370955659,-1.039781427316353,-1.3632423834432128,1.3587628478110831,1.5342836800443693,1.6954807205387787,0.9666486383889967,-0.16119704049440936,-0.09575573574744019,21-1023
21-1091.00,0.5138023102913425,-1.2650870381987294,-1.6106085915078578,-0.43747123997402165,0.734727582497234,-0.04513540710359583,1.2838397191237327,0.8432457972486098,0.5138023102913425,0.5138023102913423,-1.104388956560203,-1.4479483801468507,0.7041694229414952,0.7951318770202429,1.961750690438193,1.1184577983099402,-1.16661881341795,-0.6930055444753391,21-1091
21-1092.00,0.5885639463131327,-0.914358491255299,-1.8277042530859726,-0.6117722154492555,1.3504291218955866,1.3762967684935232,0.7816571579720584,1.8010432978640698,0.5885639463131327,0.5885639463131325,-1.1179449865968423,-1.4657214949685615,1.3273565865563097,1.4988204539398031,2.054285441281694,1.171214865861915,-0.5554649873418909,-0.3299623763670153,21-1092
21-1093.00,-0.37265708825274274,-0.05816821489339564,-1.0678694375625708,0.6519098567461912,1.7183708826771842,1.2874572575187035,1.1227622938486674,2.324375952839528,-0.37265708825274274,-0.3726570882527431,-0.1580425985699251,-0.20720736406698015,1.613241596721021,1.8216352160387594,-0.16544972418576293,-0.09432826257981912,1.9870849402245225,1.1803863139190602,21-1093
21-2011.00,-0.5542210614485191,-1.2650870381987294,-1.4369320622453658,-0.25227645353158534,1.2247002790154424,0.6655806806949637,1.7575968522856893,2.65022458706953,-0.5542210614485191,-0.5542210614485196,-0.9847651846585602,-1.2911113837941097,1.5745255997664063,1.777918004915563,0.7368903223455902,0.4201251114852188,1.0410276825699727,0.6184007558215537,21-2011
21-2021.00,-0.05225007673078418,-1.1206694012220226,-2.2618955762422024,-0.6117722154492555,1.5963399469405741,1.3762967684935232,1.7291714242959717,2.196011339354982,-0.05225007673078418,-0.052250076730784474,-1.3314457309711603,-1.7456392315056968,1.7244548697712627,1.947214679828329,1.6933891547749123,0.9654561688001357,0.25382552505341666,0.15077975270776253,21-2021
23-1011.00,0.1613545976171881,-1.089722764727014,-1.9796712161906531,-0.25227645353158534,0.8586074718056115,0.8432597026446038,0.4974028780748846,0.8432457972486098,0.1613545976171881,0.16135459761718784,-1.1072234781497508,-1.4516646803866324,0.7606289624434274,0.8588846872918694,1.6130192780038204,0.9196346911465415,-0.7541345907119509,-0.4479779055789924,23-1011
23-1021.00,0.1613545976171881,-1.4301357661721081,-1.7951399038492555,-0.6117722154492555,0.6108476931888569,0.5767411697201437,1.2838397191237327,0.34953574538497056,0.1613545976171881,0.16135459761718784,-1.2790159618235397,-1.6768993198488273,0.705241081854426,0.7963419695565032,1.838253917466015,1.0480482761060808,-1.041911947909512,-0.6189260351810497,23-1021
23-1022.00,0.1613545976171881,-1.4301357661721081,-1.7951399038492555,-0.6117722154492555,0.6108476931888569,0.5767411697201437,1.2838397191237327,0.34953574538497056,0.1613545976171881,0.16135459761718784,-1.2790159618235397,-1.6768993198488273,0.705241081854426,0.7963419695565032,1.838253917466015,1.0480482761060808,-1.041911947909512,-0.6189260351810497,23-1022
23-1023.00,-0.7357850346442958,-1.4301357661721081,-2.3378790577945425,-0.6117722154492555,1.6254609656959011,1.5539757904431633,1.9186742775607544,0.023687111154968556,-0.7357850346442958,-0.7357850346442962,-1.459929013138635,-1.914091803568522,1.2804495362136967,1.445854094184214,1.1783067689242257,0.6717909675924798,0.26754732525998826,0.15893090157829784,23-1023
23-2011.00,0.3322383370955661,-1.089722764727014,-1.0678694375625708,-0.6117722154492555,-0.0048538462094953605,0.04370410387122382,-0.13743168036213724,-0.31203572411230623,0.3322383370955661,0.3322383370955659,-0.9231214725796134,-1.2102912048881609,-0.10265428670317875,-0.11591485374288134,1.5425295419837268,0.8794462027026443,-1.6584443957266082,-0.9851642612168672,23-2011
23-2092.00,0.6953662834871189,-1.6055000396438233,-1.4369320622453658,-0.6117722154492555,0.11717708952711511,-0.22281442905323592,-0.2985091056372026,-0.14417430647866872,0.6953662834871189,0.6953662834871187,-1.2180681057794815,-1.5969914677210006,-0.13708018791049803,-0.1547877876608931,2.2923577512081192,1.3069476237993642,-2.4471455388690124,-1.4536757054394882,23-2092
23-2093.01,1.7633896552269805,-0.914358491255299,-0.5251302836172838,-0.6117722154492555,-0.22118141410621373,1.1097782355690635,-0.13743168036213724,0.023687111154968556,1.7633896552269805,1.7633896552269805,-0.6837536634406128,-0.896459534041294,0.19371306306392028,0.2187363245537471,2.6598491892682743,1.5164664310126832,-2.4411128647145275,-1.4500921213338773,23-2093
23-2093.02,0.1613545976171881,-0.914358491255299,-1.4369320622453658,-0.6117722154492555,-0.06633155247074225,-0.0007156516161860038,0.6490051606867108,-0.31203572411230623,0.1613545976171881,0.16135459761718784,-0.9876875896499735,-1.2949429066903815,0.06748055812186908,0.0761974903961051,1.4562975043075692,0.8302825166781415,-1.380100013911464,-0.8198195936589047,23-2093
25-1021.00,2.4682850805752894,-1.2650870381987294,-0.5251302836172838,-0.6117722154492555,1.4706111040604302,1.5539757904431633,0.4974028780748846,0.18167432775133327,2.4682850805752894,2.4682850805752894,-0.8006631790884229,-1.0497379082956382,0.9259160250824527,1.0455230275571068,3.5180229888709276,2.0057391929131585,-2.4724999613138205,-1.4687369706352238,25-1021
25-1022.00,0.8662500229654969,-1.2650870381987294,-1.7951399038492555,-0.6117722154492555,1.102669343278832,0.5767411697201437,0.4974028780748846,0.023687111154968556,0.8662500229654969,0.8662500229654967,-1.2239997191657468,-1.6047683201997243,0.5501251255572072,0.6211886080668991,2.471018343165221,1.408807831265613,-1.849829735098322,-1.0988527255125102,25-1022
25-1032.00,1.0478139961612734,-1.2650870381987294,-1.2524007499039684,-0.6117722154492555,1.2265492325872092,0.48790165874532365,0.02364574491292794,0.18167432775133327,1.0478139961612734,1.0478139961612734,-1.0430866678506512,-1.3675758364800294,0.47994274099919854,0.5419402775525503,2.415389832641303,1.3770922102608125,-1.8734495550887527,-1.1128835863426396,25-1032
25-1041.00,0.3322383370955661,-1.4301357661721081,-1.2524007499039684,-0.6117722154492555,0.9806384075422215,0.48790165874532365,0.4974028780748846,0.18167432775133327,0.3322383370955661,0.3322383370955659,-1.098102910508444,-1.4397068361291325,0.5369043180284407,0.606259977025013,1.7719451732246985,1.0102435068995135,-1.1656851961996855,-0.6924509486628652,25-1041
25-1042.00,0.3322383370955661,-1.4301357661721081,-1.2524007499039684,-0.6117722154492555,0.9806384075422215,0.48790165874532365,0.4974028780748846,0.18167432775133327,0.3322383370955661,0.3322383370955659,-1.098102910508444,-1.4397068361291325,0.5369043180284407,0.606259977025013,1.7719451732246985,1.0102435068995135,-1.1656851961996855,-0.6924509486628652,25-1042
25-1043.00,0.3322383370955661,-1.4301357661721081,-1.2524007499039684,-0.6117722154492555,0.9806384075422215,0.48790165874532365,0.4974028780748846,0.18167432775133327,0.3322383370955661,0.3322383370955659,-1.098102910508444,-1.4397068361291325,0.5369043180284407,0.606259977025013,1.7719451732246985,1.0102435068995135,-1.1656851961996855,-0.6924509486628652,25-1043
25-1052.00,1.2293779693570497,-0.914358491255299,-0.35145375435479176,-0.6117722154492555,1.012995095048141,0.6655806806949637,0.9711600112368411,0.18167432775133327,1.2293779693570497,1.2293779693570497,-0.6258614870197822,-0.8205579392509915,0.7078525286828198,0.7992907551054772,2.0499359086080413,1.1687350559851748,-1.250645153502564,-0.7429196371428525,25-1052
25-1054.00,0.8662500229654969,-0.914358491255299,-0.8941929083000788,-0.6117722154492555,1.318072434389667,0.4434819032579138,1.1227622938486674,0.023687111154968556,0.8662500229654969,0.8662500229654967,-0.8067745383348778,-1.0577504229706864,0.7270009356628042,0.8209126947806504,1.924000445936183,1.0969351575599329,-1.1030877511555328,-0.6552662436104131,25-1054
25-1061.00,0.3322383370955661,-1.089722764727014,-1.7951399038492555,-0.43747123997402165,1.2265492325872092,0.8432597026446038,-0.13743168036213724,0.023687111154968556,0.3322383370955661,0.3322383370955659,-1.1074446361834303,-1.4519546374843746,0.4890160915061611,0.5521856957493911,1.7841929745799405,1.0172263763358238,-1.2320072788305494,-0.7318481968948584,25-1061
25-1062.00,0.3322383370955661,-1.089722764727014,-1.7951399038492555,-0.43747123997402165,1.2265492325872092,0.8432597026446038,-0.13743168036213724,0.023687111154968556,0.3322383370955661,0.3322383370955659,-1.1074446361834303,-1.4519546374843746,0.4890160915061611,0.5521856957493911,1.7841929745799405,1.0172263763358238,-1.2320072788305494,-0.7318481968948584,25-1062
25-1063.00,0.3322383370955661,-1.089722764727014,-1.7951399038492555,-0.43747123997402165,1.2265492325872092,0.8432597026446038,-0.13743168036213724,0.023687111154968556,0.3322383370955661,0.3322383370955659,-1.1074446361834303,-1.4519546374843746,0.4890160915061611,0.5521856957493911,1.7841929745799405,1.0172263763358238,-1.2320072788305494,-0.7318481968948584,25-1063
25-1065.00,0.3322383370955661,-1.089722764727014,-1.7951399038492555,-0.43747123997402165,1.2265492325872092,0.8432597026446038,-0.13743168036213724,0.023687111154968556,0.3322383370955661,0.3322383370955659,-1.1074446361834303,-1.4519546374843746,0.4890160915061611,0.5521856957493911,1.7841929745799405,1.0172263763358238,-1.2320072788305494,-0.7318481968948584,25-1065
25-1066.00,0.3322383370955661,-1.089722764727014,-1.7951399038492555,-0.43747123997402165,1.2265492325872092,0.8432597026446038,-0.13743168036213724,0.023687111154968556,0.3322383370955661,0.3322383370955659,-1.1074446361834303,-1.4519546374843746,0.4890160915061611,0.5521856957493911,1.7841929745799405,1.0172263763358238,-1.2320072788305494,-0.7318481968948584,25-1066
25-1067.00,0.3322383370955661,-1.089722764727014,-1.7951399038492555,-0.43747123997402165,1.2265492325872092,0.8432597026446038,-0.13743168036213724,0.023687111154968556,0.3322383370955661,0.3322383370955659,-1.1074446361834303,-1.4519546374843746,0.4890160915061611,0.5521856957493911,1.7841929745799405,1.0172263763358238,-1.2320072788305494,-0.7318481968948584,25-1067
25-1071.00,0.1613545976171881,-1.6055000396438233,-1.6106085915078578,-0.6117722154492555,1.4706111040604302,0.48790165874532365,0.4974028780748846,0.8432457972486098,0.1613545976171881,0.16135459761718784,-1.2759602822003122,-1.6728930625113032,0.8247903595323121,0.9313342575762705,1.834247660128491,1.045764178650155,-0.9029134025522205,-0.5363568519151014,25-1071
25-1072.00,0.8662500229654969,0.7980220614685077,0.3758167119318928,-0.6117722154492555,1.5738446533096728,0.2954157555015107,0.9711600112368411,1.8306659009758883,0.8662500229654969,0.8662500229654967,0.18735551931704833,0.24563911029284508,1.1677715802559783,1.318620744225324,0.6206109126726516,0.3538304425624697,0.6980098315526723,0.4146381644121501,25-1072
25-1121.00,0.3322383370955661,-1.089722764727014,-1.0678694375625708,-0.6117722154492555,1.4706111040604302,0.6655806806949637,-0.13743168036213724,0.5173971630186078,0.3322383370955661,0.3322383370955659,-0.9231214725796134,-1.2102912048881609,0.6290393168529661,0.7102966934285445,1.5425295419837268,0.8794462027026443,-0.8322328485551822,-0.4943705447827579,25-1121
25-1123.00,0.5138023102913425,-1.2650870381987294,-1.4369320622453658,-0.6117722154492555,1.2265492325872092,0.8432597026446038,0.3363254527998194,1.011107214882247,0.5138023102913425,0.5138023102913423,-1.1045971052977837,-1.4482212809447257,0.8543104007284699,0.9646676074794316,1.962023591236068,1.1186133879203,-0.9973559837566364,-0.5924584951051935,25-1123
25-1124.00,0.5138023102913425,-1.2650870381987294,-1.4369320622453658,-0.6117722154492555,1.2265492325872092,0.8432597026446038,0.3363254527998194,1.011107214882247,0.5138023102913425,0.5138023102913423,-1.1045971052977837,-1.4482212809447257,0.8543104007284699,0.9646676074794316,1.962023591236068,1.1186133879203,-0.9973559837566364,-0.5924584951051935,25-1124
25-1125.00,0.3322383370955661,-1.089722764727014,-1.7951399038492555,-0.43747123997402165,1.2265492325872092,0.8432597026446038,-0.13743168036213724,0.023687111154968556,0.3322383370955661,0.3322383370955659,-1.1074446361834303,-1.4519546374843746,0.4890160915061611,0.5521856957493911,1.7841929745799405,1.0172263763358238,-1.2320072788305494,-0.7318481968948584,25-1125
25-1191.00,0.6953662834871189,-1.4301357661721081,-1.0678694375625708,-0.6117722154492555,0.4888167574522464,0.13254361484604385,-0.13743168036213724,0.8432457972486098,0.6953662834871189,0.6953662834871187,-1.0365924730613114,-1.359061391664436,0.3317936222961907,0.3746537084465747,2.0544276751515547,1.1712959580117508,-1.67977396670498,-0.9978346474469548,25-1191
25-1194.00,1.0157732950090772,-0.2954257613551279,-0.9593216067735133,-0.3938959961052131,1.3504291218955866,1.5539757904431633,0.7816571579720584,1.8010432978640698,1.0157732950090772,1.0157732950090772,-0.5495477880779515,-0.7205041528476913,1.3717763420437197,1.5489782176920912,1.7362774478567684,0.9899081779608357,-0.1872992301646773,-0.11126119644839162,25-1194
25-2011.00,0.5138023102913425,1.3137993363853169,0.1912853995904953,0.29241409482852093,1.780310827331373,-0.07474828129683281,0.6490051606867108,2.4922373704731653,0.5138023102913425,0.5138023102913423,0.5991662769347778,0.7855582355952664,1.211701269298604,1.368225136247158,-0.2717559253039241,-0.15493688131452388,1.639981061551082,0.9741965031060122,25-2011
25-2012.00,0.6953662834871189,0.9733863349402228,-0.35145375435479176,-0.6117722154492555,1.9867770013530732,0.2213831258208639,2.0702765601725805,2.4922373704731653,0.6953662834871189,0.6953662834871187,0.003386788378725155,0.0044403692356259706,1.6926685144549207,1.9113222602729072,0.6909259142514927,0.3939193092249629,1.2203963460214147,0.7249509647220918,25-2012
25-2021.00,1.4002617088354277,0.11719605857831943,-0.5251302836172838,-0.25227645353158534,1.6770772780821304,-0.1487817993725891,0.9711600112368411,2.324375952839528,1.4002617088354277,1.4002617088354277,-0.22007022619018324,-0.28853088908378327,1.2059578606964776,1.3617398116739516,1.6887925979192109,0.9628355224123494,-0.32705278624525924,-0.1942788780681816,25-2021
25-2022.00,0.3322383370955661,-0.5739454898102049,-0.7096615959586813,-0.6117722154492555,1.4743090112039634,-0.6670119839273357,1.2838397191237327,1.5048172667458863,0.3322383370955661,0.3322383370955659,-0.6317931004060472,-0.8283347917297148,0.8989885032865617,1.0151170907874707,1.1605731288252807,0.661680443274705,-0.14545603803781,-0.08640512194577916,25-2022
25-2023.00,0.3322383370955661,-0.5739454898102049,-0.7096615959586813,-0.6117722154492555,1.4743090112039634,-0.6670119839273357,1.2838397191237327,1.5048172667458863,0.3322383370955661,0.3322383370955659,-0.6317931004060472,-0.8283347917297148,0.8989885032865617,1.0151170907874707,1.1605731288252807,0.661680443274705,-0.14545603803781,-0.08640512194577916,25-2023
25-2031.00,0.3322383370955661,-0.5739454898102049,-0.7096615959586813,-0.6117722154492555,1.4743090112039634,-0.6670119839273357,1.2838397191237327,1.5048172667458863,0.3322383370955661,0.3322383370955659,-0.6317931004060472,-0.8283347917297148,0.8989885032865617,1.0151170907874707,1.1605731288252807,0.661680443274705,-0.14545603803781,-0.08640512194577916,25-2031
25-2032.00,0.3322383370955661,-0.5739454898102049,-0.7096615959586813,-0.6117722154492555,1.4743090112039634,-0.6670119839273357,1.2838397191237327,1.5048172667458863,0.3322383370955661,0.3322383370955659,-0.6317931004060472,-0.8283347917297148,0.8989885032865617,1.0151170907874707,1.1605731288252807,0.661680443274705,-0.14545603803781,-0.08640512194577916,25-2032
25-2041.00,-0.020209375578588307,-0.3985812163384898,-0.7096615959586813,-0.6117722154492555,1.4743090112039634,0.31022263679568396,1.2838397191237327,1.8306659009758883,-0.020209375578588307,-0.020209375578588595,-0.5733383425821422,-0.7516956046025428,1.2247593170248172,1.3829699826725992,0.7314862290239542,0.4170440623244672,0.651483753648645,0.3870003194028469,25-2041
25-2042.00,-0.020209375578588307,-0.3985812163384898,-0.7096615959586813,-0.6117722154492555,1.4743090112039634,0.31022263679568396,1.2838397191237327,1.8306659009758883,-0.020209375578588307,-0.020209375578588595,-0.5733383425821422,-0.7516956046025428,1.2247593170248172,1.3829699826725992,0.7314862290239542,0.4170440623244672,0.651483753648645,0.3870003194028469,25-2042
25-2043.00,-0.020209375578588307,-0.3985812163384898,-0.7096615959586813,-0.6117722154492555,1.4743090112039634,0.31022263679568396,1.2838397191237327,1.8306659009758883,-0.020209375578588307,-0.020209375578588595,-0.5733383425821422,-0.7516956046025428,1.2247593170248172,1.3829699826725992,0.7314862290239542,0.4170440623244672,0.651483753648645,0.3870003194028469,25-2043
25-3011.00,0.5885639463131327,-0.5017366713218517,-1.1764172683516283,0.04185644258287207,1.4743090112039634,1.9093338343424435,1.3501657177664064,2.196011339354982,0.5885639463131327,0.5885639463131325,-0.5454324990302026,-0.7151086569265048,1.7324549756669487,1.9562482149548974,1.3036726032396373,0.7432661023866896,0.6525756117152601,0.3876489148868573,25-3011
25-3021.00,0.5885639463131327,-0.5017366713218517,-1.1764172683516283,0.04185644258287207,1.4743090112039634,1.9093338343424435,1.3501657177664064,2.196011339354982,0.5885639463131327,0.5885639463131325,-0.5454324990302026,-0.7151086569265048,1.7324549756669487,1.9562482149548974,1.3036726032396373,0.7432661023866896,0.6525756117152601,0.3876489148868573,25-3021
25-4011.00,0.3749592719651606,-1.1206694012220226,-1.1764172683516283,-0.6117722154492555,0.9806384075422215,0.9320992136194235,0.7816571579720584,1.208591235627703,0.3749592719651606,0.3749592719651604,-0.9696196283409688,-1.2712542640663067,0.9757465036903517,1.1017904551071493,1.6462135360314671,0.9385598160011381,-0.5444230809243178,-0.3234031624395998,25-4011
25-4012.00,0.3749592719651606,-0.5017366713218517,-1.1764172683516283,-0.6117722154492555,0.9806384075422215,1.3762967684935232,1.7291714242959717,0.22117113190042445,0.3749592719651606,0.3749592719651604,-0.7633087183742452,-1.00076301538217,1.0768194330580352,1.2159196766066431,1.3757222873473305,0.7843439679120062,-0.1598026107406873,-0.09492740387108413,25-4012
25-4013.00,0.1613545976171881,0.11719605857831943,1.2116350090076344,-0.6117722154492555,0.6108476931888569,0.04370410387122382,-0.7343656681462027,0.6161391733913358,0.1613545976171881,0.16135459761718784,0.23901961737889943,0.3133751616686245,0.13408132557630345,0.15140154145504026,-0.15202056405143666,-0.0866718621257761,0.3034221055064769,0.18024156563729088,25-4013
25-4021.00,2.2974013410969114,-0.05816821489339564,1.2767637074810694,-0.25227645353158534,0.9590675906972043,1.8501071975608596,2.231353985447646,1.662804483342251,2.2974013410969114,2.2974013410969114,0.32210634635202945,0.4223089697384319,1.6758333142619901,1.8923123403682642,1.8750923713584795,1.0690510754090363,0.01721996900978473,0.010229162998418966,25-4021
25-4031.00,2.0837966667489387,-0.2954257613551279,0.5603480242732903,-0.6117722154492555,0.4869678038804798,0.8432597026446038,1.9186742775607544,1.208591235627703,2.0837966667489387,2.0837966667489387,-0.1156166508436977,-0.1515833179177671,1.1143732549283853,1.258324586419855,2.235379984666706,1.2744627481068815,-0.9770553982468508,-0.5803993562051791,25-4031
25-9011.00,-0.5542210614485191,0.11719605857831943,0.1912853995904953,-0.6117722154492555,0.7056065637419067,0.6655806806949637,0.3363254527998194,0.34953574538497056,-0.5542210614485191,-0.5542210614485196,-0.10109691909348027,-0.13254670772440175,0.514262110655415,0.5806929184992535,-0.4216743537241178,-0.24041024762667357,1.0023672722233714,0.5954353463718365,25-9011
25-9021.00,0.5138023102913425,-0.7493097632819199,-1.2524007499039684,0.6519098567461912,1.2265492325872092,0.8432597026446038,1.2838397191237327,1.5048172667458863,0.5138023102913425,0.5138023102913423,-0.4499335521465658,-0.5899013695622959,1.214616480275358,1.3715169252688593,1.1037036798536382,0.6292573229475673,0.2678132454152211,0.1590888658935005,25-9021
25-9031.00,0.6953662834871189,-1.2650870381987294,-1.4369320622453658,-0.43747123997402165,0.9806384075422215,-0.4004934510028758,0.3363254527998194,0.023687111154968556,0.6953662834871189,0.6953662834871187,-1.0464967801393723,-1.3720467853565483,0.23503938012353343,0.2654010489558375,2.067413068843667,1.1786993528008325,-1.8020120198878296,-1.0704476103336056,25-9031
25-9041.00,0.1613545976171881,-0.914358491255299,-1.1764172683516283,-0.6117722154492555,1.1063672504223656,1.5539757904431633,0.7816571579720584,1.6035592771186145,0.1613545976171881,0.16135459761718784,-0.9008493250187276,-1.1810905145049277,1.2613898689890504,1.4243323573947804,1.3424451121221157,0.7653715692694171,0.08188724527266478,0.04864340806360559,25-9041
27-1011.00,-0.20177334877436495,-1.089722764727014,0.01760887032800328,-0.6117722154492555,0.8586074718056115,0.8432597026446038,0.17524802752475419,-0.637884358342308,-0.20177334877436495,-0.20177334877436526,-0.5612953699494221,-0.735906237448771,0.3098077109081653,0.3498277242154846,0.5341328886744058,0.3045265117446003,-0.1843051644589212,-0.10948263423874113,27-1011
27-1013.01,-0.7357850346442958,-0.7493097632819199,-0.35145375435479176,-0.6117722154492555,-0.313629092694555,-0.13397491807841588,-0.2985091056372026,-0.96373299257231,-0.7357850346442958,-0.7357850346442962,-0.570845244361989,-0.7484269396018882,-0.4274615272456209,-0.4826797009914888,0.012641904957591987,0.007207560702911479,-0.4953216059490808,-0.29423545658025185,27-1013
27-1013.02,-0.37265708825274274,-1.4301357661721081,0.01760887032800328,-0.6117722154492555,-0.12688478194610583,0.6655806806949637,0.02364574491292794,-0.31203572411230623,-0.37265708825274274,-0.3726570882527431,-0.6747663704311201,-0.8846764242250462,0.06257647988736988,0.07065991832238067,0.5120193359723031,0.291918856965348,-0.44135941764992254,-0.26218034547350033,27-1013
27-1013.03,-0.37265708825274274,-1.4301357661721081,0.01760887032800328,-0.6117722154492555,-0.37464456056286005,-0.5781724729525157,-0.2985091056372026,-0.96373299257231,-0.37265708825274274,-0.3726570882527431,-0.6747663704311201,-0.8846764242250462,-0.5537647829312221,-0.6252984252575148,0.5120193359723031,0.291918856965348,-1.1373177612298178,-0.6755998662951244,27-1013
27-1013.04,-0.7357850346442958,0.11719605857831943,0.3758167119318928,-0.6117722154492555,-1.3028192535898055,-1.1112095388014356,-0.4501113882490287,-0.96373299257231,-0.7357850346442958,-0.7357850346442962,-0.03958648164634776,-0.05190126325970548,-0.9569682933031449,-1.0805865328892692,-0.6838837713845908,-0.38990435480456215,-0.39670276150467854,-0.23565299142225404,27-1013
27-1021.00,-0.20177334877436495,-0.7493097632819199,0.1912853995904953,-0.43747123997402165,0.36493686814386933,0.31022263679568396,-0.13743168036213724,-0.8057457759759455,-0.20177334877436495,-0.20177334877436526,-0.3318318678884821,-0.43505996029401595,-0.06700448784963237,-0.07565992282099503,0.2332866115196507,0.1330042758069188,-0.3089465343406457,-0.18352323722367803,27-1021
27-1022.00,-0.7357850346442958,-0.3985812163384898,0.1912853995904953,-0.43747123997402165,0.6126966467606239,0.5767411697201437,0.3363254527998194,-0.637884358342308,-0.7357850346442958,-0.7357850346442962,-0.21492235224067205,-0.2817815860396718,0.22196972773456972,0.2506430988127762,-0.45400344860462444,-0.2588421148652817,0.7046465474174006,0.4185805668819759,27-1022
27-1023.00,-0.5542210614485191,-0.2335324883651107,0.1912853995904953,-0.06708166708914928,0.11902604309888173,1.1097782355690635,1.1227622938486674,-0.31203572411230623,-0.5542210614485191,-0.5542210614485196,-0.0364429186212549,-0.0477797832656916,0.5098827121010766,0.5757478026233258,-0.506441278182828,-0.2887386250100489,1.0821890808061538,0.6428518249008003,27-1023
27-1024.00,2.115837367901135,-1.089722764727014,-0.16692244201339423,-0.6117722154492555,-0.4393579355746991,0.48790165874532365,-0.13743168036213724,-0.637884358342308,2.115837367901135,2.115837367901135,-0.6228058073965546,-0.8165516819134672,-0.18169307888345518,-0.20516363555051964,2.932389049814602,1.6718502592759246,-3.1375526853651214,-1.8637976535550214,27-1024
27-1025.00,0.1613545976171881,-0.914358491255299,-1.4369320622453658,-0.43747123997402165,0.3630879145721027,1.1986177465438836,0.3363254527998194,0.18167432775133327,0.1613545976171881,0.16135459761718784,-0.9295872644915621,-1.218768411102204,0.5199263604167847,0.5870888587345675,1.3801230087193916,0.786852962128632,-0.7930341499848242,-0.47108537645439186,27-1025
27-1026.00,-0.7357850346442958,0.6329733334951286,0.9185558658771799,-0.6117722154492555,-1.0670776731895357,-0.0007156516161860038,-0.9238685214109853,-0.96373299257231,-0.7357850346442958,-0.7357850346442962,0.31325232797435093,0.41070059436343676,-0.7388487096972542,-0.8342909280574828,-1.146485629007733,-0.6536487019803477,0.31219470095025015,0.18545274276905888,27-1026
27-1027.01,-0.7357850346442958,-0.3985812163384898,0.01760887032800328,-0.25227645353158534,0.36493686814386933,-0.22281442905323592,-0.4501113882490287,-0.637884358342308,-0.7357850346442958,-0.7357850346442962,-0.21108293318069063,-0.27674777926753574,-0.23646832687517583,-0.2670145826819243,-0.4590372553767605,-0.2617120516349858,0.1920226726948362,0.11406705884728474,27-1027
27-1027.02,-0.7357850346442958,-1.089722764727014,0.3758167119318928,-0.43747123997402165,0.736576536069001,0.39906214777050397,-0.2985091056372026,-0.8057457759759455,-0.7357850346442958,-0.7357850346442962,-0.3837924309230476,-0.5031847026055949,0.007845950556589182,0.008859466471873767,-0.23260033203870134,-0.1326130055802641,0.24145979851057509,0.14343415107928528,27-1027
27-2011.00,-0.9066687741226735,1.3137993363853169,0.01760887032800328,-0.43747123997402165,0.4869678038804798,0.31022263679568396,2.7051111186096026,-0.31203572411230623,-0.9066687741226735,-0.906668774122674,0.2979789889130995,0.3906759405294711,0.797566458793365,0.900593656537463,-1.297344714652145,-0.7396583675343388,2.197938371189608,1.3056393914880253,27-2011
27-2012.01,-0.020209375578588307,-0.914358491255299,-0.5251302836172838,-0.6117722154492555,0.9806384075422215,0.04370410387122382,0.810082585961776,-0.637884358342308,-0.020209375578588307,-0.020209375578588595,-0.6837536634406128,-0.896459534041294,0.2991351847582283,0.3377765537532703,0.8762501584627054,0.49957868131756417,-0.5384736047094351,-0.3198690003326488,27-2012
27-2012.02,1.0478139961612734,-1.089722764727014,-1.4369320622453658,-0.43747123997402165,1.03980492183876,-0.5781724729525157,0.3363254527998194,0.34953574538497056,1.0478139961612734,1.0478139961612734,-0.9880420223154672,-1.2954075982293762,0.28687341176775855,0.32393084240048076,2.3432215943906494,1.3359467531672289,-2.0192907519901686,-1.199517503868357,27-2012
27-2012.03,1.2293779693570497,-0.914358491255299,-1.2524007499039684,-0.6117722154492555,0.734727582497234,-0.04513540710359583,-0.13743168036213724,0.5173971630186078,1.2293779693570497,1.2293779693570497,-0.926177152202841,-1.2142974622256852,0.2673894145125272,0.30192996192388477,2.4436754315827347,1.393218749107013,-2.1417454696588503,-1.2722591717683724,27-2012
27-2012.04,-0.20177334877436495,-1.089722764727014,-1.9796712161906531,-0.6117722154492555,1.4724600576321967,0.9320992136194235,1.2838397191237327,1.336955849112249,-0.20177334877436495,-0.20177334877436526,-1.227055398788974,-1.6087745775372482,1.2563387098719003,1.4186287049794708,1.407001228762883,0.8021771085448204,0.011627476216587884,0.006907059438500361,27-2012
27-2012.05,-0.7357850346442958,-0.914358491255299,-0.35145375435479176,-0.6117722154492555,1.03980492183876,-0.9335305168517957,-0.2985091056372026,0.023687111154968556,-0.7357850346442958,-0.7357850346442962,-0.6258614870197822,-0.8205579392509915,-0.04213689737381745,-0.04758001300410962,0.08477290460669529,0.04833178686001342,-0.13235291761080492,-0.07862148687886428,27-2012
27-2021.00,-0.9066687741226735,1.9739942482788324,-0.5251302836172838,-0.6117722154492555,1.2265492325872092,0.2213831258208639,0.5921543047072759,0.22117113190042445,-0.9066687741226735,-0.906668774122674,0.2790305830707644,0.3658329598180114,0.5653144487539433,0.6383400416148612,-1.2725017339406854,-0.7254945771783945,1.9108417755555467,1.1350956540769261,27-2021
27-2022.00,-0.479459425426729,-0.7080475812885751,-1.1764172683516283,-0.3938959961052131,1.34858016832382,0.2213831258208639,-0.16585710835185466,-0.1737969095904871,-0.479459425426729,-0.4794594254267293,-0.7594536152484722,-0.9957086454583272,0.3075773190505855,0.34730921715393126,0.5162492200315978,0.2943304512801222,-0.16894000287766658,-0.10035528086067236,27-2022
27-2023.00,-0.5328605940137219,0.3235069685450433,-1.447786845324272,-0.44836505094122375,1.5963399469405741,0.31022263679568396,-0.686989954830007,-0.5687649510813987,-0.5328605940137219,-0.5328605940137223,-0.5242149759068174,-0.6872906693825853,0.16270191945621307,0.18371925618639595,0.154430075368863,0.08804560280354258,0.029289180817532956,0.01739862624041134,27-2023
27-2031.00,-0.9066687741226735,2.1803051582455564,-2.0447999146640874,-0.6117722154492555,0.8567585182338444,-0.04513540710359583,2.1081771308255375,-0.3712809303359428,-0.9066687741226735,-0.906668774122674,-0.1587556572892622,-0.2081422450357554,0.6371298279049609,0.7194323119732311,-0.6985265290869186,-0.3982526666572132,1.4179588410601496,0.8423088393487675,27-2031
27-2032.00,-0.9066687741226735,0.7361287884784906,-1.6106085915078578,-0.6117722154492555,1.1008203897070654,-0.13397491807841588,0.02364574491292794,0.22117113190042445,-0.9066687741226735,-0.906668774122674,-0.49541733949287425,-0.649534504989652,0.3029155871105005,0.3420452969283111,-0.25713426913302195,-0.14660060013044576,0.599179566061333,0.3559301089961684,27-2032
27-2041.01,-0.7357850346442958,-0.7493097632819199,-1.7951399038492555,-0.6117722154492555,0.6089987396170903,-0.5781724729525157,0.4974028780748846,-0.47002294070867073,-0.7357850346442958,-0.7357850346442962,-1.0520739608601437,-1.379358946296277,0.014551551007697103,0.01643127589660679,0.6435739116519807,0.3669223942595924,-0.627142635755374,-0.3725409866158645,27-2041
27-2041.02,-0.5542210614485191,-1.6055000396438233,-1.4369320622453658,-0.6117722154492555,-0.868315164224602,-0.8446910058769757,-0.2985091056372026,-0.47002294070867073,-0.5542210614485191,-0.5542210614485196,-1.2180681057794815,-1.5969914677210006,-0.6203845541118628,-0.7005239348859312,1.042770406272481,0.5945172841926043,-1.7432943411584123,-1.035567599442139,27-2041
27-2041.03,-0.7357850346442958,-1.6055000396438233,-0.8941929083000788,-0.6117722154492555,-0.868315164224602,-1.1112095388014356,0.02364574491292794,-0.96373299257231,-0.7357850346442958,-0.7357850346442962,-1.037155054464386,-1.3597989840013058,-0.7299029876713549,-0.8241896249988498,0.6240139493570096,0.35577062432771983,-1.4482035743558592,-0.8602750915847459,27-2041
27-2042.01,-0.9066687741226735,-1.2650870381987294,-2.153347745453145,-0.6117722154492555,0.18004151096718718,-0.04513540710359583,2.392431410722711,-0.96373299257231,-0.9066687741226735,-0.906668774122674,-1.3434023330337101,-1.7613153594547233,0.3909011305034982,0.4413965439286126,0.8546465853320493,0.48726178245925705,-0.4132500414034366,-0.2454825575015355,27-2042
27-2042.02,-0.37265708825274274,-0.05816821489339564,0.1912853995904953,-0.6117722154492555,0.5492155993043676,-0.29684705873388273,2.392431410722711,-0.637884358342308,-0.37265708825274274,-0.3726570882527431,-0.15955167691738528,-0.2091858948515738,0.501728898237722,0.5665407040035645,-0.16347119340116928,-0.09320023790471081,0.7300118974047338,0.43364832335615666,27-2042
27-3011.00,0.1613545976171881,-1.7808643131155386,-0.7096615959586813,-0.6117722154492555,0.7328786289254674,0.8432597026446038,2.392431410722711,-0.31203572411230623,0.1613545976171881,0.16135459761718784,-1.0340993748411584,-1.3557927266637817,0.914133504545119,1.03221847702473,1.5171473242809697,0.8649749758202375,-0.4849288472562395,-0.2880618553030427,27-3011
27-3012.00,-0.9066687741226735,-1.4301357661721081,-1.7951399038492555,0.10721930838608465,0.7328786289254674,0.5767411697201437,2.544033693334537,-0.8057457759759455,-0.9066687741226735,-0.906668774122674,-1.0393521205450929,-1.3626795255475956,0.7619769290010506,0.8604067800499535,0.45601075142492165,0.25998654341263666,0.4043960286250319,0.24022301610230748,27-3012
27-3021.00,0.6953662834871189,-1.2650870381987294,-1.2524007499039684,-0.6117722154492555,0.11717708952711511,-0.6670119839273357,2.0702765601725805,-0.637884358342308,0.6953662834871189,0.6953662834871187,-1.0430866678506512,-1.3675758364800294,0.22063932685751295,0.2491408408161926,2.0629421199671483,1.1761503196024956,-1.8138012791509555,-1.0774507736125065,27-3021
27-3022.00,0.6953662834871189,-0.7493097632819199,-0.7096615959586813,-0.06708166708914928,0.734727582497234,-0.31165394002805596,1.596519427010624,-0.31203572411230623,0.6953662834871189,0.6953662834871187,-0.5086843421099169,-0.6669286801438327,0.4268893363418739,0.48203359621543995,1.3622949636309514,0.776688614459493,-0.8802613674155114,-0.5229008834677918,27-3022
27-3031.00,0.6953662834871189,-0.914358491255299,-1.0678694375625708,0.8371046431886272,1.5963399469405741,2.0870128562920827,1.2838397191237327,-0.31203572411230623,0.6953662834871189,0.6953662834871187,-0.38170776187641414,-0.5004515231842642,1.1637891995610208,1.3141239317625457,1.195817806671383,0.6817745790780111,0.11830612509116278,0.07027728311132289,27-3031
27-3041.00,1.9342733947053585,-1.4301357661721081,0.1912853995904953,-0.6117722154492555,-0.25261362482624955,-0.7558514949021558,-0.4501113882490287,0.5173971630186078,1.9342733947053585,1.9342733947053585,-0.6168741940102894,-0.8087748294347438,-0.23529483623970654,-0.2656895041124109,2.7430482241401024,1.5639009036079095,-3.0087377282525134,-1.7872778182295053,27-3041
27-3042.00,0.6953662834871189,-1.089722764727014,-0.16692244201339423,-0.6117722154492555,0.08620711720002074,-0.11176504033471096,-0.2985091056372026,-0.14417430647866872,0.6953662834871189,0.6953662834871187,-0.6228058073965546,-0.8165516819134672,-0.11706033381264039,-0.13218182999234562,1.5119179654005859,0.8619935484408898,-1.6440997953929315,-0.9766431509362983,27-3042
27-3043.01,-0.20177334877436495,-1.9459130410889174,-2.153347745453145,-0.6117722154492555,-0.8054507427845299,-0.6670119839273357,-0.6111888135240938,-0.96373299257231,-0.20177334877436495,-0.20177334877436526,-1.570344333997106,-2.0588557330072734,-0.7618461332020673,-0.8602590884493757,1.8570823842329083,1.058782996673936,-2.7173414726822838,-1.6141799576199356,27-3043
27-3043.02,1.2293779693570497,-1.6055000396438233,-1.2524007499039684,-0.6117722154492555,-0.25261362482624955,-0.31165394002805596,0.02364574491292794,-0.14417430647866872,1.2293779693570497,1.2293779693570497,-1.156557668332349,-1.5163460232563046,-0.17119903160501157,-0.19331399931497795,2.745723992613354,1.565426446139877,-2.9390379919283323,-1.7458741453540345,27-3043
27-3043.03,2.649849053771066,-1.6055000396438233,-0.7096615959586813,-0.6117722154492555,-0.7444352749162249,-0.9335305168517957,-0.6111888135240938,-0.31203572411230623,2.649849053771066,2.649849053771066,-0.9756446170172534,-1.2791535395366096,-0.6502975823511051,-0.7343010366974145,3.9290025933076755,2.2400520165400697,-4.663303630005091,-2.770138141092813,27-3043
27-3043.04,2.2974013410969114,-1.4301357661721081,0.1912853995904953,-0.6117722154492555,-0.12873373551787246,0.48790165874532365,-0.2985091056372026,-0.31203572411230623,2.2974013410969114,2.2974013410969114,-0.6168741940102894,-0.8087748294347438,-0.06284422663051442,-0.07096225177155696,3.106176170531655,1.7709319424679932,-3.177138422303212,-1.8873127339435039,27-3043
27-3091.00,0.5885639463131327,-1.3269803111887464,-0.9593216067735133,-0.17601977676117064,1.5944909933688076,0.5767411697201437,0.02364574491292794,-0.3712809303359428,0.5885639463131327,0.5885639463131325,-0.8207738982411436,-1.0761047811693645,0.45589924441648405,0.514790915559404,1.664668727482497,0.9490817201851487,-1.1498778119230928,-0.6830609021272395,27-3091
27-4011.00,-0.5542210614485191,0.11719605857831943,0.1912853995904953,-0.6117722154492555,0.7056065637419067,0.6655806806949637,0.3363254527998194,0.34953574538497056,-0.5542210614485191,-0.5542210614485196,-0.10109691909348027,-0.13254670772440175,0.514262110655415,0.5806929184992535,-0.4216743537241178,-0.24041024762667357,1.0023672722233714,0.5954353463718365,27-4011
27-4012.00,0.1613545976171881,-0.2335324883651107,0.5603480242732903,2.8306720501866165,0.4888167574522464,-0.5781724729525157,-0.4501113882490287,-0.8057457759759455,0.1613545976171881,0.16135459761718784,1.0524958620315987,1.37991209481715,-0.33630321993131085,-0.3797458421226444,-1.2185574971999622,-0.6947392153729335,0.8388116550773176,0.4982785474168942,27-4012
27-4013.00,0.1613545976171881,-1.2650870381987294,0.01760887032800328,-0.6117722154492555,0.9806384075422215,-0.04513540710359583,-0.2985091056372026,0.18167432775133327,0.1613545976171881,0.16135459761718784,-0.6197501277733272,-0.8125454245759431,0.2046670556381891,0.23110532041281298,0.973900022193131,0.5552520408966052,-0.742794701780318,-0.44124168136164754,27-4013
27-4014.00,-0.020209375578588307,-1.089722764727014,0.1912853995904953,-0.6117722154492555,-0.37464456056286005,-0.7558514949021558,-0.2985091056372026,-0.31203572411230623,-0.020209375578588307,-0.020209375578588595,-0.5034031935285914,-0.6600046426584686,-0.4352602213036312,-0.4914858065147153,0.63979526707988,0.36476806623549285,-1.1312810735945953,-0.6720138980650919,27-4014
27-4021.01,-0.7357850346442958,0.2822447865516985,0.5603480242732903,1.0222994296310632,0.447523152857192,-0.370880576809639,0.4974028780748846,-0.31203572411230623,-0.7357850346442958,-0.7357850346442962,0.621630746818684,0.8150110769932568,0.06550243250253283,0.07396383655451343,-1.550796111637553,-0.8841592426111604,1.6247599481920665,0.9651547185663124,27-4021
27-4021.02,0.1613545976171881,0.11719605857831943,0.9185558658771799,-0.6117722154492555,-0.8898859810696197,-0.5189458361709326,-0.4501113882490287,-0.96373299257231,0.1613545976171881,0.16135459761718784,0.14132656966874793,0.18529122045998947,-0.7056690495154727,-0.796825220772113,-0.023936622842801625,-0.013647046290961343,-0.7728885979293114,-0.45911833194043944,27-4021
27-4031.00,-0.26585475107875645,-0.5017366713218517,0.5603480242732903,-0.17601977676117064,0.8586074718056115,-0.4004934510028758,-0.7343656681462027,-0.5687649510813987,-0.26585475107875645,-0.2658547510787568,-0.03913614126991068,-0.05131082850870275,-0.21125414960621644,-0.2385433150491425,-0.21454392257005403,-0.12231845995929375,-0.023999392479088444,-0.014256337940685695,27-4031
27-4032.00,0.5138023102913425,-0.5739454898102049,-0.35145375435479176,-0.6117722154492555,-0.2234926060709222,-0.7780613726458607,-0.9238685214109853,-0.14417430647866872,0.5138023102913425,0.5138023102913423,-0.5123904865380841,-0.6717877524747161,-0.5173992016516092,-0.5842352493232295,1.1855900627660585,0.6759434100177509,-1.769825312089288,-1.0513277686970333,27-4032
29-1011.00,-0.7357850346442958,0.7980220614685077,1.1030871782185774,-0.6117722154492555,1.935160688966844,1.9981733453172632,1.4449171443987978,2.9859474223368045,-0.7357850346442958,-0.7357850346442962,0.42977900807927655,0.5634770384772363,2.0910496502549276,2.3611650537229623,-1.2992620731215325,-0.7407515158852961,3.660427126844495,2.1744002967166103,29-1011
29-1021.00,-0.08429077788298006,-0.914358491255299,0.6797506381412538,-0.6117722154492555,1.102669343278832,1.3762967684935232,0.5447785913910801,2.1071435300195267,-0.08429077788298006,-0.08429077788298035,-0.28212668952110026,-0.36989222018357093,1.2827220582957404,1.4484201737238753,0.2856014423005906,0.1628306603416108,1.1628187314232847,0.6907481851207027,29-1021
29-1022.00,-0.37265708825274274,-0.914358491255299,0.7340245535357823,-0.6117722154492555,1.1655337647189041,0.8432597026446038,0.4974028780748846,1.998527318609526,-0.37265708825274274,-0.3726570882527431,-0.26403538438959073,-0.3461729718116015,1.1261809160119796,1.2716575250774271,-0.02648411644114157,-0.01509945514958727,1.2981416415185687,0.771133934014821,29-1022
29-1023.00,-0.5542210614485191,-0.5739454898102049,1.1030871782185774,-0.6117722154492555,0.6718631610571624,0.8432597026446038,1.2838397191237327,2.1565145352058908,-0.5542210614485191,-0.5542210614485196,-0.027543509013627676,-0.03611189610593376,1.2388692795078473,1.3989026269884388,-0.5181091653425858,-0.2953908665243447,1.9170117923310248,1.1387608236985138,29-1023
29-1024.00,-0.20177334877436495,-0.914358491255299,0.3758167119318928,-0.25227645353158534,0.18004151096718718,0.48790165874532365,0.3363254527998194,1.662804483342251,-0.20177334877436495,-0.20177334877436526,-0.2636060776183305,-0.34561011391598434,0.6667682764636453,0.7528993647401512,0.14383676514161908,0.08200601250732055,0.6090625995985322,0.36180091868888076,29-1024
29-1031.00,0.5138023102913425,-1.089722764727014,-1.4369320622453658,-0.43747123997402165,1.2283981861589757,0.7544201916697838,0.4974028780748846,1.1690944314786118,0.5138023102913425,0.5138023102913423,-0.9880420223154672,-1.2954075982293762,0.9123289218455639,1.030180783846941,1.8092099085207185,1.0314893430788699,-0.7790291246737775,-0.4627659836249229,29-1031
29-1041.00,0.5138023102913425,-0.3985812163384898,-0.35145375435479176,-0.6117722154492555,0.6089987396170903,0.8432597026446038,1.2838397191237327,2.324375952839528,0.5138023102913425,0.5138023102913423,-0.45393572871417903,-0.595148565347544,1.2651185285562387,1.4285426738098888,1.1089508756388864,0.6322489197258302,0.3195917981710025,0.18984683390495075,29-1041
29-1051.00,1.0478139961612734,-1.2650870381987294,0.3758167119318928,-0.6117722154492555,0.2410569788354922,0.5767411697201437,1.1227622938486674,0.5173971630186078,1.0478139961612734,1.0478139961612734,-0.500347513905364,-0.6559983853209446,0.6144894013557278,0.6938672643126395,1.703812381482218,0.9713987889562854,-1.0099451171695786,-0.5999368069196142,29-1051
29-1061.00,0.5885639463131327,-0.08911485138840444,-0.09093896046105424,-0.6117722154492555,0.9787894539704549,0.6655806806949637,0.40265145144249315,2.5909793808458925,0.5885639463131327,0.5885639463131325,-0.2639420090995714,-0.3460505488200222,1.159500241738451,1.309280939475725,0.9346144951331546,0.53285408568491,0.37466644434257035,0.2225627773801743,29-1061
29-1062.00,0.1613545976171881,0.11719605857831943,-0.09093896046105424,-0.6117722154492555,1.7183708826771842,1.3762967684935232,1.9186742775607544,2.7884634015913488,0.1613545976171881,0.16135459761718784,-0.19517170577733012,-0.2558867992586432,1.9504513325807027,2.202404675047044,0.41724139687583106,0.2378828749178456,1.785163278171213,1.0604389671566288,29-1062
29-1063.00,0.1613545976171881,0.11719605857831943,-0.09093896046105424,-0.6117722154492555,1.7183708826771842,1.3762967684935232,1.9186742775607544,2.7884634015913488,0.1613545976171881,0.16135459761718784,-0.19517170577733012,-0.2558867992586432,1.9504513325807027,2.202404675047044,0.41724139687583106,0.2378828749178456,1.785163278171213,1.0604389671566288,29-1063
29-1064.00,0.1613545976171881,0.11719605857831943,-0.09093896046105424,-0.6117722154492555,1.7183708826771842,1.3762967684935232,1.9186742775607544,2.7884634015913488,0.1613545976171881,0.16135459761718784,-0.19517170577733012,-0.2558867992586432,1.9504513325807027,2.202404675047044,0.41724139687583106,0.2378828749178456,1.785163278171213,1.0604389671566288,29-1064
29-1065.00,0.1613545976171881,0.11719605857831943,-0.09093896046105424,-0.6117722154492555,1.7183708826771842,1.3762967684935232,1.9186742775607544,2.7884634015913488,0.1613545976171881,0.16135459761718784,-0.19517170577733012,-0.2558867992586432,1.9504513325807027,2.202404675047044,0.41724139687583106,0.2378828749178456,1.785163278171213,1.0604389671566288,29-1065
29-1066.00,-0.05225007673078418,-0.7080475812885751,-2.0447999146640874,-0.6117722154492555,0.9806384075422215,1.5539757904431633,0.5921543047072759,2.7884634015913488,-0.05225007673078418,-0.052250076730784474,-1.1215399038006393,-1.4704347388950605,1.4788079760710025,1.669835871109013,1.418184662164276,0.8085531472334438,0.2516512089447371,0.1494881456280324,29-1066
29-1067.00,-0.05225007673078418,1.1487506084119379,0.7774436858514053,-0.17601977676117064,0.7328786289254674,1.7316548123928035,0.9711600112368411,2.3934953601004376,-0.05225007673078418,-0.052250076730784474,0.5833915058340575,0.7648761614702069,1.4572972031638876,1.6455464022957507,-0.8171262382009914,-0.4658702136689059,2.462672640496742,1.4628992559204914,29-1067
29-1071.00,0.5138023102913425,-0.2335324883651107,0.1912853995904953,-0.6117722154492555,1.4743090112039634,0.8432597026446038,1.2838397191237327,2.8180860047031673,0.5138023102913425,0.5138023102913423,-0.2180064347412903,-0.2858250819787459,1.604873609418867,1.8121862777098992,0.7996273922700882,0.45589355313388585,1.0125588854398109,0.601489461379161,29-1071
29-1081.00,-0.9066687741226735,0.6329733334951286,0.3758167119318928,-0.6117722154492555,1.780310827331373,1.9981733453172632,1.7575968522856893,2.9859474223368045,-0.9066687741226735,-0.906668774122674,0.13233927665925535,0.17350811064374194,2.1305071118177827,2.4057195095865387,-1.080176884766416,-0.6158439327737802,3.485896394352955,2.0707239596758775,29-1081
29-1111.00,1.6672675517703932,1.4066392458703425,0.2889784473006468,-0.43747123997402165,1.6770772780821304,2.2943047524349596,1.596519427010624,2.4922373704731653,1.6672675517703932,1.6672675517703932,0.4193821510656559,0.549845869691939,2.01503470700022,2.275330732404065,1.1174216820784542,0.6370784016607607,1.1579090503256109,0.6878316915898591,29-1111
29-1121.00,0.3322383370955661,-1.089722764727014,-1.2524007499039684,-0.6117722154492555,1.104518296850599,0.8432597026446038,0.9711600112368411,1.662804483342251,0.3322383370955661,0.3322383370955659,-0.9846319100267459,-1.2909366493528571,1.1454356235185736,1.2933994968563778,1.623174986448423,0.9254247904504908,-0.3297754895920452,-0.19589624313514478,29-1121
29-1122.00,0.3322383370955661,0.6329733334951286,-0.16692244201339423,-0.6117722154492555,1.2265492325872092,0.39906214777050397,1.2838397191237327,2.65022458706953,0.3322383370955661,0.3322383370955659,-0.048573774655840375,-0.06368437307595305,1.389918921637744,1.5694644002734448,0.3959227101715189,0.2257283990660551,1.1735416901019258,0.6971179348041547,29-1122
29-1123.00,0.8662500229654969,0.7980220614685077,0.5603480242732903,-0.43747123997402165,0.9787894539704549,0.8432597026446038,0.3363254527998194,2.8180860047031673,0.8662500229654969,0.8662500229654967,0.30696628192259207,0.4024590503457186,1.2441151535295112,1.4048261469845689,0.4637909726197781,0.26442230026511404,0.9410351743647908,0.5590022943916665,29-1123
29-1124.00,2.831413026966842,1.1487506084119379,0.5603480242732903,-0.6117722154492555,0.4869678038804798,1.0209387245942434,0.4974028780748846,2.65022458706953,2.831413026966842,2.831413026966842,0.3657754724119909,0.4795629290118855,1.1638834984047843,1.3142304118427646,2.3518500979549564,1.3408661433559428,-1.037619686112192,-0.616376306692472,29-1124
29-1125.00,-0.20177334877436495,1.489163609857032,-1.4369320622453658,-0.43747123997402165,1.4706111040604302,1.7760745678802132,0.6490051606867108,2.8180860047031673,-0.20177334877436495,-0.20177334877436526,-0.12841323078745184,-0.16836072871213922,1.6784442093326304,1.8952605028851044,-0.033412620062226034,-0.019049620144248058,1.9286731229473304,1.1456879936362103,29-1125
29-1126.00,-0.20177334877436495,0.7980220614685077,0.3758167119318928,-0.6117722154492555,0.8549095646620778,1.0209387245942434,0.9711600112368411,2.4922373704731653,-0.20177334877436495,-0.20177334877436526,0.18735551931704833,0.24563911029284508,1.334811417741582,1.5072382774352535,-0.44741245906721033,-0.2550843776142483,1.954650736502464,1.1611194524973967,29-1126
29-1127.00,0.3322383370955661,-1.089722764727014,-1.2524007499039684,-0.6117722154492555,1.104518296850599,0.8432597026446038,0.9711600112368411,1.662804483342251,0.3322383370955661,0.3322383370955659,-0.9846319100267459,-1.2909366493528571,1.1454356235185736,1.2933994968563778,1.623174986448423,0.9254247904504908,-0.3297754895920452,-0.19589624313514478,29-1127
29-1131.00,-0.5542210614485191,0.6329733334951286,-0.16692244201339423,-0.06708166708914928,0.08620711720002074,1.3318770130061135,0.9711600112368411,2.324375952839528,-0.5542210614485191,-0.5542210614485196,0.13298974146419504,0.1743609256371012,1.1784050235706258,1.3306277832510252,-0.7285819870856207,-0.4153882596478376,2.059209770336646,1.223230563117823,29-1131
29-2011.00,1.4963838122920152,-0.4914211258235153,0.1912853995904953,-0.25227645353158534,-0.4784938113515014,-0.7410446136079826,0.5732040193807977,0.5963907713167902,1.4963838122920152,1.4963838122920152,-0.18413739325486844,-0.24141987177985372,-0.012485908565474046,-0.014098800076403278,1.737803684071869,0.9907783348085751,-1.7519024841482722,-1.0406810870277985,29-2011
29-2012.00,1.2293779693570497,0.11719605857831943,0.3758167119318928,-0.6117722154492555,-0.5308811373771567,-0.5189458361709326,0.6490051606867108,0.34953574538497056,1.2293779693570497,1.2293779693570497,-0.03958648164634776,-0.05190126325970548,-0.012821516869101962,-0.014477761235058154,1.2812792326167552,0.7304989143205991,-1.2957569938518134,-0.7697173838652139,29-2012
29-2021.00,-0.020209375578588307,-0.914358491255299,1.1030871782185774,-0.43747123997402165,0.8567585182338444,1.1986177465438836,1.596519427010624,2.324375952839528,-0.020209375578588307,-0.020209375578588595,-0.08291418433691443,-0.10870758729403174,1.4940679111569701,1.6870670379742643,0.08849821171544314,0.05045570546352762,1.5985688262588211,0.9495964295116458,29-2021
29-2031.00,0.5138023102913425,0.2822447865516985,-0.16692244201339423,-0.6117722154492555,0.3630879145721027,0.5767411697201437,1.2838397191237327,1.8306659009758883,0.5138023102913425,0.5138023102913423,-0.16548329030365042,-0.21696274733029722,1.0135836760979668,1.1445153178140965,0.7307650576216395,0.4166328990799385,0.4137502601924571,0.24577970202745508,29-2031
29-2033.00,1.7633896552269805,-0.2335324883651107,0.01760887032800328,-0.6117722154492555,0.30207244670379724,-0.04513540710359583,0.3363254527998194,0.8432457972486098,1.7633896552269805,1.7633896552269805,-0.27589861116212094,-0.36172667676904824,0.3591270724121577,0.40551801011613714,2.1251163319960287,1.2115978576797954,-1.7195983218798916,-1.021491474016133,29-2033
29-2034.01,1.5818256820312042,0.6329733334951286,0.5603480242732903,-0.25227645353158534,0.7328786289254674,0.6655806806949637,0.6490051606867108,1.5048172667458863,1.5818256820312042,1.5818256820312042,0.3136816347456112,0.41126345225905403,0.888070434263257,1.0027886589738984,1.17056222977215,0.6673755542317632,-0.16777357079825173,-0.09966238624163212,29-2034
29-2034.02,-0.37265708825274274,0.2822447865516985,0.01760887032800328,-0.6117722154492555,0.6108476931888569,0.31022263679568396,1.1227622938486674,1.5048172667458863,-0.37265708825274274,-0.3726570882527431,-0.10397285285651792,-0.13631730286560098,0.8871624726447737,1.0017634096483152,-0.2363397853871421,-0.1347449894145838,1.2381031950354573,0.7354693486198861,29-2034
29-2041.00,0.3322383370955661,1.1487506084119379,0.1912853995904953,2.28598150182651,0.8567585182338444,0.48790165874532365,1.4449171443987978,2.8180860047031673,0.3322383370955661,0.3322383370955659,1.2086725032763146,1.584673029235942,1.401915831520283,1.5830110343114558,-1.2524346921403762,-0.7140537047474771,2.835445726451832,1.6843373232881824,29-2041
29-2051.00,-0.9066687741226735,-0.2335324883651107,-1.2524007499039684,-0.6117722154492555,1.1655337647189041,1.3318770130061135,1.596519427010624,2.1565145352058908,-0.9066687741226735,-0.906668774122674,-0.6992351512394448,-0.9167570886731344,1.5626111849853832,1.7644645224441724,0.010088314550460442,0.005751675855531727,1.754376207893712,1.0421505509618383,29-2051
29-2052.00,1.2293779693570497,-0.5739454898102049,0.1912853995904953,-0.6117722154492555,-0.5613888713113092,-0.4893329619776958,-0.13743168036213724,0.8432457972486098,1.2293779693570497,1.2293779693570497,-0.3314774352229884,-0.4345952687550212,-0.08622692910063312,-0.09736546028806203,1.6639732381120709,0.9486851991013096,-1.761338698400133,-1.0462864730546513,29-2052
29-2053.00,-0.7357850346442958,1.489163609857032,-0.35145375435479176,-0.6117722154492555,1.102669343278832,1.1986177465438836,-0.13743168036213724,2.4922373704731653,-0.7357850346442958,-0.7357850346442962,0.17531254668432825,0.22984974313907336,1.1640231949834359,1.3143881539985267,-0.9656347777833696,-0.5505397565527826,2.2800229317818963,1.3544000105968637,29-2053
29-2055.00,-0.5542210614485191,-0.3985812163384898,0.9185558658771799,-0.6117722154492555,-0.0048538462094953605,-0.22281442905323592,-0.6111888135240938,1.662804483342251,-0.5542210614485191,-0.5542210614485196,-0.03059918863685514,-0.040118153443457906,0.2059868486388565,0.23259560023995346,-0.5141029080050616,-0.29310676906841904,0.7466985082450152,0.4435606560717053,29-2055
29-2061.00,-0.37265708825274274,2.0049408847738412,0.5603480242732903,-0.43747123997402165,1.102669343278832,1.3762967684935232,0.6490051606867108,2.9859474223368045,-0.37265708825274274,-0.3726570882527431,0.7092725563577034,0.9299169852797855,1.5284796736989676,1.7259240068373765,-1.3025740735325286,-0.7426397949136863,3.0284980803699053,1.7990160427640618,29-2061
29-2071.00,2.4682850805752894,-1.7808643131155386,-0.35145375435479176,-0.6117722154492555,-0.25261362482624955,0.13254361484604385,-0.9238685214109853,-0.31203572411230623,2.4682850805752894,2.4682850805752894,-0.9146967609731953,-1.1992456874087831,-0.3389935638758743,-0.38278371647614146,3.6675307679840725,2.0909784347149523,-4.050314484460214,-2.406004739779654,29-2071
29-2081.00,-0.20177334877436495,-0.7493097632819199,0.1912853995904953,-0.6117722154492555,0.36493686814386933,1.1986177465438836,2.0702765601725805,1.662804483342251,-0.20177334877436495,-0.20177334877436526,-0.38993219304689336,-0.5112344558821932,1.324158914550646,1.4952097164366929,0.3094611071078279,0.17643383035642804,1.185748609328865,0.7043692002628755,29-2081
29-2091.00,-0.05225007673078418,0.7361287884784906,0.1261567011170608,-0.6117722154492555,1.3504291218955866,0.8432597026446038,0.9711600112368411,1.998527318609526,-0.05225007673078418,-0.052250076730784474,0.08350442471543196,0.10948144291337174,1.2908440385966395,1.4575913266188683,-0.16173151964415622,-0.09220839338056702,1.6193228462630245,0.9619249217043327,29-2091
29-9011.00,0.1613545976171881,-0.5017366713218517,-0.9593216067735133,-0.6117722154492555,0.4869678038804798,1.1986177465438836,-0.5448628148814201,-0.3712809303359428,0.1613545976171881,0.16135459761718784,-0.6909434978482069,-0.9058860218942919,0.19236045130175017,0.21720898653778878,1.0672406195114799,0.6084685477027255,-0.850031632973691,-0.5049435409877564,29-9011
29-9091.00,-0.6930640997747013,0.7361287884784906,-0.30803462203916876,-0.6117722154492555,1.8440997255573284,-0.4893329619776958,-0.3553599616166373,2.3934953601004376,-0.6930640997747013,-0.6930640997747017,-0.06122601633664456,-0.08027254406238417,0.8482255405158582,0.9577967236201906,-0.6127915557123176,-0.34937237313872405,1.570588279332508,0.9329751699070825,29-9091
31-1011.00,-0.9066687741226735,1.3137993363853169,0.3758167119318928,-0.25227645353158534,1.720219836248951,0.6655806806949637,0.02364574491292794,2.9859474223368045,-0.9066687741226735,-0.906668774122674,0.4791131982618748,0.6281583813469084,1.3488484210484117,1.5230885379314782,-1.5348271554695825,-0.8750548219301886,3.0579156934010605,1.8164909614790206,31-1011
31-1012.00,-0.20177334877436495,2.0049408847738412,0.5603480242732903,0.10721930838608465,1.6770772780821304,0.8136468284513668,0.6490051606867108,2.65022458706953,-0.20177334877436495,-0.20177334877436526,0.8908360724777388,1.1679622839928399,1.4474884635724345,1.6344705996998705,-1.3697356327672052,-0.7809307816526282,3.0042062324670757,1.7845859777860325,31-1012
31-1013.00,-0.26585475107875645,0.5298178785117666,-0.7422259451953989,-0.6117722154492555,1.34858016832382,0.31022263679568396,0.7816571579720584,2.5909793808458925,-0.26585475107875645,-0.2658547510787568,-0.2747267607109626,-0.36019028059951935,1.2578598359843638,1.420346325514505,0.09433552952076257,0.05378374997621473,1.3260107959937424,0.787689023259911,31-1013
31-2011.00,-0.37265708825274274,0.45760906002341356,-0.7096615959586813,0.6519098567461912,0.9806384075422215,0.13254361484604385,1.1227622938486674,2.324375952839528,-0.37265708825274274,-0.3726570882527431,0.13328577360364116,0.17474904909146596,1.1400800672691151,1.287352126217461,-0.5474061373442091,-0.31209402200775854,1.8347582635616702,1.0898998325725264,31-2011
31-2012.00,-0.37265708825274274,0.45760906002341356,-0.7096615959586813,0.6519098567461912,0.9806384075422215,0.13254361484604385,1.1227622938486674,2.324375952839528,-0.37265708825274274,-0.3726570882527431,0.13328577360364116,0.17474904909146596,1.1400800672691151,1.287352126217461,-0.5474061373442091,-0.31209402200775854,1.8347582635616702,1.0898998325725264,31-2012
31-2021.00,-0.5542210614485191,1.1487506084119379,0.3758167119318928,-0.6117722154492555,1.3504291218955866,1.1986177465438836,0.9711600112368411,2.8180860047031673,-0.5542210614485191,-0.5542210614485196,0.3042650349648584,0.3989174845471893,1.5845732210948698,1.789263547261206,-0.9531385459957089,-0.5434152488564067,2.742402093256915,1.629066695949939,31-2021
31-2022.00,-0.5542210614485191,1.1487506084119379,0.3758167119318928,-0.6117722154492555,1.3504291218955866,1.1986177465438836,0.9711600112368411,2.8180860047031673,-0.5542210614485191,-0.5542210614485196,0.3042650349648584,0.3989174845471893,1.5845732210948698,1.789263547261206,-0.9531385459957089,-0.5434152488564067,2.742402093256915,1.629066695949939,31-2022
31-9091.00,0.3322383370955661,-0.5739454898102049,0.7340245535357823,-0.6117722154492555,0.7328786289254674,0.31022263679568396,0.810082585961776,1.998527318609526,0.3322383370955661,0.3322383370955659,-0.1505643839078927,-0.19740278503532627,0.9629277925731133,1.087315862062406,0.5296411221308921,0.30196560971802405,0.5576747399315138,0.3312750337482561,31-9091
31-9092.00,1.4002617088354277,1.3137993363853169,-0.35145375435479176,-0.6117722154492555,1.1655337647189041,1.7020419381995668,1.4449171443987978,2.4922373704731653,1.4002617088354277,1.4002617088354277,0.1168577888604232,0.15321055601190126,1.7011825544476085,1.92093611793252,1.2470511528235264,0.7109843740925743,0.6738849651089933,0.40030729128297915,31-9092
31-9093.00,-0.26585475107875645,0.7361287884784906,0.34325236269517534,0.477608881270957,-0.6834198070479197,0.2213831258208639,-0.16585710835185466,-0.1737969095904871,-0.26585475107875645,-0.2658547510787568,0.518996677481541,0.6804490338273581,-0.2004226747923494,-0.2263126634203467,-0.9463037849061149,-0.5395185295242808,0.7199911214857682,0.4276956906779279,31-9093
31-9096.00,-0.5542210614485191,0.7980220614685077,-0.35145375435479176,-0.6117722154492555,0.7032953717771981,0.11033373710233894,-0.13743168036213724,1.8306659009758883,-0.5542210614485191,-0.5542210614485196,-0.05506796944517985,-0.07219881789154609,0.6267158323733221,0.7076730683245043,-0.4820222435569735,-0.2748165400898764,1.189695311881478,0.7067136564981925,31-9096
33-1012.00,1.4002617088354277,0.9733863349402228,-0.8941929083000788,2.4711762882689463,1.3689186576132544,1.8501071975608596,2.392431410722711,1.5048172667458863,1.4002617088354277,1.4002617088354277,0.85012323830303,1.1145842762318183,1.7790686331606778,2.008883282270007,0.28567743260360934,0.16287398488199278,1.7232058496663973,1.023634450564379,33-1012
33-1021.01,-0.37265708825274274,0.2822447865516985,-0.8941929083000788,1.1966004051062975,1.34858016832382,1.1986177465438836,0.6490051606867108,0.18167432775133327,-0.37265708825274274,-0.3726570882527431,0.19488409445263907,0.25550971621265195,0.844469350826437,0.9535553208257929,-0.628166804465395,-0.35813830193520807,1.581722125291188,0.9395889985989871,33-1021
33-1021.02,-0.7357850346442958,0.9733863349402228,0.01760887032800328,1.9264857399088398,0.9806384075422215,-0.4004934510028758,-0.2985091056372026,0.34953574538497056,-0.7357850346442958,-0.7357850346442962,0.9724936483923553,1.2750223501678515,0.1577928990717784,0.17817610355091087,-2.0108073848121477,-1.1464266134347618,2.188983488363059,1.3003199303430915,33-1021
33-2011.01,-0.9066687741226735,1.8295766113021261,0.7340245535357823,3.015866836629052,1.104518296850599,1.7316548123928035,0.6490051606867108,1.8306659009758883,-0.9066687741226735,-0.906668774122674,1.8598226671556535,2.43838658678368,1.3289610427265004,1.500632168854761,-3.345055360906354,-1.907124729161428,4.845687529761115,2.8784794881551443,33-2011
33-2011.02,-0.7357850346442958,1.8295766113021261,0.9185558658771799,1.3817951915487334,0.4869678038804798,-1.0223700278266155,-0.2985091056372026,0.8432457972486098,-0.7357850346442958,-0.7357850346442962,1.3766425562426798,1.8048961351092134,0.0023336169163178933,0.0026350664179184357,-2.5406811697535097,-1.4485248717793495,2.543316236171428,1.5108038999106304,33-2011
33-2021.01,-0.37265708825274274,0.7980220614685077,-1.0678694375625708,0.6519098567461912,0.4888167574522464,0.9320992136194235,0.02364574491292794,1.1690944314786118,-0.37265708825274274,-0.3726570882527431,0.12735416021737603,0.16697219661274254,0.6534140368658024,0.7378200652822803,-0.5396292848654856,-0.3076601857697851,1.277449350147766,0.7588421104277723,33-2021
33-2021.02,-0.20177334877436495,-0.05816821489339564,-0.8941929083000788,0.6519098567461912,0.8567585182338444,0.13254361484604385,0.3363254527998194,-0.31203572411230623,-0.20177334877436495,-0.20177334877436526,-0.10015042214909442,-0.13130576927667767,0.2533979654418504,0.2861311402208233,-0.07046757949768759,-0.04017585629069392,0.35659871971851087,0.21183002286214728,33-2021
33-2022.00,-0.9066687741226735,1.6645278833287471,-0.7096615959586813,0.8371046431886272,0.5461343181770182,1.3318770130061135,1.4449171443987978,1.5048172667458863,-0.9066687741226735,-0.906668774122674,0.5973236435195644,0.7831423855879711,1.2069364355819538,1.3628447958725602,-1.689811159710645,-0.9634162375787785,3.052655955583205,1.8133665240635282,33-2022
33-3011.00,-0.9066687741226735,0.45760906002341356,-0.8941929083000788,-0.06708166708914928,1.6277721576606101,1.7760745678802132,2.231353985447646,1.1690944314786118,-0.9066687741226735,-0.906668774122674,-0.16788850512193818,-0.22011618967446206,1.7010737856167704,1.9208132986765172,-0.6865525844482119,-0.391425931831545,2.607365883124729,1.5488512551819562,33-3011
33-3012.00,-0.6930640997747013,1.1487506084119379,0.34325236269517534,-0.17601977676117064,1.3504291218955866,0.5767411697201437,1.160662864501624,1.998527318609526,-0.6930640997747013,-0.6930640997747017,0.43866106478198086,0.5751221744944509,1.2715901186817202,1.435850244170278,-1.2681862742691528,-0.7230341934270629,2.7040365184394304,1.6062764273894619,33-3012
33-3021.01,0.1613545976171881,-0.2335324883651107,-1.0678694375625708,0.10721930838608465,0.4869678038804798,1.0209387245942434,1.596519427010624,0.6753843796149726,0.1613545976171881,0.16135459761718784,-0.3980608725138656,-0.5218918499072066,0.94495258377508,1.067018670724976,0.6832464475243945,0.3895409957676773,0.3837722232005816,0.22797187516154824,33-3021
33-3021.02,-0.20177334877436495,-0.914358491255299,-1.2524007499039684,-0.43747123997402165,-0.6224043391796147,-1.0223700278266155,-0.7722662387991592,-0.637884358342308,-0.20177334877436495,-0.20177334877436526,-0.8680768270444297,-1.1381229666375077,-0.7637312410369244,-0.8623877087533562,0.9363496178631424,0.5338433355207014,-1.7987373266164988,-1.0685023471787627,33-3021
33-3021.03,1.0157732950090772,0.11719605857831943,-0.09093896046105424,0.477608881270957,0.4869678038804798,0.8432597026446038,0.21314859817771076,-0.1737969095904871,1.0157732950090772,1.0157732950090772,0.16795532646274072,0.22020379816746535,0.34239479877807677,0.38662431250866736,0.7955694968416118,0.4535800151247865,-0.40894518433294447,-0.24292534705394767,33-3021
33-3021.04,0.3749592719651606,-0.08911485138840444,-1.1764172683516283,0.477608881270957,1.104518296850599,1.5539757904431633,0.40265145144249315,0.22117113190042445,0.3749592719651606,0.3749592719651604,-0.2626410794896919,-0.3443449188333035,0.82057916765917,0.9265790768065681,0.7193041907984639,0.410098686584818,0.20727488600810423,0.12312731766537102,33-3021
33-3021.05,-0.479459425426729,-0.5017366713218517,-0.09093896046105424,-0.6117722154492555,0.9806384075422215,0.7766300694134887,0.5921543047072759,-0.1737969095904871,-0.479459425426729,-0.4794594254267293,-0.4014826157440538,-0.5263780479427801,0.5439064680181248,0.6141666433514453,0.04691862251605078,0.026749830900946788,0.5672480208353945,0.3369618413574802,33-3021
33-3031.00,-0.9066687741226735,1.3137993363853169,-0.7096615959586813,2.1116805263512757,1.0106839030834327,1.7760745678802132,2.544033693334537,0.8432457972486098,-0.9066687741226735,-0.906668774122674,0.9052727555926371,1.186890010322174,1.5435094903866982,1.7428953293129594,-2.093558784444848,-1.193605874638224,3.8364541137578074,2.278965452451426,33-3031
33-3041.00,-0.7357850346442958,0.11719605857831943,-1.2524007499039684,0.8371046431886272,-1.1179238964131233,-0.4004934510028758,0.4974028780748846,-0.637884358342308,-0.7357850346442958,-0.7357850346442962,-0.09936668271234061,-0.13027821984206592,-0.4147247069208556,-0.46829757714152775,-0.6055068148022303,-0.3452191056928313,0.1372092376607026,0.0815062823935755,33-3041
33-3051.01,0.6953662834871189,1.6645278833287471,-0.5251302836172838,3.2010616230714883,1.472152206862498,2.2943047524349596,2.8661885438846677,2.8180860047031673,0.6953662834871189,0.6953662834871187,1.4468197409276506,1.8969044264673232,2.362682876971323,2.6678870305419093,-1.2015381429802043,-0.6850359286392683,3.869425173522114,2.2985512219942206,33-3051
33-3051.02,1.2293779693570497,1.1487506084119379,-0.35145375435479176,3.5605573849891585,1.1655337647189041,1.7020419381995668,2.544033693334537,2.4922373704731653,1.2293779693570497,1.2293779693570497,1.4526180796821013,1.9045065445047937,1.9759616916815432,2.231210384375603,-0.675128575147744,-0.3849127330074786,2.9063389595233473,1.7264499679834995,33-3051
33-3051.03,-0.20177334877436495,0.9733863349402228,-0.8941929083000788,1.1966004051062975,0.6108476931888569,1.0209387245942434,2.0702765601725805,1.336955849112249,-0.20177334877436495,-0.20177334877436526,0.42526461058214715,0.5575582772432714,1.2597547067669823,1.4224859699140027,-0.7593316260176367,-0.43291962773979736,2.1818175959316393,1.2960631815842245,33-3051
33-3052.00,-0.6930640997747013,1.3550615183786616,-0.5251302836172838,-0.17601977676117064,0.9787894539704549,0.31022263679568396,0.5921543047072759,0.4186551526458799,-0.6930640997747013,-0.6930640997747017,0.21797048600006907,0.285777950104318,0.5749553870298236,0.6492263668340321,-0.9788420498790198,-0.5580696514276924,1.628068416713052,0.9671200452029091,33-3052
33-9011.00,-0.5542210614485191,0.9733863349402228,-0.35145375435479176,1.5669899779911696,0.6126966467606239,0.6655806806949637,0.810082585961776,2.1565145352058908,-0.5542210614485191,-0.5542210614485196,0.7296408528588669,0.9566215640878432,1.0612186121558136,1.1983035893371585,-1.5108426255363627,-0.8613804622506639,2.7091462148735213,1.609311735854132,33-9011
33-9021.00,-0.5542210614485191,0.2822447865516985,-0.7096615959586813,0.29241409482852093,0.9787894539704549,0.6655806806949637,0.6490051606867108,0.8432457972486098,-0.5542210614485191,-0.5542210614485196,-0.04500090485948729,-0.059000035186322006,0.7841552731501849,0.8854500549181483,-0.49522102626219755,-0.28234159488751676,1.380671081180346,0.8201588242448097,33-9021
33-9032.00,0.3322383370955661,1.489163609857032,0.01760887032800328,2.656371074711382,0.3442905280847353,0.7396133103756105,1.2838397191237327,0.5173971630186078,0.3322383370955661,0.3322383370955659,1.3877145182988058,1.8194124243467915,0.7212851801506716,0.814458595439094,-1.4871740872512256,-0.8478862596750573,2.3016326826903195,1.3672368318636088,33-9032
33-9091.00,-0.9066687741226735,0.7361287884784906,0.5603480242732903,0.477608881270957,1.102669343278832,1.7316548123928035,1.7291714242959717,1.6035592771186145,-0.9066687741226735,-0.906668774122674,0.5913618980075793,0.7753260273152363,1.5417637142715552,1.7409240391744412,-1.6819948014379102,-0.9589598778042487,3.4229188406123514,2.0333134589898267,33-9091
33-9092.00,-0.9066687741226735,1.489163609857032,-0.35145375435479176,1.7412909534664038,0.9787894539704549,1.9093338343424435,1.7575968522856893,2.4922373704731653,-0.9066687741226735,-0.906668774122674,0.9596669363228814,1.258205433579468,1.7844893777679383,2.015004262099568,-2.164874207702142,-1.2342651141994334,4.17987846980171,2.4829695196831394,33-9092
35-1011.00,-0.6930640997747013,-0.2954257613551279,-0.09093896046105424,-0.6117722154492555,1.102669343278832,0.31022263679568396,0.40265145144249315,0.023687111154968556,-0.6930640997747013,-0.6930640997747017,-0.33271231242181254,-0.436214298381401,0.45980763566799443,0.5192041808485461,-0.2568498013933007,-0.14643841583077424,0.7760539822418469,0.46099866239092774,35-1011
35-1012.00,0.1613545976171881,-0.7080475812885751,-1.1764172683516283,-0.6117722154492555,1.3504291218955866,0.8432597026446038,0.40265145144249315,-0.1737969095904871,0.1613545976171881,0.16135459761718784,-0.8320790216964863,-1.0909267649435488,0.6056358415980492,0.6838700287623836,1.2522813625607365,0.7139662865730396,-0.5684113337983531,-0.3376528831305238,35-1012
35-2011.00,-0.7357850346442958,-0.3985812163384898,0.7340245535357823,-0.6117722154492555,-0.4375089820029321,0.04370410387122382,1.596519427010624,-0.47002294070867073,-0.7357850346442958,-0.7357850346442962,-0.09210962608398766,-0.12076359790815418,0.18317290204256126,0.20683461774290607,-0.6150214367361421,-0.3506437007506148,0.8218560544790481,0.48820642695272637,35-2011
35-2012.00,-0.7357850346442958,0.2822447865516985,0.5603480242732903,-0.6117722154492555,0.24290593240725883,0.13254361484604385,0.02364574491292794,-0.14417430647866872,-0.7357850346442958,-0.7357850346442962,0.07694019845857776,0.10087518085409396,0.06373024642189049,0.07196272489186264,-0.8366602154983902,-0.47700716870951043,0.9086229403902528,0.5397484836397396,35-2012
35-2014.00,-0.5542210614485191,0.9733863349402228,0.9185558658771799,-0.6117722154492555,0.2410569788354922,0.591548051014317,-0.13743168036213724,0.18167432775133327,-0.5542210614485191,-0.5542210614485196,0.426723328456049,0.559470781139712,0.21921191930975129,0.24752904512363966,-1.1136918425882316,-0.6349518989993282,1.3612208877118714,0.8086048429788296,35-2014
35-2015.00,-0.9066687741226735,-0.05816821489339564,1.1030871782185774,-0.6117722154492555,0.11902604309888173,0.8432597026446038,2.231353985447646,0.023687111154968556,-0.9066687741226735,-0.906668774122674,0.14438224929197538,0.18929747779751357,0.8043317105865251,0.9082328228823171,-1.0959662519201876,-0.6248459639236049,2.0041990748025045,1.1905526081833289,35-2015
35-2021.00,-0.9066687741226735,0.9733863349402228,1.1030871782185774,-0.25227645353158534,0.24259808163755972,1.4059096426867603,0.3363254527998194,0.023687111154968556,-0.9066687741226735,-0.906668774122674,0.6080656865424049,0.7972261227550241,0.502130072069777,0.566993700245237,-1.7038948968776981,-0.9714458336638546,2.2708885971229353,1.3489739498382454,35-2021
35-3011.00,0.5138023102913425,0.45760906002341356,0.9185558658771799,-0.6117722154492555,1.8835443765806157,1.7020419381995668,2.0702765601725805,0.34953574538497056,0.5138023102913425,0.5138023102913423,0.25479757015044596,0.33406140723626476,1.5013496550844336,1.6952894153289053,0.1797409030550775,0.102476127918333,1.515548512273828,0.9002799456405152,35-3011
35-3021.00,0.8662500229654969,1.3137993363853169,0.7340245535357823,-0.6117722154492555,1.3689186576132544,1.7020419381995668,2.0702765601725805,0.6753843796149726,0.8662500229654969,0.8662500229654967,0.4786838914906146,0.6275955234512912,1.4541553839000936,1.641998732421016,0.23865449951420548,0.13606468313453035,1.4033442329068104,0.8336273365613013,35-3021
35-3022.00,-0.9066687741226735,0.45760906002341356,0.7340245535357823,-0.25227645353158534,0.9806384075422215,1.1986177465438836,2.231353985447646,0.18167432775133327,-0.9066687741226735,-0.906668774122674,0.3131190533425368,0.4105258599221843,1.1480711168212712,1.296375435129719,-1.3171946340448584,-0.7509754514272186,2.6135700691745773,1.552536722347452,35-3022
35-3031.00,0.5138023102913425,1.6645278833287471,1.1030871782185774,-0.6117722154492555,1.6770772780821304,1.5539757904431633,2.7051111186096026,1.1690944314786118,0.5138023102913425,0.5138023102913423,0.7186142820326897,0.9421647866350279,1.776314654653377,2.0057735532354286,-0.4283624763436856,-0.24422336360332084,2.434136029579114,1.4459476781137595,35-3031
35-3041.00,-0.9066687741226735,0.11719605857831943,0.3758167119318928,-0.6117722154492555,1.102669343278832,1.1986177465438836,1.1227622938486674,-0.14417430647866872,-0.9066687741226735,-0.906668774122674,-0.03958648164634776,-0.05190126325970548,0.8199687692981786,0.9258898290507117,-0.8547675108629685,-0.48733072603283695,1.7806573399136802,1.0577623086289087,35-3041
35-9011.00,-0.9066687741226735,0.9733863349402228,0.5603480242732903,-0.43747123997402165,-0.313629092694555,0.2213831258208639,1.1227622938486674,0.18167432775133327,-0.9066687741226735,-0.906668774122674,0.36542103974649714,0.47909823747289076,0.30304766368157743,0.3421944347472072,-1.3857670115955647,-0.7900707915201586,1.727961446342772,1.0264594134623803,35-9011
35-9021.00,-0.9066687741226735,0.6329733334951286,0.7340245535357823,-0.25227645353158534,-0.6310324810222644,-0.6670119839273357,-0.9238685214109853,-0.14417430647866872,-0.9066687741226735,-0.906668774122674,0.3715738111664419,0.4871650470493565,-0.5915218232098135,-0.6679328046118986,-1.3938338211720305,-0.7946699417191393,0.7259010165601318,0.4312063404348972,35-9021
35-9031.00,-0.7357850346442958,-0.05816821489339564,-1.0678694375625708,-0.6117722154492555,1.2265492325872092,1.4651362794683433,2.231353985447646,0.8432457972486098,-0.7357850346442958,-0.7357850346442962,-0.5792699559684074,-0.7594724570812662,1.4415713236879522,1.627789101768185,0.023687422436969974,0.013504969044039465,1.6041016793312148,0.9528831053408333,35-9031
37-1011.01,-0.37265708825274274,-0.3985812163384898,-1.2524007499039684,-0.6117722154492555,0.11717708952711511,0.5767411697201437,-0.2985091056372026,-0.31203572411230623,-0.37265708825274274,-0.3726570882527431,-0.7542513938972379,-0.9888880883222377,0.020843357374437488,0.023535838581729016,0.6162310000694946,0.3513333121009926,-0.5926951614877656,-0.3520781838682529,37-1011
37-1011.02,-0.479459425426729,-0.08911485138840444,-0.9593216067735133,-0.6117722154492555,0.8549095646620778,-0.5781724729525157,-0.5448628148814201,-0.3712809303359428,-0.479459425426729,-0.4794594254267293,-0.5534028912037244,-0.7255585227715341,-0.1598516633769502,-0.18050081273733817,0.24609909734480478,0.14030909020393997,-0.426599910082143,-0.25341276821471276,37-1011
37-1012.01,-0.5542210614485191,0.11719605857831943,-0.8941929083000788,0.10721930838608465,0.4869678038804798,1.1986177465438836,-0.13743168036213724,-0.14417430647866872,-0.5542210614485191,-0.5542210614485196,-0.22325918044522494,-0.29271188086256006,0.3509948908958894,0.3963353382439491,-0.2615091805859595,-0.14909487927371473,0.6578445188299087,0.39077879913163405,37-1012
37-1012.02,-0.26585475107875645,0.3235069685450433,-0.30803462203916876,0.6954851006149997,1.4743090112039634,0.2213831258208639,-0.7343656681462027,0.22117113190042445,-0.26585475107875645,-0.2658547510787568,0.23698581570695806,0.3107086737261883,0.2956244001947622,0.3338122567690282,-0.5765634248049452,-0.3287175387966022,0.9103756815739733,0.5407896629387343,37-1012
37-2011.00,-0.9066687741226735,1.489163609857032,0.9185558658771799,2.28598150182651,-0.9391920259679256,-0.9631433910450324,-0.9238685214109853,-0.14417430647866872,-0.9066687741226735,-0.906668774122674,1.5645669925202406,2.0512811441966083,-0.742594561225653,-0.8385206572388113,-2.957949918319282,-1.6864233407841813,2.1194292610804712,1.259002694075222,37-2011
37-2012.00,-0.9066687741226735,1.3137993363853169,1.2767637074810694,-0.6117722154492555,-0.7444352749162249,-0.9335305168517957,-0.13743168036213724,0.023687111154968556,-0.9066687741226735,-0.906668774122674,0.6595969428057104,0.8647880071709861,-0.44792759024379725,-0.5057895074624615,-1.7714567812936601,-1.009965058793664,1.2656672738311987,0.7518432140282785,37-2012
37-2021.00,-0.9066687741226735,1.1487506084119379,0.3758167119318928,1.5669899779911696,-0.8701641177963688,0.39906214777050397,0.3363254527998194,-0.14417430647866872,-0.9066687741226735,-0.906668774122674,1.030519099445,1.3510986793994062,-0.06973770592617853,-0.07874620965581884,-2.25776745352208,-1.2872265713835902,2.179021243866261,1.2944020670339333,37-2021
37-3011.00,-0.9066687741226735,1.7676833383121084,0.7774436858514053,2.0027424166792547,-0.9311795856646741,0.2213831258208639,-0.16585710835185466,-0.3712809303359428,-0.9066687741226735,-0.906668774122674,1.515956480280923,1.987548605006561,-0.3117336246329019,-0.35200242158949413,-2.894217379129235,-1.650087349768279,2.542214957539741,1.5101497083366615,37-3011
37-3012.00,-0.9066687741226735,1.1487506084119379,0.01760887032800328,0.477608881270957,-1.2242387267897157,-0.9335305168517957,-0.6111888135240938,-0.8057457759759455,-0.9066687741226735,-0.906668774122674,0.547989453336966,0.718461042718299,-0.8936759582853877,-1.009118287458447,-1.625129816840973,-0.9265393027621608,0.616011529382526,0.36592878531771444,37-3012
37-3013.00,-0.9066687741226735,1.8295766113021261,0.7340245535357823,1.1966004051062975,-1.2242387267897157,-1.1112095388014356,-0.6111888135240938,-0.8057457759759455,-0.9066687741226735,-0.906668774122674,1.2534005233147354,1.6433152890820788,-0.9380957137727977,-1.0592760512107349,-2.549984063204753,-1.4538287535509242,1.490708011994018,0.8855239651750413,37-3013
39-1011.00,-0.20177334877436495,-0.914358491255299,-1.0678694375625708,-0.6117722154492555,1.2247002790154424,1.3762967684935232,2.231353985447646,0.6753843796149726,-0.20177334877436495,-0.20177334877436526,-0.8646667147557084,-1.1336520177609888,1.376933853142896,1.5548019603134484,0.9318786689866235,0.5312943023223644,0.6229232913268249,0.37003457316752586,39-1011
39-1021.00,-0.479459425426729,-0.7080475812885751,-1.6106085915078578,-0.6117722154492555,1.318072434389667,1.3762967684935232,1.5396685710311893,0.023687111154968556,-0.479459425426729,-0.4794594254267293,-0.9768094627485628,-1.2806807519193046,1.064431221267337,1.201931193475815,0.8012213264925754,0.4568023068148827,0.4007098669832397,0.238033328754381,39-1021
39-2011.00,-0.9066687741226735,1.1487506084119379,-0.35145375435479176,-0.06708166708914928,0.23874578687078374,1.3318770130061135,0.810082585961776,0.8432457972486098,-0.9066687741226735,-0.906668774122674,0.2434050623226656,0.3191248550758523,0.8059877957718208,0.9101028360907705,-1.2257936291985263,-0.6988647692992515,2.1358964652892967,1.2687846928630602,39-2011
39-2021.00,-0.6930640997747013,1.7676833383121084,0.9945393474295204,-0.17601977676117064,-0.2234926060709222,-0.04513540710359583,0.7816571579720584,0.4186551526458799,-0.6930640997747013,-0.6930640997747017,0.8620676363268194,1.1302444036422217,0.23292107436085507,0.26300910692838425,-1.8233085034169234,-1.0395274100380056,2.086317610345308,1.239333409402047,39-2021
39-3011.00,-0.020209375578588307,-0.3985812163384898,0.9185558658771799,-0.6117722154492555,1.8835443765806157,1.8501071975608596,2.7051111186096026,-0.31203572411230623,-0.020209375578588307,-0.020209375578588595,-0.03059918863685514,-0.040118153443457906,1.531681742159693,1.7295397087161777,0.01990877786486931,0.01135064101993998,1.7096309308513085,1.0155705535172388,39-3011
39-3012.00,-0.020209375578588307,-0.3985812163384898,0.9185558658771799,-0.6117722154492555,1.8835443765806157,1.8501071975608596,2.7051111186096026,-0.31203572411230623,-0.020209375578588307,-0.020209375578588595,-0.03059918863685514,-0.040118153443457906,1.531681742159693,1.7295397087161777,0.01990877786486931,0.01135064101993998,1.7096309308513085,1.0155705535172388,39-3012
39-3021.00,-0.9066687741226735,0.11719605857831943,0.7774436858514053,-0.6117722154492555,-0.9931195303188626,-0.7558514949021558,0.02364574491292794,-0.7662489718268544,-0.9066687741226735,-0.906668774122674,0.09428917632682306,0.12362117469286878,-0.6228935630337362,-0.703357049912676,-1.0302899488155428,-0.5874017699546203,0.3269328989028668,0.19420766149595184,39-3021
39-3031.00,-0.7357850346442958,-0.2335324883651107,-0.7096615959586813,-0.06708166708914928,0.8586074718056115,1.9093338343424435,1.9186742775607544,1.011107214882247,-0.7357850346442958,-0.7357850346442962,-0.3367585838043137,-0.44151930624038516,1.424430699647764,1.6084343042970861,-0.2942657284039111,-0.1677704513182526,1.9027000327009973,1.1302592217521599,39-3031
39-3091.00,-0.20177334877436495,0.9733863349402228,0.3758167119318928,1.3817951915487334,1.5738446533096728,2.146239493073667,2.231353985447646,1.1690944314786118,-0.20177334877436495,-0.20177334877436526,0.9103327461402829,1.1935240907097957,1.7801331408273993,2.010085299783927,-1.3952974394841609,-0.7955043980661819,3.405382739268088,2.022896504179668,39-3091
39-3092.00,-0.9066687741226735,-0.7493097632819199,-0.8941929083000788,-0.6117722154492555,1.102669343278832,-0.04513540710359583,-0.7722662387991592,0.34953574538497056,-0.9066687741226735,-0.906668774122674,-0.7517582956770847,-0.9856194233215831,0.15870086069026185,0.17920135287649408,0.07895064919890915,0.04501232990947907,0.10025070367758493,0.05955183705856365,39-3092
39-3093.00,-0.479459425426729,0.11719605857831943,-0.30803462203916876,0.2597326619269145,1.5963399469405741,2.0870128562920827,2.1081771308255375,2.196011339354982,-0.479459425426729,-0.4794594254267293,0.0229646994886884,0.030108685194365818,1.996885318353294,2.2548368611971648,-0.5095681106210951,-0.29052133376179506,2.76440497181826,1.6421370464895089,39-3093
39-4011.00,-0.9066687741226735,0.45760906002341356,0.7340245535357823,-0.6117722154492555,-0.2234926060709222,0.2213831258208639,0.02364574491292794,1.5048172667458863,-0.9066687741226735,-0.906668774122674,0.19328713270331344,0.25341596277156847,0.381588382852189,0.43088080399592804,-1.1600847368942424,-0.6614019951688554,1.5909655408901706,0.9450798566121692,39-4011
39-4021.00,-0.9066687741226735,1.1487506084119379,0.1912853995904953,0.29241409482852093,0.8558340414479612,1.5539757904431633,1.4449171443987978,1.998527318609526,-0.9066687741226735,-0.906668774122674,0.5441500342769847,0.7134272359461631,1.4633135737248621,1.6523399492194637,-1.620096010068837,-0.9236693659924569,3.272435959288301,1.9439222457616971,39-4021
39-5011.00,-0.9066687741226735,-0.3985812163384898,0.01760887032800328,-0.6117722154492555,1.2265492325872092,2.0870128562920827,1.7575968522856893,0.5173971630186078,-0.9066687741226735,-0.906668774122674,-0.33091485381991403,-0.43385767641815154,1.3971390260458971,1.5776171757040443,-0.47281109770452245,-0.2695649666048976,2.050428273408567,1.2180140982451864,39-5011
39-5012.00,-0.6930640997747013,0.5298178785117666,1.4287306705857494,-0.6117722154492555,1.34858016832382,2.264691878241723,2.1081771308255375,1.8010432978640698,-0.6930640997747013,-0.6930640997747017,0.4489254445494202,0.5885796542792604,1.8806231188137876,2.1235562660242184,-1.2816437540539622,-0.7307067398338423,3.4052000200781807,2.022787963660493,39-5012
39-5091.00,-0.9066687741226735,-0.2954257613551279,1.2116350090076344,-0.6117722154492555,1.2265492325872092,0.2213831258208639,-0.9238685214109853,1.011107214882247,-0.9066687741226735,-0.906668774122674,0.10147901073441701,0.13304766254586664,0.38379276296983367,0.4333699392004746,-1.0397164366685407,-0.5927761169097395,1.4730863758690154,0.8750562002145438,39-5091
39-5092.00,-0.9066687741226735,-1.089722764727014,1.1030871782185774,-0.6117722154492555,1.935160688966844,2.442370900191363,2.8661885438846677,1.011107214882247,-0.9066687741226735,-0.906668774122674,-0.19946926731923073,-0.26152127000938113,2.0637068369812805,2.330290179391625,-0.6451475041132928,-0.3678195504417183,2.975437683504918,1.7674966220273376,39-5092
39-6011.00,-0.7357850346442958,1.3137993363853169,0.7340245535357823,0.29241409482852093,0.9787894539704549,1.1986177465438836,2.0702765601725805,2.324375952839528,-0.7357850346442958,-0.7357850346442962,0.7800793282498734,1.0227507193149612,1.6430149283816118,1.8552545756944807,-1.7585357539592574,-1.0025983613561262,3.613790329653738,2.1466966812270942,39-6011
39-6021.00,-0.26585475107875645,0.942439698445214,-0.7422259451953989,1.7848661973352122,1.8422507719855619,2.0870128562920827,1.9186742775607544,1.6035592771186145,-0.26585475107875645,-0.2658547510787568,0.6616933168616758,0.8675365328606773,1.8628742957392532,2.1035147042262032,-1.1333912839394342,-0.6461831904722933,3.2369059881656375,1.9228164083623194,39-6021
39-6022.00,0.1613545976171881,0.7361287884784906,-0.09093896046105424,2.220618636023297,1.4724600576321967,2.0870128562920827,2.487182837355102,1.998527318609526,0.1613545976171881,0.16135459761718784,0.9552694880135778,1.252440002733376,2.0112957674722267,2.2711088080942305,-1.0910854051161882,-0.6220632346008133,3.362194213210419,1.9972412621490734,39-6022
39-6031.00,-0.9066687741226735,0.6329733334951286,0.5603480242732903,-0.6117722154492555,1.8440997255573284,1.3762967684935232,2.544033693334537,2.324375952839528,-0.9066687741226735,-0.906668774122674,0.19384971410638782,0.2541535551084381,2.0222015350562295,2.2834233494061658,-1.1608223292311122,-0.6618225205216266,3.4442456786372775,2.04598222176599,39-6031
39-6032.00,-0.6930640997747013,0.7361287884784906,0.34325236269517534,-0.3938959961052131,1.5963399469405741,2.0870128562920827,2.676685690619885,2.5909793808458925,-0.6930640997747013,-0.6930640997747017,0.22849505168948428,0.29957655588647125,2.2377544686746083,2.526820752248864,-0.992640655661173,-0.5659366848474214,3.519461407910037,2.0906625550661735,39-6032
39-9011.00,-0.7357850346442958,1.1487506084119379,0.3758167119318928,-0.6117722154492555,2.090010550602316,1.0209387245942434,-0.4501113882490287,2.324375952839528,-0.7357850346442958,-0.7357850346442962,0.3042650349648584,0.3989174845471893,1.2463034599467648,1.4072971321372298,-1.1347025191914855,-0.6469307682864487,2.541999651328715,1.5100218101780816,39-9011
39-9021.00,-0.5542210614485191,0.9733863349402228,0.1912853995904953,0.6519098567461912,1.8422507719855619,0.8432597026446038,0.4974028780748846,2.8180860047031673,-0.5542210614485191,-0.5542210614485196,0.6055271970923031,0.7938979459696069,1.5002498393520542,1.6940475287613088,-1.3481190074181266,-0.7686064413005823,3.0421665361794354,1.807135503509486,39-9021
39-9031.00,0.1613545976171881,1.489163609857032,-0.16692244201339423,-0.6117722154492555,1.6770772780821304,0.5175145329385606,0.810082585961776,1.1690944314786118,0.1613545976171881,0.16135459761718784,0.23682298413146072,0.31049518760376954,1.0434422071152696,1.1782308826190562,-0.1491405899865817,-0.08502989535218577,1.327371472605638,0.7884973047872068,39-9031
39-9032.00,0.6953662834871189,0.6329733334951286,-0.43829201898603776,-0.25227645353158534,1.318072434389667,1.1838108652497104,1.596519427010624,1.4159494574104314,0.6953662834871189,0.6953662834871187,-0.019198379674164823,-0.025170717785184676,1.3785880460151083,1.5566698367655971,0.7205370012723034,0.41080155188519724,0.8361328354932936,0.4966872505828077,39-9032
39-9041.00,-0.9066687741226735,-0.2335324883651107,-1.2524007499039684,0.8371046431886272,1.6254609656959011,1.3318770130061135,0.810082585961776,1.998527318609526,-0.9066687741226735,-0.906668774122674,-0.21627619836015063,-0.28355659409641004,1.441486970818329,1.6276938524526505,-0.623112180026264,-0.3552564963372647,2.2508060324789145,1.3370443216807704,39-9041
41-1011.00,0.5885639463131327,-0.914358491255299,-1.3935129299297428,-0.17601977676117064,0.9806384075422215,0.9320992136194235,0.5921543047072759,0.6161391733913358,0.5885639463131327,0.5885639463131325,-0.8279637326487376,-1.0855312690223624,0.7802577748150642,0.8810490896590459,1.6740952153354949,0.9544560671402679,-0.7930461256764489,-0.47109249036392203,41-1011
41-1012.00,0.5885639463131327,-0.914358491255299,-1.3935129299297428,-0.17601977676117064,0.9806384075422215,0.9320992136194235,0.5921543047072759,0.6161391733913358,0.5885639463131327,0.5885639463131325,-0.8279637326487376,-1.0855312690223624,0.7802577748150642,0.8810490896590459,1.6740952153354949,0.9544560671402679,-0.7930461256764489,-0.47109249036392203,41-1012
41-2011.00,1.0478139961612734,0.11719605857831943,0.7340245535357823,-0.43747123997402165,1.2672262111660797,1.9981733453172632,2.231353985447646,-0.31203572411230623,1.0478139961612734,1.0478139961612734,0.1379164573800267,0.1808202715834705,1.2961794544546708,1.4636159551921433,0.8669937245778029,0.4943012876540518,0.5966222306143405,0.35441097727682225,41-2011
41-2021.00,0.5138023102913425,-0.3985812163384898,-0.8941929083000788,-0.06708166708914928,1.5753848316349548,1.8501071975608596,2.0702765601725805,0.8432457972486098,0.5138023102913425,0.5138023102913423,-0.4532852639092393,-0.5942957503541847,1.5847535966542512,1.7894672231841116,1.1080980606455269,0.6317627021934559,0.6813691625385847,0.4047531224790828,41-2021
41-2022.00,0.6953662834871189,-0.05816821489339564,-0.7096615959586813,-0.25227645353158534,1.5738446533096728,1.9981733453172632,1.7575968522856893,1.5048172667458863,0.6953662834871189,0.6953662834871187,-0.34003542146122073,-0.4458155206756515,1.708608029414628,1.9293207930631575,1.1411818041627702,0.6506248191354825,0.7881389889003872,0.46817750823420107,41-2022
41-2031.00,0.5992441800305315,0.19972042256500896,0.01760887032800328,-0.25227645353158534,1.6778482917215565,2.2943047524349596,2.468232552028624,1.0901008231804294,0.5992441800305315,0.5992441800305313,-0.01164905354619103,-0.015272905539536717,1.8826216048413924,2.1258129103693966,0.614517085570068,0.3503561537664175,1.5112958247993287,0.8977537254520079,41-2031
41-3011.00,0.6953662834871189,-1.4301357661721081,-1.2524007499039684,-0.43747123997402165,1.4743090112039634,1.5539757904431633,1.4449171443987978,-0.31203572411230623,0.6953662834871189,0.6953662834871187,-1.0400025853500328,-1.3635323405409552,1.0402915554834047,1.1746732394379353,2.0588986240280738,1.173844991210088,-0.8842253845901386,-0.5252556250927479,41-3011
41-3021.00,0.6953662834871189,-1.4301357661721081,-1.4369320622453658,-0.6117722154492555,1.2265492325872092,1.1986177465438836,1.9186742775607544,0.6753843796149726,0.6953662834871189,0.6953662834871187,-1.1596133479555764,-1.5203522805938285,1.2548064090767048,1.4168984662503394,2.215718564080947,1.2632531335074435,-0.7988200978306078,-0.4745223979485212,41-3021
41-3031.01,0.5138023102913425,-1.4301357661721081,-1.6106085915078578,-0.25227645353158534,1.2283981861589757,1.4651362794683433,0.3363254527998194,-0.637884358342308,0.5138023102913425,0.5138023102913423,-1.0976736037371837,-1.4391439782335151,0.5979938900212076,0.6752409132350303,1.9529462885248574,1.1134381227581882,-1.277705375289827,-0.7589941968170305,41-3031
41-3031.02,0.1613545976171881,-1.6055000396438233,-1.2524007499039684,-0.06708166708914928,1.2265492325872092,1.2874572575187035,1.2838397191237327,-0.14417430647866872,0.1613545976171881,0.16135459761718784,-0.9749941522123136,-1.27830072454325,0.9134179756877441,1.0314105183362514,1.439655322160438,0.8207942679959424,-0.4082448038241865,-0.2425093006382468,41-3031
41-3041.00,1.4002617088354277,-1.4301357661721081,-1.0678694375625708,-0.25227645353158534,0.9824873611139886,1.1986177465438836,2.231353985447646,1.5048172667458863,1.4002617088354277,1.4002617088354277,-0.9167605524220881,-1.2019514945138203,1.4793190899628512,1.6704130091314213,2.602213203349248,1.4836062830700218,-0.9318001942178267,-0.5535164472826049,41-3041
41-4011.01,-0.05225007673078418,-0.7080475812885751,-0.7422259451953989,0.477608881270957,1.5944909933688076,1.9093338343424435,1.160662864501624,0.023687111154968556,-0.05225007673078418,-0.052250076730784474,-0.324221548404339,-0.4250821805416843,1.1720437008419609,1.3234447242927905,0.3728321038108998,0.21256369425538885,0.9506126204818908,0.5646915762588245,41-4011
41-4011.02,0.1613545976171881,-0.5017366713218517,-0.9593216067735133,0.2597326619269145,1.2265492325872092,2.0870128562920827,1.160662864501624,-0.3712809303359428,0.1613545976171881,0.16135459761718784,-0.40044187205615017,-0.525013543953405,1.025736005761243,1.1582374482851499,0.6863681415705929,0.3913207749551787,0.47186930671455696,0.2803041079569572,41-4011
41-4011.03,0.8021686206611052,-0.5017366713218517,-0.9593216067735133,-0.17601977676117064,1.5963399469405741,2.264691878241723,1.9186742775607544,0.4186551526458799,0.8021686206611052,0.802168620661105,-0.5456926849521785,-0.7154497829238485,1.549590313847233,1.7497616549648267,1.5176184035849536,0.8652435534349829,0.23214325137987335,0.13789985080683712,41-4011
41-4011.04,-0.05225007673078418,0.3235069685450433,-0.9593216067735133,0.6954851006149997,1.3504291218955866,1.9093338343424435,0.7816571579720584,-0.1737969095904871,-0.05225007673078418,-0.052250076730784474,0.019890154128843245,0.0260776932625544,0.9669058011549004,1.0918077376357957,-0.07832776999333887,-0.04465720623944768,1.1701355076291347,0.695094563234976,41-4011
41-4011.05,0.3749592719651606,-0.5017366713218517,-0.7422259451953989,0.9133613199590419,1.3504291218955866,1.5539757904431633,0.9711600112368411,0.22117113190042445,0.3749592719651606,0.3749592719651604,-0.11020043218606956,-0.14448219200986215,1.024184013869004,1.156484974823236,0.5194414639750226,0.29615045325592554,0.6370435108482133,0.37842239471213296,41-4011
41-4011.06,0.3749592719651606,-0.5017366713218517,-0.5251302836172838,0.2597326619269145,1.34858016832382,2.442370900191363,0.5921543047072759,0.6161391733913358,0.3749592719651606,0.3749592719651604,-0.2557114310040736,-0.33525955697764903,1.2498111366534488,1.4112579198012485,0.7102188289428094,0.4049188266426484,0.701039090858439,0.41643763264496503,41-4011
41-4012.00,1.0478139961612734,-0.5739454898102049,-1.0678694375625708,0.8371046431886272,1.473692385187779,1.9981733453172632,2.231353985447646,-0.31203572411230623,1.0478139961612734,1.0478139961612734,-0.26823676139471614,-0.351681336407989,1.3477959979600955,1.5219001660448706,1.3994953325692623,0.7978977532873055,0.12240483347560827,0.07271203523681487,41-4012
41-9011.00,-0.37265708825274274,-0.05816821489339564,-0.35145375435479176,0.8371046431886272,1.935160688966844,2.442370900191363,2.544033693334537,0.18167432775133327,-0.37265708825274274,-0.3726570882527431,0.14249422464681327,0.1868221160054557,1.7758099025610192,2.005203598810328,-0.5594792042581987,-0.3189772696626648,2.5646828030685267,1.5234962627936792,41-9011
41-9012.00,-0.9066687741226735,1.6645278833287471,-1.4369320622453658,-0.6117722154492555,1.1632225727541956,1.5539757904431633,2.544033693334537,-0.637884358342308,-0.9066687741226735,-0.906668774122674,-0.12805879812195808,-0.1678960371731444,1.155836924547397,1.3051444061652104,-0.7387727369495296,-0.42119833720329336,2.04391714311474,1.214146297261244,41-9012
41-9022.00,0.3322383370955661,-1.089722764727014,-1.7951399038492555,0.29241409482852093,1.102669343278832,1.5539757904431633,1.596519427010624,0.5173971630186078,0.3322383370955661,0.3322383370955659,-0.8641495245825829,-1.132973937208882,1.1926404309378067,1.3467020770377844,1.465212274304448,0.8353651166597534,-0.11851019726666351,-0.07039850792569118,41-9022
41-9031.00,1.7633896552269805,-0.7493097632819199,-0.16692244201339423,0.6519098567461912,1.472152206862498,1.8501071975608596,0.810082585961776,0.023687111154968556,1.7633896552269805,1.7633896552269805,-0.08810744951637432,-0.11551640212290591,1.0390072753850257,1.1732230599612719,1.8789060573498864,1.0712253816846424,-0.7056829973886145,-0.41919624834395935,41-9031
41-9041.00,0.5885639463131327,0.11719605857831943,-0.7422259451953989,1.349113758647127,1.4724600576321967,2.0870128562920827,2.487182837355102,0.22117113190042445,0.5885639463131327,0.5885639463131325,0.24136129067668247,0.3164452956447181,1.5669567207949515,1.7693714012894468,0.27211865066841434,0.15514368282836363,1.4972527506210325,0.8894117304874957,41-9041
41-9091.00,0.5885639463131327,0.11719605857831943,-0.7422259451953989,1.349113758647127,1.4724600576321967,2.0870128562920827,2.487182837355102,0.22117113190042445,0.5885639463131327,0.5885639463131325,0.24136129067668247,0.3164452956447181,1.5669567207949515,1.7693714012894468,0.27211865066841434,0.15514368282836363,1.4972527506210325,0.8894117304874957,41-9091
43-1011.01,1.0478139961612734,-0.2335324883651107,-0.7096615959586813,-0.6117722154492555,1.2687673139681468,1.5539757904431633,1.4449171443987978,0.18167432775133327,1.0478139961612734,1.0478139961612734,-0.5183220999243492,-0.6795646049534396,1.1123336441403602,1.2560215049433847,1.727378601114713,0.9848346563440834,-0.47135709617132826,-0.27999983997986516,43-1011
43-1011.02,1.9342733947053585,-0.5739454898102049,-1.0678694375625708,-0.43747123997402165,1.1670748675209721,-0.6670119839273357,-0.6111888135240938,0.6753843796149726,1.9342733947053585,1.9342733947053585,-0.693095389115599,-0.908707335396536,0.14106461242112878,0.15928690795320766,2.8429807301018943,1.6208756716772683,-2.683693822148687,-1.5941922734593874,43-1011
43-2011.00,0.8662500229654969,-1.2650870381987294,-0.35145375435479176,-0.6117722154492555,1.102669343278832,1.0209387245942434,1.1227622938486674,0.18167432775133327,0.8662500229654969,0.8662500229654967,-0.7427710026675922,-0.9738363135053357,0.857011172368269,0.9677172565459673,1.8400863364708324,1.049092997708932,-0.8723690799248651,-0.5182126348927607,43-2011
43-2021.01,2.4682850805752894,-1.7808643131155386,0.7340245535357823,-0.6117722154492555,1.8835443765806157,1.8501071975608596,1.596519427010624,1.011107214882247,2.4682850805752894,2.4682850805752894,-0.552870658343004,-0.7248607199693933,1.5853195540085865,1.790106289179886,3.1931458005446824,1.8205161538452674,-1.4030395113647967,-0.833446323092542,43-2021
43-2021.02,0.1613545976171881,-1.4301357661721081,0.9185558658771799,-0.6117722154492555,0.5479832717487848,1.3762967684935232,1.596519427010624,1.011107214882247,0.1613545976171881,0.16135459761718784,-0.37445070524806123,-0.49093690125035255,1.132976670533795,1.2793311344002063,0.6522914988675403,0.3718925739318686,0.6270396355326658,0.372479801484442,43-2021
43-3011.00,0.5885639463131327,-0.914358491255299,-1.3935129299297428,1.349113758647127,1.104518296850599,1.9093338343424435,1.5396685710311893,0.22117113190042445,0.5885639463131327,0.5885639463131325,-0.31958588751263833,-0.4190044326258103,1.193672958531164,1.3478679833901959,1.0075683789389427,0.574447464832061,0.3402996044512532,0.20214787379997065,43-3011
43-3021.01,0.3322383370955661,-0.7493097632819199,-0.35145375435479176,-0.6117722154492555,0.2410569788354922,1.7760745678802132,0.810082585961776,-0.31203572411230623,0.3322383370955661,0.3322383370955659,-0.570845244361989,-0.7484269396018882,0.6287946021412938,0.7100203672182787,1.080665276697454,0.6161223808796297,-0.37064490947917544,-0.220173868573305,43-3021
43-3021.02,1.7633896552269805,-1.2650870381987294,-0.35145375435479176,-0.6117722154492555,-0.27356874013186905,0.9617120878126605,0.6490051606867108,-0.637884358342308,1.7633896552269805,1.7633896552269805,-0.7427710026675922,-0.9738363135053357,0.17481603750629857,0.1973982389848433,2.737225968732316,1.560581446657375,-2.539827729747473,-1.5087316255173726,43-3021
43-3021.03,1.870191992400967,-0.7080475812885751,0.7774436858514053,-0.6117722154492555,-1.1770904107096616,-1.1112095388014356,-0.9238685214109853,-0.5687649510813987,1.870191992400967,1.870191992400967,-0.18079203696214177,-0.2370338235526469,-0.9452333555008703,-1.0673357116842512,2.1072258159536137,1.2013978932903557,-3.174561527637865,-1.8857819834789349,43-3021
43-3031.00,1.7633896552269805,-1.6055000396438233,-0.16692244201339423,-0.6117722154492555,-0.735807133073575,0.0733169780644608,-0.13743168036213724,-0.637884358342308,1.7633896552269805,1.7633896552269805,-0.7947315657021576,-1.0419610558169146,-0.3594515484283899,-0.4058844009525311,2.805350711043895,1.5994215753585512,-3.211235111996426,-1.9075671604398705,43-3031
43-3051.00,1.0478139961612734,-1.4301357661721081,-1.0678694375625708,-0.6117722154492555,-1.0513615678295174,-1.1112095388014356,-0.9238685214109853,-0.637884358342308,1.0478139961612734,1.0478139961612734,-1.0365924730613114,-1.359061391664436,-0.9310809965960615,-1.0513551943064332,2.4068753878257096,1.3722378486700681,-3.458230582132143,-2.0542896616507456,43-3051
43-3061.00,-0.020209375578588307,-1.089722764727014,-1.2524007499039684,-0.6117722154492555,0.23874578687078374,0.4434819032579138,-0.7722662387991592,-0.31203572411230623,-0.020209375578588307,-0.020209375578588595,-0.9846319100267459,-1.2909366493528571,-0.10051856819569198,-0.11350324964545959,1.2707272737742685,0.7244828997921737,-1.384230523419728,-0.8222732365779217,43-3061
43-3071.00,1.9342733947053585,-0.7493097632819199,0.01760887032800328,-0.43747123997402165,1.4706111040604302,1.9981733453172632,2.231353985447646,-0.14417430647866872,1.9342733947053585,1.9342733947053585,-0.3897240443093128,-0.5109615550843184,1.3889910320866676,1.5684166487858369,2.445234949789677,1.3941078810995045,-0.87681830100384,-0.5208556017649412,43-3071
43-4011.00,1.4429826437050222,-1.5332912211554701,-1.3935129299297428,-0.6117722154492555,0.2410569788354922,1.3762967684935232,0.9711600112368411,0.8136231941367913,1.4429826437050222,1.4429826437050222,-1.1795254555114896,-1.5464587566769428,0.850534238175662,0.9604036517881929,2.989441400381965,1.704377657744548,-2.029037748593772,-1.2053075036614251,43-4011
43-4021.00,0.8662500229654969,-1.4301357661721081,-0.8941929083000788,-0.6117722154492555,-0.4966754962994705,0.31022263679568396,-0.4501113882490287,0.023687111154968556,0.8662500229654969,0.8662500229654967,-0.9787002966404809,-1.2831597968741337,-0.15321928414946168,-0.17301168303012399,2.1494098198396303,1.2254483643008762,-2.3224215028697546,-1.3795859963736858,43-4021
43-4031.01,0.1613545976171881,-1.2650870381987294,0.1912853995904953,-0.6117722154492555,0.11902604309888173,0.48790165874532365,1.1227622938486674,0.18167432775133327,0.1613545976171881,0.16135459761718784,-0.5618579513524965,-0.7366438297856407,0.47784108086105154,0.5395671313805355,0.8979984274028285,0.5119780759574556,-0.35843129602229307,-0.21291862654707705,43-4031
43-4031.02,0.5138023102913425,-0.914358491255299,-0.7096615959586813,-0.6117722154492555,0.3935956485062552,1.1097782355690635,0.9711600112368411,-0.31203572411230623,0.5138023102913425,0.5138023102913423,-0.7452641008877453,-0.9771049785059902,0.5406245427999634,0.6104607690633288,1.4909072887973325,0.8500146791537696,-0.8804465197340037,-0.5230108693361936,43-4031
43-4031.03,-0.37265708825274274,-1.4301357661721081,-1.2524007499039684,-0.43747123997402165,1.935160688966844,2.442370900191363,2.0702765601725805,-0.14417430647866872,-0.37265708825274274,-0.3726570882527431,-1.0400025853500328,-1.3635323405409552,1.5759084607130298,1.7794794996131793,0.990875252288212,0.56493017103337,0.7886042473249673,0.4684538852856761,43-4031
43-4041.01,0.6953662834871189,-1.089722764727014,-1.6106085915078578,-0.6117722154492555,0.23874578687078374,1.5539757904431633,0.17524802752475419,0.023687111154968556,0.6953662834871189,0.6953662834871187,-1.1040345238947091,-1.447483688607856,0.49791417899841744,0.5622332109908985,2.1428499720949747,1.221708381997571,-1.5806167611040762,-0.9389323800861341,43-4041
43-4041.02,1.2293779693570497,-1.3269803111887464,-1.6106085915078578,-0.6117722154492555,1.2265492325872092,1.1986177465438836,-0.5448628148814201,0.023687111154968556,1.2293779693570497,1.2293779693570497,-1.1831203727152866,-1.5511720006034417,0.47599781885116027,0.5374857624173071,2.780549969960491,1.5852818671867637,-2.2430642075431844,-1.332445452244489,43-4041
43-4051.01,-0.6930640997747013,-1.9459130410889174,-1.8277042530859726,-0.6117722154492555,0.4869678038804798,1.3762967684935232,1.9186742775607544,-0.3712809303359428,-0.6930640997747013,-0.6930640997747017,-1.4617965032080484,-1.9165402427754563,0.8526644798997036,0.9628090716280213,1.2234761430007546,0.6975434951317401,-0.26066707137273326,-0.154843830431814,43-4051
43-4051.02,1.6565873180529942,-1.7396021311221939,-0.9593216067735133,-0.6117722154492555,1.5963399469405741,2.0870128562920827,2.1081771308255375,0.8136231941367913,1.6565873180529942,1.6565873180529942,-1.1035653177816542,-1.4468685192625657,1.6512882820487462,1.8645966559045546,3.10345583731556,1.7693809921283945,-1.2388591814110053,-0.7359184265395775,43-4051
43-4061.01,-0.020209375578588307,-1.2650870381987294,-1.6106085915078578,-0.6117722154492555,1.4743090112039634,2.0870128562920827,1.4449171443987978,0.8432457972486098,-0.020209375578588307,-0.020209375578588595,-1.1624892817186143,-1.524122875735028,1.4623712022858635,1.6512758451179093,1.5039135001564394,0.8574299427710905,0.14736234496146983,0.08753752376578539,43-4061
43-4061.02,0.5885639463131327,-0.7080475812885751,-2.0447999146640874,0.04185644258287207,1.2283981861589757,1.5539757904431633,1.160662864501624,2.196011339354982,0.5885639463131327,0.5885639463131325,-0.9036636844565967,-1.1847803804393953,1.5347620451146862,1.7330179157933374,1.7733443267525277,1.0110412097788146,-0.04032641095919032,-0.02395506232377032,43-4061
43-4071.00,0.3322383370955661,-1.4301357661721081,-0.16692244201339423,-0.6117722154492555,-0.8701641177963688,-0.9335305168517957,-0.7722662387991592,-0.5588907500441259,0.3322383370955661,0.3322383370955659,-0.7362768078782526,-0.9653218686897425,-0.7837129058728624,-0.8849505439878376,1.2975602057853084,0.7397812260298284,-2.182510749773146,-1.296474935149154,43-4071
43-4081.00,0.8662500229654969,-1.2650870381987294,-1.2524007499039684,-0.6117722154492555,1.3504291218955866,1.3762967684935232,1.7575968522856893,2.1565145352058908,0.8662500229654969,0.8662500229654967,-1.0430866678506512,-1.3675758364800294,1.6602093194701726,1.874670085676946,2.2338258594455263,1.2735766908307706,-0.3591557737685801,-0.21334898742352731,43-4081
43-4111.00,1.870191992400967,-1.1206694012220226,-0.9593216067735133,-0.17601977676117064,1.8422507719855619,1.3762967684935232,1.160662864501624,1.208591235627703,1.870191992400967,1.870191992400967,-0.7520035949189022,-0.9859410316079854,1.396950410152103,1.5774041949855093,2.8561330240089524,1.628374221700833,-1.2787288290234429,-0.7596021581354596,43-4111
43-4121.00,1.6565873180529942,0.3235069685450433,0.5603480242732903,2.220618636023297,0.4869678038804798,1.7316548123928035,1.7291714242959717,1.8010432978640698,1.6565873180529942,1.6565873180529942,1.0348245429472103,1.356743484074252,1.4372093346083312,1.6228636442697144,0.29984383397874215,0.1709507105175356,1.323019810290972,0.7859122906617168,43-4121
43-4131.00,2.030395498161946,-1.3476114021854186,-1.1655624852727224,-0.5246217277116385,0.29267329122172053,1.4799431607625166,1.2080385778178195,0.34953574538497056,2.030395498161946,2.030395498161946,-1.0125985383899263,-1.3276032911153406,0.8325476937967567,0.9400936605741963,3.3579987892772865,1.914504198157614,-2.41790512870309,-1.4363060503862248,43-4131
43-4141.00,2.2974013410969114,-1.3269803111887464,0.1261567011170608,-0.6117722154492555,0.9806384075422215,1.9093338343424435,1.7291714242959717,0.4186551526458799,2.2974013410969114,2.2974013410969114,-0.6041986085069804,-0.7921560527004178,1.2594497047066293,1.4221415686195948,3.089557393797329,1.7614570379719858,-1.6674158251777342,-0.9904935515386,43-4141
43-4151.00,1.2293779693570497,-1.1206694012220226,-1.3935129299297428,-0.3938959961052131,0.9787894539704549,1.1986177465438836,1.7291714242959717,1.4060752563731584,1.2293779693570497,1.2293779693570497,-0.9693594424189929,-1.2709131380689629,1.3281634702958671,1.4997315684549597,2.500291107426013,1.4254971851295628,-1.0005595389710529,-0.5943615001828497,43-4151
43-4161.00,3.00229676644522,-0.914358491255299,-0.5251302836172838,-0.6117722154492555,0.734727582497234,0.13254361484604385,0.3363254527998194,0.34953574538497056,3.00229676644522,3.00229676644522,-0.6837536634406128,-0.896459534041294,0.38828309888201695,0.4384403229831035,3.898756300486514,2.222807622417676,-3.4603159775034107,-2.055528447223282,43-4161
43-4171.00,1.6672675517703932,-0.31605685235180025,-0.8941929083000788,-0.6117722154492555,1.5753848316349548,2.146239493073667,2.392431410722711,1.011107214882247,1.6672675517703932,1.6672675517703932,-0.6073406587003781,-0.7962755492426873,1.7812907375783948,2.011392431345543,2.4635431010130806,1.4045459528729771,-0.4521506696675375,-0.2685906633888507,43-4171
43-4181.01,1.2293779693570497,-1.6055000396438233,-1.4369320622453658,-0.6117722154492555,1.104518296850599,1.4651362794683433,2.544033693334537,2.324375952839528,1.2293779693570497,1.2293779693570497,-1.2180681057794815,-1.5969914677210006,1.859516055623252,2.099722656914966,2.8263694370780503,1.6114050338877235,-0.7266467801630845,-0.4316493457300029,43-4181
43-4181.02,2.649849053771066,-0.3985812163384898,0.01760887032800328,-0.6117722154492555,1.780310827331373,1.9981733453172632,2.0702765601725805,2.65022458706953,2.649849053771066,2.649849053771066,-0.33091485381991403,-0.43385767641815154,2.124746329972687,2.3992145675479297,3.0837067301892174,1.7581213845835733,-0.6844921626412876,-0.40660827547479816,43-4181
43-5011.00,0.3322383370955661,0.11719605857831943,-0.16692244201339423,0.477608881270957,-0.4375089820029321,-0.04513540710359583,0.9711600112368411,0.34953574538497056,0.3322383370955661,0.3322383370955659,0.14262749927862742,0.18699685044670816,0.20951284187882097,0.23657707051104554,0.14524148664885772,0.08280688987256506,0.09133558386218782,0.054255996300063246,43-5011
43-5021.00,-0.9066687741226735,1.3137993363853169,0.01760887032800328,2.4711762882689463,0.7328786289254674,0.7544201916697838,0.4974028780748846,-0.8057457759759455,-0.9066687741226735,-0.906668774122674,1.2675281649940888,1.6618378356571812,0.29473898067354753,0.33281246145994914,-2.5685066097798552,-1.464389059079276,2.9013190712398043,1.7234680081752654,43-5021
43-5031.00,2.0837966667489387,-1.1206694012220226,0.5603480242732903,-0.6117722154492555,0.9806384075422215,1.7316548123928035,1.3501657177664064,2.3934953601004376,2.0837966667489387,2.0837966667489387,-0.3906978641326626,-0.5122383161632829,1.6139885744504672,1.8224786860684943,2.5960349829122213,1.4800838788923907,-0.7735562968437273,-0.45951496453748686,43-5031
43-5032.00,0.1613545976171881,-1.1206694012220226,-0.7422259451953989,-0.3938959961052131,1.2265492325872092,1.9093338343424435,1.160662864501624,0.4186551526458799,0.1613545976171881,0.16135459761718784,-0.7522637808408782,-0.9862821576053292,1.1788002710192893,1.3310740875572111,1.147636755222517,0.6543049964310339,0.18343733233469406,0.10896711668763873,43-5032
43-5041.00,-0.5542210614485191,1.489163609857032,-0.8941929083000788,1.5669899779911696,-1.2399548321497338,-1.0223700278266155,-0.6111888135240938,-0.8057457759759455,-0.5542210614485191,-0.5542210614485196,0.7206535598493743,0.9448384542715956,-0.9198148623690972,-1.0386337352898969,-1.4990595157201152,-0.8546625285567648,0.4604257804302183,0.27350632013441945,43-5041
43-5051.00,0.5885639463131327,-0.08911485138840444,1.4287306705857494,-0.6117722154492555,0.8586074718056115,1.7316548123928035,1.7291714242959717,1.6035592771186145,0.5885639463131327,0.5885639463131325,0.24261453458269652,0.3180884055951236,1.4807482464032504,1.672026779633218,0.2704755407180089,0.15420689246735136,1.4015512389152092,0.8325622459223545,43-5051
43-5052.00,-0.7357850346442958,1.6645278833287471,0.5603480242732903,2.8306720501866165,-0.5613888713113092,0.5767411697201437,0.4974028780748846,-0.14417430647866872,-0.7357850346442958,-0.7357850346442962,1.6851826525962181,2.2094185907818362,0.09214521750126259,0.10404825509770092,-2.9452036254261325,-1.679156265128048,3.0492518805238333,1.8113444043592837,43-5052
43-5061.00,0.6953662834871189,-1.4301357661721081,-0.35145375435479176,-0.6117722154492555,0.3630879145721027,0.13254361484604385,-0.2985091056372026,-0.14417430647866872,0.6953662834871189,0.6953662834871187,-0.797787245325385,-1.0459673131544387,0.013237029325568812,0.014946948320824912,1.7413335966415575,0.9927908526377589,-1.7263866483207324,-1.0255239375827272,43-5061
43-5071.00,-0.20177334877436495,0.11719605857831943,0.9185558658771799,-0.25227645353158534,-0.25261362482624955,-0.5781724729525157,-0.13743168036213724,-0.637884358342308,-0.20177334877436495,-0.20177334877436526,0.26115849030797134,0.3424011176106054,-0.40152553412080266,-0.45339337553649356,-0.5441744663849706,-0.3102515414094086,0.09078109084847708,0.05392661130433481,43-5071
43-5081.01,0.6953662834871189,1.1487506084119379,1.2767637074810694,0.8371046431886272,0.6509080457515428,1.8501071975608596,1.9186742775607544,0.6753843796149726,0.6953662834871189,0.6953662834871187,1.0875396530272117,1.4258575020986075,1.2737684751220324,1.4383099940383839,-0.7304912186114888,-0.4164767745642816,2.1688012126498726,1.2883310709071711,43-5081
43-5081.02,-0.7357850346442958,-0.05816821489339564,0.3758167119318928,-0.6117722154492555,-0.6242532927513812,-0.5781724729525157,-0.7722662387991592,-0.8057457759759455,-0.7357850346442958,-0.7357850346442962,-0.09804123947025278,-0.12854045038687756,-0.6951094451197505,-0.7849015589512285,-0.6072445842574187,-0.3462098645126414,-0.1776569746938098,-0.10553341593799373,43-5081
43-5081.03,0.5885639463131327,0.7361287884784906,0.5603480242732903,1.349113758647127,-0.12873373551787246,-0.5781724729525157,-0.5448628148814201,0.22117113190042445,0.5885639463131327,0.5885639463131325,0.8818635237996361,1.1561985052561232,-0.257649472862846,-0.2909318443776444,-0.5676345589429908,-0.3236269023043904,0.27670271456534634,0.16436946940993996,43-5081
43-5081.04,-0.020209375578588307,-0.05816821489339564,-0.16692244201339423,-0.6117722154492555,-0.1305826890896395,-0.22281442905323592,-0.2985091056372026,-0.8057457759759455,-0.020209375578588307,-0.020209375578588595,-0.27895429078534845,-0.3657329341065724,-0.3644129999390059,-0.4114867576068455,0.34552355852798383,0.19699420544060214,-0.7570103161348294,-0.44968617021481183,43-5081
43-5111.00,-0.20177334877436495,0.7980220614685077,-0.35145375435479176,0.29241409482852093,-0.4985244498712371,-0.04513540710359583,0.4974028780748846,-0.31203572411230623,-0.20177334877436495,-0.20177334877436526,0.24632746731407895,0.322956377972124,-0.08957317575306366,-0.10114396485675708,-0.5247297267464892,-0.2991654636571392,0.4235857618897322,0.25162227642323276,43-5111
43-6011.00,1.9342733947053585,-0.7493097632819199,-0.5251302836172838,-0.6117722154492555,0.8567585182338444,0.13254361484604385,0.02364574491292794,0.8432457972486098,1.9342733947053585,1.9342733947053585,-0.6287374207828197,-0.8243285343921907,0.4640484188103565,0.523992775397194,2.758601929097549,1.5727685760838561,-2.2346091537003554,-1.3274229040697763,43-6011
43-6012.00,1.4002617088354277,-1.4301357661721081,-0.16692244201339423,-0.25227645353158534,0.9806384075422215,0.39906214777050397,0.3363254527998194,0.023687111154968556,1.4002617088354277,1.4002617088354277,-0.6164448872390292,-0.8082119715391267,0.43492827981687837,0.4911109858411338,2.2084736803745546,1.2591225899481835,-1.7173626945334206,-1.02016344627591,43-6012
43-6013.00,1.7633896552269805,-1.2650870381987294,-0.35145375435479176,-0.6117722154492555,0.3630879145721027,1.0209387245942434,0.3363254527998194,0.6753843796149726,1.7633896552269805,1.7633896552269805,-0.7427710026675922,-0.9738363135053357,0.5989341178952845,0.6763025968724973,2.737225968732316,1.560581446657375,-2.060923371859819,-1.2242484923187942,43-6013
43-6014.00,2.649849053771066,-0.914358491255299,0.01760887032800328,-0.6117722154492555,0.8558340414479612,0.9617120878126605,1.9186742775607544,1.1690944314786118,2.649849053771066,2.649849053771066,-0.502840612125517,-0.6592670503215988,1.226328709574997,1.3847421045562693,3.3091161040926647,1.8866345913245166,-1.9243739995363955,-1.1431341891493507,43-6014
43-9011.00,3.1838607396409966,-0.7493097632819199,0.5603480242732903,-0.6117722154492555,-0.4784938113515014,-0.5929793542466889,-0.6111888135240938,0.34953574538497056,3.1838607396409966,3.1838607396409966,-0.26691131815262836,-0.3499435669528007,-0.3332815584343284,-0.3763338516278298,3.5338043065937974,2.0147366348209315,-3.910138158221627,-2.3227359203758966,43-9011
43-9021.00,2.2974013410969114,-1.6055000396438233,0.3758167119318928,-0.6117722154492555,-1.2242387267897157,-1.1112095388014356,-0.9238685214109853,-0.8057457759759455,2.2974013410969114,2.2974013410969114,-0.613818514387062,-0.8047685720972197,-1.0162656407445205,-1.147543730457474,3.102169913194131,1.7686478450120677,-4.249713643651605,-2.524453646392519,43-9021
43-9022.00,2.649849053771066,-0.5739454898102049,0.9185558658771799,-0.6117722154492555,-0.4784938113515014,0.0733169780644608,0.02364574491292794,-0.31203572411230623,2.649849053771066,2.649849053771066,-0.08905394646076019,-0.11675734057063002,-0.17339170312160473,-0.19578991343717123,2.766606394341696,1.5773321817536559,-2.9623963077788673,-1.759749665110656,43-9022
43-9031.00,3.365424712836773,-1.2650870381987294,1.1030871782185774,-0.6117722154492555,-0.9931195303188626,-0.8891107613643856,-0.9238685214109853,-0.637884358342308,3.365424712836773,3.365424712836773,-0.25792402514313584,-0.33816045713655324,-0.8609957928591353,-0.9722165981346448,3.7035851699733264,2.111534220557074,-4.675801768107971,-2.777562399043479,43-9031
43-9041.01,1.4002617088354277,-1.089722764727014,-0.7096615959586813,-0.43747123997402165,0.7572228761281354,0.8876794581320137,0.9711600112368411,0.34953574538497056,1.4002617088354277,1.4002617088354277,-0.7456185335532389,-0.9775696700449849,0.7413995227204901,0.8371712473116489,2.3778313788804124,1.3556789156428568,-1.5406601315687636,-0.9151969786953471,43-9041
43-9041.02,1.2293779693570497,-1.3269803111887464,-1.6106085915078578,-0.6117722154492555,0.3630879145721027,1.3762967684935232,0.40265145144249315,0.6161391733913358,1.2293779693570497,1.2293779693570497,-1.1831203727152866,-1.5511720006034417,0.6895438269748637,0.7786169912631918,2.780549969960491,1.5852818671867637,-2.0019329786972997,-1.1892064811132366,43-9041
43-9051.01,-0.479459425426729,0.3235069685450433,1.2116350090076344,-0.6117722154492555,-1.1142259892695896,-0.9335305168517957,-0.9238685214109853,-0.7662489718268544,-0.479459425426729,-0.4794594254267293,0.30778992070114075,0.4035389112300036,-0.9344684998398063,-1.0551802848668261,-0.8829983366567329,-0.5034260369281843,-0.1721819482100932,-0.10228109078626002,43-9051
43-9051.02,-0.7357850346442958,0.9733863349402228,0.9185558658771799,-0.43747123997402165,-0.4375089820029321,0.13254361484604385,0.4974028780748846,-0.637884358342308,-0.7357850346442958,-0.7357850346442962,0.4848236536144603,0.6356452767278894,-0.11136171185607793,-0.12574707746670702,-1.3714303113721855,-0.7818969729788797,1.2456832339054786,0.7399721124222914,43-9051
43-9061.00,1.8488315249661695,-0.7493097632819199,-0.35145375435479176,-0.6117722154492555,0.447523152857192,0.6655806806949637,0.8858837272676892,0.2705421370867882,1.8488315249661695,1.8488315249661695,-0.570845244361989,-0.7484269396018882,0.5673824244766583,0.6406751521215998,2.597258464568058,1.4807814255305691,-1.956583312446458,-1.162267458880376,43-9061
43-9071.01,-0.479459425426729,0.11719605857831943,0.5603480242732903,-0.6117722154492555,-0.43566002843116547,0.5767411697201437,0.21314859817771076,-0.1737969095904871,-0.479459425426729,-0.4794594254267293,0.02192395580078473,0.028744181204990737,0.04510820746905046,0.05093514785697345,-0.50820360663172,-0.28974338570999614,0.5591387544886935,0.33214470102401833,43-9071
43-9081.00,0.5138023102913425,-1.9459130410889174,-0.8941929083000788,-0.43747123997402165,-0.6852687606196864,-0.8446910058769757,-0.9238685214109853,-0.637884358342308,0.5138023102913425,0.5138023102913423,-1.0925257297876725,-1.4323946751894037,-0.7729281615624888,-0.8727726593661658,1.946196985480746,1.1095901258339933,-2.818969644846912,-1.6745500510685742,43-9081
43-9111.00,2.2974013410969114,-1.1206694012220226,-0.5251302836172838,-0.6117722154492555,-1.1142259892695896,-0.9335305168517957,-0.9238685214109853,-0.5687649510813987,2.2974013410969114,2.2974013410969114,-0.7525239667628539,-0.9866232836026728,-0.8850974946534423,-0.999431684110739,3.284024624699584,1.8723291237974193,-4.283456308810323,-2.544497772007001,43-9111
45-1011.01,-0.6930640997747013,0.11719605857831943,-1.1764172683516283,1.349113758647127,0.9787894539704549,-0.4893329619776958,-0.9238685214109853,-0.1737969095904871,-0.6930640997747013,-0.6930640997747017,0.096630849624606,0.1266913086689623,-0.15205223475217833,-0.17169387775826067,-0.819755408443664,-0.46736918903582414,0.6480615306854034,0.3849674193152777,45-1011
45-1011.02,0.1613545976171881,0.3235069685450433,-0.09093896046105424,-0.17601977676117064,0.734727582497234,-0.13397491807841588,-0.9238685214109853,0.023687111154968556,0.1613545976171881,0.16135459761718784,0.018849410440939473,0.024713189273179188,-0.07485718645929965,-0.084527009038821,0.13664140834400865,0.07790370584769489,-0.22116841738282966,-0.13138047985021348,45-1011
45-1011.03,-0.479459425426729,0.3235069685450433,-0.9593216067735133,-0.3938959961052131,0.9806384075422215,0.48790165874532365,0.5921543047072759,0.4186551526458799,-0.479459425426729,-0.4794594254267293,-0.34323687811122766,-0.4500129041635542,0.6198373809101753,0.6999060795222385,-0.029446521263175096,-0.016788418375701532,0.7293526007854136,0.4332566819670519,45-1011
45-1011.04,-0.26585475107875645,0.5298178785117666,-0.30803462203916876,1.349113758647127,1.4743090112039634,-0.31165394002805596,-0.5448628148814201,-0.5687649510813987,-0.26585475107875645,-0.2658547510787568,0.5236323383732416,0.6865267817432321,0.012256826303272156,0.013840125667657239,-0.9523815328219889,-0.5429836510536393,0.9662216584896461,0.5739637993353655,45-1011
45-1011.05,-0.479459425426729,0.942439698445214,-0.30803462203916876,1.349113758647127,0.9806384075422215,-0.6670119839273357,-0.9238685214109853,-0.1737969095904871,-0.479459425426729,-0.4794594254267293,0.6611729450177241,0.86685428086599,-0.19600975184664665,-0.22132969257463042,-1.3463137062927193,-0.7675771804817376,1.1249840137180889,0.6682732611422852,45-1011
45-1011.06,-0.479459425426729,-0.08911485138840444,-1.1764172683516283,-0.6117722154492555,0.9787894539704549,-0.4004934510028758,-0.9238685214109853,-0.5687649510813987,-0.479459425426729,-0.4794594254267293,-0.6257681117297628,-0.8204355162594121,-0.22858436738120122,-0.258112197394291,0.3409760908326828,0.19440154637787696,-0.5990882882269739,-0.35587588730475467,45-1011
45-2011.00,-0.05225007673078418,-0.5017366713218517,-0.9593216067735133,-0.17601977676117064,-0.25261362482624955,1.1986177465438836,0.5921543047072759,-0.5687649510813987,-0.05225007673078418,-0.052250076730784474,-0.5456926849521785,-0.7154497829238485,0.24234836883587782,0.2736541904934089,0.663199706193064,0.3781116972936085,-0.3895455156996552,-0.23140137901123672,45-2011
45-2021.00,-0.9066687741226735,0.11719605857831943,0.01760887032800328,-0.43747123997402165,-0.8072996963562967,-0.7558514949021558,-0.4501113882490287,-0.96373299257231,-0.9066687741226735,-0.906668774122674,-0.10088877035589965,-0.13227380692652688,-0.7442488930199478,-0.8403886905585727,-0.7743949671961471,-0.4415077278953502,-0.0659937233624256,-0.03920219326546048,45-2021
45-2041.00,-0.9066687741226735,-0.2335324883651107,1.1030871782185774,-0.6117722154492555,-1.1770904107096616,-0.9335305168517957,-0.9238685214109853,-0.96373299257231,-0.9066687741226735,-0.906668774122674,0.0859274914680704,0.11265829067034155,-0.9995556103861881,-1.1286751494441376,-1.0193270647930155,-0.5811514736316842,-0.10934808465112211,-0.06495594625203255,45-2041
45-2091.00,-0.9066687741226735,1.8295766113021261,0.7340245535357823,3.5605573849891585,-0.4375089820029321,-0.9335305168517957,-0.7722662387991592,-0.637884358342308,-0.9066687741226735,-0.906668774122674,2.041386183275689,2.6764318854967346,-0.6952975239990488,-0.7851139332853762,-3.583100659619409,-2.042842087128645,2.797986726334033,1.662085586496726,45-2091
45-2092.01,-0.9066687741226735,1.8295766113021261,0.9185558658771799,-0.25227645353158534,-1.1770904107096616,-0.22281442905323592,0.6490051606867108,-0.14417430647866872,-0.9066687741226735,-0.906668774122674,0.8319520078825735,1.0907602389700506,-0.22376849638871385,-0.2526742269045357,-1.9974290130927246,-1.1387991691059742,1.744754786188189,1.0364351463146873,45-2092
45-2092.02,-0.7357850346442958,2.1803051582455564,1.461295019822467,3.2010616230714883,-0.735807133073575,-0.8891107613643856,-0.9238685214109853,-0.14417430647866872,-0.7357850346442958,-0.7357850346442962,2.280887267046504,2.990438290784854,-0.6732401805819036,-0.7602072896539445,-3.7262233254291504,-2.1244409684085372,2.9660160357752057,1.7618998889387851,45-2092
45-2093.00,-0.9066687741226735,2.1803051582455564,1.4287306705857494,1.349113758647127,-1.1142259892695896,-0.8446910058769757,-0.9238685214109853,-0.96373299257231,-0.9066687741226735,-0.906668774122674,1.6527165291594776,2.1668527261372876,-0.9616296272824651,-1.0858500037467693,-3.073521500259962,-1.7523144541221847,1.9876714965131923,1.1807347454337245,45-2093
45-3011.00,-0.9066687741226735,1.489163609857032,0.7340245535357823,3.2010616230714883,-0.3783424677063937,-0.31165394002805596,0.6490051606867108,-0.14417430647866872,-0.9066687741226735,-0.906668774122674,1.8080832621547678,2.3705518015698437,-0.046291388381601885,-0.05227116846394817,-3.2772205756925175,-1.8684499144212592,3.2249494072285696,1.9157138511370677,45-3011
45-3021.00,-0.9066687741226735,1.3137993363853169,0.01760887032800328,0.477608881270957,-1.2242387267897157,-0.8446910058769757,-0.7722662387991592,-0.96373299257231,-0.9066687741226735,-0.906668774122674,0.6030056959947591,0.7905920423674023,-0.9512322410095402,-1.0741095148900381,-1.6972608164900764,-0.9676635289192629,0.6231513016000382,0.37017001790895876,45-3021
45-4011.00,-0.9066687741226735,2.0049408847738412,1.461295019822467,0.10721930838608465,-0.6834198070479197,-1.0223700278266155,-0.7722662387991592,-0.31203572411230623,-0.9066687741226735,-0.906668774122674,1.1911517376607976,1.5617018069675335,-0.6975229494465002,-0.7876268323911183,-2.4683705810902072,-1.4072982560911003,1.680743748699089,0.998410726189317,45-4011
45-4021.00,-0.9066687741226735,1.8295766113021261,1.461295019822467,2.1116805263512757,-0.6852687606196864,-1.1112095388014356,-0.7722662387991592,-0.31203572411230623,-0.9066687741226735,-0.906668774122674,1.800850719158623,2.361069319104401,-0.7201950655831469,-0.8132276632031807,-3.2677380932270754,-1.8630436431185373,2.4545104300238947,1.4580506652344853,45-4021
45-4022.01,-0.9066687741226735,1.1487506084119379,0.3758167119318928,2.8306720501866165,-1.055059474973051,-1.1112095388014356,-0.9238685214109853,-0.637884358342308,-0.9066687741226735,-0.906668774122674,1.4517464568434824,1.9033637724136925,-0.932005473381945,-1.05239909217827,-2.8100325465363665,-1.602090841867533,1.7576334543580965,1.0440854502053434,45-4022
45-4023.00,-0.9066687741226735,0.5298178785117666,0.1261567011170608,0.6954851006149997,-1.1770904107096616,-0.8446910058769757,-0.9238685214109853,-0.7662489718268544,-0.9066687741226735,-0.906668774122674,0.45048656008127574,0.5906264102633231,-0.9279747274561192,-1.0478476668119063,-1.497295184385997,-0.8536566259468841,0.44944751757409074,0.26698491233565935,45-4023
47-1011.01,-0.26585475107875645,0.5298178785117666,-0.09093896046105424,0.04185644258287207,1.34858016832382,-0.04513540710359583,-0.9238685214109853,-0.1737969095904871,-0.26585475107875645,-0.2658547510787568,0.16024512021119483,0.2100950583197798,0.05144483255468796,0.05809031880613168,-0.4759498093985366,-0.27135444810625625,0.5340401282046683,0.3172353861959944,47-1011
47-1011.02,-0.479459425426729,-0.2954257613551279,-0.5251302836172838,-0.3938959961052131,0.9787894539704549,-0.9335305168517957,-0.16585710835185466,0.023687111154968556,-0.479459425426729,-0.4794594254267293,-0.4048173470258749,-0.5307501658719352,-0.024227765019556716,-0.027357433663526103,0.05129074044520593,0.029242517365556622,-0.07864817410873198,-0.04671930547779255,47-1011
47-2011.00,-0.9066687741226735,1.489163609857032,1.2767637074810694,-0.25227645353158534,-1.1456581999896256,-0.8891107613643856,-0.9238685214109853,-0.637884358342308,-0.9066687741226735,-0.906668774122674,0.8378836212688386,1.098537091448774,-0.8991304602768261,-1.0152773853479096,-2.005205865571448,-1.1432330053439477,0.9899284802235384,0.5880463417344053,47-2011
47-2021.00,-0.9066687741226735,1.6645278833287471,1.1030871782185774,-0.6117722154492555,-1.3028192535898055,-0.7558514949021558,-0.6111888135240938,-0.637884358342308,-0.9066687741226735,-0.906668774122674,0.7186142820326897,0.9421647866350279,-0.8269359800895907,-0.9337570428400148,-1.848833560757702,-1.0540800744383558,0.9150765179176871,0.543582096604638,47-2021
47-2022.00,-0.9066687741226735,1.7676833383121084,1.2116350090076344,1.1312375393030847,-1.1770904107096616,-0.8446910058769757,-0.9238685214109853,-0.5687649510813987,-0.9066687741226735,-0.906668774122674,1.3701852955409424,1.7964301140414294,-0.8786037222697552,-0.9920990660558192,-2.7030988881641034,-1.541124489368606,1.7109998221082843,1.0163837147829042,47-2022
47-2031.01,-0.9066687741226735,1.7676833383121084,0.9945393474295204,-0.6117722154492555,-0.6224043391796147,-0.22281442905323592,-0.9238685214109853,-0.7662489718268544,-0.9066687741226735,-0.906668774122674,0.7168168234307911,0.9398081646717782,-0.6338340653676726,-0.7157108129033902,-1.8464769387944522,-1.0527364876995757,1.130766125891062,0.671708004135079,47-2031
47-2031.02,-0.9066687741226735,1.7676833383121084,0.34325236269517534,-0.6117722154492555,-1.2399548321497338,-0.8446910058769757,-0.9238685214109853,-0.7662489718268544,-0.9066687741226735,-0.906668774122674,0.49972116185267607,0.6551771842081441,-0.9436908328161373,-1.0655939306331308,-1.5618459583308182,-0.8904591191777649,0.4962520276976873,0.2947881541907041,47-2031
47-2031.03,-0.9066687741226735,1.9739942482788324,1.2116350090076344,-0.3938959961052131,-0.7444352749162249,-0.8446910058769757,-0.9238685214109853,-0.1737969095904871,-0.9066687741226735,-0.906668774122674,0.9305777537270846,1.2200670272062566,-0.6716979279486682,-0.7584658135387485,-2.1267358013289304,-1.2125211697567766,1.368269987790182,0.8127922136792203,47-2031
47-2031.04,-0.9066687741226735,1.5613724283453856,1.2116350090076344,-0.6117722154492555,-1.2242387267897157,-0.9335305168517957,-0.9238685214109853,-0.7662489718268544,-0.9066687741226735,-0.906668774122674,0.7204117406345882,0.9445214085982774,-0.9619716842198378,-1.0862362465539688,-1.8511901827209514,-1.0554236611771355,0.7649539361669826,0.45440491181418574,47-2031
47-2031.05,-0.9066687741226735,1.3550615183786616,0.7774436858514053,-0.3938959961052131,-0.9921950535329793,-0.22281442905323592,-0.9238685214109853,-0.7662489718268544,-0.9066687741226735,-0.906668774122674,0.5795364027082845,0.7598217915463641,-0.7262817439560136,-0.8201006000870621,-1.666490565669038,-0.9501204093197709,0.846389965581976,0.5027802845199478,47-2031
47-2031.06,-0.9066687741226735,1.489163609857032,0.3758167119318928,-0.43747123997402165,-1.3028192535898055,-1.1112095388014356,-0.9238685214109853,-0.8057457759759455,-0.9066687741226735,-0.906668774122674,0.47583636060496776,0.623862166911642,-1.0359107724445429,-1.1697265602340041,-1.530530941034316,-0.8726054105132556,0.36080438080031185,0.21432830800408942,47-2031
47-2041.00,-0.9066687741226735,1.1487506084119379,1.1030871782185774,0.10721930838608465,-1.1142259892695896,-0.6670119839273357,-0.13743168036213724,-0.8057457759759455,-0.9066687741226735,-0.906668774122674,0.7863523650055334,1.0309752070328122,-0.681103857383752,-0.7690867721932676,-1.9376439811554862,-1.1047137802141385,1.1685572089622185,0.6941570078703351,47-2041
47-2042.00,-0.7357850346442958,1.3137993363853169,0.3758167119318928,-0.43747123997402165,-1.2399548321497338,-0.7558514949021558,-0.7722662387991592,-0.8057457759759455,-0.7357850346442958,-0.7357850346442962,0.4173816027810627,0.5472229797844698,-0.8934545854567486,-1.0088683183643306,-1.2830080144287659,-0.7314845489930599,0.27413969606443545,0.16284696179108865,47-2042
47-2043.00,-0.9066687741226735,1.7676833383121084,0.9945393474295204,0.2597326619269145,-1.3028192535898055,-1.0223700278266155,-0.7343656681462027,-0.96373299257231,-0.9066687741226735,-0.906668774122674,1.0073184492228477,1.320680642612665,-1.0058219855337334,-1.135750995782888,-2.227349416735339,-1.2698842604471225,1.091598420952451,0.6484412469264352,47-2043
47-2044.00,-0.9066687741226735,1.8295766113021261,1.2767637074810694,-0.6117722154492555,-0.9931195303188626,-0.5559625952088108,-0.9238685214109853,-0.96373299257231,-0.9066687741226735,-0.906668774122674,0.8315227011113134,1.0901973810744336,-0.8591709098777421,-0.9701559823466485,-1.9968661551971076,-1.1384782655346073,1.0267101728504593,0.6098957381546154,47-2044
47-2051.00,-0.7357850346442958,1.8295766113021261,1.1030871782185774,0.477608881270957,-0.8054507427845299,-0.4893329619776958,-0.4501113882490287,-0.8057457759759455,-0.7357850346442958,-0.7357850346442962,1.1367575569305537,1.4903863837102398,-0.6376602172468,-0.7200312153893526,-2.226171418354536,-1.2692126453016161,1.5061402029651836,0.8946911359624617,47-2051
47-2053.00,-0.7357850346442958,1.8295766113021261,1.1030871782185774,0.477608881270957,-0.8054507427845299,-0.4893329619776958,-0.4501113882490287,-0.8057457759759455,-0.7357850346442958,-0.7357850346442962,1.1367575569305537,1.4903863837102398,-0.6376602172468,-0.7200312153893526,-2.226171418354536,-1.2692126453016161,1.5061402029651836,0.8946911359624617,47-2053
47-2061.00,-0.6930640997747013,1.9739942482788324,1.2116350090076344,0.6954851006149997,-0.37372008377697674,-1.1112095388014356,-0.7343656681462027,0.023687111154968556,-0.6930640997747013,-0.6930640997747017,1.2937047859671555,1.6961576246323653,-0.5489020448924116,-0.6198075335796204,-2.389221724407067,-1.3621729216558665,1.7694141908274468,1.051083550696577,47-2061
47-2071.00,-0.6930640997747013,0.942439698445214,0.9945393474295204,3.3099997327435093,-0.8072996963562967,-1.1112095388014356,-0.9238685214109853,-0.7662489718268544,-0.6930640997747013,-0.6930640997747017,1.7489929262060813,2.2930793171602533,-0.9021566820988929,-1.0186945252566662,-2.986143416934955,-1.7024973702426833,1.9674488916782888,1.1687219293252111,47-2071
47-2072.00,-0.9066687741226735,-0.05816821489339564,-0.16692244201339423,2.656371074711382,-1.2242387267897157,-0.7780613726458607,-0.9238685214109853,-0.96373299257231,-0.9066687741226735,-0.906668774122674,0.8104268059348639,1.062538858171753,-0.9724754033547178,-1.0980968040268035,-1.969207632294427,-1.1227092431093737,0.8711108282676234,0.5174651967709125,47-2072
47-2073.01,-0.9066687741226735,0.7361287884784906,0.5603480242732903,3.092123513399468,-0.4966754962994705,-0.9335305168517957,-0.9238685214109853,-0.5687649510813987,-0.9066687741226735,-0.906668774122674,1.4628667753837494,1.917943461137897,-0.7307098714109126,-0.8251007395140068,-2.824612235260571,-1.610403196046889,1.999511495746564,1.1877680497323848,47-2073
47-2073.02,-0.9066687741226735,-0.05816821489339564,0.5603480242732903,1.7412909534664038,-0.7596891418833012,-0.5781724729525157,-0.6111888135240938,-0.637884358342308,-0.9066687741226735,-0.906668774122674,0.7478235876154328,0.9804606845182132,-0.6467336966755547,-0.7302767791617086,-1.8871294586408873,-1.0759138099071388,1.1568526794791785,0.6872041765479451,47-2073
47-2081.01,-0.9066687741226735,1.6645278833287471,1.2767637074810694,-0.6117722154492555,-1.2242387267897157,-0.7780613726458607,-0.9238685214109853,-0.8057457759759455,-0.9066687741226735,-0.906668774122674,0.7765064584535204,1.0180663814253303,-0.9329785992056268,-1.053497923421934,-1.9247351555480043,-1.0973540393775054,0.8712372321260704,0.5175402843434249,47-2081
47-2081.02,-0.7357850346442958,1.489163609857032,0.5603480242732903,-0.6117722154492555,-1.3028192535898055,-0.9335305168517957,-0.7722662387991592,-0.8057457759759455,-0.7357850346442958,-0.7357850346442962,0.47924647289368894,0.6283331157881609,-0.9535904463041766,-1.0767723459378429,-1.364118150432457,-0.7777280724833178,0.2873458044946142,0.17069177473066677,47-2081
47-2082.00,-0.9066687741226735,1.8295766113021261,0.3758167119318928,-0.6117722154492555,-1.2242387267897157,-0.7780613726458607,-0.9238685214109853,-0.47002294070867073,-0.9066687741226735,-0.906668774122674,0.5312070359282545,0.6964578580997398,-0.849047890388808,-0.9587253021365857,-1.6031266322224138,-0.9139945724127688,0.6444013300858281,0.382793153582355,47-2082
47-2111.00,-0.6930640997747013,0.3235069685450433,1.2116350090076344,0.9133613199590419,-0.19159815695794452,-0.4893329619776958,-0.9238685214109853,-0.5687649510813987,-0.6930640997747013,-0.6930640997747017,0.8161677658372399,1.0700657476265556,-0.5433911478570062,-0.6135847557067572,-1.7631298474012573,-1.0052176032717346,1.1495450916945003,0.6828632566233939,47-2111
47-2121.00,-0.9066687741226735,1.489163609857032,1.461295019822467,2.4711762882689463,-1.0513615678295174,-0.4893329619776958,-0.4501113882490287,-0.8057457759759455,-0.9066687741226735,-0.906668774122674,1.8072116393161484,2.3694090294787418,-0.6991379235080468,-0.7894504238664943,-3.2760778036014155,-1.8677983829278775,2.486627379734921,1.4771290685358756,47-2121
47-2131.00,-0.9066687741226735,1.2312749723986274,1.1030871782185774,-0.6117722154492555,-0.9940440071047462,-0.9335305168517957,-0.6111888135240938,-0.8057457759759455,-0.9066687741226735,-0.906668774122674,0.574196645055983,0.7528209125561319,-0.8361272783641454,-0.9441356449366112,-1.659489686678806,-0.9461289807759633,0.7153540417421947,0.42494113028895586,47-2131
47-2132.00,-0.9066687741226735,1.2312749723986274,1.1030871782185774,-0.6117722154492555,-0.9940440071047462,-0.9335305168517957,-0.6111888135240938,-0.8057457759759455,-0.9066687741226735,-0.906668774122674,0.574196645055983,0.7528209125561319,-0.8361272783641454,-0.9441356449366112,-1.659489686678806,-0.9461289807759633,0.7153540417421947,0.42494113028895586,47-2132
47-2141.00,-0.9066687741226735,2.1803051582455564,1.2767637074810694,-0.6117722154492555,-1.1142259892695896,-0.22281442905323592,0.02364574491292794,-0.96373299257231,-0.9066687741226735,-0.906668774122674,0.9484322167591235,1.2434757553287776,-0.5692819164955519,-0.6428200147145516,-2.1501445294514516,-1.2258672461184486,1.5073245147368999,0.8953946516393453,47-2141
47-2142.00,-0.9066687741226735,1.8295766113021261,1.6458263321638644,-0.43747123997402165,-1.1770904107096616,-0.8446910058769757,-0.9238685214109853,-0.8057457759759455,-0.9066687741226735,-0.906668774122674,1.0126439011639896,1.3276627655920032,-0.937848928493392,-1.0589973869631237,-2.2343315397146775,-1.2738649955798094,1.1753341527515535,0.6981827098104977,47-2142
47-2151.00,-0.9066687741226735,1.7676833383121084,0.9945393474295204,-0.17601977676117064,-0.9921950535329793,-1.1112095388014356,-0.9238685214109853,-0.7662489718268544,-0.9066687741226735,-0.906668774122674,0.8620676363268194,1.1302444036422217,-0.9483805213930636,-1.0708894188485025,-2.0369131777648954,-1.161310374073349,0.9660237589163931,0.5738462412264645,47-2151
47-2152.01,-0.9066687741226735,1.3550615183786616,0.9945393474295204,-0.6117722154492555,-1.3028192535898055,-1.1112095388014356,-0.9238685214109853,-0.7662489718268544,-0.9066687741226735,-0.906668774122674,0.5792762167863089,0.7594806655490207,-1.0260365714072701,-1.1585768400827867,-1.6661494396716947,-0.9499259223068214,0.507572599588908,0.3015129035235755,47-2152
47-2152.02,-0.9066687741226735,1.5613724283453856,0.9945393474295204,-0.6117722154492555,-0.8359584767186826,-0.22281442905323592,-0.9238685214109853,-0.7662489718268544,-0.9066687741226735,-0.906668774122674,0.6480465201085502,0.8496444151103998,-0.6872225997524395,-0.7759959150019606,-1.7563131892330737,-1.0013312050031988,0.9803172742311131,0.5823370055182928,47-2152
47-2152.03,-0.9066687741226735,1.7676833383121084,1.2116350090076344,-0.3938959961052131,-0.37464456056286005,-1.1112095388014356,-0.9238685214109853,-0.5687649510813987,-0.9066687741226735,-0.906668774122674,0.8618074504048433,1.1299032776448776,-0.7446218929641699,-0.840809873495683,-2.0365720517675516,-1.1611158870603993,1.1957621782718686,0.710317551787532,47-2152
47-2161.00,-0.9066687741226735,1.6645278833287471,1.2767637074810694,-0.6117722154492555,-0.2234926060709222,-0.4449132064902858,-0.9238685214109853,-0.637884358342308,-0.9066687741226735,-0.906668774122674,0.7765064584535204,1.0180663814253303,-0.5575396730786253,-0.6295609441779072,-1.9247351555480043,-1.0973540393775054,1.2951742113700973,0.7693711941017649,47-2161
47-2171.00,-0.9066687741226735,1.489163609857032,1.461295019822467,-0.6117722154492555,-1.1456581999896256,-0.7780613726458607,-0.9238685214109853,-0.96373299257231,-0.9066687741226735,-0.906668774122674,0.7795621380767478,1.0220726387628543,-0.9528302716546954,-1.0759139742502732,-1.9287414128855283,-1.099638136833431,0.852827438635255,0.5066043309582721,47-2171
47-2181.00,-0.9066687741226735,1.489163609857032,0.7340245535357823,-0.43747123997402165,-1.1770904107096616,-0.6670119839273357,-0.7722662387991592,-0.8057457759759455,-0.9066687741226735,-0.906668774122674,0.5952389744729308,0.7804092061666404,-0.8555286023530255,-0.9660431726669623,-1.6870779802893145,-0.9618579632002515,0.7210348076223522,0.428315670632842,47-2181
47-2211.00,0.6953662834871189,1.3137993363853169,1.461295019822467,-0.6117722154492555,-1.1142259892695896,-1.1112095388014356,-0.9238685214109853,-0.8057457759759455,0.6953662834871189,0.6953662834871187,0.7211073802528428,0.9454334516356824,-0.988762456364489,-1.1164877687703316,-0.25006716814856367,-0.14257141627643335,-0.866420600621768,-0.5146790649804381,47-2211
47-2221.00,-0.9066687741226735,2.0049408847738412,1.461295019822467,1.3817951915487334,0.2410569788354922,-0.9631433910450324,-0.9238685214109853,-0.31203572411230623,-0.9066687741226735,-0.906668774122674,1.6160103653816806,2.118727805956081,-0.4894976644332079,-0.5527294767954427,-3.0253965800787546,-1.7248768737343874,2.472667103283312,1.4688362578318983,47-2221
47-3011.00,-0.9066687741226735,1.5613724283453856,1.2116350090076344,1.1312375393030847,-0.6852687606196864,-1.0223700278266155,-0.9238685214109853,1.6035592771186145,-0.9066687741226735,-0.906668774122674,1.3014149922187015,1.7062663644800509,-0.25698700818466813,-0.2901838045368646,-2.612935138602725,-1.489719206672229,2.3227513340658605,1.3797819257081123,47-3011
47-3012.00,-0.7357850346442958,2.0049408847738412,1.2767637074810694,1.0222994296310632,0.49836937608077986,-0.6670119839273357,-0.9238685214109853,0.5173971630186078,-0.7357850346442958,-0.7357850346442962,1.4346680072953246,1.8809724643407684,-0.14377849155973332,-0.16235135770518697,-2.6167574989850646,-1.491898458499903,2.4544061412798777,1.4579887146838866,47-3012
47-3013.00,-0.9066687741226735,0.942439698445214,0.9945393474295204,0.9133613199590419,-0.4375089820029321,-1.0223700278266155,-0.9238685214109853,1.8010432978640698,-0.9066687741226735,-0.906668774122674,0.9501134552779255,1.2456800028228145,-0.1456760583441158,-0.16449404636771736,-2.1523487769454883,-1.2271239592222731,1.9878547305777712,1.1808435918034466,47-3013
47-3014.00,-0.9066687741226735,1.1487506084119379,0.5603480242732903,-0.17601977676117064,-0.5613888713113092,-0.9335305168517957,-0.7343656681462027,0.4186551526458799,-0.9066687741226735,-0.906668774122674,0.5110262853080192,0.6699991679823288,-0.45265747591585687,-0.5111303853108716,-1.576667942105003,-0.8989096136363434,1.0655375567941312,0.6329603347828866,47-3014
47-3015.00,-0.9066687741226735,1.1487506084119379,1.4287306705857494,-0.3938959961052131,-0.19159815695794452,-0.9335305168517957,-0.9238685214109853,1.8010432978640698,-0.9066687741226735,-0.906668774122674,0.7278617609641581,0.954289022448619,-0.06198847433916388,-0.06999595601443138,-1.860957796571293,-1.0609924951452043,1.7909618405568617,1.063883482054745,47-3015
47-4011.00,-0.20177334877436495,-0.2335324883651107,-0.7096615959586813,0.477608881270957,0.2410569788354922,0.48790165874532365,0.02364574491292794,-0.8057457759759455,-0.20177334877436495,-0.20177334877436526,-0.15519506768427835,-0.20347400752733097,-0.013285348370550426,-0.015001509072371556,0.0017006587529657113,0.000969600802889798,-0.01670216782533726,-0.009921574017656115,47-4011
47-4021.00,-0.5542210614485191,0.9733863349402228,0.9185558658771799,0.10721930838608465,-1.2242387267897157,-0.6670119839273357,-0.9238685214109853,-0.637884358342308,-0.5542210614485191,-0.5542210614485196,0.6663871697344957,0.8736905754409436,-0.8632508976175861,-0.9747630104340798,-1.4279116368894633,-0.8140988115160543,0.45314862645538345,0.269183478779079,47-4021
47-4031.00,-0.9066687741226735,2.0049408847738412,1.1030871782185774,0.10721930838608465,-1.2242387267897157,-0.6670119839273357,-0.13743168036213724,-0.31203572411230623,-0.9066687741226735,-0.906668774122674,1.0717491237928345,1.4051547677125347,-0.5851795287978737,-0.6607712319901922,-2.3118235418352087,-1.3180457034041042,1.6510523098450165,0.9807731469623556,47-4031
47-4041.01,-0.6930640997747013,1.1487506084119379,0.9945393474295204,2.0027424166792547,-0.9921950535329793,-1.1112095388014356,-0.5448628148814201,-0.3712809303359428,-0.6930640997747013,-0.6930640997747017,1.3820107908402377,1.8119343498103022,-0.7548870843879445,-0.8524010909766444,-2.504998449585004,-1.4281809938177406,1.6525973586083595,0.9816909509161119,47-4041
47-4051.00,-0.9066687741226735,1.7676833383121084,0.7774436858514053,3.092123513399468,-0.5595399177395426,-0.9335305168517957,-0.9238685214109853,-0.5687649510813987,-0.9066687741226735,-0.906668774122674,1.879083512520994,2.46363920243267,-0.7464259767709306,-0.842847003335231,-3.3703079765553436,-1.9215220657027126,2.527460973220113,1.5013854120481005,47-4051
47-4061.00,-0.9066687741226735,-0.05816821489339564,0.3758167119318928,3.5605573849891585,-1.2242387267897157,-0.8891107613643856,-0.9238685214109853,-0.96373299257231,-0.9066687741226735,-0.906668774122674,1.2927352940092185,1.694886537755118,-1.0002377505343492,-1.1294454063719837,-2.6015553118777923,-1.483231197769796,1.4721099055058084,0.8744761483861871,47-4061
47-4071.00,-0.9066687741226735,1.489163609857032,0.5603480242732903,1.5669899779911696,-0.9884971463894456,-0.22281442905323592,-0.7722662387991592,-0.637884358342308,-0.9066687741226735,-0.906668774122674,1.2055005373738306,1.5805143106403778,-0.6553655431460372,-0.7400236611798953,-2.4871830847630516,-1.418023875580459,1.7471594235831565,1.037863570944908,47-4071
47-5011.00,-0.9066687741226735,1.8295766113021261,1.2767637074810694,0.8371046431886272,-1.2242387267897157,-0.8891107613643856,-0.9238685214109853,-0.637884358342308,-0.9066687741226735,-0.906668774122674,1.3144816539906077,1.723397875651158,-0.9187755919768487,-1.0374602151244399,-2.6300666497738323,-1.4994864377274038,1.5926064346493922,0.9460545952842672,47-5011
47-5012.00,-0.9066687741226735,1.3137993363853169,0.7340245535357823,1.7412909534664038,-1.2242387267897157,-0.6670119839273357,-0.9238685214109853,-0.31203572411230623,-0.9066687741226735,-0.906668774122674,1.2630382811291676,1.6559512138916856,-0.7817887390600857,-0.8827778191865361,-2.56261998801436,-1.4610329047771977,1.6798421688278236,0.9978751614938156,47-5012
47-5013.00,-0.9066687741226735,0.7980220614685077,0.1912853995904953,1.0222994296310632,0.7056065637419067,0.8876794581320137,-0.4501113882490287,-0.14417430647866872,-0.9066687741226735,-0.906668774122674,0.670535630230022,0.8791295619673116,0.24975008178655578,0.282012034103052,-1.7857983360899856,-1.0181416450846856,2.0678103701930377,1.2283395698625632,47-5013
47-5021.01,-0.9066687741226735,1.3137993363853169,0.3758167119318928,3.015866836629052,-0.9293306320929072,-0.9631433910450324,-0.7722662387991592,-0.31203572411230623,-0.9066687741226735,-0.906668774122674,1.5684942949820873,2.056430173625234,-0.7441939965123513,-0.8403267026878913,-2.963098947747908,-1.6893589697334888,2.1227722450600166,1.2609885238992153,47-5021
47-5021.02,-0.7357850346442958,1.489163609857032,0.9185558658771799,2.656371074711382,-1.1456581999896256,-0.9631433910450324,-0.6111888135240938,-0.96373299257231,-0.7357850346442958,-0.7357850346442962,1.6880301834818645,2.213151947321485,-0.9209308492827655,-1.0398938819825614,-2.9489369819657814,-1.6812847729736138,1.90904309998322,1.1340271884135937,47-5021
47-5031.00,-0.6930640997747013,1.1487506084119379,0.9945393474295204,1.7848661973352122,-0.37649351413462706,-0.9335305168517957,-0.9238685214109853,-0.5687649510813987,-0.6930640997747013,-0.6930640997747017,1.3093853843922234,1.7167162303250805,-0.7006643758697016,-0.7911740586793133,-2.409780330099782,-1.373894050630854,1.618606271420469,0.9614992553828138,47-5031
47-5041.00,-0.9066687741226735,0.2822447865516985,0.1912853995904953,3.3753625985467224,-0.6811086150832112,-1.0001601500829105,-0.9238685214109853,0.023687111154968556,-0.9066687741226735,-0.906668774122674,1.2829642615629722,1.682075878504259,-0.6453625438555346,-0.7287285050107096,-2.588744652626933,-1.4759274247621186,1.8600161476162236,1.1049037511534707,47-5041
47-5042.00,-0.9066687741226735,0.6329733334951286,-0.16692244201339423,2.656371074711382,-0.06864274443545074,-1.0001601500829105,-0.9238685214109853,-0.47002294070867073,-0.9066687741226735,-0.906668774122674,1.040807322064372,1.3645874192023726,-0.6156735891595043,-0.6952044218779707,-2.271256193325047,-1.294916940142238,1.5760517714470759,0.936220643307687,47-5042
47-5051.00,-0.9066687741226735,1.6645278833287471,0.7340245535357823,-0.25227645353158534,-0.9168501954834811,-1.0001601500829105,-0.9238685214109853,-0.14417430647866872,-0.9066687741226735,-0.906668774122674,0.715425327777648,0.937983794856251,-0.7462632933640114,-0.8426633049829746,-1.844652568978925,-1.051696355201026,1.0019892639959505,0.5952107984780026,47-5051
47-5061.00,-0.9066687741226735,1.3137993363853169,0.5603480242732903,-0.25227645353158534,-1.2242387267897157,-1.1112095388014356,-0.9238685214109853,-0.8057457759759455,-0.9066687741226735,-0.906668774122674,0.5406236357090073,0.7088038258116045,-1.0162656407445205,-1.147543730457474,-1.6154725999342785,-0.9210334096780348,0.46792886947680445,0.2779633735010992,47-5061
47-5071.00,-0.9066687741226735,2.1803051582455564,0.9185558658771799,-0.43747123997402165,-1.1456581999896256,-0.8891107613643856,-0.9238685214109853,-0.637884358342308,-0.9066687741226735,-0.906668774122674,0.8871299280495716,1.1631032116619564,-0.8991304602768261,-1.0152773853479096,-2.06977198578463,-1.1800442479809619,1.0544946004367208,0.6264004971606358,47-5071
47-5081.00,-0.6930640997747013,1.1487506084119379,0.7774436858514053,1.7848661973352122,0.42595233601217475,-1.1112095388014356,-0.7343656681462027,1.208591235627703,-0.6930640997747013,-0.6930640997747017,1.237020163866185,1.6218392368372023,-0.05275790882694015,-0.05957301425840662,-2.314903336611904,-1.3198015944569166,2.2553303223534975,1.3397318816033759,47-5081
49-1011.00,-0.479459425426729,-0.08911485138840444,-0.09093896046105424,-0.6117722154492555,1.2265492325872092,-0.22281442905323592,-0.5448628148814201,0.22117113190042445,-0.479459425426729,-0.4794594254267293,-0.2639420090995714,-0.3460505488200222,0.17001078013824442,0.19197225315508978,-0.13340887660670714,-0.07606073449180789,0.3253811297617969,0.19328586544214355,49-1011
49-2011.01,-0.020209375578588307,-0.05816821489339564,0.1912853995904953,-0.06708166708914928,-1.1142259892695896,-0.9335305168517957,-0.7722662387991592,-0.96373299257231,-0.020209375578588307,-0.020209375578588595,0.022011839202650124,0.028859403861480473,-0.9459389343732136,-1.0681324350790398,-0.04906877944006907,-0.027975705213610515,-1.0190636556389707,-0.6053534842816793,49-2011
49-2011.02,3.00229676644522,0.45760906002341356,0.7340245535357823,-0.25227645353158534,-0.3752611865790442,0.4434819032579138,-0.2985091056372026,-0.637884358342308,3.00229676644522,3.00229676644522,0.3131190533425368,0.4105258599221843,-0.21704318682516027,-0.24508016240444336,2.5917709065230357,1.477652790419569,-2.836851068927479,-1.6851721376391158,49-2011
49-2011.03,-0.37265708825274274,0.11719605857831943,0.1912853995904953,0.29241409482852093,-0.7444352749162249,-0.22281442905323592,0.02364574491292794,-0.8057457759759455,-0.37265708825274274,-0.3726570882527431,0.20029851766577855,0.2626084881392684,-0.4373374337581196,-0.49383134692600983,-0.6352655763920114,-0.36218554242221124,0.14143422946600165,0.08401605054814251,49-2011
49-2021.00,-0.7357850346442958,-0.5739454898102049,0.5603480242732903,-0.6117722154492555,-0.9145390035187726,0.2213831258208639,-0.9238685214109853,-0.47002294070867073,-0.7357850346442958,-0.7357850346442962,-0.20845656032872337,-0.2733043798256287,-0.5217618349543912,-0.5891614342636401,-0.4624806548186675,-0.2636752455195444,-0.12668077944497258,-0.07525207164850681,49-2021
49-2022.01,-0.020209375578588307,0.6329733334951286,0.5603480242732903,-0.6117722154492555,-0.9293306320929072,-0.9335305168517957,-0.6111888135240938,-0.637884358342308,-0.020209375578588307,-0.020209375578588595,0.19384971410638782,0.2541535551084381,-0.7779835802027761,-0.8784811215367943,-0.2743629306870267,-0.15642321977495066,-0.6041181908497675,-0.35886379592209855,49-2022
49-2022.02,-0.7357850346442958,-0.2335324883651107,0.1912853995904953,-0.6117722154492555,-1.2399548321497338,-1.0223700278266155,-0.9238685214109853,-0.47002294070867073,-0.7357850346442958,-0.7357850346442962,-0.2180064347412903,-0.2858250819787459,-0.9140540805240013,-1.032128793251288,-0.44995995266555033,-0.25653678647287426,-0.5821688405857377,-0.34582524274975707,49-2022
49-2022.03,-0.479459425426729,0.7361287884784906,0.6688958550623474,0.36867077159893563,-0.25261362482624955,1.0209387245942434,-0.4501113882490287,-0.07505489921775939,-0.479459425426729,-0.4794594254267293,0.5912318050465912,0.7751554643165641,0.06078970307530143,0.06864233114220818,-1.2546148897432934,-0.7152967062270865,1.3232572208855016,0.7860533194677276,49-2022
49-2022.04,-0.26585475107875645,1.7676833383121084,-0.5251302836172838,1.349113758647127,-0.006702799781261981,1.2874572575187035,0.5921543047072759,-0.3712809303359428,-0.26585475107875645,-0.2658547510787568,0.8638889377806506,1.1326322856236277,0.3754069580271937,0.42390088160278205,-1.3984870367023845,-0.7973228910579663,1.8223879183051666,1.0825514872936473,49-2022
49-2022.05,-0.7357850346442958,1.1487506084119379,1.1030871782185774,-0.06708166708914928,-0.9168501954834811,-0.8446910058769757,-0.7722662387991592,-0.8057457759759455,-0.7357850346442958,-0.7357850346442962,0.7282520398471221,0.9548007114446347,-0.8348883040338904,-0.942736623688741,-1.690585746088931,-0.9638578544363543,0.74784912240019,0.4442441543831647,49-2022
49-2091.00,-0.479459425426729,-0.2954257613551279,1.2116350090076344,-0.3938959961052131,-0.9921950535329793,-0.9335305168517957,-0.9238685214109853,-0.96373299257231,-0.479459425426729,-0.4794594254267293,0.17410441718243116,0.22826578203108835,-0.9533317710920175,-1.0764802558523014,-0.7077252074578176,-0.40349713202593895,-0.36875504839448375,-0.21905123606051155,49-2091
49-2092.01,-0.9066687741226735,0.45760906002341356,0.9185558658771799,0.10721930838608465,-0.9884971463894456,0.13254361484604385,0.6490051606867108,-0.8057457759759455,-0.9066687741226735,-0.906668774122674,0.4944614114288927,0.6482812015374965,-0.2531735367081591,-0.285877720469179,-1.5549499756601706,-0.886527495433428,1.2690722551909914,0.7538658721013625,49-2092
49-2092.02,-0.7357850346442958,0.9733863349402228,1.1030871782185774,0.8371046431886272,-1.1142259892695896,-0.7558514949021558,-0.7722662387991592,-0.8057457759759455,-0.7357850346442958,-0.7357850346442962,0.9711927187824757,1.2733167201811326,-0.8620223747367126,-0.9733757907218822,-2.009101754825429,-1.1454541783700132,1.0357259641035466,0.6152513806784287,49-2092
49-2092.03,-0.9066687741226735,0.5298178785117666,1.2116350090076344,-0.6117722154492555,-0.6815708534761531,0.48790165874532365,-0.9238685214109853,-0.5687649510813987,-0.9066687741226735,-0.906668774122674,0.37656022402338185,0.49370266079138236,-0.4215756668058034,-0.4760335230875384,-1.4003714349140564,-0.7983972476952487,0.924337911826518,0.5490836342573576,49-2092
49-2092.04,-0.9066687741226735,1.1487506084119379,0.9945393474295204,-0.17601977676117064,-0.6852687606196864,-1.0223700278266155,-0.9238685214109853,-0.3712809303359428,-0.9066687741226735,-0.906668774122674,0.6557567263600959,0.8597531549580849,-0.7506970600483074,-0.8476698120977361,-1.7664219290807588,-1.0070945259842172,0.9187521169830228,0.5457655094745909,49-2092
49-2092.05,-0.9066687741226735,0.7361287884784906,1.4287306705857494,-0.6117722154492555,-1.2399548321497338,-0.6670119839273357,-0.9238685214109853,-0.96373299257231,-0.9066687741226735,-0.906668774122674,0.5176957478716614,0.6787434038406392,-0.9486420825150912,-1.0711847676369297,-1.5854121779633132,-0.903894986565563,0.5142274103263835,0.30546605487469497,49-2092
49-2092.06,-0.6930640997747013,0.5298178785117666,1.2116350090076344,-0.6117722154492555,-1.2242387267897157,-0.7558514949021558,-0.9238685214109853,-0.7662489718268544,-0.6930640997747013,-0.6930640997747017,0.37656022402338185,0.49370266079138236,-0.9175519287324279,-1.0360784828016807,-1.186766760566084,-0.6766142836599052,0.1506882777644034,0.08951322469437965,49-2092
49-2093.00,-0.6930640997747013,-0.08911485138840444,1.2116350090076344,-0.3938959961052131,-0.9293306320929072,-0.22281442905323592,-0.16585710835185466,-0.7662489718268544,-0.6930640997747013,-0.6930640997747017,0.24287472050467232,0.31842953159246723,-0.5210627853312131,-0.5883720835464703,-1.011493631367169,-0.5766853787576598,0.42312154782069866,0.25134651974936156,49-2093
49-2094.00,0.8662500229654969,0.2822447865516985,0.3758167119318928,-0.6117722154492555,0.24290593240725883,-0.7558514949021558,-0.13743168036213724,-0.8057457759759455,0.8662500229654969,0.8662500229654967,0.015429761011445256,0.020229736389397717,-0.3640307547082449,-0.41105513510533526,0.846020286576099,0.48234364930341306,-1.2570754216814342,-0.7467394036759881,49-2094
49-2095.00,-0.9066687741226735,0.11719605857831943,0.7340245535357823,-0.6117722154492555,-0.7444352749162249,-0.7558514949021558,-0.9238685214109853,-0.637884358342308,-0.9066687741226735,-0.906668774122674,0.07981613222161539,0.10464577599529316,-0.7655099123929184,-0.8643961434394093,-1.0113145501179672,-0.576583278719833,0.14691840667855782,0.08727381149925548,49-2095
49-2096.00,-0.6930640997747013,-0.08911485138840444,1.2116350090076344,-0.3938959961052131,-0.9293306320929072,-0.22281442905323592,-0.16585710835185466,-0.7662489718268544,-0.6930640997747013,-0.6930640997747017,0.24287472050467232,0.31842953159246723,-0.5210627853312131,-0.5883720835464703,-1.011493631367169,-0.5766853787576598,0.42312154782069866,0.25134651974936156,49-2096
49-2097.00,-0.5542210614485191,0.2822447865516985,1.1030871782185774,1.5669899779911696,-0.37649351413462706,0.9320992136194235,0.6490051606867108,-0.637884358342308,-0.5542210614485191,-0.5542210614485196,0.9841073142538151,1.290248859426006,0.14168162545729976,0.15998362484776862,-1.8444699208745257,-1.0515922215831774,2.0044535457222943,1.1907037713193025,49-2097
49-3011.01,-0.26585475107875645,0.7361287884784906,1.2116350090076344,0.9133613199590419,-0.9921950535329793,-0.8446910058769757,-0.9238685214109853,-0.7662489718268544,-0.26585475107875645,-0.2658547510787568,0.9537083724817222,1.2503932467493133,-0.8817508881619487,-0.9956527732200704,-1.51624799782807,-0.864462240593802,0.5205952246079997,0.30924872197434533,49-3011
49-3011.02,-0.7357850346442958,0.6329733334951286,0.7340245535357823,1.0222994296310632,-1.2242387267897157,-0.4449132064902858,-0.9238685214109853,-0.96373299257231,-0.7357850346442958,-0.7357850346442962,0.7964324388873246,1.0441910460379031,-0.8891883618158242,-1.0040509969912634,-1.7799760806821994,-1.0148221881341513,0.7759250836909359,0.460922092898452,49-3011
49-3011.03,-0.9066687741226735,0.11719605857831943,1.2116350090076344,-0.6117722154492555,-0.8072996963562967,-0.9335305168517957,-0.9238685214109853,-0.7662489718268544,-0.9066687741226735,-0.906668774122674,0.23901961737889943,0.3133751616686245,-0.8577369266114829,-0.9685367615043783,-1.2200439357912984,-0.695586682302494,0.25150717428692015,0.1494025848473252,49-3011
49-3021.00,-0.7357850346442958,1.8295766113021261,1.2767637074810694,1.3817951915487334,-0.4985244498712371,0.2213831258208639,0.17524802752475419,-0.637884358342308,-0.7357850346442958,-0.7357850346442962,1.4960451701106432,1.9614431743642124,-0.18494441371698178,-0.2088349678816,-2.6972282090085087,-1.5377774244663456,2.488393241126909,1.478178041620612,49-3021
49-3022.00,-0.7357850346442958,1.489163609857032,0.9185558658771799,0.29241409482852093,-1.0513615678295174,-0.13397491807841588,-0.13743168036213724,-0.8057457759759455,-0.7357850346442958,-0.7357850346442962,0.9000445235209109,1.1800353509068295,-0.532128485561504,-0.6008672171151791,-1.9158203855511258,-1.0922714393958934,1.3149531684359466,0.781120470517439,49-3022
49-3023.01,0.3322383370955661,1.489163609857032,1.1030871782185774,2.28598150182651,-0.7851122534950951,0.2213831258208639,0.3363254527998194,-0.31203572411230623,0.3322383370955661,0.3322383370955659,1.626077429967373,2.1319265886613046,-0.13485984974667947,-0.1522806329985365,-1.7996882515657386,-1.0260607371270347,1.6474076185672022,0.9786080942181553,49-3023
49-3023.02,0.1613545976171881,1.1487506084119379,1.1030871782185774,2.656371074711382,-0.9884971463894456,1.1097782355690635,0.02364574491292794,-0.14417430647866872,0.1613545976171881,0.16135459761718784,1.636069620447299,2.145027205009906,0.00018813190346927966,0.00021243420781911503,-1.9836726073927182,-1.1309561953239944,1.9838850416005371,1.178485480962592,49-3023
49-3031.00,-0.37265708825274274,0.7980220614685077,1.1030871782185774,0.6519098567461912,-1.0670776731895357,-0.9335305168517957,-0.7722662387991592,-0.47002294070867073,-0.37265708825274274,-0.3726570882527431,0.8510063654777588,1.1157421314915223,-0.8107243423872903,-0.9154512353229037,-1.4883992197442655,-0.8485847475091548,0.5729479844213616,0.34034778569761115,49-3031
49-3041.00,-0.9066687741226735,0.9733863349402228,1.1030871782185774,2.656371074711382,-0.9293306320929072,-0.4893329619776958,-0.2985091056372026,-0.8057457759759455,-0.9066687741226735,-0.906668774122674,1.577614862623394,2.0683880178827336,-0.6307296189209378,-0.7122053435520092,-2.9750567920054074,-1.6961765252087915,2.2628514484533984,1.3441996495049227,49-3041
49-3042.00,-0.5542210614485191,0.6329733334951286,0.01760887032800328,1.3817951915487334,-0.8072996963562967,-0.9335305168517957,-0.7722662387991592,-0.8057457759759455,-0.5542210614485191,-0.5542210614485196,0.6774591317906218,0.8882068646785218,-0.8297105569957993,-0.9368900311117223,-1.4424279261270414,-0.8223750195884804,0.5055378950153191,0.30030422976086185,49-3042
49-3043.00,-0.8105466706660859,0.9527552439435504,1.244199358244352,0.07453787548447824,-0.9931195303188626,-0.8891107613643856,-0.9238685214109853,-0.6082617552304896,-0.8105466706660859,-0.8105466706660863,0.7571641592241268,0.9927069727938393,-0.8535901420811807,-0.9638543080212316,-1.8032536434599256,-1.0280934828717012,0.839399335438694,0.4986276466634767,49-3043
49-3051.00,-0.9066687741226735,0.11719605857831943,-0.16692244201339423,0.6519098567461912,-1.1770904107096616,-0.5781724729525157,-0.7722662387991592,-0.8057457759759455,-0.9066687741226735,-0.906668774122674,0.20072782443703877,0.26317134603488557,-0.8333187246093205,-0.9409642907908182,-1.1698401201575597,-0.6669638560819373,0.22887582936674133,0.13595890699108704,49-3051
49-3052.00,-0.7357850346442958,0.45760906002341356,0.7340245535357823,0.8371046431886272,-0.9921950535329793,-0.13397491807841588,-0.2985091056372026,-0.8057457759759455,-0.7357850346442958,-0.7357850346442962,0.6762460855826077,0.8866164573482929,-0.5576062133061359,-0.6296360798686573,-1.622401491992589,-0.9249837961333771,0.9927654121239318,0.5897315618882888,49-3052
49-3053.00,-0.9066687741226735,0.6329733334951286,0.9185558658771799,0.477608881270957,-1.1770904107096616,-0.31165394002805596,-0.2985091056372026,-0.96373299257231,-0.9066687741226735,-0.906668774122674,0.6763793602144218,0.8867911917895454,-0.6877466122368076,-0.7765876178176511,-1.7934599659122195,-1.0225097891430561,1.0168723480945683,0.6040517837943776,49-3053
49-3091.00,-0.9066687741226735,0.11719605857831943,0.5603480242732903,0.10721930838608465,-0.7596891418833012,0.6655806806949637,0.9711600112368411,-0.47002294070867073,-0.9066687741226735,-0.906668774122674,0.26158779707923147,0.34296397550622243,0.10175715233495823,0.1149018302986617,-1.2496327496288964,-0.7124562262974092,1.3645345799275581,0.8105732726421809,49-3091
49-3092.00,-0.9066687741226735,1.1487506084119379,0.1912853995904953,-0.25227645353158534,-0.5613888713113092,-0.04513540710359583,-0.6111888135240938,-0.637884358342308,-0.9066687741226735,-0.906668774122674,0.36258651815694926,0.47538193723310884,-0.4638993625703267,-0.5238244645276002,-1.3820507113557827,-0.7879520080252401,0.8582262468281826,0.5098113802259726,49-3092
49-3093.00,-0.7357850346442958,1.1487506084119379,1.1030871782185774,0.6519098567461912,-1.0513615678295174,-0.5781724729525157,0.6490051606867108,-0.14417430647866872,-0.7357850346442958,-0.7357850346442962,0.9679158811255689,1.2690205057458666,-0.2811757966434978,-0.31749722676666337,-2.004805540390163,-1.1430047669530805,1.6873083136234994,1.0023102688997216,49-3093
49-9011.00,-0.9066687741226735,1.7676833383121084,0.7774436858514053,-0.6117722154492555,-0.9921950535329793,-0.4004934510028758,-0.9238685214109853,-0.7662489718268544,-0.9066687741226735,-0.906668774122674,0.6444516029047528,0.8449311711839002,-0.7707014994434236,-0.8702583638393501,-1.751599945306574,-0.9986440315256387,0.8813415814672241,0.5235425620679027,49-9011
49-9012.01,-0.9066687741226735,0.9733863349402228,0.7340245535357823,1.7412909534664038,-1.0513615678295174,-0.22281442905323592,-0.4501113882490287,-0.96373299257231,-0.9066687741226735,-0.906668774122674,1.1495672806474697,1.5071810271154105,-0.672005094426023,-0.7588126588429319,-2.4138498012380847,-1.376214188328175,1.6550371423951526,0.9831402535264607,49-9012
49-9012.02,-0.6930640997747013,0.3235069685450433,1.2116350090076344,-0.6117722154492555,-0.8664662106528351,0.39906214777050397,-0.7343656681462027,-0.7662489718268544,-0.6930640997747013,-0.6930640997747017,0.30778992070114075,0.4035389112300036,-0.49200467571384704,-0.5555603361317635,-1.0966030110047054,-0.6252090009635279,0.5410426748729419,0.3213951028152929,49-9012
49-9012.03,-0.9066687741226735,0.7361287884784906,0.9945393474295204,-0.6117722154492555,-1.0513615678295174,-0.4893329619776958,-0.7343656681462027,-0.7662489718268544,-0.9066687741226735,-0.906668774122674,0.37296530681958523,0.4889894168648839,-0.7603272924450677,-0.85854404848504,-1.3956581909875578,-0.7957100742176894,0.5371141425025179,0.31906144019727084,49-9012
49-9021.01,-0.7357850346442958,1.1487506084119379,0.5603480242732903,-0.06708166708914928,-0.9293306320929072,-0.04513540710359583,-0.13743168036213724,-0.8057457759759455,-0.7357850346442958,-0.7357850346442962,0.5473389885320263,0.7176082277249398,-0.47941087388364645,-0.5413397054684234,-1.453393262369236,-0.8286267140015119,0.9120535569008127,0.541786369738817,49-9021
49-9021.02,-0.9066687741226735,0.6329733334951286,0.1912853995904953,-0.25227645353158534,-1.1770904107096616,-0.4004934510028758,-0.4501113882490287,-0.637884358342308,-0.9066687741226735,-0.906668774122674,0.1906607598513462,0.24997256332966147,-0.6663949020759685,-0.7524777589901248,-1.1566413374523354,-0.6594388012842968,0.4041635784622106,0.2400849339371679,49-9021
49-9031.01,-0.9066687741226735,0.6329733334951286,1.2767637074810694,-0.25227645353158534,-0.6205553856078476,0.6655806806949637,0.6490051606867108,-0.47002294070867073,-0.9066687741226735,-0.906668774122674,0.5524868624815376,0.7243575307690513,0.05600187876628902,0.06323603032078713,-1.6310263048917253,-0.9299010821539816,1.6942623352125126,1.0064411602089987,49-9031
49-9031.02,-0.9066687741226735,0.9733863349402228,0.7340245535357823,-0.43747123997402165,-0.3760312757416852,0.6655806806949637,0.4974028780748846,-0.31203572411230623,-0.9066687741226735,-0.906668774122674,0.4233132161673278,0.5549998322631932,0.11872913972896419,0.13406620715698642,-1.4616686063858673,-0.8333447564593082,1.5957348135428535,0.9479129434383112,49-9031
49-9041.00,1.4002617088354277,1.1487506084119379,0.9185558658771799,-0.06708166708914928,-0.48003491415356886,-0.7410446136079826,-0.7722662387991592,-0.8057457759759455,1.4002617088354277,1.4002617088354277,0.6667416023999895,0.8741552669799384,-0.6997728856341641,-0.7901674084595876,0.5261064418554893,0.2999503736649282,-1.3162738503150768,-0.781904994008916,49-9041
49-9042.00,-0.5542210614485191,1.489163609857032,0.9185558658771799,1.1966004051062975,-1.0932708739639703,-0.8150781316837388,-0.9238685214109853,-0.47002294070867073,-0.5542210614485191,-0.5542210614485196,1.2014399602801697,1.5751905467704996,-0.8255601169418413,-0.9322034498955455,-2.1294116082190193,-1.2140467341914312,1.1972081583234737,0.7111765060418589,49-9042
49-9043.00,-0.479459425426729,1.3550615183786616,0.7774436858514053,1.1312375393030847,-0.9293306320929072,-0.8446910058769757,-0.9238685214109853,0.22117113190042445,-0.479459425426729,-0.4794594254267293,1.0879142478443837,1.426348627942916,-0.619179756870111,-0.6991635056184103,-1.9058080533696453,-1.0865630835572904,1.206644547751235,0.7167819961282975,49-9043
49-9044.00,0.1613545976171881,1.489163609857032,1.1030871782185774,1.1966004051062975,-0.6818787042458522,-0.8891107613643856,-0.9238685214109853,0.023687111154968556,0.1613545976171881,0.16135459761718784,1.2629503977273022,1.6558359912351959,-0.6177927189665636,-0.6975972943973396,-1.494481393618008,-0.8520523924208763,0.7968840992206684,0.47337235840231,49-9044
49-9045.00,-0.9066687741226735,1.1487506084119379,1.2767637074810694,1.3817951915487334,-0.9921950535329793,-1.0223700278266155,-0.6111888135240938,-0.96373299257231,-0.9066687741226735,-0.906668774122674,1.269103169147247,1.6639028008116616,-0.8973717218639996,-1.0132914584817063,-2.570571574934336,-1.4655663627965752,1.5572801164526293,0.9250697336527874,49-9045
49-9051.00,-0.9066687741226735,1.8295766113021261,0.9185558658771799,2.4711762882689463,-1.0670776731895357,-1.0001601500829105,-0.6111888135240938,-0.96373299257231,-0.9066687741226735,-0.906668774122674,1.7397695884827507,2.280986732535322,-0.9105399073422125,-1.028160669917364,-3.187655506657996,-1.8173859589420576,2.159494836740632,1.282802812636434,49-9051
49-9052.00,-0.7357850346442958,1.1487506084119379,0.1912853995904953,0.477608881270957,-0.7444352749162249,0.2213831258208639,-0.13743168036213724,-0.637884358342308,-0.7357850346442958,-0.7357850346442962,0.6058816297577967,0.7943626375086015,-0.3245920469499516,-0.3665218556054812,-1.5301476721528977,-0.8723868964730357,1.1636258165474165,0.691227617184933,49-9052
49-9061.00,-0.7357850346442958,-0.05816821489339564,0.9185558658771799,-0.6117722154492555,-0.06864274443545074,1.1097782355690635,0.6490051606867108,-0.637884358342308,-0.7357850346442958,-0.7357850346442962,0.0828718118448429,0.10865203333281737,0.2630640733695039,0.29704588643046376,-0.8444370679771136,-0.4814410049474838,1.1414829544075773,0.6780741123237319,49-9061
49-9062.00,-0.20177334877436495,0.2822447865516985,0.5603480242732903,0.10721930838608465,0.2410569788354922,0.5545312919764388,-0.2985091056372026,-0.47002294070867073,-0.20177334877436495,-0.20177334877436526,0.3166040397370245,0.4150949751553256,0.0067640561165144275,0.007637816214353461,-0.6168683239296908,-0.3516966711378774,0.6245061401440444,0.37097483145393695,49-9062
49-9063.01,-0.9066687741226735,-0.3985812163384898,0.3758167119318928,-0.6117722154492555,-1.1142259892695896,0.2213831258208639,-0.7722662387991592,-0.637884358342308,-0.9066687741226735,-0.906668774122674,-0.21151223995195081,-0.27731063716315285,-0.5757483651475482,-0.6501217794416235,-0.6293581369595211,-0.3588175192918936,-0.020763642482102385,-0.012334208224743898,49-9063
49-9063.02,-0.9066687741226735,-1.089722764727014,1.2767637074810694,-0.6117722154492555,-1.2242387267897157,-0.4004934510028758,-0.6111888135240938,-0.96373299257231,-0.9066687741226735,-0.906668774122674,-0.14157709089840007,-0.18561967521907868,-0.7999134959722488,-0.9032438768064524,-0.7210490989035954,-0.41109351538086797,-0.18219477790285699,-0.10822900317474872,49-9063
49-9063.03,-0.9066687741226735,-0.914358491255299,1.1030871782185774,-0.6117722154492555,-1.1770904107096616,-0.22281442905323592,-0.2985091056372026,-0.96373299257231,-0.9066687741226735,-0.906668774122674,-0.1410145094953257,-0.18488208288220903,-0.6655367344931026,-0.7515087359415071,-0.7217866912404649,-0.41151404073363906,-0.029722044701042227,-0.017655759991234525,49-9063
49-9063.04,-0.9066687741226735,-0.5739454898102049,0.7340245535357823,-0.6117722154492555,-1.2242387267897157,0.04370410387122382,-0.6111888135240938,-0.8057457759759455,-0.9066687741226735,-0.906668774122674,-0.1505643839078927,-0.19740278503532627,-0.6493673031046329,-0.7332505868208626,-0.7092659890873477,-0.40437558168696885,-0.023984597733514912,-0.01424754943102544,49-9063
49-9064.00,-0.9066687741226735,-0.5017366713218517,0.34325236269517534,-0.6117722154492555,-0.5613888713113092,0.04370410387122382,0.02364574491292794,-0.7662489718268544,-0.9066687741226735,-0.906668774122674,-0.2567521746919773,-0.33662406096702413,-0.315071998588503,-0.35577203649044264,-0.5700447131556499,-0.32500100951761435,0.21427267666520722,0.12728420907554985,49-9064
49-9091.00,-0.9066687741226735,0.3235069685450433,0.5603480242732903,0.04185644258287207,-1.1770904107096616,0.5767411697201437,-0.5448628148814201,-0.5687649510813987,-0.9066687741226735,-0.906668774122674,0.3085704784670686,0.404562289222035,-0.4284942517380842,-0.483845829677831,-1.311231063344709,-0.7475754260377208,0.827385233666878,0.4914909203875078,49-9091
49-9092.00,-0.6930640997747013,1.9739942482788324,0.34325236269517534,-0.3938959961052131,-0.37464456056286005,-0.5781724729525157,-0.9238685214109853,-0.7662489718268544,-0.6930640997747013,-0.6930640997747017,0.6411168716229315,0.8405590532547448,-0.6607336316883039,-0.746085182994906,-1.5336231530294464,-0.8743683810256853,0.7875379700345405,0.4678204855275761,49-9092
49-9093.00,-0.7357850346442958,-0.7493097632819199,1.2767637074810694,-0.06708166708914928,-1.1142259892695896,-0.8446910058769757,-0.4501113882490287,-0.96373299257231,-0.7357850346442958,-0.7357850346442962,0.1534574257033334,0.2011958102702509,-0.843190343991976,-0.9521110957971646,-0.9369808449145471,-0.5342032185688325,-0.015130250882617435,-0.00898780958300929,49-9093
49-9094.00,-0.9066687741226735,0.2822447865516985,0.3758167119318928,-0.43747123997402165,-1.055059474973051,-0.13397491807841588,-0.2985091056372026,-0.47002294070867073,-0.9066687741226735,-0.906668774122674,0.07353008616985655,0.09640423197757504,-0.48939160984933505,-0.5526097224045332,-1.003073006100249,-0.5718845067394481,0.4504632836957158,0.26758830698872005,49-9094
49-9095.00,-0.9066687741226735,1.1487506084119379,0.1912853995904953,-0.25227645353158534,-0.5613888713113092,-0.04513540710359583,-0.6111888135240938,-0.637884358342308,-0.9066687741226735,-0.906668774122674,0.36258651815694926,0.47538193723310884,-0.4638993625703267,-0.5238244645276002,-1.3820507113557827,-0.7879520080252401,0.8582262468281826,0.5098113802259726,49-9095
49-9096.00,-0.7357850346442958,1.489163609857032,1.461295019822467,1.7412909534664038,-0.25261362482624955,-1.0223700278266155,-0.4501113882490287,-0.8057457759759455,-0.7357850346442958,-0.7357850346442962,1.5639165277153009,2.050428329203249,-0.6327102042194598,-0.7144417748066269,-2.786213363847545,-1.5885107520235322,2.0717715890409183,1.230692649199951,49-9096
49-9097.00,-0.7357850346442958,0.7980220614685077,0.01760887032800328,0.6519098567461912,-1.2242387267897157,-0.7780613726458607,-0.9238685214109853,-0.47002294070867073,-0.7357850346442958,-0.7357850346442962,0.48918026284756744,0.6413571640521325,-0.849047890388808,-0.9587253021365857,-1.3771421986964287,-0.7851535054995541,0.41841689655984304,0.24855181991159392,49-9097
49-9098.00,-0.6930640997747013,1.7676833383121084,1.4287306705857494,-0.17601977676117064,0.48511885030871277,-0.9335305168517957,-0.9238685214109853,0.4186551526458799,-0.6930640997747013,-0.6930640997747017,1.0067980773788958,1.3199983906179773,-0.23840625882704708,-0.26920285076092165,-2.013062490392679,-1.1477123223858794,1.7438596396317574,1.0359034031955208,49-9098
51-1011.00,0.5885639463131327,-0.08911485138840444,-0.9593216067735133,0.04185644258287207,1.2283981861589757,-0.04513540710359583,-0.7343656681462027,0.023687111154968556,0.5885639463131327,0.5885639463131325,-0.3355266718596819,-0.4399041643158688,0.11814605551603641,0.13340780190736704,1.0284681106290012,0.5863630808199978,-0.8950603087216342,-0.5316918855153767,51-1011
51-2011.01,-0.9066687741226735,-0.08911485138840444,1.4287306705857494,-0.3938959961052131,-1.1142259892695896,-1.0223700278266155,-0.9238685214109853,-0.96373299257231,-0.9066687741226735,-0.906668774122674,0.3152399410307107,0.4133065250803453,-1.006049382769875,-1.1360077674990572,-1.3199752992030194,-0.7525607989669404,0.18396753170396218,0.10928207055119218,51-2011
51-2011.02,-0.9066687741226735,0.942439698445214,1.2116350090076344,-0.6117722154492555,-1.1770904107096616,-1.1112095388014356,-0.9238685214109853,-0.96373299257231,-0.9066687741226735,-0.906668774122674,0.5141008306678643,0.6740301599141402,-1.0439753658735982,-1.1788329131964255,-1.580698934036814,-0.9012078130880032,0.4018660208403887,0.23872011781011668,51-2011
51-2011.03,-0.6930640997747013,-0.08911485138840444,1.4287306705857494,-0.6117722154492555,-1.1770904107096616,-1.1112095388014356,-0.9238685214109853,-0.7662489718268544,-0.6930640997747013,-0.6930640997747017,0.24261453458269652,0.3180884055951236,-0.9946043606872341,-1.1230843124403385,-1.0111525053698254,-0.5764908917447102,-0.11193180707051309,-0.0664907526013124,51-2011
51-2021.00,-0.9066687741226735,-0.2954257613551279,1.6458263321638644,-0.6117722154492555,-1.1770904107096616,-1.1112095388014356,-0.9238685214109853,-0.96373299257231,-0.9066687741226735,-0.906668774122674,0.24620945178649367,0.32280164952162277,-1.0439753658735982,-1.1788329131964255,-1.2294704236442968,-0.7009610292576135,0.05063751044787135,0.030080155655976687,51-2021
51-2022.00,0.6953662834871189,-0.3985812163384898,1.1030871782185774,-0.06708166708914928,-0.6834198070479197,-0.22281442905323592,0.810082585961776,0.5173971630186078,0.6953662834871189,0.6953662834871187,0.21247476493031273,0.27857258973429255,0.10531137821980704,0.11891518022142393,0.41679369375282616,0.23762762482327793,-0.2978785135314022,-0.17694851058721822,51-2022
51-2023.00,-0.479459425426729,-0.5017366713218517,1.4287306705857494,-0.6117722154492555,-0.9921950535329793,-0.9335305168517957,-0.7343656681462027,-0.96373299257231,-0.479459425426729,-0.4794594254267293,0.10507392793821406,0.1377609064723657,-0.9059560577758219,-1.0229846926724597,-0.617220331899095,-0.35189736231661195,-0.4057643607733647,-0.241035845241159,51-2023
51-2031.00,-0.7357850346442958,1.3137993363853169,1.461295019822467,0.10721930838608465,-0.8664662106528351,-0.7558514949021558,-0.7722662387991592,-0.8057457759759455,-0.7357850346442958,-0.7357850346442962,0.9607712215312896,1.259653245936914,-0.800082430082524,-0.9034346333088218,-1.9954382805812103,-1.1376641878299616,1.0920036472723886,0.6486819631597535,51-2031
51-2041.01,-0.7357850346442958,0.9733863349402228,0.1912853995904953,-0.6117722154492555,-1.3028192535898055,-1.1112095388014356,-0.9238685214109853,-0.8057457759759455,-0.7357850346442958,-0.7357850346442962,0.18429983969382083,0.2416328529553209,-1.0359107724445429,-1.1697265602340041,-0.9774178875996171,-0.5572576902466817,-0.192308672634387,-0.11423695113905023,51-2041
51-2041.02,-0.9066687741226735,1.8295766113021261,1.461295019822467,1.0222994296310632,-0.6834198070479197,-0.7780613726458607,-0.9238685214109853,-0.47002294070867073,-0.9066687741226735,-0.906668774122674,1.4377236869185521,1.8849787216782925,-0.713843160453359,-0.8060552383804653,-2.7916474958009667,-1.5916089271841038,1.9855922574205012,1.1794996168699194,51-2041
51-2093.00,-0.9066687741226735,-0.914358491255299,0.9185558658771799,-0.6117722154492555,-1.2242387267897157,-0.8446910058769757,-0.4501113882490287,-0.96373299257231,-0.9066687741226735,-0.906668774122674,-0.20252494694245823,-0.2655275273469053,-0.8706935283720075,-0.983167057484307,-0.6411412467757687,-0.36553545298579265,-0.3420258107085383,-0.20317329058002565,51-2093
51-3011.01,-0.9066687741226735,-0.3985812163384898,0.9185558658771799,-0.6117722154492555,-0.9940440071047462,-0.8446910058769757,-0.13743168036213724,-0.8057457759759455,-0.9066687741226735,-0.906668774122674,-0.03059918863685514,-0.040118153443457906,-0.6954781173299511,-0.7853178551108623,-0.8665506206792161,-0.494048659726736,0.08123276556835379,0.048254628062274,51-3011
51-3011.02,-0.9066687741226735,-0.05816821489339564,-0.16692244201339423,-0.6117722154492555,-1.2242387267897157,-1.0223700278266155,-0.7722662387991592,-0.8057457759759455,-0.9066687741226735,-0.906668774122674,-0.27895429078534845,-0.3657329341065724,-0.9561551923478591,-1.0796683980374566,-0.5409358400161015,-0.30840509530607385,-0.5387325580213551,-0.3200228261400649,51-3011
51-3021.00,-0.7357850346442958,-0.2335324883651107,0.9185558658771799,-0.6117722154492555,-0.8054507427845299,0.13254361484604385,0.9711600112368411,-0.31203572411230623,-0.7357850346442958,-0.7357850346442962,0.024417054020937856,0.03201284620564527,-0.0034457102034877868,-0.0038908165173121667,-0.7677978808499415,-0.4377465146555631,0.7639070643326293,0.4537830394620364,51-3021
51-3022.00,-0.9066687741226735,1.3137993363853169,1.1030871782185774,-0.6117722154492555,-1.1456581999896256,-0.6670119839273357,-0.4501113882490287,-0.8057457759759455,-0.9066687741226735,-0.906668774122674,0.6017047663848797,0.7888864123806837,-0.7671318370354839,-0.8662275833506189,-1.6955551865033578,-0.9666910938545143,0.8293276031527388,0.4926447444195218,51-3022
51-3023.00,-0.9066687741226735,1.8295766113021261,1.2767637074810694,-0.25227645353158534,-1.198045526015281,-0.9631433910450324,-0.9238685214109853,-0.31203572411230623,-0.9066687741226735,-0.906668774122674,0.9513546217505368,1.2473072782250494,-0.8492732906459012,-0.9589798189100558,-2.1539760523477236,-1.2280517217929705,1.1949962334376676,0.7098625582534329,51-3023
51-3091.00,-0.7357850346442958,0.7980220614685077,0.7340245535357823,-0.06708166708914928,-1.1142259892695896,-1.1112095388014356,-0.6111888135240938,-0.96373299257231,-0.7357850346442958,-0.7357850346442962,0.4883216493050469,0.6402314482608981,-0.9500893335418572,-1.072818970128462,-1.3760164829051944,-0.7845116983568201,0.30319751277673224,0.1801081510161895,51-3091
51-3092.00,-0.9066687741226735,0.7980220614685077,0.5603480242732903,-0.6117722154492555,-0.8664662106528351,-0.9335305168517957,-0.9238685214109853,0.18167432775133327,-0.9066687741226735,-0.906668774122674,0.2488659567641808,0.32628455475754126,-0.6355477302910707,-0.7176458438245474,-1.2329533288802152,-0.7029467466787285,0.5153074850556678,0.30610765071322665,51-3092
51-3093.00,-0.6930640997747013,0.5298178785117666,0.9945393474295204,-0.6117722154492555,-0.9145390035187726,-1.1112095388014356,-0.7343656681462027,-0.7662489718268544,-0.6930640997747013,-0.6930640997747017,0.3041950034973439,0.3988256673035048,-0.8815907955733164,-0.9954720003600895,-1.0918897670782066,-0.6225218274859685,0.09641776671811697,0.05727496089817199,51-3093
51-4011.01,1.0157732950090772,0.7361287884784906,1.4287306705857494,-0.3938959961052131,-0.9293306320929072,-1.1112095388014356,-0.9238685214109853,-0.7662489718268544,1.0157732950090772,1.0157732950090772,0.5903211543196756,0.773961523325861,-0.9326644160330455,-1.053143155027278,0.24181177168321621,0.1378647465656426,-1.2949549267104943,-0.7692409326288867,51-4011
51-4012.00,1.7633896552269805,-1.089722764727014,0.3758167119318928,-0.06708166708914928,-0.9293306320929072,-1.0223700278266155,-0.7722662387991592,-0.96373299257231,1.7633896552269805,1.7633896552269805,-0.2603292399614235,-0.34131389948071794,-0.921924972822748,-1.0410164233633477,2.1047035547076987,1.1999598702155487,-3.145719978071046,-1.8686492632354585,51-4012
51-4021.00,-0.9066687741226735,0.6329733334951286,1.1030871782185774,-0.6117722154492555,-1.2399548321497338,-1.1112095388014356,-0.6111888135240938,-0.96373299257231,-0.9066687741226735,-0.906668774122674,0.3747627654214835,0.4913460388281331,-0.9815215442618932,-1.1083114977709105,-1.398014812950807,-0.797053660956469,0.28970331517989656,0.17209220472311126,51-4021
51-4022.00,-0.20177334877436495,0.6329733334951286,0.5603480242732903,-0.06708166708914928,-1.1142259892695896,-1.0223700278266155,-0.9238685214109853,-0.14417430647866872,-0.20177334877436495,-0.20177334877436526,0.37541323022642326,0.4921988538214925,-0.8011597112464648,-0.9046510743612955,-0.6939722025958577,-0.39565609717220956,-0.21067887176543781,-0.12514938432160463,51-4022
51-4023.00,-0.6930640997747013,1.3550615183786616,0.7774436858514053,-0.6117722154492555,-0.4985244498712371,-1.1112095388014356,-0.9238685214109853,-0.5687649510813987,-0.6930640997747013,-0.6930640997747017,0.5069109962602704,0.6646036720611423,-0.7755918652912642,-0.8757804522022131,-1.357667771835844,-0.7740505020975407,0.48188731963363096,0.286255099332798,51-4023
51-4031.01,-0.9066687741226735,0.11719605857831943,1.4287306705857494,-0.3938959961052131,-1.1770904107096616,-1.0223700278266155,-0.9238685214109853,-0.96373299257231,-0.9066687741226735,-0.906668774122674,0.3840102443529519,0.5034702746417242,-1.021765488129893,-1.1537540313202812,-1.4101390487643983,-0.8039660816633177,0.256385017444117,0.15230016571447644,51-4031
51-4031.02,-0.9066687741226735,0.7361287884784906,1.2116350090076344,-0.6117722154492555,-1.2242387267897157,-1.0223700278266155,-0.9238685214109853,-0.96373299257231,-0.9066687741226735,-0.906668774122674,0.4453305273456232,0.5838664103527614,-1.0335525671499066,-1.1670637291861996,-1.4905351844754353,-0.849802530391626,0.3234714552892358,0.19215146320003454,51-4031
51-4031.03,-0.9066687741226735,0.7980220614685077,0.7340245535357823,0.477608881270957,-1.1456581999896256,-1.0223700278266155,-0.7722662387991592,-0.96373299257231,-0.9066687741226735,-0.906668774122674,0.6698851654250824,0.8782767469739523,-0.9760068647969276,-1.102084448865796,-1.7849455210966263,-1.0176554275523115,0.6828610722308304,0.4056393602773175,51-4031
51-4031.04,-0.9066687741226735,1.1487506084119379,1.1030871782185774,0.10721930838608465,-1.1770904107096616,-1.1112095388014356,-0.9238685214109853,-0.96373299257231,-0.9066687741226735,-0.906668774122674,0.7863523650055334,1.0309752070328122,-1.0439753658735982,-1.1788329131964255,-1.9376439811554862,-1.1047137802141385,0.7588110679590607,0.45075586923223143,51-4031
51-4032.00,-0.7357850346442958,0.9733863349402228,0.9185558658771799,-0.06708166708914928,-1.0513615678295174,-1.0223700278266155,-0.6111888135240938,-0.96373299257231,-0.7357850346442958,-0.7357850346442962,0.6082868445760844,0.7975160798527663,-0.9121633504381341,-1.0299938244310938,-1.5333011144970625,-0.8741847763965871,0.5033072900659687,0.29897918547076935,51-4032
51-4033.01,-0.6930640997747013,0.5298178785117666,0.9945393474295204,-0.6117722154492555,-1.1770904107096616,-1.0223700278266155,-0.9238685214109853,-0.7662489718268544,-0.6930640997747013,-0.6930640997747017,0.3041950034973439,0.3988256673035048,-0.9723944829435291,-1.0980054305641944,-1.0918897670782066,-0.6225218274859685,-0.006115663485987799,-0.0036328821849854415,51-4033
51-4033.02,-0.6930640997747013,0.5298178785117666,0.9945393474295204,-0.6117722154492555,-1.1770904107096616,-1.0223700278266155,-0.9238685214109853,-0.7662489718268544,-0.6930640997747013,-0.6930640997747017,0.3041950034973439,0.3988256673035048,-0.9723944829435291,-1.0980054305641944,-1.0918897670782066,-0.6225218274859685,-0.006115663485987799,-0.0036328821849854415,51-4033
51-4034.00,-0.6930640997747013,0.7361287884784906,0.5603480242732903,0.477608881270957,-1.2242387267897157,-1.1112095388014356,-0.7343656681462027,-0.3712809303359428,-0.6930640997747013,-0.6930640997747017,0.5913618980075793,0.7753260273152363,-0.8602737160183243,-0.9714012456142406,-1.468390127089938,-0.8371769137689051,0.4969888814756974,0.29522586679035995,51-4034
51-4035.00,-0.6930640997747013,0.5298178785117666,0.9945393474295204,-0.3938959961052131,-1.055059474973051,-1.1112095388014356,-0.9238685214109853,-0.5687649510813987,-0.6930640997747013,-0.6930640997747017,0.37682040994535804,0.4940437867887265,-0.9147256215667177,-1.0328870819136395,-1.1871078865634281,-0.676808770672855,0.1542208046497887,0.09161164852350333,51-4035
51-4041.00,1.4963838122920152,0.7980220614685077,1.1030871782185774,-0.06708166708914928,-0.6834198070479197,-0.8891107613643856,-0.9238685214109853,-0.31203572411230623,1.4963838122920152,1.4963838122920152,0.611342524199312,0.8015223371902906,-0.7021087034838992,-0.7928049601207757,0.6948614751017246,0.39616310031682783,-1.4876664352225002,-0.8837171800089135,51-4041
51-4051.00,-0.6930640997747013,0.5298178785117666,0.7774436858514053,0.04185644258287207,-0.6224043391796147,-1.1112095388014356,-0.9238685214109853,-0.5687649510813987,-0.6930640997747013,-0.6930640997747017,0.449706002315348,0.5896030322712918,-0.8065618376183585,-0.9107510309087433,-1.2826671320459937,-0.7312902008726915,0.37191610113725027,0.2209289934324316,51-4051
51-4052.00,-0.9066687741226735,0.9733863349402228,1.461295019822467,1.5669899779911696,-1.0513615678295174,-1.0223700278266155,-0.9238685214109853,-0.14417430647866872,-0.9066687741226735,-0.906668774122674,1.3338904442512864,1.7488444597116242,-0.7854436058864467,-0.8869048105400712,-2.655513233834298,-1.5139943619613543,1.768608423294227,1.0506049013197136,51-4052
51-4061.00,-0.7357850346442958,0.11719605857831943,0.9185558658771799,-0.25227645353158534,-0.7444352749162249,-1.0223700278266155,-0.9238685214109853,-0.96373299257231,-0.7357850346442958,-0.7357850346442962,0.26115849030797134,0.3424011176106054,-0.9136017041815339,-1.031617980315385,-1.0781861522549017,-0.6147089514977676,0.04656817193951657,0.027662850092067048,51-4061
51-4062.00,-0.7357850346442958,-0.05816821489339564,1.461295019822467,0.10721930838608465,-1.1142259892695896,-1.1112095388014356,-0.7722662387991592,-0.96373299257231,-0.7357850346442958,-0.7357850346442962,0.5034487044383853,0.6600643113537439,-0.9903586898606236,-1.1182901988313279,-1.3958493459980401,-0.7958190578990522,0.27755914716671226,0.16487821531253447,51-4062
51-4071.00,-0.7357850346442958,1.1487506084119379,0.7340245535357823,0.29241409482852093,-0.9293306320929072,-1.1112095388014356,-0.6111888135240938,-0.8057457759759455,-0.7357850346442958,-0.7357850346442962,0.7250630855920804,0.9506197196658581,-0.8643686900985955,-0.9760251959317564,-1.6864047543101544,-0.9614741351990245,0.710379558378398,0.4219861423251397,51-4071
51-4072.01,-0.6930640997747013,1.1487506084119379,1.2116350090076344,-0.6117722154492555,-1.2399548321497338,-1.1112095388014356,-0.9238685214109853,-0.7662489718268544,-0.6930640997747013,-0.6930640997747017,0.5828711339901056,0.7641939094755192,-1.0103204660472522,-1.1408305762615627,-1.457258009250221,-0.8308301317490372,0.3164274329886583,0.18796710884747078,51-4072
51-4072.02,-0.6930640997747013,0.942439698445214,1.4287306705857494,-0.6117722154492555,-0.8664662106528351,-1.1112095388014356,-0.9238685214109853,-0.5687649510813987,-0.6930640997747013,-0.6930640997747017,0.5864660511939026,0.7689071534020182,-0.8675773054866637,-0.9796482904499668,-1.46197125317672,-0.8335173052265968,0.4823229627267531,0.28651388401505556,51-4072
51-4072.03,-0.9066687741226735,0.7361287884784906,1.4287306705857494,-0.3938959961052131,-1.1770904107096616,-1.1112095388014356,-0.9238685214109853,-0.7662489718268544,-0.9066687741226735,-0.906668774122674,0.5903211543196756,0.773961523325861,-0.9946043606872341,-1.1230843124403385,-1.680630297448535,-0.9581819297524496,0.5575459850081965,0.3311985495747531,51-4072
51-4072.04,-0.7357850346442958,1.3137993363853169,1.2767637074810694,0.6519098567461912,-0.7481331820597585,-1.1112095388014356,-0.6111888135240938,-0.96373299257231,-0.7357850346442958,-0.7357850346442962,1.0808243002041926,1.4170531001852722,-0.8585661317393994,-0.9694730808166269,-2.1528381348295684,-1.227402958049332,1.1833650540129415,0.7029532990014694,51-4072
51-4072.05,-0.6930640997747013,-0.2954257613551279,0.9945393474295204,-0.6117722154492555,-1.0513615678295174,-1.0223700278266155,-0.9238685214109853,-0.96373299257231,-0.6930640997747013,-0.6930640997747017,0.02911379020837901,0.03817066905798904,-0.990333277409857,-1.118261503677833,-0.7312347688326908,-0.4169006967004592,-0.38702673484514216,-0.2299051498424461,51-4072
51-4081.01,-0.9066687741226735,0.6329733334951286,0.3758167119318928,0.29241409482852093,-0.5613888713113092,-1.0223700278266155,-0.9238685214109853,-0.96373299257231,-0.9066687741226735,-0.906668774122674,0.43373471341851416,0.5686633065074121,-0.8678401032803049,-0.9799450356594674,-1.475332080630086,-0.84113474699936,0.4953870449706187,0.2942743292644818,51-4081
51-4081.02,-0.6930640997747013,0.3235069685450433,1.4287306705857494,-0.6117722154492555,-1.2399548321497338,-1.1112095388014356,-0.9238685214109853,-0.96373299257231,-0.6930640997747013,-0.6930640997747017,0.3801551412271791,0.49841590471788166,-1.059691471233616,-1.1965791770176497,-1.1914800044925835,-0.679301457137465,-0.005099172525066309,-0.0030290569562770055,51-4081
51-4111.00,-0.9066687741226735,1.1487506084119379,1.2116350090076344,-0.6117722154492555,-1.2242387267897157,-1.0223700278266155,-0.9238685214109853,-0.96373299257231,-0.9066687741226735,-0.906668774122674,0.5828711339901056,0.7641939094755192,-1.0335525671499066,-1.1670637291861996,-1.6708626835981932,-0.9526130957843807,0.5037989544119936,0.2992712484084635,51-4111
51-4121.01,-0.9066687741226735,0.942439698445214,1.6458263321638644,-0.3938959961052131,-0.6205553856078476,-1.1112095388014356,-0.9238685214109853,-0.7662489718268544,-0.9066687741226735,-0.906668774122674,0.7314566781679551,0.959002266375118,-0.8554706044117808,-0.9659776827289122,-1.865671040497792,-1.063679668622764,0.8996933577688798,0.5344440515533653,51-4121
51-4121.02,-0.9066687741226735,0.5298178785117666,1.4287306705857494,-0.6117722154492555,-1.1770904107096616,-1.1112095388014356,-0.7343656681462027,-0.96373299257231,-0.9066687741226735,-0.906668774122674,0.4489254445494202,0.5885796542792604,-0.9965996525574025,-1.1253373500165837,-1.4952484284019345,-0.8524897038691858,0.36991107838535064,0.21973795153606898,51-4121
51-4121.03,-0.9066687741226735,0.3235069685450433,1.2116350090076344,-0.6117722154492555,-1.1770904107096616,-1.0223700278266155,-0.9238685214109853,-0.96373299257231,-0.9066687741226735,-0.906668774122674,0.30778992070114075,0.4035389112300036,-1.021765488129893,-1.1537540313202812,-1.3102076853526776,-0.7469919649988715,0.15645365403239642,0.0929380260723035,51-4121
51-4121.04,-0.9066687741226735,0.2822447865516985,1.461295019822467,-0.6117722154492555,-1.2242387267897157,-0.9335305168517957,-0.9238685214109853,-0.96373299257231,-0.9066687741226735,-0.906668774122674,0.3772558636416366,0.4946147038287876,-1.0113426894062016,-1.1419848473100556,-1.4012834779514616,-0.7989172330596236,0.259298630641406,0.1540309367915021,51-4121
51-4121.05,-0.9066687741226735,0.2822447865516985,1.1030871782185774,-0.6117722154492555,-1.3028192535898055,-1.0223700278266155,-0.9238685214109853,-0.96373299257231,-0.9066687741226735,-0.906668774122674,0.25785324977367347,0.33806766457378895,-1.053197698849929,-1.1892465589627297,-1.244736438696463,-0.7096646803726276,0.055489879733733316,0.032962604301813386,51-4121
51-4122.01,-0.6930640997747013,0.3235069685450433,1.2116350090076344,-0.6117722154492555,-1.1142259892695896,-1.1112095388014356,-0.9238685214109853,-0.7662489718268544,-0.6930640997747013,-0.6930640997747017,0.30778992070114075,0.4035389112300036,-0.9788882553272162,-1.1053380486191142,-1.0966030110047054,-0.6252090009635279,-0.008735037614408858,-0.005188866687526401,51-4122
51-4122.02,1.0157732950090772,0.3235069685450433,1.6458263321638644,-0.3938959961052131,-1.2399548321497338,-1.0223700278266155,-0.9238685214109853,-0.96373299257231,1.0157732950090772,1.0157732950090772,0.5251457682012316,0.6885110176909813,-1.037481593489911,-1.1715002951415057,0.3272622773180959,0.18658285578446016,-1.4987625724596016,-0.8903086086222078,51-4122
51-4122.03,-0.9066687741226735,0.942439698445214,1.4287306705857494,0.2597326619269145,-0.5632378248830762,-1.0223700278266155,-0.9238685214109853,0.4186551526458799,-0.9066687741226735,-0.906668774122674,0.8769676769859593,1.1497796313429052,-0.5227053053686993,-0.590226779302776,-2.056448405465579,-1.172448042009487,1.4662216261628032,0.870978339003046,51-4122
51-4122.04,-0.20177334877436495,0.2822447865516985,0.5603480242732903,-0.43747123997402165,-1.2242387267897157,-1.0223700278266155,-0.9238685214109853,-0.96373299257231,-0.20177334877436495,-0.20177334877436526,0.13504052361698907,0.1770496764422713,-1.0335525671499066,-1.1670637291861996,-0.3788230252166366,-0.21597931317066071,-0.788240703969563,-0.4682379299470046,51-4122
51-4191.01,-0.6930640997747013,0.11719605857831943,0.9945393474295204,-0.3938959961052131,-0.6834198070479197,-1.1112095388014356,-0.9238685214109853,-0.3712809303359428,-0.6930640997747013,-0.6930640997747017,0.23927980330087562,0.3137162876659686,-0.7724446993990708,-0.8722267450379619,-1.0067803874406702,-0.5739982052801004,0.1345536424027084,0.07992878148539062,51-4191
51-4191.02,-0.9066687741226735,0.7361287884784906,1.2116350090076344,-0.6117722154492555,-0.9921950535329793,-1.1112095388014356,-0.9238685214109853,-0.7662489718268544,-0.9066687741226735,-0.906668774122674,0.4453305273456232,0.5838664103527614,-0.9483805213930636,-1.0708894188485025,-1.4905351844754353,-0.849802530391626,0.4196457656269329,0.24928180391933716,51-4191
51-4191.03,-0.6930640997747013,0.942439698445214,0.5603480242732903,-0.17601977676117064,-0.7444352749162249,-1.1112095388014356,-0.7343656681462027,0.22117113190042445,-0.6930640997747013,-0.6930640997747017,0.44225598198577787,0.5798354184209499,-0.5922098374908596,-0.6687096944751645,-1.2728995181956515,-0.7257213669046223,0.6041898237204871,0.35890634793309345,51-4191
51-4192.00,-0.7357850346442958,0.2822447865516985,0.3758167119318928,-0.6117722154492555,-1.198045526015281,-1.1112095388014356,-0.9238685214109853,-0.47002294070867073,-0.7357850346442958,-0.7357850346442962,0.015429761011445256,0.020229736389397717,-0.9257866317340931,-1.0453769195714384,-0.756014771033694,-0.431028580961664,-0.28936214853774445,-0.1718895418036708,51-4192
51-4193.01,-0.9066687741226735,0.6329733334951286,0.1912853995904953,-0.6117722154492555,-1.3028192535898055,-1.1112095388014356,-0.9238685214109853,-0.8057457759759455,-0.9066687741226735,-0.906668774122674,0.0708288392121228,0.09286266617904562,-1.0359107724445429,-1.1697265602340041,-0.9995314403017196,-0.5698653450259339,-0.17019511993228442,-0.10110085693728935,51-4193
51-4193.02,-0.9066687741226735,0.11719605857831943,1.4287306705857494,-0.6117722154492555,-1.1142259892695896,-1.1112095388014356,-0.9238685214109853,-0.7662489718268544,-0.9066687741226735,-0.906668774122674,0.31138483790493776,0.4082521551565026,-0.9788882553272162,-1.1053380486191142,-1.3149209292791766,-0.7496791384764311,0.20958288066006237,0.12449833369222589,51-4193
51-4193.03,-0.9066687741226735,0.7361287884784906,0.9945393474295204,-0.3938959961052131,-1.1456581999896256,-1.0223700278266155,-0.9238685214109853,-0.96373299257231,-0.9066687741226735,-0.906668774122674,0.44559071326759936,0.5842075363501056,-1.013907435449884,-1.1448808994096693,-1.4908763104727796,-0.8499970174045761,0.34599541106311027,0.2055313487764385,51-4193
51-4193.04,-0.6930640997747013,1.1487506084119379,1.2116350090076344,0.2597326619269145,-1.2399548321497338,-1.1112095388014356,-0.7343656681462027,-0.5687649510813987,-0.6930640997747013,-0.6930640997747017,0.8733727597821623,1.1450663874164062,-0.9135737475446927,-1.0315864123256338,-1.838130487191108,-1.047977904496584,0.8065440748654742,0.47911066521199874,51-4193
51-4194.00,-0.9066687741226735,0.7980220614685077,0.9185558658771799,-0.43747123997402165,-1.0513615678295174,-1.0223700278266155,-0.6111888135240938,-0.637884358342308,-0.9066687741226735,-0.906668774122674,0.4263688957905553,0.5590060896007174,-0.8307011918806336,-0.93800863318355,-1.4656748637233914,-0.8356288539152339,0.5276662305398414,0.3134491053895824,51-4194
51-5011.01,-0.6930640997747013,0.5298178785117666,0.5603480242732903,-0.6117722154492555,-0.9293306320929072,-0.9335305168517957,-0.9238685214109853,-0.7662489718268544,-0.6930640997747013,-0.6930640997747017,0.15946456244526716,0.2090716803277486,-0.8882446605456356,-1.00298539127499,-0.9021357801024503,-0.5143369151380944,-0.10084961117253965,-0.059907605549400396,51-5011
51-5011.02,-0.6930640997747013,0.11719605857831943,1.4287306705857494,-0.6117722154492555,-1.2399548321497338,-1.0223700278266155,-0.9238685214109853,-0.96373299257231,-0.6930640997747013,-0.6930640997747017,0.31138483790493776,0.4082521551565026,-1.037481593489911,-1.1715002951415057,-1.1013162549312043,-0.6278961744410876,-0.07018404021030133,-0.04169136348566159,51-5011
51-5012.00,-0.9066687741226735,0.6329733334951286,1.461295019822467,-0.6117722154492555,-1.1456581999896256,-0.8891107613643856,-0.9238685214109853,-0.637884358342308,-0.9066687741226735,-0.906668774122674,0.4941653792894467,0.6478930780831318,-0.8991304602768261,-1.0152773853479096,-1.5545618522058058,-0.8863062136434651,0.5392844668578962,0.32035067605930917,51-5012
51-5021.00,-0.7357850346442958,0.2822447865516985,0.7340245535357823,-0.6117722154492555,-1.3028192535898055,-1.0001601500829105,-0.9238685214109853,-0.637884358342308,-0.7357850346442958,-0.7357850346442962,0.13483237487940838,0.17677677564439634,-0.9661830708565023,-1.0909916472461503,-0.9125618102886925,-0.52028113364866,-0.17842983695745773,-0.10599251862660423,51-5021
51-5022.01,-0.9066687741226735,-0.3985812163384898,1.2767637074810694,-0.6117722154492555,-1.0670776731895357,-0.7780613726458607,-0.9238685214109853,-0.637884358342308,-0.9066687741226735,-0.906668774122674,0.088803425231108,0.11642888581154073,-0.8517229813971724,-0.9617459532261993,-1.0230976599342148,-0.583301212413732,0.061351706708015485,0.03644470020769974,51-5022
51-5022.02,-0.37265708825274274,-0.05816821489339564,0.9185558658771799,-0.6117722154492555,-0.9931195303188626,-0.6670119839273357,-0.9238685214109853,-0.47002294070867073,-0.37265708825274274,-0.3726570882527431,0.0828718118448429,0.10865203333281737,-0.7635057440914635,-0.8621330828016106,-0.48130912158556044,-0.2744099660873996,-0.38082396121605017,-0.22622052169600612,51-5022
51-5022.03,-0.05225007673078418,-0.08911485138840444,0.34325236269517534,-0.6117722154492555,-1.1456581999896256,-1.0223700278266155,-0.7343656681462027,-0.5687649510813987,-0.05225007673078418,-0.052250076730784474,-0.11921156804749489,-0.15629656184426635,-0.8677897117609606,-0.9798881347176532,0.10404648511348188,0.05932028123100551,-1.083934619831135,-0.6438887259077933,51-5022
51-5022.04,-0.7357850346442958,-0.7493097632819199,0.01760887032800328,-0.6117722154492555,-0.9293306320929072,-1.0223700278266155,-0.7722662387991592,-0.8057457759759455,-0.7357850346442958,-0.7357850346442962,-0.447824369467724,-0.5871360506724956,-0.8824281686736569,-0.9964175427584782,-0.1486489839718006,-0.08474961479278137,-0.8477685587866777,-0.5035992090250613,51-5022
51-5022.05,2.831413026966842,-0.3985812163384898,0.7340245535357823,-0.6117722154492555,-1.0717000571189526,-0.7780613726458607,-0.2985091056372026,-0.637884358342308,2.831413026966842,2.831413026966842,-0.09210962608398766,-0.12076359790815418,-0.6965387234360809,-0.7865154670725167,2.9521766248749963,1.6831317986396233,-3.738692091947513,-2.220891964886828,51-5022
51-5022.06,-0.7357850346442958,-0.5739454898102049,0.9185558658771799,-0.6117722154492555,-0.9330285392364409,-0.7558514949021558,-0.7722662387991592,-0.637884358342308,-0.7357850346442958,-0.7357850346442962,-0.08905394646076019,-0.11675734057063002,-0.7747576578200159,-0.8748384843592085,-0.6190276940736662,-0.35292779820654047,-0.2558107902855423,-0.15195905806208507,51-5022
51-5022.07,-0.9066687741226735,-0.3985812163384898,0.3758167119318928,-0.6117722154492555,-1.3028192535898055,-1.1112095388014356,-0.7722662387991592,-0.8057457759759455,-0.9066687741226735,-0.906668774122674,-0.21151223995195081,-0.27731063716315285,-0.9980102017915865,-1.126930109690131,-0.6293581369595211,-0.3588175192918936,-0.4975719727306098,-0.2955722399740784,51-5022
51-5022.08,-0.26585475107875645,-0.914358491255299,-0.30803462203916876,-0.17601977676117064,-1.1142259892695896,-0.8446910058769757,-0.9238685214109853,-0.5687649510813987,-0.26585475107875645,-0.2658547510787568,-0.4661376300185462,-0.6111463015829725,-0.8628876169097374,-0.9743528022345951,0.34529155050421567,0.19686193012920872,-1.3196443527388106,-0.7839071705900323,51-5022
51-5022.09,3.1518200384888004,-1.3269803111887464,-0.9593216067735133,-0.17601977676117064,-1.1770904107096616,-1.1112095388014356,-0.7343656681462027,-0.3712809303359428,3.1518200384888004,3.1518200384888004,-0.8207738982411436,-1.0761047811693645,-0.8484866369983106,-0.9580915477483222,4.227924819658165,2.410477288609272,-5.186016367406487,-3.080644727323626,51-5022
51-5022.10,-0.9066687741226735,0.3235069685450433,0.9945393474295204,-0.17601977676117064,-1.1770904107096616,-0.9335305168517957,-0.9238685214109853,-0.7662489718268544,-0.9066687741226735,-0.906668774122674,0.380675513071131,0.4990981567125693,-0.9501846051998242,-1.0729265486880504,-1.4057669308352434,-0.8014733951987081,0.3328403821471929,0.19771687855565176,51-5022
51-5022.11,-0.6930640997747013,0.5298178785117666,0.9945393474295204,-0.6117722154492555,-1.0513615678295174,-1.1112095388014356,-0.9238685214109853,-0.7662489718268544,-0.6930640997747013,-0.6930640997747017,0.3041950034973439,0.3988256673035048,-0.9631721499671981,-1.08759178479789,-1.0918897670782066,-0.6225218274859685,0.004297982280316637,0.0025531266220452345,51-5022
51-5022.12,1.1225756321830636,-0.08911485138840444,0.8859915166404624,-0.6117722154492555,-1.1142259892695896,-0.8446910058769757,-0.9238685214109853,-0.864990982199582,1.1225756321830636,1.1225756321830636,0.0617014832676008,0.08089592187542861,-0.9369441246892831,-1.0579757033687256,1.041679710307635,0.593895442990553,-2.0996554136763605,-1.2472564529474024,51-5022
51-5022.13,-0.479459425426729,0.3235069685450433,0.7774436858514053,-0.17601977676117064,-1.2399548321497338,-1.1112095388014356,-0.5448628148814201,-0.5687649510813987,-0.479459425426729,-0.4794594254267293,0.3083102925450927,0.40422116322469126,-0.8661980342284971,-0.9780908491457919,-0.8836805886514205,-0.5038150109540839,-0.09441026049437135,-0.05608244374721973,51-5022
51-5023.01,2.0837966667489387,0.11719605857831943,1.2116350090076344,-0.6117722154492555,-1.1142259892695896,-0.6670119839273357,-0.7343656681462027,-0.7662489718268544,2.0837966667489387,2.0837966667489387,0.23901961737889943,0.3133751616686245,-0.8204631532924955,-0.9264480760585521,1.7704215050803143,1.009374814192316,-2.6968695811388663,-1.602019057947899,51-5023
51-5023.02,-0.9066687741226735,0.2822447865516985,0.7340245535357823,-0.6117722154492555,-0.9293306320929072,-1.1112095388014356,-0.9238685214109853,0.023687111154968556,-0.9066687741226735,-0.906668774122674,0.13483237487940838,0.17677677564439634,-0.7351803952875898,-0.8301487520029295,-1.0834455497670703,-0.6177075048769347,0.2532967977641408,0.15046567330258812,51-5023
51-5023.03,-0.9066687741226735,0.2822447865516985,1.2767637074810694,-0.6117722154492555,-1.0670776731895357,-0.9335305168517957,-0.9238685214109853,0.18167432775133327,-0.9066687741226735,-0.906668774122674,0.31574542619450413,0.4139692593640914,-0.6857005959252458,-0.7742773033716895,-1.3206380334867653,-0.7529386453117772,0.5463607301150759,0.32455418247887846,51-5023
51-5023.04,-0.9066687741226735,0.11719605857831943,0.9945393474295204,-0.6117722154492555,-1.2242387267897157,-1.0223700278266155,-0.9238685214109853,-0.7662489718268544,-0.9066687741226735,-0.906668774122674,0.16665439685286146,0.2184981681807469,-0.9841815619635428,-1.1113151284301126,-1.125166942303421,-0.6414942261285573,0.01385181387330836,0.008228380774281296,51-5023
51-5023.05,-0.6930640997747013,0.11719605857831943,0.9945393474295204,-0.6117722154492555,-1.2399548321497338,-1.0223700278266155,-0.9238685214109853,-0.5687649510813987,-0.6930640997747013,-0.6930640997747017,0.16665439685286146,0.2184981681807469,-0.9387395831171833,-1.0600030936293316,-0.9115622679554487,-0.5197112620932138,-0.14844082567388295,-0.08817817271188141,51-5023
51-5023.06,-0.9066687741226735,0.2822447865516985,0.5603480242732903,0.477608881270957,-0.3760312757416852,-0.4449132064902858,-0.9238685214109853,-0.47002294070867073,-0.9066687741226735,-0.906668774122674,0.4400672306986486,0.5769657782802026,-0.5537089860879068,-0.6252354207484979,-1.4836345524028767,-0.8458682558722186,0.8583991316543786,0.5099140788467488,51-5023
51-5023.07,-0.6930640997747013,0.5298178785117666,0.9945393474295204,-0.6117722154492555,-1.3028192535898055,-0.9335305168517957,-0.9238685214109853,-0.7662489718268544,-0.6930640997747013,-0.6930640997747017,0.3041950034973439,0.3988256673035048,-0.9816168159198602,-1.1084190763304989,-1.0918897670782066,-0.6225218274859685,-0.016529309252292235,-0.009818890992016117,51-5023
51-5023.08,-0.6930640997747013,0.3235069685450433,0.7774436858514053,-0.6117722154492555,-1.1770904107096616,-0.8446910058769757,-0.9238685214109853,-0.7662489718268544,-0.6930640997747013,-0.6930640997747017,0.1630594796490644,0.21378492425424786,-0.9279747274561192,-1.0478476668119063,-0.9068490240289496,-0.5170240886156542,-0.1409986427829567,-0.08375729937511336,51-5023
51-5023.09,-0.26585475107875645,0.3235069685450433,1.2116350090076344,-0.3938959961052131,-0.6834198070479197,0.04370410387122382,-0.16585710835185466,0.4186551526458799,-0.26585475107875645,-0.2658547510787568,0.3804153271491549,0.49875703071522526,-0.09672941472066766,-0.1092246249043734,-0.764611781793982,-0.4359300160797273,0.6553871568896086,0.389319054586266,51-5023
51-6011.01,-0.9066687741226735,0.45760906002341356,0.5603480242732903,-0.6117722154492555,-1.2242387267897157,-0.6670119839273357,-0.4501113882490287,-0.31203572411230623,-0.9066687741226735,-0.906668774122674,0.13539495628248277,0.17751436798126602,-0.6633494557695966,-0.7490389112369313,-1.08418314210394,-0.6181280302297059,0.33514423086700873,0.1990854317780939,51-6011
51-6011.02,-0.9066687741226735,-0.7493097632819199,0.01760887032800328,-0.6117722154492555,-1.2399548321497338,-0.9335305168517957,-0.7722662387991592,-0.8057457759759455,-0.9066687741226735,-0.906668774122674,-0.447824369467724,-0.5871360506724956,-0.9378743409441586,-1.0590260821166186,-0.31953272345017836,-0.18217598602105617,-0.7394933586664403,-0.43928058742434867,51-6011
51-6011.03,-0.6930640997747013,0.5298178785117666,0.7774436858514053,-0.3938959961052131,-0.4375089820029321,-0.5781724729525157,-0.5448628148814201,-0.1737969095904871,-0.6930640997747013,-0.6930640997747017,0.30445518941931965,0.39916679330084837,-0.4335852948568387,-0.4895945181881849,-1.0922308930755502,-0.6227163144989182,0.6026363748873652,0.3579835540932974,51-6011
51-6021.01,-0.9066687741226735,0.2822447865516985,1.461295019822467,-0.6117722154492555,-1.2242387267897157,-0.6670119839273357,-0.9238685214109853,-0.47002294070867073,-0.9066687741226735,-0.906668774122674,0.3772558636416366,0.4946147038287876,-0.8212855432091768,-0.9273766997914057,-1.4012834779514616,-0.7989172330596236,0.4739067781600559,0.2815144253221505,51-6021
51-6021.02,-0.7357850346442958,1.1487506084119379,1.1030871782185774,-0.25227645353158534,-1.0513615678295174,-0.7558514949021558,-0.7722662387991592,-0.8057457759759455,-0.7357850346442958,-0.7357850346442962,0.6665204443663101,0.8738653098821964,-0.8463062693766945,-0.9556295269006577,-1.6096503445264925,-0.9177139527275006,0.6540208176258349,0.38850740927887084,51-6021
51-6021.03,-0.9066687741226735,0.2822447865516985,1.2767637074810694,-0.6117722154492555,-1.2242387267897157,-0.4449132064902858,-0.9238685214109853,-0.8057457759759455,-0.9066687741226735,-0.906668774122674,0.31574542619450413,0.4139692593640914,-0.8496915576667331,-0.9594521163863939,-1.3206380334867653,-0.7529386453117772,0.3611859171003715,0.21455495167580024,51-6021
51-6031.01,-0.9066687741226735,-0.5739454898102049,1.1030871782185774,-0.6117722154492555,-0.9931195303188626,-0.9335305168517957,-0.9238685214109853,-0.637884358342308,-0.9066687741226735,-0.906668774122674,-0.027543509013627676,-0.03611189610593376,-0.8721007317309879,-0.9847560390727169,-0.8705568780167402,-0.4963327571826617,-0.11419916105597672,-0.0678376268889051,51-6031
51-6031.02,-0.6930640997747013,-0.2954257613551279,1.6458263321638644,-0.6117722154492555,-1.2399548321497338,-1.0223700278266155,-0.9238685214109853,-0.96373299257231,-0.6930640997747013,-0.6930640997747017,0.24620945178649367,0.32280164952162277,-1.037481593489911,-1.1715002951415057,-1.0158657492963246,-0.5791780652222699,-0.1556345458451811,-0.09245145195851713,51-6031
51-6041.00,-0.7357850346442958,0.11719605857831943,0.7340245535357823,-0.43747123997402165,-0.9921950535329793,-0.8446910058769757,0.02364574491292794,-0.637884358342308,-0.7357850346442958,-0.7357850346442962,0.1379164573800267,0.1808202715834705,-0.6127811682098337,-0.6919383668294041,-0.9166053062277667,-0.5225864620410674,0.22466693939836258,0.13345870379649982,51-6041
51-6042.00,-0.9066687741226735,0.3235069685450433,0.7774436858514053,-0.6117722154492555,-1.1456581999896256,-0.8446910058769757,-0.9238685214109853,-0.7662489718268544,-0.9066687741226735,-0.906668774122674,0.1630594796490644,0.21378492425424786,-0.9201166747761103,-1.0389745349012942,-1.1204536983769218,-0.6388070526509977,0.08147916347562767,0.04840099559374526,51-6042
51-6051.00,-0.9066687741226735,-0.08911485138840444,1.2116350090076344,-0.6117722154492555,-1.3028192535898055,-0.9335305168517957,-0.9238685214109853,-0.96373299257231,-0.9066687741226735,-0.906668774122674,0.1702493140566582,0.22321141210724554,-1.0309878211062242,-1.164167677086586,-1.1298801862299195,-0.6441813996061166,-0.0342874908566666,-0.020367767943156548,51-6051
51-6052.01,-0.9066687741226735,-0.5739454898102049,0.9185558658771799,-0.6117722154492555,-0.3154780462663216,0.31022263679568396,0.26052431149390626,-0.22316791477685108,-0.9066687741226735,-0.906668774122674,-0.08905394646076019,-0.11675734057063002,0.008025246811604388,0.009061923669173551,-0.789911433552044,-0.45035416943481527,0.7989733572212175,0.4746134384891107,51-6052
51-6052.02,-0.7357850346442958,-0.7493097632819199,1.2767637074810694,-0.6117722154492555,-0.1305826890896395,1.1986177465438836,1.1227622938486674,-0.14417430647866872,-0.7357850346442958,-0.7357850346442962,-0.028106090416702017,-0.03684948844280338,0.5116557612060607,0.5777498887931654,-0.6989355462014929,-0.3984858606016158,1.2766854349946581,0.7583883225833423,51-6052
51-6061.00,-0.15905241390477046,-0.19227030637176593,0.6688958550623474,-0.6117722154492555,-0.7462842284879917,-0.6670119839273357,-0.9238685214109853,-0.5687649510813987,-0.15905241390477046,-0.15905241390477076,-0.045048888919558015,-0.05906294639313874,-0.7264824212269279,-0.8203272002345532,-0.09998946751163201,-0.057007243699383196,-0.7203377327229211,-0.42790158784533316,51-6061
51-6062.00,-0.7357850346442958,0.6329733334951286,0.3758167119318928,0.29241409482852093,-0.37649351413462706,-1.1112095388014356,-0.9238685214109853,-0.8057457759759455,-0.7357850346442958,-0.7357850346442962,0.43373471341851416,0.5686633065074121,-0.8043293375807484,-0.9082301433389061,-1.3044483411517085,-0.7437083757710853,0.3962181978128023,0.23536514647987924,51-6062
51-6063.00,-0.7357850346442958,0.6329733334951286,0.3758167119318928,0.29241409482852093,-0.37649351413462706,-1.1112095388014356,-0.9238685214109853,-0.8057457759759455,-0.7357850346442958,-0.7357850346442962,0.43373471341851416,0.5686633065074121,-0.8043293375807484,-0.9082301433389061,-1.3044483411517085,-0.7437083757710853,0.3962181978128023,0.23536514647987924,51-6063
51-6064.00,-0.7357850346442958,0.6329733334951286,0.3758167119318928,0.29241409482852093,-0.37649351413462706,-1.1112095388014356,-0.9238685214109853,-0.8057457759759455,-0.7357850346442958,-0.7357850346442962,0.43373471341851416,0.5686633065074121,-0.8043293375807484,-0.9082301433389061,-1.3044483411517085,-0.7437083757710853,0.3962181978128023,0.23536514647987924,51-6064
51-6091.01,-0.9066687741226735,-0.05816821489339564,0.7340245535357823,0.10721930838608465,-0.9921950535329793,-1.0223700278266155,-0.9238685214109853,-0.14417430647866872,-0.9066687741226735,-0.906668774122674,0.2610252156761571,0.3422263831693528,-0.7706519773123122,-0.8702024445906837,-1.2488951572920268,-0.7120357009446382,0.3786927127013431,0.22495449802112671,51-6091
51-6092.00,-0.9066687741226735,-0.5739454898102049,0.9185558658771799,-0.6117722154492555,-0.9293306320929072,-1.0223700278266155,-0.9238685214109853,-0.637884358342308,-0.9066687741226735,-0.906668774122674,-0.08905394646076019,-0.11675734057063002,-0.878363384918204,-0.9918276826596775,-0.789911433552044,-0.45035416943481527,-0.2019162491076334,-0.1199441313150871,51-6092
51-6093.00,-0.37265708825274274,0.9733863349402228,1.1030871782185774,0.10721930838608465,-1.1770904107096616,-0.6670119839273357,-0.7722662387991592,-0.96373299257231,-0.37265708825274274,-0.3726570882527431,0.7278976071816282,0.9543360199056399,-0.8950254065021166,-1.0106420532718319,-1.326993108158383,-0.7565618798338586,0.3163510548865511,0.18792173803086126,51-6093
51-7011.00,-0.9066687741226735,0.6329733334951286,0.5603480242732903,-0.6117722154492555,-1.3028192535898055,-1.0223700278266155,-0.7722662387991592,-0.8057457759759455,-0.9066687741226735,-0.906668774122674,0.19384971410638782,0.2541535551084381,-0.9758003240478814,-1.1018512278139867,-1.1608223292311122,-0.6618225205216266,0.05897110141712547,0.03503055134706152,51-7011
51-7021.00,-0.9066687741226735,0.45760906002341356,1.461295019822467,-0.6117722154492555,-0.9931195303188626,-0.0007156516161860038,-0.9238685214109853,-0.96373299257231,-0.9066687741226735,-0.906668774122674,0.4357106214655417,0.5712538909559598,-0.7203591739795859,-0.8134129706207484,-1.477922665078634,-0.8426117233515444,0.6645096944578854,0.3947381075295135,51-7021
51-7031.00,-0.7357850346442958,0.375084696036724,0.10444713495924929,-0.6117722154492555,-1.3028192535898055,-1.1112095388014356,-0.9238685214109853,-0.7168779666404904,-0.7357850346442958,-0.7357850346442962,-0.04408012815109408,-0.05779281816782928,-1.013693820110679,-1.144639689893765,-0.6779922164764669,-0.38654538795761256,-0.46664747341729806,-0.2772021869303931,51-7031
51-7032.00,-0.7357850346442958,0.375084696036724,0.10444713495924929,-0.6117722154492555,-1.3028192535898055,-1.1112095388014356,-0.9238685214109853,-0.7168779666404904,-0.7357850346442958,-0.7357850346442962,-0.04408012815109408,-0.05779281816782928,-1.013693820110679,-1.144639689893765,-0.6779922164764669,-0.38654538795761256,-0.46664747341729806,-0.2772021869303931,51-7032
51-7041.01,-0.9066687741226735,0.7980220614685077,1.1030871782185774,-0.06708166708914928,-1.2242387267897157,-0.7780613726458607,-0.2985091056372026,0.023687111154968556,-0.9066687741226735,-0.906668774122674,0.611342524199312,0.8015223371902906,-0.5692805234794526,-0.6428184417528896,-1.7081911113129646,-0.9738952450807876,1.065372669560075,0.6328623869647133,51-7041
51-7041.02,-0.9066687741226735,0.7361287884784906,1.4287306705857494,-0.6117722154492555,-0.9293306320929072,-1.1112095388014356,-0.9238685214109853,-0.96373299257231,-0.9066687741226735,-0.906668774122674,0.5176957478716614,0.6787434038406392,-0.9820354212194095,-1.1088917557833653,-1.5854121779633132,-0.903894986565563,0.47652042217994794,0.2830670059733774,51-7041
51-7042.01,-0.9066687741226735,0.942439698445214,0.9945393474295204,-0.6117722154492555,-1.1456581999896256,-1.0223700278266155,-0.9238685214109853,-0.7662489718268544,-0.9066687741226735,-0.906668774122674,0.44173561014182633,0.5791531664262627,-0.9645364302635202,-1.0891322986535823,-1.4858219405489366,-0.8471153569140666,0.3966896418953544,0.2356451979923021,51-7042
51-7042.02,-0.7357850346442958,1.1487506084119379,0.9185558658771799,0.10721930838608465,-1.1142259892695896,-1.1112095388014356,-0.6111888135240938,-0.8057457759759455,-0.7357850346442958,-0.7357850346442962,0.7248419275584008,0.9503297625681159,-0.9105925293927661,-1.0282200895235925,-1.686114797212412,-0.9613088212380171,0.6578947076888196,0.3908086127752134,51-7042
51-8011.00,-0.20177334877436495,0.2822447865516985,0.5603480242732903,-0.6117722154492555,-0.6852687606196864,-1.1112095388014356,-0.9238685214109853,-0.8057457759759455,-0.20177334877436495,-0.20177334877436526,0.07694019845857776,0.10087518085409396,-0.8815231492020132,-0.9953956156372721,-0.30264852962845923,-0.17254975862115138,-0.6927470860088129,-0.4115119403198331,51-8011
51-8012.00,0.5138023102913425,-0.2335324883651107,0.5603480242732903,-0.6117722154492555,-0.12873373551787246,-0.7558514949021558,-0.9238685214109853,0.023687111154968556,0.5138023102913425,0.5138023102913423,-0.0949855598470253,-0.1245341930493534,-0.44619166016901124,-0.5038293352457035,0.6383365033406957,0.36393637763819303,-1.1421658385863993,-0.6784797654099972,51-8012
51-8013.01,0.3322383370955661,-0.7493097632819199,0.5603480242732903,0.10721930838608465,-1.2399548321497338,-0.8446910058769757,-0.9238685214109853,-0.96373299257231,0.3322383370955661,0.3322383370955659,-0.027247476874181636,-0.035723772651569126,-0.9930618380025011,-1.1213425313892178,0.367962109747135,0.2097871524323684,-1.4893046411363529,-0.8846903220225983,51-8013
51-8013.02,-0.5542210614485191,-0.2335324883651107,-0.7096615959586813,-0.6117722154492555,-1.1142259892695896,-0.9335305168517957,-0.6111888135240938,-0.637884358342308,-0.5542210614485191,-0.5542210614485196,-0.5183220999243492,-0.6795646049534396,-0.8242074194969468,-0.9306760151286303,0.12534354350492005,0.07146242607900634,-1.0560195586335501,-0.6273063667328911,51-8013
51-8021.01,-0.9066687741226735,0.7361287884784906,0.34325236269517534,-0.6117722154492555,-1.1179238964131233,-1.1112095388014356,-0.9238685214109853,-0.7662489718268544,-0.9066687741226735,-0.906668774122674,0.15586964524147015,0.20435843640124962,-0.9798127321130996,-1.106381946490951,-1.1110272105239236,-0.6334327056958783,0.004645264032972607,0.002759422095183194,51-8021
51-8021.02,-0.7357850346442958,0.45760906002341356,0.01760887032800328,-0.6117722154492555,-1.2399548321497338,-1.1112095388014356,-0.9238685214109853,-0.96373299257231,-0.7357850346442958,-0.7357850346442962,-0.04551809503261289,-0.05967811573842889,-1.059691471233616,-1.1965791770176497,-0.6761069189058674,-0.38547051856658876,-0.5204722581117824,-0.30917567629508563,51-8021
51-8031.00,-0.26585475107875645,-0.5017366713218517,0.34325236269517534,-0.6117722154492555,-0.3154780462663216,-0.9335305168517957,-0.7343656681462027,-0.1737969095904871,-0.26585475107875645,-0.2658547510787568,-0.2567521746919773,-0.33662406096702413,-0.5392927852137018,-0.6089569791019912,0.07076930988826735,0.040347882588416546,-0.6797262889902586,-0.40377720775460973,51-8031
51-8091.00,0.1613545976171881,-0.2335324883651107,0.1912853995904953,-0.43747123997402165,-0.8054507427845299,-1.1112095388014356,-0.9238685214109853,-0.8057457759759455,0.1613545976171881,0.16135459761718784,-0.159906109582879,-0.20965058639056858,-0.9115686447432241,-1.0293222964719655,0.3710051840077564,0.2115221079260596,-1.400327480479722,-0.8318352977785933,51-8091
51-8092.01,-0.7357850346442958,0.11719605857831943,-0.5251302836172838,-0.6117722154492555,-0.9921950535329793,-1.1112095388014356,-0.9238685214109853,-0.96373299257231,-0.7357850346442958,-0.7357850346442962,-0.3399021468294066,-0.44564078623439907,-0.9977515265794275,-1.1266380196045895,-0.29014424840989717,-0.16542066168272374,-0.8364937711946925,-0.4969016568990711,51-8092
51-8092.02,-0.5542210614485191,-0.05816821489339564,0.1912853995904953,-0.6117722154492555,-1.3028192535898055,-1.1112095388014356,-0.9238685214109853,-0.8057457759759455,-0.5542210614485191,-0.5542210614485196,-0.15955167691738528,-0.2091858948515738,-1.0359107724445429,-1.1697265602340041,-0.3450351665969458,-0.19671575733475286,-0.8246913936370582,-0.48989070097125714,51-8092
51-8093.01,-0.7357850346442958,0.45760906002341356,0.3758167119318928,-0.6117722154492555,-0.8072996963562967,-1.1112095388014356,-0.9238685214109853,-0.8057457759759455,-0.7357850346442958,-0.7357850346442962,0.0738845188353503,0.09686892351656981,-0.9120308831361658,-1.0298442454078838,-0.8326539581608661,-0.47472307125358476,-0.1971902872470177,-0.11713677236054543,51-8093
51-8093.02,0.3749592719651606,-0.2954257613551279,-0.09093896046105424,-0.3938959961052131,-0.9293306320929072,-1.1112095388014356,-0.9238685214109853,-0.5687649510813987,0.3749592719651606,0.3749592719651604,-0.2600869059737984,-0.3409961788961794,-0.8832934108466817,-0.9973945542711911,0.7159554508613397,0.40818946115905724,-1.7133500051325308,-1.0177797919313285,51-8093
51-8093.03,-0.9066687741226735,0.6329733334951286,0.01760887032800328,-0.06708166708914928,-0.9931195303188626,-0.7780613726458607,-0.9238685214109853,-0.31203572411230623,-0.9066687741226735,-0.906668774122674,0.19450017891132754,0.25500637010179744,-0.7517712871220037,-0.848882804541921,-1.1616751442244715,-0.6623087380540009,0.3127923396825505,0.18580775757793544,51-8093
51-9011.01,-0.9066687741226735,0.7980220614685077,0.9185558658771799,-0.25227645353158534,-0.1305826890896395,-1.1112095388014356,-0.9238685214109853,-0.8057457759759455,-0.9066687741226735,-0.906668774122674,0.4881004912713674,0.6399414911631559,-0.7428516313195015,-0.8388109348617641,-1.54661026528583,-0.8817727556240876,0.7077993304240658,0.42045341178985574,51-9011
51-9011.02,-0.05225007673078418,0.3235069685450433,0.1261567011170608,-0.6117722154492555,-0.6224043391796147,-1.1112095388014356,-0.9238685214109853,1.011107214882247,-0.05225007673078418,-0.052250076730784474,-0.054036181929050485,-0.07084605620938612,-0.41159379612744706,-0.46476222486004604,0.01859597947860165,0.010602172012187626,-0.4833582043386477,-0.2871288476764186,51-9011
51-9012.00,-0.6930640997747013,-0.08911485138840444,0.34325236269517534,-0.6117722154492555,-1.1142259892695896,-1.0223700278266155,-0.9238685214109853,-0.7662489718268544,-0.6930640997747013,-0.6930640997747017,-0.11921156804749489,-0.15629656184426635,-0.9566783775835113,-1.0802591667429702,-0.5367675379304354,-0.3060286108750254,-0.5434916288125349,-0.32284985276341893,51-9012
51-9021.00,-0.6930640997747013,0.7361287884784906,0.34325236269517534,0.477608881270957,-1.0670776731895357,-1.1112095388014356,-0.9238685214109853,-0.5687649510813987,-0.6930640997747013,-0.6930640997747017,0.518996677481541,0.6804490338273581,-0.9177301711208389,-1.036279749997109,-1.3735131336020598,-0.7830844575949681,0.3372333836049508,0.20032644933584096,51-9021
51-9022.00,-0.6930640997747013,0.942439698445214,1.4287306705857494,0.477608881270957,-1.2242387267897157,-1.1112095388014356,-0.7343656681462027,-0.7662489718268544,-0.6930640997747013,-0.6930640997747017,0.9495930834339735,1.244997750828127,-0.9590157263910521,-1.082898447126415,-1.9380618506028287,-1.1049520211610302,0.8551634034764137,0.5079919620919409,51-9022
51-9023.00,-0.6930640997747013,0.7361287884784906,0.34325236269517534,0.477608881270957,-1.0670776731895357,-1.1112095388014356,-0.9238685214109853,-0.5687649510813987,-0.6930640997747013,-0.6930640997747017,0.518996677481541,0.6804490338273581,-0.9177301711208389,-1.036279749997109,-1.3735131336020598,-0.7830844575949681,0.3372333836049508,0.20032644933584096,51-9023
51-9031.00,-0.6930640997747013,0.942439698445214,1.4287306705857494,-0.6117722154492555,-1.3028192535898055,-1.0223700278266155,-0.9238685214109853,-0.7662489718268544,-0.6930640997747013,-0.6930640997747017,0.5864660511939026,0.7689071534020182,-1.0038266936635651,-1.1334979582066427,-1.46197125317672,-0.8335173052265968,0.32847329497007727,0.19512270161272938,51-9031
51-9032.01,-0.9066687741226735,0.3235069685450433,1.4287306705857494,-0.6117722154492555,-1.1142259892695896,-1.1112095388014356,-0.9238685214109853,-0.96373299257231,-0.9066687741226735,-0.906668774122674,0.3801551412271791,0.49841590471788166,-1.02825926051358,-1.1610866493752012,-1.4050846788405558,-0.8010844211728085,0.24399802946535443,0.1449419341739771,51-9032
51-9032.02,-0.6930640997747013,0.942439698445214,1.6458263321638644,0.6954851006149997,-0.6834198070479197,-1.1112095388014356,-0.9238685214109853,-0.96373299257231,-0.6930640997747013,-0.6930640997747017,1.094583710408026,1.4350928638012266,-0.9205577149581626,-1.0394725473062234,-2.128156963575928,-1.2133314205218537,1.088684416269705,0.6467102432956489,51-9032
51-9032.03,-0.9066687741226735,-0.2954257613551279,0.9945393474295204,-0.6117722154492555,-0.4375089820029321,-1.1112095388014356,-0.9238685214109853,-0.3712809303359428,-0.9066687741226735,-0.906668774122674,0.02911379020837901,0.03817066905798904,-0.710966993137824,-0.80280753656082,-0.944839443180663,-0.5386836607358028,0.142031906619843,0.08437108818053315,51-9032
51-9032.04,-0.6930640997747013,1.1487506084119379,0.7774436858514053,1.349113758647127,-1.1142259892695896,-0.7558514949021558,-0.9238685214109853,-0.5687649510813987,-0.6930640997747013,-0.6930640997747017,1.0917693509701567,1.4314029978667588,-0.8406777391660324,-0.949273920358451,-2.1244670976414604,-1.2112277080831433,1.1751931772830095,0.6980989662772954,51-9032
51-9041.01,-0.6930640997747013,0.5298178785117666,0.7774436858514053,-0.3938959961052131,-1.0513615678295174,-1.1112095388014356,-0.7343656681462027,-0.3712809303359428,-0.6930640997747013,-0.6930640997747017,0.30445518941931965,0.39916679330084837,-0.8170544262782746,-0.9225990201058737,-1.0922308930755502,-0.6227163144989182,0.1696318729696764,0.10076627184102072,51-9041
51-9041.02,-0.6930640997747013,0.7361287884784906,0.9945393474295204,-0.6117722154492555,-1.1770904107096616,-1.1112095388014356,-0.9238685214109853,-0.96373299257231,-0.6930640997747013,-0.6930640997747017,0.37296530681958523,0.4889894168648839,-1.0439753658735982,-1.1788329131964255,-1.1820535166395856,-0.6739271101823459,0.0032206034431601083,0.0019131322219357431,51-9041
51-9051.00,-0.479459425426729,0.942439698445214,0.5603480242732903,0.9133613199590419,-1.1142259892695896,-1.1112095388014356,-0.7343656681462027,-0.3712809303359428,-0.479459425426729,-0.4794594254267293,0.8053830142258488,1.0559260158470585,-0.8327705316382927,-0.940345283927098,-1.5353854412737877,-0.8753731188037122,0.5950401573466897,0.35347117968943714,51-9051
51-9061.01,1.0478139961612734,0.6329733334951286,0.1912853995904953,0.29241409482852093,-0.3752611865790442,-0.6670119839273357,0.02364574491292794,-0.31203572411230623,1.0478139961612734,1.0478139961612734,0.37222427597138164,0.48801786204271586,-0.33266578742643954,-0.37563853720296875,0.5597961341185576,0.31915796167188043,-0.9354346713215262,-0.5556754325099673,51-9061
51-9061.02,0.6953662834871189,0.45760906002341356,0.3758167119318928,1.3817951915487334,-0.6834198070479197,-0.8150781316837388,-0.4501113882490287,-0.47002294070867073,0.6953662834871189,0.6953662834871187,0.7384069878346798,0.9681147168063483,-0.6046580669223395,-0.6827659481421936,-0.2727484333192296,-0.15550274237679557,-0.410017514822964,-0.2435623425888613,51-9061
51-9061.03,0.8662500229654969,0.11719605857831943,0.1912853995904953,0.10721930838608465,-0.48003491415356886,-0.5189458361709326,-0.2985091056372026,-0.637884358342308,0.8662500229654969,0.8662500229654967,0.13856692218496647,0.1816730865768299,-0.48384355357600306,-0.5463449851769486,0.6845769363886668,0.3902995506916353,-1.2309219215656153,-0.7312034630763352,51-9061
51-9061.04,2.2974013410969114,0.6329733334951286,0.7340245535357823,-0.43747123997402165,-0.06864274443545074,-0.5189458361709326,-0.2985091056372026,-0.14417430647866872,2.2974013410969114,2.2974013410969114,0.30984221568562975,0.40622964548691787,-0.25756799818056364,-0.2908398450448955,1.8911716956099935,1.0782184205198684,-2.182011540654889,-1.2961783903970672,51-9061
51-9061.05,-0.26585475107875645,-0.914358491255299,-0.09093896046105424,0.04185644258287207,-0.6224043391796147,-0.9335305168517957,-0.9238685214109853,-0.96373299257231,-0.26585475107875645,-0.2658547510787568,-0.3211470030444938,-0.42105118860987284,-0.8608840925036764,-0.9720904686686295,0.15519643753111606,0.08848253076838512,-1.1272869061997455,-0.6696412463314173,51-9061
51-9071.01,-0.9066687741226735,-1.1206694012220226,1.2116350090076344,-0.6117722154492555,-0.9311795856646741,-0.04513540710359583,-0.5448628148814201,-0.96373299257231,-0.9066687741226735,-0.906668774122674,-0.17360220255454792,-0.22760733569964914,-0.6212277000555,-0.7014759958458715,-0.6790614384230249,-0.38715498612423016,-0.022414557422846704,-0.013314899770460562,51-9071
51-9071.02,-0.9066687741226735,0.3235069685450433,1.6458263321638644,-0.6117722154492555,-1.1142259892695896,-1.1112095388014356,-0.9238685214109853,-0.96373299257231,-0.9066687741226735,-0.906668774122674,0.4525203617532174,0.5932928982057597,-1.02825926051358,-1.1610866493752012,-1.4999616723284337,-0.8551768773467455,0.33887502295323246,0.2013016309095505,51-9071
51-9071.03,-0.479459425426729,0.11719605857831943,1.2116350090076344,-0.6117722154492555,-1.1142259892695896,-1.0223700278266155,-0.9238685214109853,-0.96373299257231,-0.479459425426729,-0.4794594254267293,0.23901961737889943,0.3133751616686245,-1.006049382769875,-1.1360077674990572,-0.7928345870953538,-0.452020754231807,-0.3431731804037034,-0.20385486158776794,51-9071
51-9071.04,-0.9066687741226735,0.11719605857831943,1.4287306705857494,-0.6117722154492555,-1.1770904107096616,-0.6670119839273357,-0.9238685214109853,-0.96373299257231,-0.9066687741226735,-0.906668774122674,0.31138483790493776,0.4082521551565026,-0.9329259771550731,-1.0534385038157053,-1.3149209292791766,-0.7496791384764311,0.26148242546347134,0.15532817450298209,51-9071
51-9071.05,-0.6930640997747013,0.11719605857831943,0.9945393474295204,-0.6117722154492555,-0.9921950535329793,-0.9335305168517957,-0.7343656681462027,-0.7662489718268544,-0.6930640997747013,-0.6930640997747017,0.16665439685286146,0.2184981681807469,-0.856585052589458,-0.9672360919163726,-0.9115622679554487,-0.5197112620932138,-0.05567382396092402,-0.03307187252880513,51-9071
51-9071.06,-0.6930640997747013,0.3235069685450433,0.7774436858514053,-0.6117722154492555,-1.1179238964131233,-1.0223700278266155,-0.9238685214109853,-0.96373299257231,-0.6930640997747013,-0.6930640997747017,0.1630594796490644,0.21378492425424786,-1.0069738595557585,-1.1370516653708937,-0.9068490240289496,-0.5170240886156542,-0.23020264134194413,-0.13674707193812566,51-9071
51-9081.00,-0.9066687741226735,-0.914358491255299,1.1030871782185774,-0.43747123997402165,-0.9293306320929072,-0.4893329619776958,-0.6111888135240938,-0.637884358342308,-0.9066687741226735,-0.906668774122674,-0.08291418433691443,-0.10870758729403174,-0.6669341914842511,-0.753086712156074,-0.7979611868286423,-0.45494359528314837,0.04487447467256822,0.026656744598860475,51-9081
51-9082.00,-0.479459425426729,0.942439698445214,0.9945393474295204,0.2597326619269145,-0.8701641177963688,0.48790165874532365,0.40265145144249315,2.3934953601004376,-0.479459425426729,-0.4794594254267293,0.732237235933883,0.9600256443671495,0.6034710881229715,0.6814256390489898,-1.4394850697938788,-0.8206972015909262,2.1209107088428687,1.2598827171824991,51-9082
51-9083.01,-0.479459425426729,-1.1206694012220226,1.1030871782185774,-0.6117722154492555,-1.1770904107096616,-0.9335305168517957,-0.9238685214109853,-0.96373299257231,-0.479459425426729,-0.4794594254267293,-0.20978481281756692,-0.27504583244358793,-0.9995556103861881,-1.1286751494441376,-0.20441359298314138,-0.11654282996657457,-0.9242615564609964,-0.549038276946942,51-9083
51-9083.02,0.1613545976171881,-0.7080475812885751,0.5603480242732903,-0.6117722154492555,-1.1142259892695896,-1.1112095388014356,-0.9238685214109853,-0.96373299257231,0.1613545976171881,0.16135459761718784,-0.25315725748818013,-0.33191081704052494,-1.02825926051358,-1.1610866493752012,0.4932654146577128,0.28122663718154395,-1.654352064032914,-0.9827332970313563,51-9083
51-9111.00,-0.20177334877436495,0.7980220614685077,0.9185558658771799,0.29241409482852093,-1.198045526015281,-1.0371769091207887,-0.9238685214109853,-0.8057457759759455,-0.20177334877436495,-0.20177334877436526,0.6696640073914027,0.87798678987621,-0.9912091831307501,-1.1192505562229396,-1.0797601386505753,-0.6156063322746703,-0.03949041757236427,-0.023458457909756283,51-9111
51-9121.01,-0.479459425426729,-0.5017366713218517,0.9945393474295204,-0.6117722154492555,-1.2399548321497338,-0.9335305168517957,-0.9238685214109853,-0.96373299257231,-0.479459425426729,-0.4794594254267293,-0.03965651311386228,-0.05199308050338998,-1.0152717157462061,-1.1464214132653616,-0.42746634492333935,-0.24371244996873817,-0.7189550683420223,-0.42708024494301516,51-9121
51-9121.02,-0.6930640997747013,0.5298178785117666,0.34325236269517534,0.6954851006149997,-1.1142259892695896,-1.1112095388014356,-0.9238685214109853,-0.5687649510813987,-0.6930640997747013,-0.6930640997747017,0.522851780607314,0.685503403751201,-0.9295172501408523,-1.049589447863027,-1.3785675035259026,-0.7859661180854774,0.32897805566287575,0.19542254416174307,51-9121
51-9122.00,-0.9066687741226735,1.5613724283453856,0.7774436858514053,1.349113758647127,-0.9293306320929072,-0.7558514949021558,-0.5448628148814201,-0.7662489718268544,-0.9066687741226735,-0.906668774122674,1.2293099576146393,1.611730496989517,-0.7490734784258344,-0.8458365011630183,-2.518399271112191,-1.4358212375112418,1.6725627699491725,0.9935509866002419,51-9122
51-9123.00,-0.7998664369486873,0.22035151356168137,1.2116350090076344,-0.6117722154492555,-1.3028192535898055,-0.9335305168517957,-0.9238685214109853,-0.864990982199582,-0.7998664369486873,-0.7998664369486878,0.2734047690400201,0.3584570364493141,-1.0063023185130422,-1.1362933767085424,-1.158323473398002,-0.660397841633011,0.022030096689459433,0.013086518900200258,51-9123
51-9131.01,-0.6930640997747013,-0.5017366713218517,0.9945393474295204,-0.6117722154492555,-0.9921950535329793,-0.4893329619776958,-0.9238685214109853,-0.7662489718268544,-0.6930640997747013,-0.6930640997747017,-0.03965651311386228,-0.05199308050338998,-0.7929113771871288,-0.8953372457154943,-0.6410710192713117,-0.3654954140040818,-0.2542662264441826,-0.15104154216610668,51-9131
51-9131.02,-0.6930640997747013,-0.2954257613551279,0.9945393474295204,-0.6117722154492555,-1.1770904107096616,-0.7558514949021558,-0.9238685214109853,-0.7662489718268544,-0.6930640997747013,-0.6930640997747017,0.02911379020837901,0.03817066905798904,-0.9057648497124142,-1.0227687849357623,-0.7312347688326908,-0.4169006967004592,-0.2915340161030715,-0.1731796943773535,51-9131
51-9131.03,-0.6930640997747013,-0.7080475812885751,0.7774436858514053,-0.6117722154492555,-0.9921950535329793,-0.4893329619776958,-0.9238685214109853,-0.7662489718268544,-0.6930640997747013,-0.6930640997747017,-0.18079203696214177,-0.2370338235526469,-0.7929113771871288,-0.8953372457154943,-0.45603027622205483,-0.2599976751337675,-0.4393069694934395,-0.2609611315058945,51-9131
51-9131.04,-0.479459425426729,-0.7080475812885751,-0.09093896046105424,-0.6117722154492555,-1.1142259892695896,-0.8446910058769757,-0.9238685214109853,-0.96373299257231,-0.479459425426729,-0.4794594254267293,-0.47025291906629496,-0.6165417975041589,-0.9616296272824651,-1.0858500037467693,0.13708237207742963,0.07815511359732406,-1.222932375824199,-0.726457440268406,51-9131
51-9132.00,0.5138023102913425,-0.9865673097436524,1.2116350090076344,-0.6117722154492555,-1.2399548321497338,-0.9335305168517957,-0.8006916667888767,-0.9044877863486732,0.5138023102913425,0.5138023102913423,-0.12890150539509115,-0.1690008984847529,-0.9696662005347698,-1.0949247169716385,0.6828032087760951,0.38928829095815953,-1.7777279257477336,-1.056022151316412,51-9132
51-9141.00,-0.20177334877436495,-0.2335324883651107,0.9185558658771799,-0.25227645353158534,-1.2242387267897157,-1.0223700278266155,-0.9238685214109853,-0.96373299257231,-0.20177334877436495,-0.20177334877436526,0.14424897466016126,0.18912274335626114,-1.0335525671499066,-1.1670637291861996,-0.39089609213062637,-0.22286256082556707,-0.7761676370555732,-0.4610661766596527,51-9141
51-9191.00,-0.9066687741226735,0.5298178785117666,0.9945393474295204,1.7848661973352122,-1.0670776731895357,-1.1112095388014356,-0.9238685214109853,-0.3712809303359428,-0.9066687741226735,-0.906668774122674,1.1030744744254999,1.4462249816409438,-0.8683591659344749,-0.9805311492410218,-2.352893755763618,-1.3414611665770655,1.372362606522596,0.8152233483740886,51-9191
51-9192.00,-0.479459425426729,0.5298178785117666,0.5603480242732903,-0.6117722154492555,-1.2242387267897157,-1.1112095388014356,-0.9238685214109853,-0.7662489718268544,-0.479459425426729,-0.4794594254267293,0.15946456244526716,0.2090716803277486,-1.0063914397072478,-1.1363940103062566,-0.6885311057544778,-0.39255395110275076,-0.44786290455177874,-0.2660436060600536,51-9192
51-9193.00,-0.9066687741226735,1.3137993363853169,0.7340245535357823,-0.25227645353158534,-1.1142259892695896,-0.9335305168517957,-0.7722662387991592,-0.8057457759759455,-0.9066687741226735,-0.906668774122674,0.598515812129838,0.784705420601907,-0.9064421302241226,-1.0235335544741702,-1.691374194724581,-0.9643073746171845,0.6678406402504108,0.39671678631989216,51-9193
51-9194.01,-0.7251048009268971,-0.13037703338174922,0.6797506381412538,-0.6117722154492555,-1.3028192535898055,-1.1112095388014356,-0.7059402401564853,-0.7958715749386728,-0.7251048009268971,-0.7251048009268976,-0.020799536896583648,-0.027269971850331053,-0.9789601518715998,-1.105419232539382,-0.6978348290765665,-0.39785830601065386,-0.40758440346281544,-0.24211700359422536,51-9194
51-9194.02,-0.9066687741226735,-0.2954257613551279,1.6458263321638644,-0.6117722154492555,-0.9330285392364409,-0.4004934510028758,-0.3553599616166373,-0.7662489718268544,-0.9066687741226735,-0.906668774122674,0.24620945178649367,0.32280164952162277,-0.613782730920702,-0.6930693083504369,-1.2294704236442968,-0.7009610292576135,0.5364011152938599,0.31863788127358605,51-9194
51-9194.03,-0.9066687741226735,-0.2954257613551279,1.2116350090076344,-0.6117722154492555,-1.1179238964131233,-0.6670119839273357,-0.7343656681462027,-0.96373299257231,-0.9066687741226735,-0.906668774122674,0.10147901073441701,0.13304766254586664,-0.870758635264743,-0.9832405746864761,-1.0397164366685407,-0.5927761169097395,0.05647586198206456,0.0335483064668984,51-9194
51-9194.04,-0.9066687741226735,-1.1206694012220226,1.4287306705857494,-0.6117722154492555,-1.055059474973051,-0.6670119839273357,-0.9238685214109853,-0.96373299257231,-0.9066687741226735,-0.906668774122674,-0.10123698202850957,-0.13273034221177107,-0.9024182432209205,-1.0189898740450936,-0.773938431910903,-0.44124744229816715,-0.24505144213419072,-0.14556769197226369,51-9194
51-9194.05,-0.6930640997747013,-0.914358491255299,1.4287306705857494,-0.6117722154492555,-1.1770904107096616,-0.8446910058769757,-0.9238685214109853,-0.96373299257231,-0.6930640997747013,-0.6930640997747017,-0.03246667870626837,-0.04256659265039216,-0.977345732642483,-1.1035962675679933,-0.6504975071243095,-0.37086976095920093,-0.4530987604436838,-0.2691538569161438,51-9194
51-9194.06,-0.9066687741226735,-0.914358491255299,1.4287306705857494,-0.6117722154492555,-1.1179238964131233,-0.8446910058769757,-0.9238685214109853,-0.96373299257231,-0.9066687741226735,-0.906668774122674,-0.03246667870626837,-0.04256659265039216,-0.9625541040683485,-1.0868939016186059,-0.8641021814722818,-0.49265272499454443,-0.2227917201463241,-0.13234476895863947,51-9194
51-9195.01,-0.6930640997747013,1.1487506084119379,0.5603480242732903,-0.17601977676117064,-1.1770904107096616,-1.1112095388014356,-0.7343656681462027,-0.5687649510813987,-0.6930640997747013,-0.6930640997747017,0.5110262853080192,0.6699991679823288,-0.8978576421846747,-1.0138401485044095,-1.3630632677570307,-0.7771266496009998,0.34922311925262106,0.20744870142458072,51-9195
51-9195.02,-0.9066687741226735,0.942439698445214,0.9945393474295204,0.2597326619269145,-1.1770904107096616,-1.1112095388014356,-0.9238685214109853,-0.5687649510813987,-0.9066687741226735,-0.906668774122674,0.732237235933883,0.9600256443671495,-0.9452333555008703,-1.0673357116842512,-1.8666944184898235,-1.0642631296616134,0.7993587068055723,0.474842347362727,51-9195
51-9195.03,-0.6930640997747013,0.5298178785117666,0.9945393474295204,-0.17601977676117064,-0.9940440071047462,-1.0223700278266155,-0.9238685214109853,-0.5687649510813987,-0.6930640997747013,-0.6930640997747017,0.44944581639337217,0.5892619062739481,-0.8772618768559364,-0.9905838851521895,-1.2823260060486499,-0.7310957138597417,0.29174212089646034,0.17330331468416804,51-9195
51-9195.04,-0.6930640997747013,0.5298178785117666,1.4287306705857494,-0.6117722154492555,-1.2399548321497338,-1.1112095388014356,-0.7343656681462027,-0.3712809303359428,-0.6930640997747013,-0.6930640997747017,0.4489254445494202,0.5885796542792604,-0.8642027423583287,-0.9758378115695465,-1.2816437540539622,-0.7307067398338423,0.3058059424844156,0.18165763421413544,51-9195
51-9195.05,-0.9066687741226735,-0.5017366713218517,0.9945393474295204,-0.3938959961052131,-1.2399548321497338,-0.7558514949021558,-0.9238685214109853,-0.7662489718268544,-0.9066687741226735,-0.906668774122674,0.03296889333415187,0.043225038981831714,-0.9214809550724323,-1.0405150487569867,-0.9498938131045057,-0.5415653212263121,-0.09062123565248104,-0.05383165266329088,51-9195
51-9195.06,-0.9066687741226735,0.11719605857831943,1.6458263321638644,-0.6117722154492555,-1.2399548321497338,-0.9335305168517957,-0.9238685214109853,-0.96373299257231,-0.9066687741226735,-0.906668774122674,0.3837500584309761,0.5031291486443806,-1.0152717157462061,-1.1464214132653616,-1.4097979227670545,-0.8037715946503681,0.263376509501693,0.15645331557313522,51-9195
51-9195.07,-0.9066687741226735,0.9733863349402228,1.6458263321638644,0.10721930838608465,-1.2242387267897157,-0.9335305168517957,-0.9238685214109853,-0.96373299257231,-0.9066687741226735,-0.906668774122674,0.908810658496724,1.191528503625335,-1.0113426894062016,-1.1419848473100556,-2.098197277748009,-1.19625043035706,0.9562124304379533,0.5680180264265446,51-9195
51-9196.00,-0.8212269043834846,0.5401334240101031,1.1030871782185774,-0.6117722154492555,-1.1770904107096616,-1.1112095388014356,-0.8480673801050722,-0.8057457759759455,-0.8212269043834846,-0.821226904383485,0.343816128926475,0.45077235152551265,-0.9855282763980288,-1.1128358073196192,-1.2719992559089977,-0.7252080981289618,0.15916344858937848,0.09454772294224836,51-9196
51-9197.00,-0.9066687741226735,1.3137993363853169,1.2767637074810694,-0.6117722154492555,-1.2242387267897157,-0.8891107613643856,-0.9238685214109853,-0.96373299257231,-0.9066687741226735,-0.906668774122674,0.6595969428057104,0.8647880071709861,-1.0002377505343492,-1.1294454063719837,-1.7714567812936601,-1.009965058793664,0.6420113749216765,0.38137345062475214,51-9197
51-9198.01,-0.9066687741226735,1.7676833383121084,0.9945393474295204,-0.3938959961052131,-0.7444352749162249,-1.1112095388014356,-0.9238685214109853,0.22117113190042445,-0.9066687741226735,-0.906668774122674,0.7894422298788052,1.035026284157,-0.6395855508070554,-0.7222052576550064,-1.941695058279674,-1.1070234308864626,1.2194898006246675,0.7244124503598695,51-9198
51-9198.02,-0.9066687741226735,1.3550615183786616,1.4287306705857494,-0.3938959961052131,0.7328786289254674,-1.1112095388014356,-0.9238685214109853,0.4186551526458799,-0.9066687741226735,-0.906668774122674,0.7966320642863994,1.044452772009998,-0.2208860696602684,-0.2494194571001494,-1.951121546132672,-1.112397777841582,1.7017020890325227,1.0108605906069135,51-9198
53-1021.00,-0.05225007673078418,0.3235069685450433,0.1261567011170608,-0.17601977676117064,0.8567585182338444,0.48790165874532365,0.40265145144249315,0.023687111154968556,-0.05225007673078418,-0.052250076730784474,0.09121463096697781,0.11959018276105723,0.44274968489415745,0.4999427361236922,-0.1718402594918417,-0.09797171436158568,0.671782995615534,0.3990586601992599,53-1021
53-1031.00,0.3749592719651606,-0.08911485138840444,-0.7422259451953989,2.0027424166792547,0.8567585182338444,-0.04513540710359583,0.02364574491292794,1.011107214882247,0.3749592719651606,0.3749592719651604,0.3904672066984838,0.5119359045390044,0.4615940177313559,0.52122132228758,-0.13697663257384401,-0.07809482807126254,0.6581979548614239,0.3909887504256131,53-1031
53-2011.00,0.1613545976171881,-0.2335324883651107,0.3758167119318928,3.7457521714315947,0.36493686814386933,0.2213831258208639,0.3363254527998194,-0.8057457759759455,0.1613545976171881,0.16135459761718784,1.2960121316661255,1.6991827521903846,0.02922491769715177,0.033000103252465655,-1.5378281545731967,-0.8767657890100109,1.5708282578256623,0.9331177241196478,53-2011
53-2012.00,0.1613545976171881,-0.2335324883651107,0.3758167119318928,3.7457521714315947,0.36493686814386933,0.2213831258208639,0.3363254527998194,-0.8057457759759455,0.1613545976171881,0.16135459761718784,1.2960121316661255,1.6991827521903846,0.02922491769715177,0.033000103252465655,-1.5378281545731967,-0.8767657890100109,1.5708282578256623,0.9331177241196478,53-2012
53-2021.00,0.3322383370955661,-1.4301357661721081,-0.35145375435479176,-0.6117722154492555,1.102669343278832,-0.6670119839273357,-0.13743168036213724,1.998527318609526,0.3322383370955661,0.3322383370955659,-0.797787245325385,-1.0459673131544387,0.5741882493997212,0.6483601327092839,1.3782056502500046,0.7857598137776749,-0.7298455175407206,-0.4335494888723269,53-2021
53-3011.00,-0.9066687741226735,1.489163609857032,-0.5251302836172838,3.7457521714315947,1.4729222960251382,1.9981733453172632,1.2838397191237327,2.65022458706953,-0.9066687741226735,-0.906668774122674,1.5699284992237807,2.0583105380532047,1.8512899868839159,2.0904339697551584,-2.9649793121758785,-1.690431026579641,5.055413281931037,3.003062691684323,53-3011
53-3021.00,-0.9066687741226735,-0.7493097632819199,-0.35145375435479176,3.3753625985467224,0.30207244670379724,1.1986177465438836,1.2838397191237327,0.18167432775133327,-0.9066687741226735,-0.906668774122674,0.7581996936366702,0.994064646977669,0.7415510600306867,0.837342359748471,-1.900733421100343,-1.0836698708453893,2.7380757808488143,1.6264967404070807,53-3021
53-3022.00,-0.9066687741226735,-0.914358491255299,-0.7096615959586813,3.5605573849891585,1.1639926619168366,0.6655806806949637,1.1227622938486674,1.1690944314786118,-0.9066687741226735,-0.906668774122674,0.6455124325917261,0.8463220096360058,1.0303575169847699,1.1634559522049635,-1.7529907837586798,-0.9994369937101453,2.9164467359636435,1.7324542815046573,53-3022
53-3031.00,-0.7357850346442958,-0.05816821489339564,0.01760887032800328,3.2010616230714883,0.7328786289254674,1.3762967684935232,1.9186742775607544,-0.8057457759759455,-0.7357850346442958,-0.7357850346442962,1.053500759502032,1.3812296013495038,0.8055259747509498,0.9095813584417715,-2.1170146359938,-1.2069788175961622,3.0265959944355716,1.797886148334621,53-3031
53-3032.01,-0.7357850346442958,1.1487506084119379,0.5603480242732903,3.3753625985467224,-0.48003491415356886,0.369449273577267,0.17524802752475419,-0.8057457759759455,-0.7357850346442958,-0.7357850346442962,1.6948204104106501,2.222054515591443,-0.18527084725687332,-0.20920356910857757,-2.957839550235739,-1.6863604163543213,2.7486359811271615,1.6327698068616012,53-3032
53-3032.02,-0.7357850346442958,0.45760906002341356,0.1912853995904953,3.5605573849891585,-0.47695363302621985,0.8136468284513668,0.02364574491292794,0.18167432775133327,-0.7357850346442958,-0.7357850346442962,1.403150614867689,1.8396504671938694,0.13550331702235205,0.15300722141041273,-2.5754355018381654,-1.468339445534618,2.7284427232485786,1.6207744236996593,53-3032
53-3033.00,-0.7357850346442958,0.2822447865516985,0.5603480242732903,2.8306720501866165,-0.06864274443545074,0.369449273577267,0.810082585961776,0.023687111154968556,-0.7357850346442958,-0.7357850346442962,1.2244216203372018,1.6053214687205972,0.2836440565646402,0.32028432896129394,-2.3411065033648937,-1.33474087106232,2.6613908323261875,1.5809436480921297,53-3033
53-3041.00,-0.9066687741226735,0.3235069685450433,-0.7422259451953989,3.092123513399468,1.2265492325872092,1.9093338343424435,1.3501657177664064,0.8136231941367913,-0.9066687741226735,-0.906668774122674,0.8911348455830375,1.1683540010878712,1.3249179947082128,1.4960668522492273,-2.0750227752105452,-1.1830378936105124,3.5710896274597728,2.121331220775869,53-3041
53-4011.00,-0.9066687741226735,0.11719605857831943,0.1912853995904953,3.5605573849891585,-0.06633155247074225,0.2213831258208639,-0.7722662387991592,-0.31203572411230623,-0.9066687741226735,-0.906668774122674,1.2896796143859912,1.6908802804175942,-0.23231259739033594,-0.2623220287623491,-2.597549054540268,-1.4809471003138703,2.335227025777919,1.3871928498490418,53-4011
53-4012.00,-0.9066687741226735,-0.05816821489339564,-0.8941929083000788,2.28598150182651,-0.21887022214150526,-0.6670119839273357,-0.9238685214109853,0.023687111154968556,-0.9066687741226735,-0.906668774122674,0.44454012621101197,0.5828301268624854,-0.44651590408121444,-0.5041954639955795,-1.4894989009851594,-0.8492117115089779,0.9853034369895799,0.5852989313826205,53-4012
53-4013.00,-0.6930640997747013,0.5298178785117666,0.1261567011170608,3.092123513399468,-0.8701641177963688,-0.5781724729525157,-0.9238685214109853,-0.3712809303359428,-0.6930640997747013,-0.6930640997747017,1.2493660310094317,1.6380257246007621,-0.6858715106239532,-0.7744702963088522,-2.331089824375464,-1.329030036967294,1.5566195280666117,0.9246773249166511,53-4013
53-4021.01,-0.9066687741226735,1.3550615183786616,0.34325236269517534,-0.17601977676117064,0.8567585182338444,1.0209387245942434,0.9711600112368411,0.023687111154968556,-0.9066687741226735,-0.906668774122674,0.5074313681042221,0.6652859240558298,0.7181360913049744,0.8109027169200821,-1.5719546981785038,-0.8962224401587836,2.382857415098586,1.4154866879948835,53-4021
53-4021.02,-0.9066687741226735,1.5613724283453856,0.34325236269517534,0.477608881270957,-0.12873373551787246,-1.0223700278266155,-0.9238685214109853,-0.96373299257231,-0.9066687741226735,-0.906668774122674,0.794077890770506,1.041104032072874,-0.7596763193319458,-0.8578089846545712,-1.947772806195548,-1.110488552415821,1.0899638215409766,0.6474702472801762,53-4021
53-4031.00,0.1613545976171881,0.11719605857831943,-0.09093896046105424,0.477608881270957,0.9806384075422215,1.0209387245942434,1.5396685710311893,1.208591235627703,0.1613545976171881,0.16135459761718784,0.16795532646274072,0.22020379816746535,1.1874592346988393,1.340851589702661,-0.05884920055027751,-0.033551841016587786,1.3997007902529384,0.8314630255360798,53-4031
53-4041.00,-0.7357850346442958,-0.914358491255299,0.3758167119318928,3.2010616230714883,0.11717708952711511,1.3762967684935232,1.2838397191237327,0.023687111154968556,-0.7357850346442958,-0.7357850346442962,0.8875066145826941,1.16359707992478,0.7002501720748349,0.7907063493040533,-1.8993821145690761,-1.0828994470931923,2.6900884638731295,1.5979908768412314,53-4041
53-5011.01,-0.9066687741226735,1.489163609857032,0.5603480242732903,3.015866836629052,0.5507567021064351,-0.6670119839273357,-0.7722662387991592,0.023687111154968556,-0.9066687741226735,-0.906668774122674,1.688459490253125,2.2137148052171023,-0.21620860236627282,-0.2441377688756885,-3.1203835793397765,-1.7790320477732557,2.876245810464088,1.7085737611977632,53-5011
53-5011.02,-0.9066687741226735,2.0049408847738412,1.461295019822467,2.1116805263512757,-0.6071504722125382,-0.4449132064902858,-0.7722662387991592,0.023687111154968556,-0.9066687741226735,-0.906668774122674,1.859305476982528,2.4377085062315733,-0.45016070158675364,-0.5083110853042015,-3.344377280354247,-1.9067381334104576,2.836066195050046,1.6847058997021658,53-5011
53-5021.01,0.5885639463131327,0.11719605857831943,-0.09093896046105424,3.7457521714315947,0.9806384075422215,0.9320992136194235,0.40265145144249315,0.22117113190042445,0.5885639463131327,0.5885639463131325,1.2573364231829534,1.6484755904457913,0.6341400511261407,0.7160563249670298,-1.0599116441326588,-0.6042900607492009,1.7759679690996886,1.0549766858215104,53-5021
53-5021.02,-0.9066687741226735,0.45760906002341356,-0.16692244201339423,2.656371074711382,-0.0048538462094953605,-1.1112095388014356,-0.9238685214109853,-0.637884358342308,-0.9066687741226735,-0.906668774122674,0.982352564240467,1.2879482320752005,-0.6694540661910561,-0.7559320965766414,-2.1946170061978743,-1.251222449850317,1.438684909621233,0.8546207275703585,53-5021
53-5021.03,-0.37265708825274274,-0.3985812163384898,-1.0678694375625708,3.5605573849891585,0.5484455101417267,-0.5559625952088108,-0.9238685214109853,-0.47002294070867073,-0.37265708825274274,-0.3726570882527431,0.6980355770293659,0.9151843442844544,-0.35035213679668503,-0.3956095551344978,-1.2878414325371974,-0.7342402376757335,0.8922318774026996,0.5300117149543975,53-5021
53-5022.00,-0.9066687741226735,0.6329733334951286,0.01760887032800328,3.3753625985467224,0.2410569788354922,1.1097782355690635,1.1227622938486674,-0.14417430647866872,-0.9066687741226735,-0.906668774122674,1.3419816007899514,1.7594526579683005,0.5823558004436387,0.6575827430366118,-2.6661214320909745,-1.5200424404068102,3.3237041751275864,1.9743770587848906,53-5022
53-5031.00,-0.7357850346442958,0.6329733334951286,0.01760887032800328,0.8371046431886272,-0.3154780462663216,-1.1112095388014356,-0.9238685214109853,-0.47002294070867073,-0.7357850346442958,-0.7357850346442962,0.4958956156705863,0.6501615659654676,-0.7051447617968533,-0.7962332071682517,-1.3859466006097638,-0.7901731810513059,0.5897133934415121,0.35030692682642706,53-5031
53-6011.00,-0.9066687741226735,0.45760906002341356,0.01760887032800328,1.1966004051062975,-0.4523006105770667,0.11033373710233894,0.3363254527998194,0.5173971630186078,-0.9066687741226735,-0.906668774122674,0.5572727784859047,0.7306322759889113,0.12793893558592487,0.14446569629715436,-1.6373010501115854,-0.933478518246023,1.7817667464087397,1.0584213283903856,53-6011
53-6021.00,-0.9066687741226735,0.11719605857831943,-0.5251302836172838,3.015866836629052,-0.06956722122133405,0.48790165874532365,1.4449171443987978,0.34953574538497056,-0.9066687741226735,-0.906668774122674,0.8693108705300293,1.1397409031945425,0.5531968318269395,0.6246571079652681,-2.0464096773172162,-1.1667246369726616,2.6710667852824845,1.5866914458900676,53-6021
53-6031.00,-0.6930640997747013,0.942439698445214,0.5603480242732903,1.349113758647127,1.104518296850599,2.0870128562920827,1.5396685710311893,0.8136231941367913,-0.6930640997747013,-0.6930640997747017,0.950633827121877,1.2463622548175017,1.3862057295776657,1.5652715494107454,-1.9394263545922035,-1.105729969212829,3.504697904002949,2.0818926038654726,53-6031
53-6041.00,0.6953662834871189,-1.089722764727014,-0.8941929083000788,0.29241409482852093,-0.6048392802478297,-0.22281442905323592,0.02364574491292794,-0.637884358342308,0.6953662834871189,0.6953662834871187,-0.5638338593995239,-0.7392344142341882,-0.3604730806826114,-0.4070378916214995,1.434600697721307,0.817912462397999,-1.8416385893428062,-1.093986946426069,53-6041
53-6051.01,-0.05225007673078418,-0.2954257613551279,-0.09093896046105424,1.1312375393030847,-0.12873373551787246,-0.04513540710359583,-0.5448628148814201,-0.7662489718268544,-0.05225007673078418,-0.052250076730784474,0.24829093916230086,0.3255306575003727,-0.37124523233243567,-0.41920155690121597,-0.37778073423115716,-0.21538506921983674,-0.0414208226700588,-0.024605174746823527,53-6051
53-6051.02,0.1613545976171881,-0.5017366713218517,-0.9593216067735133,1.7848661973352122,-0.006702799781261981,-0.31165394002805596,0.02364574491292794,-0.3712809303359428,0.1613545976171881,0.16135459761718784,0.10793597307994911,0.1415132924431471,-0.1664979813080832,-0.18800568170733623,0.019841305174040758,0.011312172646971907,-0.20784698688137698,-0.12346716224238038,53-6051
53-6051.03,-0.26585475107875645,-0.7080475812885751,-1.1764172683516283,-0.6117722154492555,-0.0048538462094953605,0.6655806806949637,-0.3553599616166373,-0.3712809303359428,-0.26585475107875645,-0.2658547510787568,-0.8320790216964863,-1.0909267649435488,-0.01647851436677794,-0.018607158493517392,0.825072013864792,0.4704003585023525,-0.8436791723583095,-0.5011699944129134,53-6051
53-6051.04,-0.5542210614485191,0.6329733334951286,-0.16692244201339423,1.3817951915487334,-0.1305826890896395,-0.7558514949021558,-0.7722662387991592,-0.8057457759759455,-0.5542210614485191,-0.5542210614485196,0.6159486943434893,0.8075614202138257,-0.616111549691725,-0.6956989568133144,-1.3617824816623454,-0.776396431840634,0.6660835248490309,0.3956730086082404,53-6051
53-6051.05,-0.7357850346442958,0.11719605857831943,-0.5251302836172838,2.656371074711382,-0.12873373551787246,-0.04513540710359583,0.17524802752475419,-0.8057457759759455,-0.7357850346442958,-0.7357850346442962,0.7494789498908059,0.9826310060439265,-0.20109172276816492,-0.22706813696903413,-1.7184160406882227,-0.9797248094860237,1.4913479037191886,0.8859040794919946,53-6051
53-6051.06,-0.9066687741226735,0.45760906002341356,-0.5251302836172838,-0.25227645353158534,-0.37649351413462706,-0.6670119839273357,-0.9238685214109853,-0.8057457759759455,-0.9066687741226735,-0.906668774122674,-0.10659922570848518,-0.13976070230750798,-0.6932799488622234,-0.7828357339581858,-0.766908071815166,-0.43723920561838414,-0.015927662143019772,-0.009461495090503253,53-6051
53-7011.00,-0.9066687741226735,0.7980220614685077,0.9185558658771799,1.5669899779911696,-1.1142259892695896,-1.0223700278266155,-0.9238685214109853,0.023687111154968556,-0.9066687741226735,-0.906668774122674,1.0945226351122856,1.435012788864757,-0.7591943568380555,-0.8572647637186216,-2.3416815629874312,-1.3350687312345912,1.4844167992688093,0.8817868016303614,53-7011
53-7021.00,-0.9066687741226735,0.7361287884784906,0.5603480242732903,1.5669899779911696,-0.12873373551787246,-1.0223700278266155,-0.9238685214109853,-0.7662489718268544,-0.9066687741226735,-0.906668774122674,0.9544889302476501,1.2514166247413447,-0.710305314145582,-0.8020603838984842,-2.158085398864019,-1.2303945937386822,1.3560250149655344,0.8055183432754257,53-7021
53-7031.00,-0.9066687741226735,0.7980220614685077,0.9185558658771799,1.7412909534664038,0.2410569788354922,-0.6670119839273357,-0.9238685214109853,-0.8057457759759455,-0.9066687741226735,-0.906668774122674,1.152622960270697,1.5111872844529344,-0.5388923256196936,-0.6085047893614535,-2.4178560585756084,-1.3784982857841006,1.809351269214155,1.0748073381358076,53-7031
53-7032.01,-0.9066687741226735,0.5298178785117666,0.34325236269517534,3.7457521714315947,-0.37464456056286005,-1.1112095388014356,-0.9238685214109853,-0.5687649510813987,-0.9066687741226735,-0.906668774122674,1.5396074708795122,2.018557076544305,-0.7446218929641699,-0.840809873495683,-2.925225850666979,-1.6677662867372345,2.084415977171296,1.2382037839254205,53-7032
53-7032.02,-0.9066687741226735,0.6329733334951286,-0.35145375435479176,3.015866836629052,-0.6811086150832112,-0.7780613726458607,-0.9238685214109853,-0.31203572411230623,-0.9066687741226735,-0.906668774122674,1.099128805256463,1.441051871888292,-0.6737685583130909,-0.7608039216056979,-2.3477206460109663,-1.3385118086527545,1.5869167244052682,0.9426747417277452,53-7032
53-7033.00,-0.9066687741226735,0.45760906002341356,0.3758167119318928,3.3753625985467224,-0.8382696686833911,-1.0001601500829105,-0.9238685214109853,-0.31203572411230623,-0.9066687741226735,-0.906668774122674,1.4029294568340098,1.8393605100961274,-0.7685835160723983,-0.8678667858491184,-2.7460292842188014,-1.5656005028018858,1.878162498369683,1.1156832118817765,53-7033
53-7041.00,-0.9066687741226735,1.489163609857032,0.9185558658771799,1.9264857399088398,-0.5003734034430042,-1.0223700278266155,-0.7722662387991592,-0.96373299257231,-0.9066687741226735,-0.906668774122674,1.4447350718810172,1.8941712470459926,-0.8146856656602722,-0.9199242702302882,-2.800840021168667,-1.5968498845258186,1.8809157509383785,1.1173187240760782,53-7041
53-7051.00,-0.9066687741226735,0.9733863349402228,0.3758167119318928,3.5605573849891585,-1.0513615678295174,-1.0223700278266155,-0.9238685214109853,-0.637884358342308,-0.9066687741226735,-0.906668774122674,1.6365868106204247,2.145705285562013,-0.9088711188523565,-1.0262763124302892,-3.052374059684687,-1.7402576112516825,2.026097747254398,1.2035610572596378,53-7051
53-7061.00,-0.9066687741226735,1.6645278833287471,0.9185558658771799,0.477608881270957,-1.2399548321497338,-0.4893329619776958,-0.7722662387991592,-0.47002294070867073,-0.9066687741226735,-0.906668774122674,1.020230876825628,1.3376099395964403,-0.7428942434088149,-0.8388590514505504,-2.2442787137191145,-1.2795362026249428,1.4054196622685637,0.8348602020339985,53-7061
53-7062.01,-0.9066687741226735,2.0049408847738412,1.6458263321638644,-0.06708166708914928,-0.9145390035187726,-0.7780613726458607,-0.9238685214109853,-0.47002294070867073,-0.9066687741226735,-0.906668774122674,1.1945618499495188,1.5661727558440521,-0.7716229595710723,-0.8712988553702604,-2.4728415299667263,-1.4098472892894374,1.6015426745964656,0.9513629820159538,53-7062
53-7062.02,-0.6930640997747013,1.7676833383121084,0.9945393474295204,-0.17601977676117064,-0.4985244498712371,-0.9335305168517957,-0.9238685214109853,-0.5687649510813987,-0.6930640997747013,-0.6930640997747017,0.8620676363268194,1.1302444036422217,-0.7311721098038542,-0.825622688449925,-1.8233085034169234,-1.0395274100380056,0.9976858149669984,0.5926544244480886,53-7062
53-7062.03,-0.6930640997747013,1.7676833383121084,1.4287306705857494,1.1312375393030847,-1.1770904107096616,-0.9335305168517957,-0.9238685214109853,-0.5687649510813987,-0.6930640997747013,-0.6930640997747017,1.442550516066981,1.8913071075293078,-0.9008136000134603,-1.0171779479319634,-2.5843712073040095,-1.4734339815071995,1.5671932593720461,0.9309584291952543,53-7062
53-7063.00,-0.6930640997747013,0.942439698445214,0.9945393474295204,-0.3938959961052131,-0.868315164224602,-1.0223700278266155,-0.9238685214109853,-0.7662489718268544,-0.6930640997747013,-0.6930640997747017,0.5143610165898405,0.6743712859114843,-0.8952006713222642,-1.010839958265828,-1.367435385686186,-0.7796193360656097,0.356595427420358,0.2118280671411802,53-7063
53-7064.00,-0.9066687741226735,1.5613724283453856,1.6458263321638644,-0.6117722154492555,-1.2242387267897157,-0.7558514949021558,-0.9238685214109853,-0.7662489718268544,-0.9066687741226735,-0.906668774122674,0.8651421816866649,1.1342753955740335,-0.9175519287324279,-1.0360784828016807,-2.0409441696967074,-1.1636085735250095,1.0048656868950268,0.5969194774349925,53-7064
53-7071.01,-0.9066687741226735,-0.2335324883651107,-0.7096615959586813,-0.43747123997402165,-1.3028192535898055,-1.1112095388014356,-0.2985091056372026,-0.637884358342308,-0.9066687741226735,-0.906668774122674,-0.4602217747659379,-0.6033901093652622,-0.8376055640926879,-0.945804891097852,-0.30327866475741183,-0.17290901912882,-0.6425262263404401,-0.3816792873588083,53-7071
53-7071.02,-0.9066687741226735,0.11719605857831943,0.1912853995904953,-0.6117722154492555,-1.2399548321497338,-1.1112095388014356,-0.9238685214109853,-0.8057457759759455,-0.9066687741226735,-0.906668774122674,-0.10109691909348027,-0.13254670772440175,-1.020194667084525,-1.15198029641278,-0.7741220663982722,-0.4413521382849905,-0.3778582300145079,-0.22445879100689545,53-7071
53-7072.00,-0.6930640997747013,-0.08911485138840444,0.5603480242732903,-0.17601977676117064,-0.6834198070479197,-1.1112095388014356,-0.9238685214109853,-0.7662489718268544,-0.6930640997747013,-0.6930640997747017,0.09840446537457175,0.12901667061405508,-0.8711867097717987,-0.9837239465501363,-0.8220807703887568,-0.46869495342273576,-0.16164317616137946,-0.09602075332408347,53-7072
53-7073.00,-0.7357850346442958,-0.2335324883651107,-0.35145375435479176,-0.43747123997402165,-1.3028192535898055,-1.1112095388014356,-0.9238685214109853,-0.8057457759759455,-0.7357850346442958,-0.7357850346442962,-0.3408191608979747,-0.4468430701102635,-1.0359107724445429,-1.1697265602340041,-0.28894196453403276,-0.1647352005875412,-0.8807845956999714,-0.523211696303987,53-7073
53-7081.00,-0.9066687741226735,2.1803051582455564,1.1030871782185774,2.656371074711382,-1.3028192535898055,-0.4893329619776958,-0.6111888135240938,-0.8057457759759455,-0.9066687741226735,-0.906668774122674,1.9799211370585053,2.5958459528168008,-0.8022717012668852,-0.905906707854257,-3.5025147269394745,-1.996897428982599,2.5966080190852177,1.542460770697782,53-7081
53-7111.00,-0.9066687741226735,-0.5739454898102049,0.3758167119318928,3.5605573849891585,-0.9931195303188626,-1.0001601500829105,-0.9238685214109853,-0.637884358342308,-0.9066687741226735,-0.906668774122674,1.1208095357036154,1.4694771638516708,-0.8887581400387665,-1.0035652004798248,-2.3761459379743446,-1.3547179910288525,1.37258073749452,0.8153529245228927,53-7111
53-7121.00,-0.05225007673078418,0.5298178785117666,0.1261567011170608,0.04185644258287207,-0.6834198070479197,-0.6670119839273357,-0.9238685214109853,-0.5687649510813987,-0.05225007673078418,-0.052250076730784474,0.23261034073723316,0.30497205180765785,-0.7107663158669099,-0.802580936413329,-0.3572221285384423,-0.20366394024484966,-0.44535880787488663,-0.2645560997203399,53-7121
