cluster_id,producer_id,producer_index,benchmark_score,skill_quintile,cumulative_revenue,continued
B000_M00,B000_M00_P000,0,0.324329025468818,4,33.048252650630225,0
B000_M00,B000_M00_P001,1,-0.01215581443651259,3,17.741630176317113,0
B000_M00,B000_M00_P002,2,-2.3836342475177954,1,6.690792026183085,0
B000_M00,B000_M00_P003,3,0.17437137706241423,4,48.17205092712306,1
B000_M00,B000_M00_P004,4,-0.9609667350604374,1,8.734043114792083,0
B000_M00,B000_M00_P005,5,-0.6087751571211443,2,9.736631864818161,1
B000_M00,B000_M00_P006,6,1.4319085927386255,5,67.08247737152564,1
B000_M00,B000_M00_P007,7,0.09636199676620265,3,17.117547320480305,0
B000_M00,B000_M00_P008,8,0.9007190630936602,5,66.01184087764052,1
B000_M00,B000_M00_P009,9,1.3326996458883602,5,76.90466271723722,0
B000_M00,B000_M00_P010,10,0.17777587938670059,4,50.942167104910325,1
B000_M00,B000_M00_P011,11,-0.2868069907117886,2,14.937477097655322,0
B000_M00,B000_M00_P012,12,0.13661041033173896,3,18.700916666741687,0
B000_M00,B000_M00_P013,13,-0.9590334520080267,1,7.413383550569173,1
B000_M00,B000_M00_P014,14,0.518556794268712,4,54.1489707096396,0
B000_M00,B000_M00_P015,15,-1.7834675445173873,1,7.68305198070901,0
B000_M00,B000_M00_P016,16,1.264522813401648,5,108.06345305151797,1
B000_M00,B000_M00_P017,17,0.9466057036085859,5,41.22015933636498,0
B000_M00,B000_M00_P018,18,0.38244585331452935,4,40.64944696015292,1
B000_M00,B000_M00_P019,19,-1.4144183754364665,1,9.829752675895637,1
B000_M00,B000_M00_P020,20,-0.33996487699673006,2,26.848898351905625,0
B000_M00,B000_M00_P021,21,-0.5272763903083978,2,17.260859098855484,0
B000_M00,B000_M00_P022,22,0.040835957752294504,3,15.119014187950036,0
B000_M00,B000_M00_P023,23,0.9187333749282116,5,90.56293994980524,1
B000_M00,B000_M00_P024,24,1.046929388642462,5,45.194063784339946,1
B000_M00,B000_M00_P025,25,-0.47188311703656094,2,15.524588484805552,0
B000_M00,B000_M00_P026,26,1.8686336276681856,5,103.30853556674539,0
B000_M00,B000_M00_P027,27,0.10076808583624096,3,26.219959955707743,1
B000_M00,B000_M00_P028,28,-0.5807408370732271,2,13.862704042379633,0
B000_M00,B000_M00_P029,29,-0.4131912558521977,2,15.381258017110834,0
B000_M00,B000_M00_P030,30,0.05736360396611886,3,33.03739055756256,1
B000_M00,B000_M00_P031,31,0.5682683355670494,4,36.886190455239635,1
B000_M00,B000_M00_P032,32,0.15026355782243053,3,45.9629195396069,1
B000_M00,B000_M00_P033,33,-0.36447997099584417,2,21.428848469014493,1
B000_M00,B000_M00_P034,34,0.9824724004208881,5,65.46118870206809,1
B000_M00,B000_M00_P035,35,-0.6277269063058651,2,13.510212900124792,0
B000_M00,B000_M00_P036,36,0.9729481764706952,5,58.6377060144346,1
B000_M00,B000_M00_P037,37,-0.6894007121240598,2,12.756171220800766,1
B000_M00,B000_M00_P038,38,-0.12744156921749067,2,53.57550286968544,1
B000_M00,B000_M00_P039,39,-2.8033440155902345,1,2.6076704933660526,0
B000_M00,B000_M00_P040,40,0.8435755998841964,5,46.79282746046777,1
B000_M00,B000_M00_P041,41,-0.23916527138540858,2,20.85065500276977,1
B000_M00,B000_M00_P042,42,-0.8513931530538846,1,25.070153945728027,1
B000_M00,B000_M00_P043,43,-0.3941416208530211,2,25.175753188178735,1
B000_M00,B000_M00_P044,44,-0.1174745333479989,3,31.646400272075887,0
B000_M00,B000_M00_P045,45,1.7615332637865404,5,137.34874060355386,1
B000_M00,B000_M00_P046,46,-0.28362046379023437,2,20.836062029013327,1
B000_M00,B000_M00_P047,47,-0.38456306627522435,2,9.798556831585215,0
B000_M00,B000_M00_P048,48,-1.4719341531785564,1,10.861615370593318,0
B000_M00,B000_M00_P049,49,0.5720361323764612,4,18.102358870797488,1
B000_M00,B000_M00_P050,50,-1.6234194082747904,1,6.952714506209109,0
B000_M00,B000_M00_P051,51,0.2314205802365931,4,30.06300898862675,0
B000_M00,B000_M00_P052,52,-1.1891697740635212,1,4.580207583155468,1
B000_M00,B000_M00_P053,53,-0.7753240208482786,2,10.693210002311975,0
B000_M00,B000_M00_P054,54,1.6848755500602675,5,90.06289577369813,1
B000_M00,B000_M00_P055,55,1.030750448819482,5,95.00092545679814,1
B000_M00,B000_M00_P056,56,0.12550621167776718,3,31.40043661261765,1
B000_M00,B000_M00_P057,57,0.7377396091466818,4,38.25921855333449,1
B000_M00,B000_M00_P058,58,-1.787733173347435,1,3.271805594582974,0
B000_M00,B000_M00_P059,59,0.12203178610160557,3,39.451831580501086,1
B000_M00,B000_M00_P060,60,0.15919465215839704,3,24.920597042246428,0
B000_M00,B000_M00_P061,61,1.3067940913959821,5,71.06277877572369,1
B000_M00,B000_M00_P062,62,0.5942867176701135,4,23.09829549958175,1
B000_M00,B000_M00_P063,63,-0.11845959320190985,3,18.548196352874385,0
B000_M00,B000_M00_P064,64,0.27139094822725296,4,33.64237884102832,1
B000_M00,B000_M00_P065,65,1.2567373697468163,5,57.477896826169214,1
B000_M00,B000_M00_P066,66,-1.221252144348214,1,8.67602537083588,0
B000_M00,B000_M00_P067,67,1.9939146921315907,5,101.88325441833541,0
B000_M00,B000_M00_P068,68,-0.4570854548819951,2,8.812321552729138,0
B000_M00,B000_M00_P069,69,0.13833888683923865,3,23.152960175247795,0
B000_M00,B000_M00_P070,70,-1.1547399443923225,1,17.973076233839752,0
B000_M00,B000_M00_P071,71,0.5642242076256286,4,52.39693445328711,1
B000_M00,B000_M00_P072,72,0.8419231174394625,4,50.43095962406124,0
B000_M00,B000_M00_P073,73,0.37446031985175104,4,53.26001696408694,1
B000_M00,B000_M00_P074,74,0.6015888533046604,4,54.55160766284734,1
B000_M00,B000_M00_P075,75,-0.13244704225161036,2,22.625621670219658,1
B000_M00,B000_M00_P076,76,-1.0059263684158528,1,14.216479391563354,1
B000_M00,B000_M00_P077,77,0.5386325742461411,4,39.409062169859816,1
B000_M00,B000_M00_P078,78,0.04437967170494933,3,14.708912289532215,1
B000_M00,B000_M00_P079,79,-0.9596579192606324,1,17.91546143150809,1
B000_M00,B000_M00_P080,80,-0.8311322163633253,1,9.52351797163897,0
B000_M00,B000_M00_P081,81,1.5974632161130458,5,67.4549582027971,1
B000_M00,B000_M00_P082,82,0.15384359482572155,3,25.98039125962508,1
B000_M00,B000_M00_P083,83,0.3142126239919022,4,51.14936433644803,1
B000_M00,B000_M00_P084,84,0.1295013700891066,3,32.27835397369918,0
B000_M00,B000_M00_P085,85,-0.9785266882587633,1,12.725952233751139,0
B000_M00,B000_M00_P086,86,0.038347513778606866,3,11.556484700249245,1
B000_M00,B000_M00_P087,87,1.766085080508924,5,113.09983742585058,1
B000_M00,B000_M00_P088,88,-0.8446242991877032,1,13.10033526009026,1
B000_M00,B000_M00_P089,89,0.17203132651962816,4,25.881094451845165,0
B000_M00,B000_M00_P090,90,-1.785071816385976,1,3.0,0
B000_M00,B000_M00_P091,91,-1.7151934271282603,1,3.4629065515242123,1
B000_M00,B000_M00_P092,92,0.5788917922983157,4,46.94351796438974,1
B000_M00,B000_M00_P093,93,1.4797537381848096,5,124.40609760653967,0
B000_M00,B000_M00_P094,94,-0.23376526405047512,2,32.33721309368086,1
B000_M00,B000_M00_P095,95,-0.11685713266774152,3,23.225334563586507,1
B000_M00,B000_M00_P096,96,-0.2971172830230559,2,14.744768558533698,0
B000_M00,B000_M00_P097,97,0.09756776582187006,3,30.32187240056014,0
B000_M00,B000_M00_P098,98,0.23690048040964976,4,40.689757520117006,1
B000_M00,B000_M00_P099,99,0.09633994050289113,3,25.27042302198136,1
B000_M01,B000_M01_P000,0,-1.425425007266938,1,2.8636085577481727,0
B000_M01,B000_M01_P001,1,-1.527013301255977,1,10.788128585982413,0
B000_M01,B000_M01_P002,2,-0.03330000366105194,4,31.812450909281576,0
B000_M01,B000_M01_P003,3,-0.6650045730438413,2,32.743200665921066,1
B000_M01,B000_M01_P004,4,-0.1759974265048234,3,47.01075411640811,1
B000_M01,B000_M01_P005,5,-0.4649768818329463,2,38.69617956403823,0
B000_M01,B000_M01_P006,6,-1.8028955789214234,1,7.753642230931929,0
B000_M01,B000_M01_P007,7,-0.3551675535357583,3,44.834386972355624,1
B000_M01,B000_M01_P008,8,-1.723261783422115,1,12.400540672562311,0
B000_M01,B000_M01_P009,9,-0.7929954224139358,2,24.934116911281443,0
B000_M01,B000_M01_P010,10,-2.169342717101569,1,3.8230652726977494,1
B000_M01,B000_M01_P011,11,1.2123592858763976,5,84.04256711523614,0
B000_M01,B000_M01_P012,12,-1.6467990938597759,1,14.425237915607264,0
B000_M01,B000_M01_P013,13,-0.08729469424889545,3,32.96517051366584,1
B000_M01,B000_M01_P014,14,-1.301684000878729,1,21.291658595720264,1
B000_M01,B000_M01_P015,15,0.28747825558465673,4,41.7515330070195,1
B000_M01,B000_M01_P016,16,-1.965896092674817,1,6.895507406766569,0
B000_M01,B000_M01_P017,17,-1.6739219155063934,1,8.360142235900991,0
B000_M01,B000_M01_P018,18,-1.1734017722354275,1,11.624395986126318,1
B000_M01,B000_M01_P019,19,0.9396233433479807,5,74.71441150417184,1
B000_M01,B000_M01_P020,20,2.0556195066472736,5,90.32040633845986,0
B000_M01,B000_M01_P021,21,-0.16496912758209614,3,30.7691833140077,1
B000_M01,B000_M01_P022,22,0.5249027314836872,4,59.08832089681042,1
B000_M01,B000_M01_P023,23,-0.5086786115224581,2,41.94016481191793,0
B000_M01,B000_M01_P024,24,-0.35653066104639436,3,23.39370018852985,1
B000_M01,B000_M01_P025,25,-1.2698419458514454,1,5.296682600111609,0
B000_M01,B000_M01_P026,26,-0.8645250980901981,2,9.069417496086693,1
B000_M01,B000_M01_P027,27,-2.081578810582634,1,6.307415803503284,0
B000_M01,B000_M01_P028,28,-0.21035881243385945,3,19.113705191154878,1
B000_M01,B000_M01_P029,29,-0.40874703171299825,2,30.04056854865524,0
B000_M01,B000_M01_P030,30,-0.09641809551147058,3,27.255756583871744,1
B000_M01,B000_M01_P031,31,0.020507565995315852,4,39.39095607578706,0
B000_M01,B000_M01_P032,32,-1.634044831857192,1,3.6747802586236147,0
B000_M01,B000_M01_P033,33,-0.399938693526615,3,16.573983678559216,0
B000_M01,B000_M01_P034,34,0.3542372562534817,4,46.97611848493679,1
B000_M01,B000_M01_P035,35,-0.9184131670022571,2,19.388789634152396,1
B000_M01,B000_M01_P036,36,2.091604264561282,5,79.9713723891312,0
B000_M01,B000_M01_P037,37,0.24961901267011144,4,26.805907815292205,1
B000_M01,B000_M01_P038,38,0.09531533067247812,4,24.519839930946297,0
B000_M01,B000_M01_P039,39,-0.33511097486161123,3,21.27755373488263,0
B000_M01,B000_M01_P040,40,-0.07986865633385735,3,29.968560023771264,0
B000_M01,B000_M01_P041,41,0.6523514843150545,5,60.1011584569956,1
B000_M01,B000_M01_P042,42,-1.0938755637359865,2,8.755370644180049,0
B000_M01,B000_M01_P043,43,-2.091899658571982,1,4.02427408967082,0
B000_M01,B000_M01_P044,44,0.19780245031674115,4,26.992995430368158,1
B000_M01,B000_M01_P045,45,1.1223347216320712,5,62.80797077689819,0
B000_M01,B000_M01_P046,46,1.2138666035450665,5,79.01181601344018,0
B000_M01,B000_M01_P047,47,-1.8114889372736147,1,3.3873016283583026,0
B000_M01,B000_M01_P048,48,0.0006815351003316336,4,26.97902729147033,0
B000_M01,B000_M01_P049,49,0.7102842640456936,5,30.61136758437999,0
B000_M01,B000_M01_P050,50,-0.07436105356307943,3,38.72194987019641,0
B000_M01,B000_M01_P051,51,-1.0363632510920546,2,14.054242285694734,0
B000_M01,B000_M01_P052,52,-0.3077774280579304,3,21.063614951217257,0
B000_M01,B000_M01_P053,53,-0.6128360665348235,2,18.232972325886244,1
B000_M01,B000_M01_P054,54,0.8778465255055109,5,66.86712465862487,1
B000_M01,B000_M01_P055,55,0.9197675480971327,5,53.77913833143047,1
B000_M01,B000_M01_P056,56,0.5688346460137863,4,35.60221553210339,1
B000_M01,B000_M01_P057,57,-0.3809427326678357,3,12.351972756849989,0
B000_M01,B000_M01_P058,58,0.021359214510255947,4,28.593249737202274,1
B000_M01,B000_M01_P059,59,-1.3457479290075078,1,8.70719326175585,0
B000_M01,B000_M01_P060,60,-2.3556363784412833,1,3.491802323079235,0
B000_M01,B000_M01_P061,61,-0.03525710831191949,3,21.893538127690285,0
B000_M01,B000_M01_P062,62,-0.9711962495894407,2,10.26593607356942,1
B000_M01,B000_M01_P063,63,-0.649446457207481,2,20.528561434209863,0
B000_M01,B000_M01_P064,64,0.12141944440510988,4,41.603721149756765,1
B000_M01,B000_M01_P065,65,1.0808950132847073,5,55.46709257590926,1
B000_M01,B000_M01_P066,66,-0.21926446755906595,3,9.122698905088496,0
B000_M01,B000_M01_P067,67,1.210709756374042,5,75.63040187996886,1
B000_M01,B000_M01_P068,68,0.8901704334184485,5,61.121808678884825,0
B000_M01,B000_M01_P069,69,0.7289233689162199,5,38.23223926393775,1
B000_M01,B000_M01_P070,70,1.1173781286987132,5,62.40598033625117,1
B000_M01,B000_M01_P071,71,1.1534292226930278,5,72.5644908111267,1
B000_M01,B000_M01_P072,72,0.1970432439174565,4,21.804116576144338,0
B000_M01,B000_M01_P073,73,-0.007399184820684236,4,16.33539161894203,1
B000_M01,B000_M01_P074,74,-0.01756557167399365,4,24.433052322706267,1
B000_M01,B000_M01_P075,75,-0.18369734536651403,3,34.27980827691096,0
B000_M01,B000_M01_P076,76,-0.10710646902692665,3,20.146329260509845,0
B000_M01,B000_M01_P077,77,-0.014814290356983137,4,26.182986555255734,0
B000_M01,B000_M01_P078,78,-0.4574209214268985,2,13.78198841261077,0
B000_M01,B000_M01_P079,79,0.33398532427542066,4,47.30534457189144,1
B000_M01,B000_M01_P080,80,-0.19238171587160377,3,34.1232427920259,1
B000_M01,B000_M01_P081,81,-0.3569388154991279,3,15.87720121955893,0
B000_M01,B000_M01_P082,82,-1.4779934865869386,1,5.521616284501368,0
B000_M01,B000_M01_P083,83,-1.5024248732764194,1,8.120727523926547,0
B000_M01,B000_M01_P084,84,-1.7644990116071255,1,5.581435756096614,1
B000_M01,B000_M01_P085,85,0.27400986253044257,4,68.30375094955929,1
B000_M01,B000_M01_P086,86,0.5368665181814907,4,60.286960388933764,0
B000_M01,B000_M01_P087,87,-0.06879081583516423,3,30.783678154473204,0
B000_M01,B000_M01_P088,88,-0.5996663471116939,2,18.892551568981474,1
B000_M01,B000_M01_P089,89,-1.1545406033372496,2,11.829887468006728,0
B000_M01,B000_M01_P090,90,-0.5650200322474034,2,16.177597841937676,0
B000_M01,B000_M01_P091,91,0.8734772327478431,5,57.39591497137484,1
B000_M01,B000_M01_P092,92,-0.6786636486623748,2,18.45633799549257,1
B000_M01,B000_M01_P093,93,-0.8604130963938466,2,6.009199379937132,0
B000_M01,B000_M01_P094,94,-1.0420219955387606,2,8.596136671657748,0
B000_M01,B000_M01_P095,95,1.5112488896594114,5,63.404858193273654,0
B000_M01,B000_M01_P096,96,0.8451779014059356,5,81.17637738083991,1
B000_M01,B000_M01_P097,97,1.55070127501388,5,44.18441762524699,0
B000_M01,B000_M01_P098,98,0.20272643562037004,4,34.18244013833819,0
B000_M01,B000_M01_P099,99,-0.5119003778476546,2,8.494193603955372,0
B000_M02,B000_M02_P000,0,-1.0239185169735017,2,9.552422878574928,1
B000_M02,B000_M02_P001,1,-0.4970279022115907,2,11.649474069012577,0
B000_M02,B000_M02_P002,2,-0.934276648806462,2,8.995457766848636,1
B000_M02,B000_M02_P003,3,0.8716214264377363,4,64.53286641088853,1
B000_M02,B000_M02_P004,4,1.8624508047430368,5,83.5829199880985,1
B000_M02,B000_M02_P005,5,0.9195988327636441,4,72.42931279436893,0
B000_M02,B000_M02_P006,6,0.4422478656282272,4,64.46115655915163,1
B000_M02,B000_M02_P007,7,-2.061609149990577,1,0.0,1
B000_M02,B000_M02_P008,8,-0.531686180809355,2,28.667622927815174,1
B000_M02,B000_M02_P009,9,-1.6963845739052221,1,5.784250795619017,0
B000_M02,B000_M02_P010,10,1.4815979520704061,5,82.706483653028,0
B000_M02,B000_M02_P011,11,-2.178312117001679,1,3.843522351219012,1
B000_M02,B000_M02_P012,12,0.2519413141571506,3,42.89068331439027,1
B000_M02,B000_M02_P013,13,-1.7291851469914643,1,10.173946611533635,0
B000_M02,B000_M02_P014,14,0.5251599443729394,4,51.17214169309328,1
B000_M02,B000_M02_P015,15,-0.2410352368530312,3,26.592912876386954,1
B000_M02,B000_M02_P016,16,-0.5016940176008129,2,18.37178612359473,0
B000_M02,B000_M02_P017,17,1.1840773632499224,5,60.50949133139988,1
B000_M02,B000_M02_P018,18,-1.2729198888844933,1,7.679715796599148,1
B000_M02,B000_M02_P019,19,-1.0839149021735703,2,10.538631748699697,1
B000_M02,B000_M02_P020,20,-1.3047815863883885,1,8.129313698553313,0
B000_M02,B000_M02_P021,21,-0.2980182148639155,2,32.493089293938795,0
B000_M02,B000_M02_P022,22,-1.5926700472987978,1,7.427333581758966,1
B000_M02,B000_M02_P023,23,-1.2812855069570614,1,14.527834436147335,1
B000_M02,B000_M02_P024,24,0.6141075098077824,4,63.058934001923376,1
B000_M02,B000_M02_P025,25,-1.84781099226933,1,6.353998658967083,0
B000_M02,B000_M02_P026,26,0.7818122977469302,4,51.35096673091023,1
B000_M02,B000_M02_P027,27,-2.0173346234851146,1,5.622504220765279,0
B000_M02,B000_M02_P028,28,-0.4334216029490024,2,19.354760209171282,1
B000_M02,B000_M02_P029,29,1.2168372208230762,5,78.58105646729068,1
B000_M02,B000_M02_P030,30,-0.13551671978726895,3,28.97340980289391,1
B000_M02,B000_M02_P031,31,-1.6983648096063717,1,6.324757158866681,0
B000_M02,B000_M02_P032,32,1.5142998994178465,5,86.27623460589811,1
B000_M02,B000_M02_P033,33,-1.0881317409808133,1,4.919589308277847,1
B000_M02,B000_M02_P034,34,-2.9610055975834872,1,2.7705250446084775,0
B000_M02,B000_M02_P035,35,-0.701821847907127,2,27.65637397196444,0
B000_M02,B000_M02_P036,36,2.565532240485459,5,85.48005145701993,1
B000_M02,B000_M02_P037,37,-0.6080829996706955,2,9.037407436245411,1
B000_M02,B000_M02_P038,38,-0.0739642686371316,3,29.380450335300285,0
B000_M02,B000_M02_P039,39,0.33419425895700766,4,54.93120107653713,1
B000_M02,B000_M02_P040,40,1.984807905260854,5,87.62393031587195,1
B000_M02,B000_M02_P041,41,-2.339666658978,1,1.7692795310894396,0
B000_M02,B000_M02_P042,42,0.5126062185175614,4,35.500058089068126,1
B000_M02,B000_M02_P043,43,-1.8144351780046002,1,13.700143164424642,0
B000_M02,B000_M02_P044,44,0.4896026315212944,4,46.52752467919828,1
B000_M02,B000_M02_P045,45,2.297319747675506,5,84.12574392655486,1
B000_M02,B000_M02_P046,46,0.7854538877940529,4,74.1132494402354,1
B000_M02,B000_M02_P047,47,0.07468740322042762,3,45.933415285735286,1
B000_M02,B000_M02_P048,48,0.09838994439697295,3,37.80654039591971,1
B000_M02,B000_M02_P049,49,0.10194724643583913,3,56.138512266209766,0
B000_M02,B000_M02_P050,50,-0.03030391800717987,3,30.517360064372383,0
B000_M02,B000_M02_P051,51,-0.15455411520834003,3,22.262799140385912,0
B000_M02,B000_M02_P052,52,-0.6817987423470887,2,28.59432088855336,0
B000_M02,B000_M02_P053,53,0.21596115757531498,3,39.07420992094063,1
B000_M02,B000_M02_P054,54,-0.2612662066637894,3,16.619583659255138,1
B000_M02,B000_M02_P055,55,3.2764480974376706,5,90.03684350170964,1
B000_M02,B000_M02_P056,56,0.330222314356077,4,66.74799729562804,1
B000_M02,B000_M02_P057,57,-1.659134538916667,1,13.448471587655257,0
B000_M02,B000_M02_P058,58,-0.4744519050221039,2,28.481933785854288,0
B000_M02,B000_M02_P059,59,1.3675223822873697,5,85.1378075077435,1
B000_M02,B000_M02_P060,60,-0.1741245762174637,3,55.26563333763532,1
B000_M02,B000_M02_P061,61,-1.068110391909772,2,16.158565099111897,1
B000_M02,B000_M02_P062,62,-0.7066338624031813,2,9.870986470362968,1
B000_M02,B000_M02_P063,63,1.115334177146224,5,83.9358498620701,1
B000_M02,B000_M02_P064,64,1.1768446208248635,5,82.03316111458113,1
B000_M02,B000_M02_P065,65,-1.4153333531799361,1,6.896830469396461,0
B000_M02,B000_M02_P066,66,0.6297524298905269,4,66.1302012044309,1
B000_M02,B000_M02_P067,67,1.2563174014626572,5,77.12151830512344,0
B000_M02,B000_M02_P068,68,1.4387482864835837,5,83.95741918736684,1
B000_M02,B000_M02_P069,69,0.6582550257617044,4,68.24125312000979,0
B000_M02,B000_M02_P070,70,1.899743695550466,5,86.18530624023458,1
B000_M02,B000_M02_P071,71,-0.265035165146708,2,10.182420378309475,0
B000_M02,B000_M02_P072,72,-0.5781256879930837,2,27.09196845231015,1
B000_M02,B000_M02_P073,73,2.3374590824957746,5,89.46293329818938,1
B000_M02,B000_M02_P074,74,0.23930741700229893,3,23.820671914077195,0
B000_M02,B000_M02_P075,75,-2.1387990417432103,1,3.550383446047,0
B000_M02,B000_M02_P076,76,2.169389927606789,5,86.01056552916066,1
B000_M02,B000_M02_P077,77,0.3436660640190515,4,63.31569327741282,1
B000_M02,B000_M02_P078,78,-0.4270909373144722,2,13.060533765742871,1
B000_M02,B000_M02_P079,79,-0.0567666005278424,3,34.574388123721114,1
B000_M02,B000_M02_P080,80,1.4518935972623879,5,61.93956975759697,1
B000_M02,B000_M02_P081,81,0.7873293683269318,4,82.48248933398818,1
B000_M02,B000_M02_P082,82,0.5282832120938045,4,41.43877099563692,0
B000_M02,B000_M02_P083,83,0.7615244061019814,4,36.46628505020459,1
B000_M02,B000_M02_P084,84,1.1542986054009312,5,74.8075931892509,1
B000_M02,B000_M02_P085,85,0.8780086236368864,4,66.158875830178,0
B000_M02,B000_M02_P086,86,1.1632168630635384,5,79.43946999618355,0
B000_M02,B000_M02_P087,87,-0.3702135545337683,2,21.082096379376182,0
B000_M02,B000_M02_P088,88,-0.15711085496923385,3,28.82097915011116,1
B000_M02,B000_M02_P089,89,-1.1040550287858222,1,9.590071498783606,1
B000_M02,B000_M02_P090,90,0.9347264184877898,4,74.04585369616761,1
B000_M02,B000_M02_P091,91,-1.0747829538162017,2,7.637952809972192,0
B000_M02,B000_M02_P092,92,-0.0651446325229031,3,42.02004958462225,0
B000_M02,B000_M02_P093,93,-1.4977040487224198,1,8.100726568320841,0
B000_M02,B000_M02_P094,94,0.2511792735153156,3,47.39014520969271,0
B000_M02,B000_M02_P095,95,0.15676111427685732,3,30.727262888515085,0
B000_M02,B000_M02_P096,96,-0.00553813822645402,3,31.744885549595654,1
B000_M02,B000_M02_P097,97,0.5580523268908802,4,51.37590731947327,1
B000_M02,B000_M02_P098,98,-0.33135896915238355,2,40.89603154808455,1
B000_M02,B000_M02_P099,99,-0.21468530602769453,3,29.01363428090208,0
B000_M03,B000_M03_P000,0,1.8580418176191078,5,82.3672352146732,0
B000_M03,B000_M03_P001,1,-0.5386356961889597,2,12.002501181066426,0
B000_M03,B000_M03_P002,2,0.3098369982886487,4,29.228304820782824,1
B000_M03,B000_M03_P003,3,0.39423521642112846,4,30.439067268357967,1
B000_M03,B000_M03_P004,4,0.5611725037947108,4,39.393758184512144,1
B000_M03,B000_M03_P005,5,-0.84872117997441,1,7.605225690698743,1
B000_M03,B000_M03_P006,6,-0.006189467465984551,3,38.23268839686984,1
B000_M03,B000_M03_P007,7,0.3091336201602306,4,16.443211119690044,0
B000_M03,B000_M03_P008,8,1.4211439705575752,5,78.3179412339312,1
B000_M03,B000_M03_P009,9,-0.42939743161826116,2,12.378386384226806,1
B000_M03,B000_M03_P010,10,1.4201176201444323,5,53.743764539127085,1
B000_M03,B000_M03_P011,11,-0.61558644685836,2,18.874808250349584,0
B000_M03,B000_M03_P012,12,0.04387868151188418,3,27.016071244987547,1
B000_M03,B000_M03_P013,13,0.0815634201859841,4,15.707005214864317,1
B000_M03,B000_M03_P014,14,0.9940510350736287,5,61.724268139109626,1
B000_M03,B000_M03_P015,15,-0.48670107286148606,2,19.110034007018957,0
B000_M03,B000_M03_P016,16,0.5517878260727923,4,33.02951764539356,0
B000_M03,B000_M03_P017,17,0.8754126265502427,5,47.46806665730627,1
B000_M03,B000_M03_P018,18,1.4751192863469402,5,82.69138748753478,0
B000_M03,B000_M03_P019,19,-1.1597891465540102,1,9.956565008277902,1
B000_M03,B000_M03_P020,20,0.1073867642150107,4,31.05440593794559,1
B000_M03,B000_M03_P021,21,-1.1056099764828955,1,7.792187411028107,1
B000_M03,B000_M03_P022,22,-1.2427761097416388,1,1.8796464091377163,1
B000_M03,B000_M03_P023,23,-1.8960396221569156,1,3.4477512744519974,0
B000_M03,B000_M03_P024,24,1.6611161773188499,5,139.02998273126383,1
B000_M03,B000_M03_P025,25,-0.40747566298539595,2,27.159537133843802,1
B000_M03,B000_M03_P026,26,-0.13880226572285018,3,29.879827148455853,1
B000_M03,B000_M03_P027,27,0.4956434806275114,4,33.033739440443675,0
B000_M03,B000_M03_P028,28,-0.06424075775918216,3,28.486576349580496,0
B000_M03,B000_M03_P029,29,0.22860658511430096,4,29.189846206778185,1
B000_M03,B000_M03_P030,30,0.4400485195087753,4,36.897560159735534,1
B000_M03,B000_M03_P031,31,-1.260063378342522,1,11.617640714699554,0
B000_M03,B000_M03_P032,32,-1.2294820810419396,1,1.0,1
B000_M03,B000_M03_P033,33,-0.9331635510221351,1,7.365970940122956,0
B000_M03,B000_M03_P034,34,-0.01361554611900114,3,17.032156506603652,0
B000_M03,B000_M03_P035,35,-1.183705503966662,1,4.978116358885363,0
B000_M03,B000_M03_P036,36,1.2974043546340681,5,64.64277528202877,1
B000_M03,B000_M03_P037,37,-0.03202468507708885,3,16.32884998695661,1
B000_M03,B000_M03_P038,38,-0.0709596976281407,3,34.94974363562579,0
B000_M03,B000_M03_P039,39,2.0352267635229686,5,169.97993223632645,1
B000_M03,B000_M03_P040,40,-0.344162560836686,2,24.82586530123434,1
B000_M03,B000_M03_P041,41,-0.025675682067163974,3,31.049457240989295,1
B000_M03,B000_M03_P042,42,-0.5416499319287057,2,36.27967065638213,0
B000_M03,B000_M03_P043,43,-0.11692170276376085,3,31.654914222044763,0
B000_M03,B000_M03_P044,44,-1.4780184517698804,1,10.69430841735424,0
B000_M03,B000_M03_P045,45,-0.05933721859081983,3,32.16487795728118,1
B000_M03,B000_M03_P046,46,-0.03253743036376344,3,49.396544166214376,1
B000_M03,B000_M03_P047,47,0.45264294704477903,4,42.739831628822,0
B000_M03,B000_M03_P048,48,-1.8832894735790786,1,3.6245108996524387,1
B000_M03,B000_M03_P049,49,-0.426641676452659,2,26.152697900327855,0
B000_M03,B000_M03_P050,50,-0.7639495767085623,2,9.317802917674486,0
B000_M03,B000_M03_P051,51,1.4593950870545649,5,57.18325241641874,1
B000_M03,B000_M03_P052,52,-1.3643582221320198,1,8.986194705121902,0
B000_M03,B000_M03_P053,53,1.2160589035365292,5,108.41275549351283,1
B000_M03,B000_M03_P054,54,0.05740519144075571,3,17.20818406100611,1
B000_M03,B000_M03_P055,55,-0.9519553838605903,1,6.921747765561966,0
B000_M03,B000_M03_P056,56,-0.799229579414547,2,19.701784586039253,0
B000_M03,B000_M03_P057,57,0.24024586955390412,4,34.5814464672337,1
B000_M03,B000_M03_P058,58,-1.3014447785901764,1,8.611658215413954,0
B000_M03,B000_M03_P059,59,0.14468387232520885,4,30.91381754028052,0
B000_M03,B000_M03_P060,60,-1.2740765221238606,1,14.617561866428488,1
B000_M03,B000_M03_P061,61,-0.29714228576175156,2,18.60019741965334,0
B000_M03,B000_M03_P062,62,1.4043630694308185,5,104.55909185564359,1
B000_M03,B000_M03_P063,63,-0.36108512312800833,2,14.979013152937462,1
B000_M03,B000_M03_P064,64,-0.010167520593138487,3,21.77176092027441,0
B000_M03,B000_M03_P065,65,0.7897220394577315,5,37.3405333956502,1
B000_M03,B000_M03_P066,66,0.17163763717445302,4,14.862692724696263,0
B000_M03,B000_M03_P067,67,-0.05898373843427057,3,11.620897625872207,0
B000_M03,B000_M03_P068,68,1.5184453649916183,5,106.42382284039742,1
B000_M03,B000_M03_P069,69,-1.2325716135668314,1,6.429910349400254,0
B000_M03,B000_M03_P070,70,0.49803898626264526,4,50.06488918755052,1
B000_M03,B000_M03_P071,71,-1.7433117507326974,1,6.950887436959724,1
B000_M03,B000_M03_P072,72,-0.7963663610907924,2,26.13481551322626,1
B000_M03,B000_M03_P073,73,-1.0720863266219458,1,13.827625174519596,1
B000_M03,B000_M03_P074,74,0.638518068332301,4,63.748947812769835,0
B000_M03,B000_M03_P075,75,-0.20824280355909855,3,39.59368931703206,1
B000_M03,B000_M03_P076,76,-0.6715569715206636,2,25.359587646810873,1
B000_M03,B000_M03_P077,77,-0.003861474066188771,3,26.56538326329005,0
B000_M03,B000_M03_P078,78,-0.4448034035988555,2,26.539446738169293,0
B000_M03,B000_M03_P079,79,-1.1401536650173172,1,13.61211968890886,0
B000_M03,B000_M03_P080,80,-0.2440229524615175,2,20.996705096550393,1
B000_M03,B000_M03_P081,81,0.33129300361745423,4,40.830116849570175,0
B000_M03,B000_M03_P082,82,-1.1669962223439116,1,17.852051918291124,0
B000_M03,B000_M03_P083,83,0.024009619884434508,3,27.764618045081395,0
B000_M03,B000_M03_P084,84,0.5670032400756281,4,52.82354364201158,1
B000_M03,B000_M03_P085,85,0.2729049666730759,4,33.0594558033083,1
B000_M03,B000_M03_P086,86,0.01196569601940208,3,51.72907824354549,1
B000_M03,B000_M03_P087,87,0.6491188448353823,4,42.22039535204927,0
B000_M03,B000_M03_P088,88,0.02020146439408177,3,27.543853838230607,1
B000_M03,B000_M03_P089,89,-0.7076604750500715,2,19.334680016456534,0
B000_M03,B000_M03_P090,90,1.5269155568458295,5,107.21943465906756,1
B000_M03,B000_M03_P091,91,1.3125299892907816,5,42.686769577261956,1
B000_M03,B000_M03_P092,92,0.7766827909268246,5,35.020396771701165,0
B000_M03,B000_M03_P093,93,-0.5867559365013496,2,13.479197045115203,0
B000_M03,B000_M03_P094,94,1.2714032967413165,5,64.04251032651399,0
B000_M03,B000_M03_P095,95,-0.1473540390622842,3,22.185594651599548,0
B000_M03,B000_M03_P096,96,0.8652627162123631,5,33.758217854260984,0
B000_M03,B000_M03_P097,97,-0.748954028707356,2,8.91448951153934,0
B000_M03,B000_M03_P098,98,-0.8464628339294592,2,7.682892719359839,1
B000_M03,B000_M03_P099,99,1.0450748903638056,5,33.58640141147731,0
B000_M04,B000_M04_P000,0,-0.09832690350916773,3,17.548127469759276,1
B000_M04,B000_M04_P001,1,-1.1238060963773109,1,6.717107239784291,0
B000_M04,B000_M04_P002,2,0.86950171065136,5,67.86032304370293,0
B000_M04,B000_M04_P003,3,0.2717012902027396,4,39.49201978076132,0
B000_M04,B000_M04_P004,4,-0.8776586279525294,2,10.823873776776164,0
B000_M04,B000_M04_P005,5,-0.45996615927912615,3,20.57090927696046,0
B000_M04,B000_M04_P006,6,0.31365628637260734,4,44.76388095699324,0
B000_M04,B000_M04_P007,7,-0.8131859000017538,2,7.693553435533888,0
B000_M04,B000_M04_P008,8,1.205815331384778,5,85.58275574471239,1
B000_M04,B000_M04_P009,9,0.8120024742827954,5,40.82791853484091,1
B000_M04,B000_M04_P010,10,-0.3300082364372869,3,20.39938402797166,1
B000_M04,B000_M04_P011,11,0.5653078403193886,4,47.71075300955631,1
B000_M04,B000_M04_P012,12,-1.5320930621989621,1,1.8708934593304853,0
B000_M04,B000_M04_P013,13,1.2439854091034472,5,89.662272387119,1
B000_M04,B000_M04_P014,14,0.13136595979221405,3,53.97474855027124,0
B000_M04,B000_M04_P015,15,1.237076264303399,5,118.80968613403343,0
B000_M04,B000_M04_P016,16,0.48502201498443864,4,37.68716001797873,1
B000_M04,B000_M04_P017,17,0.13848878328340766,3,35.11620933593839,1
B000_M04,B000_M04_P018,18,-0.07570643273713105,3,24.83958100474148,1
B000_M04,B000_M04_P019,19,-0.36618832280101715,3,38.72783437044334,0
B000_M04,B000_M04_P020,20,-1.258292812259647,1,14.50781414438478,1
B000_M04,B000_M04_P021,21,-1.9942291000769365,1,2.0,0
B000_M04,B000_M04_P022,22,-0.7056184219813559,2,2.930614911490405,1
B000_M04,B000_M04_P023,23,1.317062782661079,5,114.00487565381097,1
B000_M04,B000_M04_P024,24,-0.17717025046521562,3,23.978272467205585,0
B000_M04,B000_M04_P025,25,-2.585601618788646,1,1.0,0
B000_M04,B000_M04_P026,26,1.4056298992038208,5,113.50350814218065,1
B000_M04,B000_M04_P027,27,1.6784295895759864,5,68.45676984206736,0
B000_M04,B000_M04_P028,28,-0.5593487329368746,2,24.40319535523926,1
B000_M04,B000_M04_P029,29,-0.38740442658631147,3,13.15399206580712,0
B000_M04,B000_M04_P030,30,-0.02259735594840286,3,17.4050290473816,0
B000_M04,B000_M04_P031,31,1.4860408837109385,5,119.33888875341735,1
B000_M04,B000_M04_P032,32,1.604488902753154,5,126.2773782622062,1
B000_M04,B000_M04_P033,33,-1.3981235456548473,1,7.912525418294334,1
B000_M04,B000_M04_P034,34,0.11252652970682042,3,24.729455861124833,1
B000_M04,B000_M04_P035,35,0.5796637121137649,4,74.78086508651012,1
B000_M04,B000_M04_P036,36,1.032484630721249,5,58.8465110959352,1
B000_M04,B000_M04_P037,37,0.9244039003601104,5,61.06518057996975,0
B000_M04,B000_M04_P038,38,0.6232373785394785,4,44.25701209037215,1
B000_M04,B000_M04_P039,39,0.429304840899665,4,28.042922905688457,1
B000_M04,B000_M04_P040,40,-1.3660993470916896,1,6.637248019615862,1
B000_M04,B000_M04_P041,41,-0.47597106010663914,3,15.877678218382599,1
B000_M04,B000_M04_P042,42,-0.8135596009589242,2,25.49436582355082,0
B000_M04,B000_M04_P043,43,0.41276463620330955,4,34.165307038891235,1
B000_M04,B000_M04_P044,44,1.627156166772136,5,164.91681097400192,1
B000_M04,B000_M04_P045,45,0.5798350666650168,4,24.673272709460477,1
B000_M04,B000_M04_P046,46,0.425420100916992,4,37.827972900324795,1
B000_M04,B000_M04_P047,47,-1.3326031831389178,1,5.2787523830736705,0
B000_M04,B000_M04_P048,48,-0.5980746002624744,2,13.010533787821274,1
B000_M04,B000_M04_P049,49,-0.7259492021514099,2,4.809614573748914,0
B000_M04,B000_M04_P050,50,0.33332289070581983,4,38.1689997629784,1
B000_M04,B000_M04_P051,51,0.7212687963857523,4,57.93926408828061,1
B000_M04,B000_M04_P052,52,1.7718580044967165,5,154.8089859016293,1
B000_M04,B000_M04_P053,53,0.1788846232884027,3,52.506007854419394,1
B000_M04,B000_M04_P054,54,-1.9368502533882548,1,6.568415744579222,0
B000_M04,B000_M04_P055,55,0.11948144389123988,3,36.522587467192736,0
B000_M04,B000_M04_P056,56,-1.3495789152759405,1,9.62626707253106,0
B000_M04,B000_M04_P057,57,-0.5238433350874115,2,14.89832099696085,0
B000_M04,B000_M04_P058,58,-0.4087389604270551,3,13.77741904596541,0
B000_M04,B000_M04_P059,59,-0.6724824823766923,2,10.628043040296452,0
B000_M04,B000_M04_P060,60,0.18534982748824555,4,28.86442997370436,0
B000_M04,B000_M04_P061,61,-0.5539536978971473,2,14.066582085238071,0
B000_M04,B000_M04_P062,62,-1.2251212403351737,1,6.964000619750322,0
B000_M04,B000_M04_P063,63,-0.6939513271989851,2,21.90336705523922,0
B000_M04,B000_M04_P064,64,-1.433866673143938,1,8.639432663078187,1
B000_M04,B000_M04_P065,65,-0.024059933247292015,3,34.38917638198331,1
B000_M04,B000_M04_P066,66,0.18674728635948648,4,41.93556719307041,1
B000_M04,B000_M04_P067,67,0.15841214415276886,3,23.953789144248436,0
B000_M04,B000_M04_P068,68,-0.55179686842274,2,10.056405795202755,0
B000_M04,B000_M04_P069,69,-0.5708766256155638,2,14.651426816606875,0
B000_M04,B000_M04_P070,70,0.6353923755288831,4,78.54089767762169,1
B000_M04,B000_M04_P071,71,-1.7188920035466715,1,3.7044931460536885,1
B000_M04,B000_M04_P072,72,0.1916682349985986,4,34.65797609428549,0
B000_M04,B000_M04_P073,73,1.3033207874289472,5,84.21391855403476,1
B000_M04,B000_M04_P074,74,0.517679173578872,4,41.40935583572509,0
B000_M04,B000_M04_P075,75,-1.390396185474425,1,5.454106968157077,1
B000_M04,B000_M04_P076,76,-1.5325586478667554,1,5.158239750979698,0
B000_M04,B000_M04_P077,77,0.5237263789105121,4,65.43377440340333,0
B000_M04,B000_M04_P078,78,-0.7427331044398553,2,13.599973772310586,0
B000_M04,B000_M04_P079,79,-0.6123213393272728,2,11.856958088431348,0
B000_M04,B000_M04_P080,80,-0.7088442964194747,2,11.329051496827422,1
B000_M04,B000_M04_P081,81,-0.5489661945137655,2,26.330275986685866,0
B000_M04,B000_M04_P082,82,1.6450219803695736,5,109.52668894482647,1
B000_M04,B000_M04_P083,83,-0.5449040971581298,2,15.868288398129039,0
B000_M04,B000_M04_P084,84,0.05309048885666492,3,17.077108031948967,1
B000_M04,B000_M04_P085,85,0.33274971117295604,4,28.424356862384975,0
B000_M04,B000_M04_P086,86,-1.8832470154106404,1,4.291442074970089,0
B000_M04,B000_M04_P087,87,1.0464008387720487,5,77.90887688076815,1
B000_M04,B000_M04_P088,88,-1.1166109482989621,2,10.643050001259224,0
B000_M04,B000_M04_P089,89,-2.0535389876650196,1,5.405154277721971,1
B000_M04,B000_M04_P090,90,-1.8289903766944324,1,6.264727126011539,1
B000_M04,B000_M04_P091,91,1.633673626360789,5,160.78754527704584,1
B000_M04,B000_M04_P092,92,-0.026932766833889104,3,33.793871460571125,0
B000_M04,B000_M04_P093,93,-1.5751627796956325,1,6.849051613862861,1
B000_M04,B000_M04_P094,94,0.5771112649600747,4,33.92956730939576,0
B000_M04,B000_M04_P095,95,-0.15492134386340534,3,18.709825301953515,0
B000_M04,B000_M04_P096,96,-1.15302343131676,1,11.384518689490271,1
B000_M04,B000_M04_P097,97,1.283178611432452,5,123.90784274422113,1
B000_M04,B000_M04_P098,98,-0.8125556095774337,2,9.282670488654228,1
B000_M04,B000_M04_P099,99,2.88240576240772,5,308.01663749616444,1
B000_M05,B000_M05_P000,0,-0.9064577891911858,1,9.52490729946911,0
B000_M05,B000_M05_P001,1,-2.2170030538386634,1,1.54932869917913,0
B000_M05,B000_M05_P002,2,-0.2783925617151024,3,19.75370671382289,0
B000_M05,B000_M05_P003,3,1.163631779562518,5,61.53792620713725,1
B000_M05,B000_M05_P004,4,0.45879595873065077,4,46.53188444282433,1
B000_M05,B000_M05_P005,5,-0.060948103152145015,3,14.803451864078532,1
B000_M05,B000_M05_P006,6,-0.17256586884054445,3,21.437560388402115,1
B000_M05,B000_M05_P007,7,0.3824942971191631,4,31.300403185506553,1
B000_M05,B000_M05_P008,8,0.6800431040938558,4,63.21409552236437,1
B000_M05,B000_M05_P009,9,1.5927694494203586,5,80.9961642349524,1
B000_M05,B000_M05_P010,10,0.6726135009544104,4,31.110705696792003,1
B000_M05,B000_M05_P011,11,-2.239562988072934,1,1.0,1
B000_M05,B000_M05_P012,12,1.6569427094398363,5,83.56492937883071,0
B000_M05,B000_M05_P013,13,-0.7658730887880553,2,11.126278089718067,0
B000_M05,B000_M05_P014,14,1.2462718623302396,5,51.70072871381918,1
B000_M05,B000_M05_P015,15,2.4662433153929704,5,86.23722564097804,0
B000_M05,B000_M05_P016,16,0.6779015528095025,4,29.39899754502407,1
B000_M05,B000_M05_P017,17,0.32294472222970266,4,36.46325288176843,0
B000_M05,B000_M05_P018,18,-0.441960821269253,2,16.212503777484937,1
B000_M05,B000_M05_P019,19,0.6269572725642214,4,31.054133444330834,1
B000_M05,B000_M05_P020,20,1.0039602676584722,5,61.68050296140012,1
B000_M05,B000_M05_P021,21,-0.9472516408813316,1,14.496842090178069,1
B000_M05,B000_M05_P022,22,-1.8040735416796096,1,6.312417402216712,0
B000_M05,B000_M05_P023,23,1.016008552133712,5,56.2741652339109,0
B000_M05,B000_M05_P024,24,0.6919250642153497,5,50.38101923119819,1
B000_M05,B000_M05_P025,25,-0.6955419300963529,2,18.060218544060746,0
B000_M05,B000_M05_P026,26,-0.08517794408768757,3,27.858008392650405,1
B000_M05,B000_M05_P027,27,-0.6788309245459735,2,19.253721380665667,0
B000_M05,B000_M05_P028,28,0.09763632736873552,3,40.3794382077036,1
B000_M05,B000_M05_P029,29,0.3362582157135831,4,54.080258023750076,1
B000_M05,B000_M05_P030,30,-1.1276459136043335,1,18.04920048586791,0
B000_M05,B000_M05_P031,31,-1.1504699198704371,1,9.82953088009468,0
B000_M05,B000_M05_P032,32,-2.3243064095740817,1,1.526643307600743,0
B000_M05,B000_M05_P033,33,-0.4661530208204889,2,22.33490347558455,0
B000_M05,B000_M05_P034,34,-0.29597072631277005,2,52.58950717925702,1
B000_M05,B000_M05_P035,35,2.0730515432657093,5,86.94145981267748,1
B000_M05,B000_M05_P036,36,0.04259494867834085,3,54.499866631043666,1
B000_M05,B000_M05_P037,37,-1.2848178925008311,1,7.913318590085992,0
B000_M05,B000_M05_P038,38,0.39328052988411183,4,50.635469399832616,0
B000_M05,B000_M05_P039,39,-1.8513761614771898,1,8.767876613885003,0
B000_M05,B000_M05_P040,40,-0.28531573520665754,2,29.413400315287166,1
B000_M05,B000_M05_P041,41,-0.3593600966501162,2,18.24352956364553,1
B000_M05,B000_M05_P042,42,0.012036139625437203,3,27.688132636514467,0
B000_M05,B000_M05_P043,43,0.4619355075599613,4,58.239555582466494,0
B000_M05,B000_M05_P044,44,1.4244514313651297,5,78.7095365364904,1
B000_M05,B000_M05_P045,45,-0.6560904266543669,2,26.63965104375967,0
B000_M05,B000_M05_P046,46,-1.8601877325569267,1,5.7509248816475855,0
B000_M05,B000_M05_P047,47,0.22385071580449925,3,55.00767255066637,0
B000_M05,B000_M05_P048,48,-0.06754342766122001,3,44.439334520304506,0
B000_M05,B000_M05_P049,49,-1.1101701566317543,1,5.6184574970139955,1
B000_M05,B000_M05_P050,50,0.31270911056042716,4,56.67988094504674,1
B000_M05,B000_M05_P051,51,-0.5787358351156515,2,17.360717566547557,1
B000_M05,B000_M05_P052,52,0.8468098267629435,5,43.42360941389196,1
B000_M05,B000_M05_P053,53,-0.06176542999718488,3,56.19400523741871,1
B000_M05,B000_M05_P054,54,-1.847684101211538,1,11.37209513970495,0
B000_M05,B000_M05_P055,55,-0.13450924208943207,3,34.57941003087797,1
B000_M05,B000_M05_P056,56,-0.052412697443701216,3,23.632199447055594,1
B000_M05,B000_M05_P057,57,-0.6415261058587772,2,29.93224135499337,0
B000_M05,B000_M05_P058,58,0.0036188536381518608,3,36.409161242911736,1
B000_M05,B000_M05_P059,59,-1.9458353239455173,1,2.3076888362977575,0
B000_M05,B000_M05_P060,60,0.23950759206347025,3,31.543478681306514,1
B000_M05,B000_M05_P061,61,1.269817856683859,5,52.18656012015068,0
B000_M05,B000_M05_P062,62,0.5115586244924349,4,33.179538330118255,0
B000_M05,B000_M05_P063,63,-1.571156016182807,1,4.760634967991869,0
B000_M05,B000_M05_P064,64,1.6165089673440882,5,76.03777989161225,1
B000_M05,B000_M05_P065,65,0.6595846384797132,4,52.58917258424676,1
B000_M05,B000_M05_P066,66,-0.45976668478617927,2,15.11159127288757,0
B000_M05,B000_M05_P067,67,-0.40405137113569295,2,23.99196841181389,1
B000_M05,B000_M05_P068,68,0.47620477278837187,4,39.240106241362945,1
B000_M05,B000_M05_P069,69,-0.03664648384653737,3,24.192977830608626,0
B000_M05,B000_M05_P070,70,0.6558296358841921,4,76.49240509485774,0
B000_M05,B000_M05_P071,71,-0.018501851138350418,3,42.290652848358334,1
B000_M05,B000_M05_P072,72,0.7671846385005224,5,69.12720299461944,1
B000_M05,B000_M05_P073,73,-2.7171908963520157,1,0.0,0
B000_M05,B000_M05_P074,74,-0.07073591916203652,3,19.476925809450357,0
B000_M05,B000_M05_P075,75,1.2309674059975915,5,80.5166500156882,0
B000_M05,B000_M05_P076,76,-0.32881405597002744,2,26.56578572667279,0
B000_M05,B000_M05_P077,77,-1.2817826597416995,1,5.8064622086293864,0
B000_M05,B000_M05_P078,78,-1.2823791854987354,1,10.0067512926693,1
B000_M05,B000_M05_P079,79,-2.465435148522747,1,4.350921761180155,1
B000_M05,B000_M05_P080,80,-0.7706207829629869,2,17.353808988367014,1
B000_M05,B000_M05_P081,81,0.7715121641320212,5,55.80918264069723,1
B000_M05,B000_M05_P082,82,-0.8376131112423195,2,12.783942596190457,1
B000_M05,B000_M05_P083,83,-0.7672222438123327,2,16.872551505950707,1
B000_M05,B000_M05_P084,84,0.27528005459334903,4,49.70245327871712,0
B000_M05,B000_M05_P085,85,-0.28204457797108123,3,6.071917926028618,0
B000_M05,B000_M05_P086,86,0.09757170829989181,3,40.413521812605495,1
B000_M05,B000_M05_P087,87,0.45850729458433764,4,47.74952758582026,1
B000_M05,B000_M05_P088,88,1.1170039755695835,5,66.28811816104954,0
B000_M05,B000_M05_P089,89,-0.3995867155135415,2,21.598042260906965,1
B000_M05,B000_M05_P090,90,0.6640410997349543,4,54.80732514505689,1
B000_M05,B000_M05_P091,91,0.5604540276053548,4,27.382154920703975,0
B000_M05,B000_M05_P092,92,0.9739352201854152,5,65.22036881862245,1
B000_M05,B000_M05_P093,93,-0.823031531977472,2,7.7032834198721645,1
B000_M05,B000_M05_P094,94,2.4974135218660916,5,89.00861245820869,1
B000_M05,B000_M05_P095,95,0.4966101707027295,4,37.32675140565853,1
B000_M05,B000_M05_P096,96,-0.09607085404044031,3,17.408809753332523,1
B000_M05,B000_M05_P097,97,0.952778058090895,5,54.171779990513144,1
B000_M05,B000_M05_P098,98,-1.1686216177909934,1,10.506133072420742,1
B000_M05,B000_M05_P099,99,-0.6042893611723734,2,10.441835357186683,0
B000_M06,B000_M06_P000,0,-0.15847914174337743,2,25.987390965750663,1
B000_M06,B000_M06_P001,1,-0.9701635418342209,1,16.99874376411185,1
B000_M06,B000_M06_P002,2,-0.8472977088609861,2,12.609774237822831,0
B000_M06,B000_M06_P003,3,-0.17987837755854308,2,29.085838234401756,0
B000_M06,B000_M06_P004,4,0.37405007395460604,4,25.910062059607505,1
B000_M06,B000_M06_P005,5,-1.1604139529940076,1,13.087077602909787,0
B000_M06,B000_M06_P006,6,0.06601837718341991,3,23.471787898846937,0
B000_M06,B000_M06_P007,7,1.3757197143689843,5,61.4604662459766,1
B000_M06,B000_M06_P008,8,1.1195302524953308,5,47.10300323497994,1
B000_M06,B000_M06_P009,9,1.1999383384555633,5,65.68318188824466,1
B000_M06,B000_M06_P010,10,0.26344889466531085,3,21.313722304418683,0
B000_M06,B000_M06_P011,11,1.6097427090363432,5,105.12346632681893,1
B000_M06,B000_M06_P012,12,-0.08395609747003983,3,13.93952741584503,0
B000_M06,B000_M06_P013,13,-0.1409567342376237,3,26.717585373461446,1
B000_M06,B000_M06_P014,14,0.8305670974041387,4,68.47407681451236,0
B000_M06,B000_M06_P015,15,0.3981094772773947,4,72.88055621881753,1
B000_M06,B000_M06_P016,16,0.4582035524458212,4,43.322802238418504,1
B000_M06,B000_M06_P017,17,0.3959144068229132,4,42.88142160583535,0
B000_M06,B000_M06_P018,18,-0.1506372368802337,3,20.6568932104666,1
B000_M06,B000_M06_P019,19,-0.8724310201836764,1,2.71157880046836,0
B000_M06,B000_M06_P020,20,-0.9939161448594539,1,9.796006847940406,0
B000_M06,B000_M06_P021,21,1.4063341852604871,5,83.46234720376201,1
B000_M06,B000_M06_P022,22,1.2745316727868314,5,72.9734917324954,1
B000_M06,B000_M06_P023,23,1.257862655937163,5,140.06316617761823,1
B000_M06,B000_M06_P024,24,0.16523361750394575,3,29.43189402864729,0
B000_M06,B000_M06_P025,25,3.120726980015568,5,318.4870424677307,1
B000_M06,B000_M06_P026,26,0.1934104406909749,3,38.740825045050556,1
B000_M06,B000_M06_P027,27,0.6080181905998261,4,51.384553107535524,0
B000_M06,B000_M06_P028,28,1.0649667640728222,5,96.72206622503924,1
B000_M06,B000_M06_P029,29,-0.47431545597234903,2,21.506441929925305,0
B000_M06,B000_M06_P030,30,1.0721752541019838,5,93.04170347610491,1
B000_M06,B000_M06_P031,31,0.7718783321546895,4,56.676249974007185,0
B000_M06,B000_M06_P032,32,1.625275864624901,5,149.8581170718954,1
B000_M06,B000_M06_P033,33,-0.8195716950409274,2,9.688906228681535,1
B000_M06,B000_M06_P034,34,0.49260160122377744,4,34.149855338830804,1
B000_M06,B000_M06_P035,35,0.47536620753380765,4,50.71617400334421,0
B000_M06,B000_M06_P036,36,-0.11049885274332298,3,17.034816444693057,0
B000_M06,B000_M06_P037,37,-1.877070039326686,1,4.13643851798956,0
B000_M06,B000_M06_P038,38,-0.15228430566970796,3,14.601022696262218,0
B000_M06,B000_M06_P039,39,-1.0887777537683818,1,13.690402949771725,0
B000_M06,B000_M06_P040,40,0.43893535852712856,4,27.132390419321002,0
B000_M06,B000_M06_P041,41,-0.6180677740534076,2,18.166516598484822,1
B000_M06,B000_M06_P042,42,-1.0981516165899017,1,7.707167508749819,0
B000_M06,B000_M06_P043,43,1.510504933182034,5,92.4906900181879,1
B000_M06,B000_M06_P044,44,0.25731413552788723,3,35.729849643001145,0
B000_M06,B000_M06_P045,45,-1.2701950473717556,1,5.779220301267156,1
B000_M06,B000_M06_P046,46,0.24113752988866033,3,31.217091131680366,1
B000_M06,B000_M06_P047,47,-0.5639666991233989,2,10.45182911078221,1
B000_M06,B000_M06_P048,48,1.5570076121306846,5,105.65174975346386,1
B000_M06,B000_M06_P049,49,-0.8197230880658015,2,20.189347975074597,1
B000_M06,B000_M06_P050,50,-0.3396062317745397,2,16.44242977613167,0
B000_M06,B000_M06_P051,51,0.7725786040769075,4,81.85112266530226,1
B000_M06,B000_M06_P052,52,-1.351698765701815,1,8.412196245232918,1
B000_M06,B000_M06_P053,53,0.5603155106444007,4,77.99595591958831,1
B000_M06,B000_M06_P054,54,-0.5029707024811073,2,15.586967323004167,1
B000_M06,B000_M06_P055,55,1.6452684399862652,5,59.308704564222985,1
B000_M06,B000_M06_P056,56,-0.33874804866417246,2,17.54737648771091,0
B000_M06,B000_M06_P057,57,0.930075214325545,4,47.15596054130121,1
B000_M06,B000_M06_P058,58,-0.5684510812893832,2,9.544169130638359,0
B000_M06,B000_M06_P059,59,-0.7355537222642669,2,7.588639902710192,1
B000_M06,B000_M06_P060,60,-1.535677958108406,1,4.974372764503426,0
B000_M06,B000_M06_P061,61,-0.17111397399849673,2,24.172954756534025,0
B000_M06,B000_M06_P062,62,1.3414271021922584,5,101.95798113160379,1
B000_M06,B000_M06_P063,63,-0.7733095777988837,2,17.232807443127378,0
B000_M06,B000_M06_P064,64,-0.05958199706577779,3,27.252478642844363,0
B000_M06,B000_M06_P065,65,-1.3249486650740285,1,3.0,0
B000_M06,B000_M06_P066,66,-1.1004333539537776,1,13.791771756374112,0
B000_M06,B000_M06_P067,67,0.8788608517803826,4,60.67371250125507,1
B000_M06,B000_M06_P068,68,-0.04846836715911044,3,37.691569354571556,1
B000_M06,B000_M06_P069,69,1.3320417556035704,5,87.4073300450716,1
B000_M06,B000_M06_P070,70,-1.3406957362612484,1,2.9013365085203606,1
B000_M06,B000_M06_P071,71,-0.48400654712914587,2,11.427826462045447,0
B000_M06,B000_M06_P072,72,-1.064574238616334,1,8.614466318063206,0
B000_M06,B000_M06_P073,73,0.3609196658517044,4,33.16764328396306,1
B000_M06,B000_M06_P074,74,0.6451513292001126,4,40.737931823313204,1
B000_M06,B000_M06_P075,75,-1.248727814265518,1,3.9148561472902488,0
B000_M06,B000_M06_P076,76,1.4955156848419326,5,86.03361502527028,1
B000_M06,B000_M06_P077,77,0.6359857561230015,4,56.64689306606261,0
B000_M06,B000_M06_P078,78,1.287046087050924,5,83.51647709804747,1
B000_M06,B000_M06_P079,79,-0.9266746307712763,1,6.606152493101187,0
B000_M06,B000_M06_P080,80,-0.87026030027124,1,8.692834142957697,0
B000_M06,B000_M06_P081,81,0.14194897525251138,3,21.898444379836242,1
B000_M06,B000_M06_P082,82,-0.11891755589999953,3,25.65997258223935,0
B000_M06,B000_M06_P083,83,-0.05652188806243184,3,28.838446869568745,0
B000_M06,B000_M06_P084,84,0.18843917815494723,3,20.675497648913947,1
B000_M06,B000_M06_P085,85,-0.2952155673079763,2,16.07044625463771,0
B000_M06,B000_M06_P086,86,-0.1765247842602764,2,15.093441907871608,1
B000_M06,B000_M06_P087,87,-1.5349802170004159,1,7.1247235902794985,1
B000_M06,B000_M06_P088,88,1.3649569495597562,5,76.48587762121976,1
B000_M06,B000_M06_P089,89,0.13970133923643244,3,34.36636746034087,1
B000_M06,B000_M06_P090,90,0.2601206114535695,3,35.705386567295406,0
B000_M06,B000_M06_P091,91,0.37299748851972175,4,36.62246337568945,0
B000_M06,B000_M06_P092,92,0.4931890587168672,4,31.16763503515411,0
B000_M06,B000_M06_P093,93,-0.4343109233159053,2,7.971246541097356,0
B000_M06,B000_M06_P094,94,-0.06399092873980124,3,38.048916401255504,0
B000_M06,B000_M06_P095,95,-0.824190740937745,2,7.609535204867363,1
B000_M06,B000_M06_P096,96,0.6067089375852653,4,23.695407817626002,0
B000_M06,B000_M06_P097,97,-0.9137847834704945,1,4.640247005895015,0
B000_M06,B000_M06_P098,98,-1.2243074993810312,1,10.42095324253011,0
B000_M06,B000_M06_P099,99,1.6046743703840225,5,132.94994030107353,1
B000_M07,B000_M07_P000,0,-1.6437686808504937,1,11.61719060729984,1
B000_M07,B000_M07_P001,1,-1.1134382709768798,2,7.579120842278675,0
B000_M07,B000_M07_P002,2,-0.7278367264821078,2,19.383789820545918,1
B000_M07,B000_M07_P003,3,0.059781857907363824,3,43.561204680684675,1
B000_M07,B000_M07_P004,4,0.13326386109853117,3,47.923514307217744,1
B000_M07,B000_M07_P005,5,-0.15796472060993108,3,29.311932333424384,1
B000_M07,B000_M07_P006,6,0.1247559963752974,3,49.140583933445406,1
B000_M07,B000_M07_P007,7,-2.586934875669989,1,1.8106783373632411,1
B000_M07,B000_M07_P008,8,-0.5894057931278772,2,40.92488479087027,1
B000_M07,B000_M07_P009,9,-0.2695616242675493,3,19.596368317758948,0
B000_M07,B000_M07_P010,10,-1.6457418578435632,1,3.4284276622136494,0
B000_M07,B000_M07_P011,11,0.8348494942238626,5,81.5986337192405,0
B000_M07,B000_M07_P012,12,-1.6904402309477262,1,8.301316794304476,0
B000_M07,B000_M07_P013,13,-1.4430784936845757,1,12.992288765573369,1
B000_M07,B000_M07_P014,14,1.021655056343077,5,83.64276112370655,0
B000_M07,B000_M07_P015,15,-1.0178099811710135,2,15.911030134142766,0
B000_M07,B000_M07_P016,16,0.012527194821974378,3,32.50236272117851,1
B000_M07,B000_M07_P017,17,-0.5022829524972546,3,27.81448830398896,1
B000_M07,B000_M07_P018,18,-1.561034794109285,1,11.199377709812248,0
B000_M07,B000_M07_P019,19,0.8824119494669574,5,84.85282987187644,1
B000_M07,B000_M07_P020,20,0.7343374958160696,4,54.45989609329809,1
B000_M07,B000_M07_P021,21,2.047095856098021,5,88.91139877883947,0
B000_M07,B000_M07_P022,22,-1.9898423383523225,1,15.047528747202294,0
B000_M07,B000_M07_P023,23,-0.39689897746679365,3,18.191669395152253,1
B000_M07,B000_M07_P024,24,0.2515489680418714,4,30.805683194963777,1
B000_M07,B000_M07_P025,25,0.23672320385291057,4,45.255866401262935,0
B000_M07,B000_M07_P026,26,0.05045781365155111,3,40.777066183801686,0
B000_M07,B000_M07_P027,27,-2.3254682028581013,1,3.56693181064135,1
B000_M07,B000_M07_P028,28,1.057531047450447,5,82.7493656462701,1
B000_M07,B000_M07_P029,29,0.02266389631052527,3,45.94545499501434,1
B000_M07,B000_M07_P030,30,0.49375446668898615,4,73.53227778002918,1
B000_M07,B000_M07_P031,31,-1.2090175880663292,2,13.399013540475273,1
B000_M07,B000_M07_P032,32,-1.348001134007711,1,18.68891956137481,0
B000_M07,B000_M07_P033,33,0.5040008785371867,4,69.5827168905851,1
B000_M07,B000_M07_P034,34,-1.1924595778262337,2,28.638978062708734,1
B000_M07,B000_M07_P035,35,2.0047282117314427,5,85.26978432422925,1
B000_M07,B000_M07_P036,36,-0.668208254598277,2,10.05335825897164,0
B000_M07,B000_M07_P037,37,1.1507268188193587,5,79.98193125640482,1
B000_M07,B000_M07_P038,38,-0.9060691436125765,2,20.885688802173807,1
B000_M07,B000_M07_P039,39,0.6455511149390033,4,84.84992485619608,0
B000_M07,B000_M07_P040,40,0.03708055992717781,3,38.17923462784116,1
B000_M07,B000_M07_P041,41,0.5867016649803468,4,67.25387308483253,1
B000_M07,B000_M07_P042,42,0.3995587676193402,4,58.41889386644556,0
B000_M07,B000_M07_P043,43,-2.0500557070460754,1,8.566036546557644,0
B000_M07,B000_M07_P044,44,0.8499263764765566,5,56.550596168331396,1
B000_M07,B000_M07_P045,45,-0.1570157696623391,3,32.22260417471868,1
B000_M07,B000_M07_P046,46,0.28718655734585874,4,60.9414612519206,1
B000_M07,B000_M07_P047,47,-0.3431729899567668,3,23.57616391172665,1
B000_M07,B000_M07_P048,48,0.18232283059325394,4,45.544842003805606,0
B000_M07,B000_M07_P049,49,0.5985429703516029,4,57.87631670166142,0
B000_M07,B000_M07_P050,50,-0.7847541885272452,2,23.18702198311056,0
B000_M07,B000_M07_P051,51,-1.2898138038190057,1,8.867718422333873,0
B000_M07,B000_M07_P052,52,0.05049583010759384,3,35.83737304907719,1
B000_M07,B000_M07_P053,53,-0.9776921747874944,2,27.618131450275264,1
B000_M07,B000_M07_P054,54,-1.7389699591813372,1,7.238832690639281,0
B000_M07,B000_M07_P055,55,0.7841331315201936,5,68.95512508211495,1
B000_M07,B000_M07_P056,56,-1.4473096638010838,1,9.80740350823959,1
B000_M07,B000_M07_P057,57,0.14936884694601552,3,45.14400975892165,1
B000_M07,B000_M07_P058,58,1.2307832920051698,5,80.94982013362342,1
B000_M07,B000_M07_P059,59,0.9925344648743378,5,81.83920396757685,1
B000_M07,B000_M07_P060,60,-1.5743110820862816,1,8.528254521195082,0
B000_M07,B000_M07_P061,61,-1.4735132152734796,1,8.96936604152787,0
B000_M07,B000_M07_P062,62,-0.7093451371867809,2,27.0638802392464,1
B000_M07,B000_M07_P063,63,-1.2043429812610715,2,12.105823793588028,1
B000_M07,B000_M07_P064,64,-0.35234609393874217,3,28.44569334567486,0
B000_M07,B000_M07_P065,65,1.5229249349487652,5,83.63645580954918,1
B000_M07,B000_M07_P066,66,-0.5357696711762435,3,29.792160810837505,1
B000_M07,B000_M07_P067,67,1.3896129804930935,5,82.95522914143599,1
B000_M07,B000_M07_P068,68,0.4525439888180758,4,29.33146007453942,1
B000_M07,B000_M07_P069,69,-1.1476574449137098,2,9.430684629039256,1
B000_M07,B000_M07_P070,70,0.5792079166734209,4,69.44245812214665,1
B000_M07,B000_M07_P071,71,-1.5618362328313056,1,3.6173894297906153,0
B000_M07,B000_M07_P072,72,-0.976340233232133,2,20.02557602575602,1
B000_M07,B000_M07_P073,73,0.22937622939652014,4,43.55386863918921,1
B000_M07,B000_M07_P074,74,-0.21077756494389574,3,34.29578783140301,0
B000_M07,B000_M07_P075,75,0.20237127527483567,4,41.97242389687475,1
B000_M07,B000_M07_P076,76,-0.053120257296756644,3,30.317544011131105,1
B000_M07,B000_M07_P077,77,0.8132167530683626,5,65.24670340643192,1
B000_M07,B000_M07_P078,78,-0.8560118428025526,2,24.085999071995797,0
B000_M07,B000_M07_P079,79,0.7357427531571079,4,65.4864000852273,1
B000_M07,B000_M07_P080,80,1.0191185214840202,5,56.41383257985028,1
B000_M07,B000_M07_P081,81,-1.065666171332542,2,8.627861596049073,0
B000_M07,B000_M07_P082,82,1.286099856685649,5,84.85645943146551,1
B000_M07,B000_M07_P083,83,1.3119764554937074,5,85.34401315276052,0
B000_M07,B000_M07_P084,84,2.9555787254111934,5,89.5989209559234,0
B000_M07,B000_M07_P085,85,-2.3453176188035365,1,2.7275300343121462,1
B000_M07,B000_M07_P086,86,-0.24614950264367685,3,38.576941611979095,0
B000_M07,B000_M07_P087,87,1.1138658313158454,5,84.88125191656229,1
B000_M07,B000_M07_P088,88,-0.5989082931087681,2,23.59098277648039,0
B000_M07,B000_M07_P089,89,-1.7830194912742572,1,13.899454837137018,1
B000_M07,B000_M07_P090,90,-0.5915092710334321,2,30.11201846135985,0
B000_M07,B000_M07_P091,91,0.4861932767843801,4,72.78681677778829,0
B000_M07,B000_M07_P092,92,0.22835310505693548,4,37.4932488052956,1
B000_M07,B000_M07_P093,93,-2.112426857440464,1,1.6766751545471503,0
B000_M07,B000_M07_P094,94,-2.1720746262870425,1,3.9615689285972326,1
B000_M07,B000_M07_P095,95,-0.8680028808517819,2,7.69216104509259,0
B000_M07,B000_M07_P096,96,1.2284646303956455,5,77.06655920006088,0
B000_M07,B000_M07_P097,97,-0.6106534095196413,2,8.921514975062024,0
B000_M07,B000_M07_P098,98,0.15130035169058562,4,54.83558833690779,1
B000_M07,B000_M07_P099,99,0.22826012888165323,4,46.369006095792315,0
B001_M00,B001_M00_P000,0,-1.1416056344781682,1,7.84549281721403,1
B001_M00,B001_M00_P001,1,-0.999721019821408,1,11.915127862434987,1
B001_M00,B001_M00_P002,2,0.42948726823708333,4,69.8119790765324,1
B001_M00,B001_M00_P003,3,-0.8200943506984656,2,21.90283254149855,1
B001_M00,B001_M00_P004,4,-0.21219723261759524,3,31.93493700874052,1
B001_M00,B001_M00_P005,5,0.8844249724597296,5,75.65672253644797,1
B001_M00,B001_M00_P006,6,1.0074271194462117,5,76.93887517451782,1
B001_M00,B001_M00_P007,7,-1.4000185350348888,1,9.21701673833159,0
B001_M00,B001_M00_P008,8,-0.6448641197419841,2,15.936394372478983,0
B001_M00,B001_M00_P009,9,-1.6309995042950403,1,9.558041231825587,0
B001_M00,B001_M00_P010,10,-1.4440303775720011,1,8.811119699594535,1
B001_M00,B001_M00_P011,11,1.2201101968772607,5,92.78166690224424,1
B001_M00,B001_M00_P012,12,-0.03687422396820071,3,24.879002384302787,1
B001_M00,B001_M00_P013,13,0.14348323383125347,4,38.50556930812801,0
B001_M00,B001_M00_P014,14,-3.854229582339407,1,0.0,1
B001_M00,B001_M00_P015,15,1.0174654225789528,5,59.79367861634354,1
B001_M00,B001_M00_P016,16,0.9253147303683634,5,68.0723238167371,1
B001_M00,B001_M00_P017,17,0.01302609716249307,4,25.671719204752556,0
B001_M00,B001_M00_P018,18,-0.9280223351030061,1,12.718806751029772,0
B001_M00,B001_M00_P019,19,-0.7420935778739325,2,25.523047147332377,1
B001_M00,B001_M00_P020,20,0.7074885984942405,4,64.90997983931098,0
B001_M00,B001_M00_P021,21,-0.8437749575817698,2,14.388605449655646,1
B001_M00,B001_M00_P022,22,-0.458336514011268,3,7.943412661266223,0
B001_M00,B001_M00_P023,23,-1.2282834437149057,1,13.114931277117956,1
B001_M00,B001_M00_P024,24,0.15373060333983996,4,61.62139864130816,1
B001_M00,B001_M00_P025,25,0.002385281790853807,3,44.23004175055509,0
B001_M00,B001_M00_P026,26,-1.3327714402380582,1,8.143954453500557,0
B001_M00,B001_M00_P027,27,-0.6217790825390038,2,30.219760626981955,1
B001_M00,B001_M00_P028,28,-0.8538774348340906,2,16.570034672337915,0
B001_M00,B001_M00_P029,29,0.28883837382872285,4,62.75826130716512,1
B001_M00,B001_M00_P030,30,0.7428632202183545,4,33.70395816563516,1
B001_M00,B001_M00_P031,31,2.0039126528423066,5,219.60516582249426,1
B001_M00,B001_M00_P032,32,-0.34813994977933876,3,27.183844430052645,1
B001_M00,B001_M00_P033,33,-0.8717456811063243,2,16.63685449661562,0
B001_M00,B001_M00_P034,34,-1.244044243720534,1,16.211628739282393,0
B001_M00,B001_M00_P035,35,-1.7597755027670494,1,1.875353316506974,0
B001_M00,B001_M00_P036,36,-1.3278095339952574,1,8.505850399779556,1
B001_M00,B001_M00_P037,37,-0.39992121399206254,3,12.842023346528748,0
B001_M00,B001_M00_P038,38,-0.6524824924784857,2,4.81153168596422,0
B001_M00,B001_M00_P039,39,-1.5544958446609753,1,13.279078781490245,0
B001_M00,B001_M00_P040,40,-0.6017413631721205,2,9.649823627365333,1
B001_M00,B001_M00_P041,41,0.9274321901579157,5,49.95351161589,1
B001_M00,B001_M00_P042,42,-0.7519558339662953,2,22.048234666626726,1
B001_M00,B001_M00_P043,43,1.7824912046277983,5,114.6709638532049,1
B001_M00,B001_M00_P044,44,-0.5755136146287555,3,6.735464219400057,1
B001_M00,B001_M00_P045,45,1.2906995796154408,5,97.21875581404471,1
B001_M00,B001_M00_P046,46,-1.3354844584987307,1,3.8269941239340395,0
B001_M00,B001_M00_P047,47,0.5769809278818702,4,21.726412167721676,0
B001_M00,B001_M00_P048,48,0.17522231059021123,4,44.235447671018036,0
B001_M00,B001_M00_P049,49,-1.744442978610864,1,0.9262474048699988,1
B001_M00,B001_M00_P050,50,-0.29802450101773464,3,8.121250847359347,0
B001_M00,B001_M00_P051,51,0.010136169951460808,4,24.185164235075398,0
B001_M00,B001_M00_P052,52,0.9158804586593701,5,45.725332271094864,0
B001_M00,B001_M00_P053,53,0.822657817646184,5,80.16460471221247,1
B001_M00,B001_M00_P054,54,1.6270372544103129,5,124.88481807896969,1
B001_M00,B001_M00_P055,55,-0.8590820217051656,2,8.193011230795404,0
B001_M00,B001_M00_P056,56,-1.9431141781849883,1,4.0,0
B001_M00,B001_M00_P057,57,-0.6305737970772488,2,10.35309645473797,0
B001_M00,B001_M00_P058,58,0.7820755210007784,4,24.04905030649006,1
B001_M00,B001_M00_P059,59,1.139051124829414,5,45.919122873868254,0
B001_M00,B001_M00_P060,60,-0.581467613966966,3,3.984733495532601,0
B001_M00,B001_M00_P061,61,0.17796262090830597,4,44.929850889913986,1
B001_M00,B001_M00_P062,62,1.9167919043141748,5,74.32446258679839,1
B001_M00,B001_M00_P063,63,-0.38574073423772254,3,10.710189938040118,1
B001_M00,B001_M00_P064,64,0.6258605639453115,4,49.28966353470695,0
B001_M00,B001_M00_P065,65,-0.2601242083499859,3,21.419459284355117,1
B001_M00,B001_M00_P066,66,1.7951415631940077,5,124.15165213012516,1
B001_M00,B001_M00_P067,67,-0.796609550956276,2,5.872169089541442,1
B001_M00,B001_M00_P068,68,-0.7928150351949049,2,14.205420770963144,0
B001_M00,B001_M00_P069,69,-0.08433101735829984,3,11.994210209711394,0
B001_M00,B001_M00_P070,70,0.9797933715057175,5,93.30145007446673,1
B001_M00,B001_M00_P071,71,-0.6250313315654646,2,13.78094763999385,1
B001_M00,B001_M00_P072,72,-0.36612650497725635,3,24.11064968249326,0
B001_M00,B001_M00_P073,73,0.817245418960276,5,38.94777072664566,0
B001_M00,B001_M00_P074,74,0.48446569322548444,4,24.772989273166388,0
B001_M00,B001_M00_P075,75,0.1656385981732735,4,16.5305338208326,0
B001_M00,B001_M00_P076,76,-0.7702633120549259,2,12.3791161199219,0
B001_M00,B001_M00_P077,77,1.78536135856786,5,118.8809514853676,1
B001_M00,B001_M00_P078,78,0.03518560651555767,4,15.258705961157816,1
B001_M00,B001_M00_P079,79,-1.290560970567877,1,3.7882170327382823,1
B001_M00,B001_M00_P080,80,-0.3048649499045837,3,31.887955812045547,1
B001_M00,B001_M00_P081,81,-0.7728715391678281,2,5.835242980669789,0
B001_M00,B001_M00_P082,82,-0.13242111807843227,3,21.69195757459118,0
B001_M00,B001_M00_P083,83,-0.3724430817426174,3,21.757935519120036,1
B001_M00,B001_M00_P084,84,-1.0342779305768905,1,9.07440974813387,0
B001_M00,B001_M00_P085,85,-0.5839504539806851,2,12.573705389408872,0
B001_M00,B001_M00_P086,86,-0.35555621991828484,3,14.690719230966707,1
B001_M00,B001_M00_P087,87,1.5917171632189222,5,164.14392102814188,1
B001_M00,B001_M00_P088,88,0.7462985945700112,4,67.93706179348526,1
B001_M00,B001_M00_P089,89,-0.5933036148491387,2,1.863252447731016,1
B001_M00,B001_M00_P090,90,-0.875769121259376,2,7.474086253891402,1
B001_M00,B001_M00_P091,91,0.809296637060791,4,82.4441123814288,1
B001_M00,B001_M00_P092,92,0.22132742937710623,4,41.2874447692001,1
B001_M00,B001_M00_P093,93,-1.2165839596611028,1,8.594083576870194,0
B001_M00,B001_M00_P094,94,-0.36084255172830754,3,28.4843102813846,1
B001_M00,B001_M00_P095,95,-0.5009232294454069,3,10.664782205142401,0
B001_M00,B001_M00_P096,96,-0.5134062179097619,3,12.829176464731429,0
B001_M00,B001_M00_P097,97,1.602249219939696,5,134.7285672277411,1
B001_M00,B001_M00_P098,98,-1.7247500898532149,1,6.873424894173639,1
B001_M00,B001_M00_P099,99,0.251782859217185,4,19.643618369234265,1
B001_M01,B001_M01_P000,0,1.1434986514782817,5,69.74923660085666,0
B001_M01,B001_M01_P001,1,-0.846211585970635,2,16.010006839478734,0
B001_M01,B001_M01_P002,2,0.5768738082373032,4,31.515469435121272,0
B001_M01,B001_M01_P003,3,0.7895830201382817,4,59.52965948217138,1
B001_M01,B001_M01_P004,4,-0.1669543784861848,3,23.684092305571006,0
B001_M01,B001_M01_P005,5,-0.5182116909336475,2,22.091191506942593,1
B001_M01,B001_M01_P006,6,1.941835884875567,5,84.02370115951547,0
B001_M01,B001_M01_P007,7,0.7002216773515227,4,47.68318254891669,1
B001_M01,B001_M01_P008,8,-1.857512600500485,1,10.460879960253886,1
B001_M01,B001_M01_P009,9,0.317222090998799,4,61.121308041987184,1
B001_M01,B001_M01_P010,10,1.4695722233920427,5,78.08440905878251,1
B001_M01,B001_M01_P011,11,-1.0129076631788505,1,5.303784370148444,0
B001_M01,B001_M01_P012,12,0.7152415965960186,4,71.51804417325974,1
B001_M01,B001_M01_P013,13,2.1604954954420337,5,86.19307984703772,1
B001_M01,B001_M01_P014,14,-1.2436549665522312,1,7.894032199544332,1
B001_M01,B001_M01_P015,15,0.5568036134519756,4,58.24641295230944,1
B001_M01,B001_M01_P016,16,0.22696337532126565,3,42.16221934923847,1
B001_M01,B001_M01_P017,17,-0.09347445343292722,3,20.142058118574038,1
B001_M01,B001_M01_P018,18,0.18145742434307569,3,24.578119133672146,1
B001_M01,B001_M01_P019,19,-0.48240994478884786,2,18.982999408372294,0
B001_M01,B001_M01_P020,20,0.09077652594074125,3,33.71954358909689,1
B001_M01,B001_M01_P021,21,0.4081071090974977,4,27.34620045164233,1
B001_M01,B001_M01_P022,22,0.2999026807093044,4,57.902672624159536,1
B001_M01,B001_M01_P023,23,-0.3108477328516938,2,17.45130017033647,0
B001_M01,B001_M01_P024,24,-0.36484401176140935,2,31.09733682888455,0
B001_M01,B001_M01_P025,25,-0.3424061166903229,2,24.813309748992065,1
B001_M01,B001_M01_P026,26,1.4527497572831258,5,86.80025125910942,0
B001_M01,B001_M01_P027,27,1.167082129465604,5,79.96620754164942,1
B001_M01,B001_M01_P028,28,0.9752569713278204,4,79.8731384056474,1
B001_M01,B001_M01_P029,29,-0.032727428891037524,3,24.31425349021161,1
B001_M01,B001_M01_P030,30,-1.2288274385768652,1,5.065508909053337,0
B001_M01,B001_M01_P031,31,-0.7948076561138905,2,20.836010575463767,0
B001_M01,B001_M01_P032,32,-0.6675002789415262,2,7.002553223999812,1
B001_M01,B001_M01_P033,33,-0.10127447797971263,3,25.8299952099474,0
B001_M01,B001_M01_P034,34,2.462256062731852,5,91.07525161562829,1
B001_M01,B001_M01_P035,35,-1.487208475802287,1,5.509950071738392,1
B001_M01,B001_M01_P036,36,1.107767746995077,5,63.348875371888546,1
B001_M01,B001_M01_P037,37,-1.7052650684821764,1,2.4320785088976615,1
B001_M01,B001_M01_P038,38,0.037728905174290596,3,27.676244163164082,1
B001_M01,B001_M01_P039,39,0.24244891635333954,3,33.611654226860175,0
B001_M01,B001_M01_P040,40,0.6973512122804714,4,56.24713542336838,0
B001_M01,B001_M01_P041,41,0.5237145929199657,4,44.395733970666015,0
B001_M01,B001_M01_P042,42,-0.48281643286974657,2,10.762991453950544,0
B001_M01,B001_M01_P043,43,-2.0058247051980302,1,5.789685752214268,1
B001_M01,B001_M01_P044,44,1.0188545895403387,4,69.84630905347309,1
B001_M01,B001_M01_P045,45,0.9449410814028111,4,70.05622477126886,0
B001_M01,B001_M01_P046,46,-0.25686674023079936,2,18.703504363732442,0
B001_M01,B001_M01_P047,47,0.5090611587106806,4,45.839363835028884,1
B001_M01,B001_M01_P048,48,-0.3873520024370462,2,27.290414860413296,0
B001_M01,B001_M01_P049,49,0.2393697946769979,3,32.5816740292844,1
B001_M01,B001_M01_P050,50,1.088743830703821,5,76.34950420381469,1
B001_M01,B001_M01_P051,51,0.16247916201913165,3,45.81766591016894,0
B001_M01,B001_M01_P052,52,-0.8771038777887868,1,6.876109667828035,1
B001_M01,B001_M01_P053,53,2.19700899548034,5,85.29858830678668,0
B001_M01,B001_M01_P054,54,0.13555969489813155,3,40.31843238557554,1
B001_M01,B001_M01_P055,55,-1.7070389284686005,1,6.783538175936214,1
B001_M01,B001_M01_P056,56,1.705493346662762,5,84.85080966503128,1
B001_M01,B001_M01_P057,57,-2.1722757868087452,1,5.033844798111206,0
B001_M01,B001_M01_P058,58,0.8763485276562761,4,65.55998545997677,0
B001_M01,B001_M01_P059,59,-0.3229963985246407,2,21.513515455393186,0
B001_M01,B001_M01_P060,60,0.04978199784458959,3,47.697174400689285,1
B001_M01,B001_M01_P061,61,1.6030121627399148,5,87.07659874027622,1
B001_M01,B001_M01_P062,62,1.7536682341637093,5,81.86132574714625,1
B001_M01,B001_M01_P063,63,-1.4147974798816942,1,19.75680788579346,1
B001_M01,B001_M01_P064,64,-1.8345059097248217,1,3.8079076251759183,1
B001_M01,B001_M01_P065,65,0.8686841487345186,4,74.16263287752234,0
B001_M01,B001_M01_P066,66,-1.0240967410324877,1,9.996092034553307,0
B001_M01,B001_M01_P067,67,0.2826948894920151,3,20.033375972021435,1
B001_M01,B001_M01_P068,68,0.993057078068681,4,70.38239795494107,0
B001_M01,B001_M01_P069,69,-0.8038878108903905,2,12.519601275399694,0
B001_M01,B001_M01_P070,70,0.13979970228943842,3,49.48596504416669,1
B001_M01,B001_M01_P071,71,-0.35857937267283474,2,33.33163079983592,0
B001_M01,B001_M01_P072,72,1.9119415855941584,5,82.54982832642781,0
B001_M01,B001_M01_P073,73,1.6741965596815251,5,87.05370652134238,1
B001_M01,B001_M01_P074,74,1.8565305822860232,5,86.52039623511307,1
B001_M01,B001_M01_P075,75,-0.9872663505400966,1,12.211063675285843,1
B001_M01,B001_M01_P076,76,0.23599137085460398,3,33.51934328133671,1
B001_M01,B001_M01_P077,77,2.3345085606391844,5,86.99358561201866,1
B001_M01,B001_M01_P078,78,-1.9170534452389951,1,2.654806945714653,1
B001_M01,B001_M01_P079,79,-0.5996856274065419,2,8.014205742109892,0
B001_M01,B001_M01_P080,80,-0.02109443677255075,3,21.355880693354038,0
B001_M01,B001_M01_P081,81,1.154411160951739,5,78.81958152070801,1
B001_M01,B001_M01_P082,82,-1.4892299546684657,1,11.267979657369814,1
B001_M01,B001_M01_P083,83,0.2878296018893048,3,48.7788451856606,1
B001_M01,B001_M01_P084,84,0.9718411362892162,4,82.30951814348448,1
B001_M01,B001_M01_P085,85,-0.3606427425076517,2,15.515174606555323,0
B001_M01,B001_M01_P086,86,0.9630928414565748,4,71.1743689820388,1
B001_M01,B001_M01_P087,87,-0.8818092144424515,1,16.573595839470485,0
B001_M01,B001_M01_P088,88,-1.0000302121662081,1,9.450518182787148,1
B001_M01,B001_M01_P089,89,0.027105799628046583,3,26.55923067497036,1
B001_M01,B001_M01_P090,90,0.2762988552781437,3,35.01180002718336,1
B001_M01,B001_M01_P091,91,-0.8535868228597084,2,9.636494374146533,0
B001_M01,B001_M01_P092,92,-0.19252893363110565,2,35.945292896882606,1
B001_M01,B001_M01_P093,93,-1.1877586155704953,1,10.625744879256567,1
B001_M01,B001_M01_P094,94,1.5506093903241405,5,82.3567396585208,0
B001_M01,B001_M01_P095,95,-0.33038344373947265,2,11.202529922767328,0
B001_M01,B001_M01_P096,96,-0.7727985493357514,2,25.433735163008826,1
B001_M01,B001_M01_P097,97,0.8357754402781606,4,43.35430262518295,1
B001_M01,B001_M01_P098,98,-0.9418276457254106,1,13.145955397914896,0
B001_M01,B001_M01_P099,99,1.7680610545295048,5,85.34157523383199,0
B001_M02,B001_M02_P000,0,-0.8873289523628696,1,9.705667166302275,1
B001_M02,B001_M02_P001,1,0.9780959182030662,4,60.44101873415611,1
B001_M02,B001_M02_P002,2,1.0744869660338583,4,59.472405647625656,1
B001_M02,B001_M02_P003,3,-0.22733273074075747,3,20.49010785730148,0
B001_M02,B001_M02_P004,4,-1.149869306796715,1,7.431264707166541,1
B001_M02,B001_M02_P005,5,-0.11499337343975935,3,14.949828589677992,0
B001_M02,B001_M02_P006,6,-1.162950968162041,1,9.704810268921085,0
B001_M02,B001_M02_P007,7,0.3438359905656166,3,43.556666497767004,0
B001_M02,B001_M02_P008,8,-2.1413267919139636,1,4.610192943816725,1
B001_M02,B001_M02_P009,9,2.233922566484297,5,86.74025397638316,1
B001_M02,B001_M02_P010,10,2.0782412975086655,5,84.9895235431894,1
B001_M02,B001_M02_P011,11,-0.9118653231904709,1,6.941990640037936,0
B001_M02,B001_M02_P012,12,1.0877920314994018,4,35.3559767157795,1
B001_M02,B001_M02_P013,13,-0.8195206675288037,1,14.535303748588472,1
B001_M02,B001_M02_P014,14,0.5194911405922281,4,35.262283876564766,0
B001_M02,B001_M02_P015,15,-0.7043451100489554,2,14.956040647978924,0
B001_M02,B001_M02_P016,16,1.2137877956595946,5,70.17650728420598,1
B001_M02,B001_M02_P017,17,0.7195156935559242,4,55.512876262985316,1
B001_M02,B001_M02_P018,18,-1.4768588516028445,1,6.714061276929565,0
B001_M02,B001_M02_P019,19,-0.2680263882750012,3,21.24471332452998,0
B001_M02,B001_M02_P020,20,-0.23670941583386873,3,13.708504483066058,0
B001_M02,B001_M02_P021,21,-2.157727579952643,1,4.66117572020785,0
B001_M02,B001_M02_P022,22,-0.31135315809037106,2,21.111711378671746,1
B001_M02,B001_M02_P023,23,1.2941501249831735,5,66.38717229260254,0
B001_M02,B001_M02_P024,24,1.200728401601143,5,62.79007423310233,1
B001_M02,B001_M02_P025,25,0.10652951529400984,3,26.515404346311133,0
B001_M02,B001_M02_P026,26,-0.9849964001608319,1,6.727671544159293,1
B001_M02,B001_M02_P027,27,1.0454704696175574,4,80.1840659615414,1
B001_M02,B001_M02_P028,28,0.9567102113259093,4,41.7877820304003,1
B001_M02,B001_M02_P029,29,-1.620991188132149,1,7.755337580071284,0
B001_M02,B001_M02_P030,30,-0.43754060479182894,2,16.515498458221227,0
B001_M02,B001_M02_P031,31,-1.3188892822764433,1,7.32883329561277,1
B001_M02,B001_M02_P032,32,1.1575735828439615,4,55.10850172523803,1
B001_M02,B001_M02_P033,33,1.9268939883321927,5,86.22769640740498,1
B001_M02,B001_M02_P034,34,2.41080861949429,5,89.0536144368614,1
B001_M02,B001_M02_P035,35,1.132884772085816,4,53.86954461262141,1
B001_M02,B001_M02_P036,36,-0.04362972109242367,3,16.459069118648713,0
B001_M02,B001_M02_P037,37,-1.1714692271136207,1,8.915834350507568,0
B001_M02,B001_M02_P038,38,0.3661109067640127,3,23.742916410704378,0
B001_M02,B001_M02_P039,39,-1.6746371615333926,1,5.311440336196454,0
B001_M02,B001_M02_P040,40,0.24844448029351077,3,16.02003455629135,0
B001_M02,B001_M02_P041,41,1.2015079537051527,5,64.39176498461397,0
B001_M02,B001_M02_P042,42,0.8446786209230339,4,25.879721214151314,1
B001_M02,B001_M02_P043,43,0.369115834530485,3,31.455004567011848,1
B001_M02,B001_M02_P044,44,1.403081918458577,5,78.01731995462775,1
B001_M02,B001_M02_P045,45,0.16246646996045316,3,19.011255771977233,1
B001_M02,B001_M02_P046,46,-0.37913567908749285,2,18.304881817797053,0
B001_M02,B001_M02_P047,47,-0.37670314376038955,2,12.240420771602043,0
B001_M02,B001_M02_P048,48,3.152722675857316,5,89.87247572577675,1
B001_M02,B001_M02_P049,49,-0.35738480857362065,2,13.6402643998331,0
B001_M02,B001_M02_P050,50,-0.29797873999569296,3,20.368343899963314,0
B001_M02,B001_M02_P051,51,-0.4355820116384113,2,10.861098034860621,0
B001_M02,B001_M02_P052,52,-0.3664627669498008,2,22.953679669810043,1
B001_M02,B001_M02_P053,53,1.0586142416136133,4,55.91925377471303,1
B001_M02,B001_M02_P054,54,-1.020500007596423,1,16.65562651525104,1
B001_M02,B001_M02_P055,55,1.0243759921048534,4,80.76919102554558,1
B001_M02,B001_M02_P056,56,0.09086399119380295,3,21.7222168233456,1
B001_M02,B001_M02_P057,57,0.3694897569253159,3,49.65511698518209,1
B001_M02,B001_M02_P058,58,-0.4195147572584341,2,20.776614678392693,1
B001_M02,B001_M02_P059,59,-0.9243740928988736,1,8.961335058378747,0
B001_M02,B001_M02_P060,60,-0.6024690596917461,2,22.72073055594746,1
B001_M02,B001_M02_P061,61,-0.28982652197631675,3,24.90268947643405,1
B001_M02,B001_M02_P062,62,-0.7809559160934824,2,20.46457127893392,0
B001_M02,B001_M02_P063,63,2.0651664950956072,5,88.77100416550421,1
B001_M02,B001_M02_P064,64,-3.109160621464014,1,0.0,0
B001_M02,B001_M02_P065,65,-0.7566848432004902,2,13.583228010957964,1
B001_M02,B001_M02_P066,66,0.260079624074594,3,21.156263320679507,0
B001_M02,B001_M02_P067,67,-1.5105915929876794,1,11.869346064765766,0
B001_M02,B001_M02_P068,68,0.393534111566136,4,29.59054323136356,1
B001_M02,B001_M02_P069,69,1.704713834533174,5,87.44979463086335,1
B001_M02,B001_M02_P070,70,-1.0843645061358265,1,14.391137228996426,1
B001_M02,B001_M02_P071,71,-0.3312414277613234,2,19.703011174392568,0
B001_M02,B001_M02_P072,72,1.33250386771686,5,60.8757406769499,0
B001_M02,B001_M02_P073,73,-0.4379348402105882,2,21.396264303430762,0
B001_M02,B001_M02_P074,74,0.4798586186755549,4,31.13450083880535,1
B001_M02,B001_M02_P075,75,1.3658407867801914,5,43.59424305226764,0
B001_M02,B001_M02_P076,76,-0.07842178323561753,3,22.11951918017157,0
B001_M02,B001_M02_P077,77,1.582038129045835,5,82.67736018153803,1
B001_M02,B001_M02_P078,78,1.3794054131545082,5,59.45025111478679,0
B001_M02,B001_M02_P079,79,-0.751952577019309,2,3.9586054656437106,0
B001_M02,B001_M02_P080,80,-0.36679825325283355,2,17.28756742222396,1
B001_M02,B001_M02_P081,81,-0.33501829396617544,2,9.804068921254204,1
B001_M02,B001_M02_P082,82,1.0543313687903006,4,74.76966894226742,1
B001_M02,B001_M02_P083,83,1.1880253329755603,4,35.60169245479293,1
B001_M02,B001_M02_P084,84,0.021448213981881736,3,22.61727194736198,1
B001_M02,B001_M02_P085,85,0.8929540390193754,4,30.680302774177605,0
B001_M02,B001_M02_P086,86,1.344337629487945,5,53.10209981939429,1
B001_M02,B001_M02_P087,87,-0.11509007445478207,3,19.626276825588945,0
B001_M02,B001_M02_P088,88,0.4333734409186387,4,30.863474109815606,1
B001_M02,B001_M02_P089,89,1.3673427721963927,5,68.98260975249696,0
B001_M02,B001_M02_P090,90,-1.1525460917050767,1,5.724820539134053,0
B001_M02,B001_M02_P091,91,-0.6777694061683649,2,9.391171515596753,1
B001_M02,B001_M02_P092,92,-0.6919662072216947,2,10.312240286544577,1
B001_M02,B001_M02_P093,93,-0.5138078465107908,2,16.792180768858724,0
B001_M02,B001_M02_P094,94,0.7420604084122475,4,73.56008306391689,1
B001_M02,B001_M02_P095,95,1.5083779942931927,5,84.68063585889485,1
B001_M02,B001_M02_P096,96,0.4361929940175631,4,41.64823955050242,0
B001_M02,B001_M02_P097,97,-0.26804030357436065,3,12.956194733716558,0
B001_M02,B001_M02_P098,98,-1.0818968704896028,1,5.81052935851295,0
B001_M02,B001_M02_P099,99,1.2681908241701176,5,68.04456729239811,0
B001_M03,B001_M03_P000,0,-0.02685883996073542,3,26.118988911295315,0
B001_M03,B001_M03_P001,1,-1.4338904451356056,1,6.167997926937355,0
B001_M03,B001_M03_P002,2,-0.387439851378021,2,30.325788599713324,0
B001_M03,B001_M03_P003,3,-0.31085740367408715,2,21.999983851367844,1
B001_M03,B001_M03_P004,4,1.9691060377074852,5,85.70977514649742,1
B001_M03,B001_M03_P005,5,0.3829025257400464,3,36.762948749457266,1
B001_M03,B001_M03_P006,6,0.054645967015004994,3,35.66472989644926,0
B001_M03,B001_M03_P007,7,-0.9201797045066124,1,13.321250526319886,0
B001_M03,B001_M03_P008,8,-0.5670652019644286,2,12.803858319222549,0
B001_M03,B001_M03_P009,9,-0.1443167591133989,2,19.13593026503076,0
B001_M03,B001_M03_P010,10,1.738547538967531,5,77.99709264712882,1
B001_M03,B001_M03_P011,11,0.24965548497472131,3,25.427110712477358,1
B001_M03,B001_M03_P012,12,0.5424292744723617,4,64.90362422314551,1
B001_M03,B001_M03_P013,13,0.2624467039879633,3,40.021244754055296,0
B001_M03,B001_M03_P014,14,1.545612044410819,5,86.54413006829104,1
B001_M03,B001_M03_P015,15,0.41693782287799697,4,55.05680532751832,0
B001_M03,B001_M03_P016,16,-0.2561880754833477,2,20.952613967904192,0
B001_M03,B001_M03_P017,17,-1.1606076805659116,1,20.25663309767475,0
B001_M03,B001_M03_P018,18,1.7535707737928237,5,85.52783226867722,1
B001_M03,B001_M03_P019,19,0.1562104778666277,3,30.693716307872972,0
B001_M03,B001_M03_P020,20,0.007400609691047648,3,22.02370973709808,0
B001_M03,B001_M03_P021,21,-1.023538676031224,1,7.664340895213997,1
B001_M03,B001_M03_P022,22,0.4872970284898619,4,51.955548912368045,0
B001_M03,B001_M03_P023,23,-0.06929316613937463,3,27.304104630188977,0
B001_M03,B001_M03_P024,24,-0.9589414326044406,1,21.886748599236462,0
B001_M03,B001_M03_P025,25,-0.39406864782408313,2,15.5856202918437,0
B001_M03,B001_M03_P026,26,-0.34015335004949404,2,20.03798994772375,1
B001_M03,B001_M03_P027,27,0.38688976925867263,3,46.325702909505715,0
B001_M03,B001_M03_P028,28,0.9860302772133123,4,73.33239942730695,1
B001_M03,B001_M03_P029,29,1.479121875806321,5,81.5710339960424,1
B001_M03,B001_M03_P030,30,0.4225542963861184,4,45.12001407298499,1
B001_M03,B001_M03_P031,31,-0.24146650110488063,2,19.864929473894236,0
B001_M03,B001_M03_P032,32,1.2887126432033666,5,80.59570801782515,0
B001_M03,B001_M03_P033,33,0.3985129683139778,3,53.99258017409052,1
B001_M03,B001_M03_P034,34,-0.32253305206475674,2,20.72946214385497,0
B001_M03,B001_M03_P035,35,-0.8622155911984706,2,14.225645782258688,0
B001_M03,B001_M03_P036,36,-0.1521342294867333,2,46.19185268959879,0
B001_M03,B001_M03_P037,37,-0.8533862332516401,2,10.984354810097091,0
B001_M03,B001_M03_P038,38,-0.9205105101306598,1,10.765189650228079,1
B001_M03,B001_M03_P039,39,-1.069568260781564,1,10.336180861166705,1
B001_M03,B001_M03_P040,40,-0.16048831671442512,2,29.353123041065544,0
B001_M03,B001_M03_P041,41,-1.802669984660031,1,8.959946298985747,0
B001_M03,B001_M03_P042,42,1.104461401051967,5,71.18441828717877,1
B001_M03,B001_M03_P043,43,0.8550195014041405,4,73.03574463238112,1
B001_M03,B001_M03_P044,44,-0.9163775770994592,2,7.790109909752655,0
B001_M03,B001_M03_P045,45,0.8044320290018065,4,71.0025765765716,0
B001_M03,B001_M03_P046,46,-0.9623065768977206,1,21.48840965312852,0
B001_M03,B001_M03_P047,47,1.6604941399652333,5,82.60810950848061,0
B001_M03,B001_M03_P048,48,1.39120663677605,5,75.27206055115255,1
B001_M03,B001_M03_P049,49,-1.1263569183771815,1,7.942453775786163,0
B001_M03,B001_M03_P050,50,-2.006057760001267,1,6.008165992817684,0
B001_M03,B001_M03_P051,51,0.30464125941872705,3,22.04970993134979,0
B001_M03,B001_M03_P052,52,1.1592558808081552,5,73.27331553904904,1
B001_M03,B001_M03_P053,53,0.8972135425043445,4,43.41509196294379,0
B001_M03,B001_M03_P054,54,-1.1696093008918453,1,9.203363853593983,0
B001_M03,B001_M03_P055,55,-0.29669079222115596,2,25.633052207076233,1
B001_M03,B001_M03_P056,56,-0.14435141297216306,2,24.260097770542167,0
B001_M03,B001_M03_P057,57,1.0826417704413076,4,70.2803280425484,1
B001_M03,B001_M03_P058,58,-0.9707016030778076,1,5.93963997644769,1
B001_M03,B001_M03_P059,59,0.919067946857978,4,77.81045009443393,1
B001_M03,B001_M03_P060,60,0.6559911075372175,4,41.4604387153738,1
B001_M03,B001_M03_P061,61,0.24352867181775614,3,28.72266438227534,1
B001_M03,B001_M03_P062,62,0.647838266228463,4,73.72671160083333,1
B001_M03,B001_M03_P063,63,-1.097890053484057,1,11.788191300962055,0
B001_M03,B001_M03_P064,64,1.2998387531960103,5,81.19690836689114,1
B001_M03,B001_M03_P065,65,1.7468046338551735,5,84.73395619248583,1
B001_M03,B001_M03_P066,66,0.6354213235979397,4,41.7115515778125,0
B001_M03,B001_M03_P067,67,0.5806553869055258,4,23.511933633416536,1
B001_M03,B001_M03_P068,68,2.4376857482055136,5,85.87911950441486,1
B001_M03,B001_M03_P069,69,0.23784343273015418,3,43.903211835864454,0
B001_M03,B001_M03_P070,70,-0.1681920007663026,2,21.772022008531508,1
B001_M03,B001_M03_P071,71,0.31638913409791275,3,22.389646863541913,0
B001_M03,B001_M03_P072,72,1.7383917807463636,5,87.42904344657822,1
B001_M03,B001_M03_P073,73,-1.2043591421945656,1,10.690559769664132,0
B001_M03,B001_M03_P074,74,0.4107708698882111,4,27.324494012517462,1
B001_M03,B001_M03_P075,75,-0.771558645681921,2,17.372886383498102,1
B001_M03,B001_M03_P076,76,-0.0039923699887255875,3,29.378969510170663,0
B001_M03,B001_M03_P077,77,1.1578830256966024,5,58.27932555248751,0
B001_M03,B001_M03_P078,78,-0.6043128828959238,2,22.163141524166548,0
B001_M03,B001_M03_P079,79,0.9888753178164347,4,85.15790845103568,1
B001_M03,B001_M03_P080,80,0.8878392228622358,4,80.34952677995967,1
B001_M03,B001_M03_P081,81,0.6292763250005262,4,42.681128702652614,1
B001_M03,B001_M03_P082,82,-1.178646972463693,1,9.910416483009069,0
B001_M03,B001_M03_P083,83,0.5406906134500181,4,55.503238904682846,1
B001_M03,B001_M03_P084,84,0.3033275692135613,3,24.566057305299466,0
B001_M03,B001_M03_P085,85,-0.0998904584134227,3,29.057589316164425,1
B001_M03,B001_M03_P086,86,1.7180051826615361,5,85.58911927304369,1
B001_M03,B001_M03_P087,87,0.23386433466485754,3,37.041837461797535,0
B001_M03,B001_M03_P088,88,-1.0284144323950548,1,16.16348565256422,1
B001_M03,B001_M03_P089,89,-1.5748572176455955,1,10.728617528938907,1
B001_M03,B001_M03_P090,90,1.1041148796402105,5,49.77096062198608,1
B001_M03,B001_M03_P091,91,1.5459549116407298,5,77.1561610961188,1
B001_M03,B001_M03_P092,92,1.1729560123120557,5,69.77776397830775,1
B001_M03,B001_M03_P093,93,-1.179314301909972,1,5.668747973208095,1
B001_M03,B001_M03_P094,94,-1.514473898783794,1,7.740812033160022,0
B001_M03,B001_M03_P095,95,1.2155730437686176,5,84.07220246044206,1
B001_M03,B001_M03_P096,96,-0.8372484980453466,2,15.73919315809253,0
B001_M03,B001_M03_P097,97,1.0405652281993296,4,75.2592010127469,1
B001_M03,B001_M03_P098,98,0.2388764406941075,3,26.794373020821197,0
B001_M03,B001_M03_P099,99,0.2366185095578266,3,27.60357480821409,0
B001_M04,B001_M04_P000,0,-1.1740396114462504,1,9.801645555611003,0
B001_M04,B001_M04_P001,1,1.0852384307576466,5,60.58587137898396,1
B001_M04,B001_M04_P002,2,0.8020449453039905,4,69.85643003247492,1
B001_M04,B001_M04_P003,3,0.1545494748231663,3,32.88356971030838,0
B001_M04,B001_M04_P004,4,0.42189793317681973,4,26.067525182824316,0
B001_M04,B001_M04_P005,5,-0.5982436800692962,2,13.682483683338196,0
B001_M04,B001_M04_P006,6,0.4533421455278674,4,32.89637198390929,0
B001_M04,B001_M04_P007,7,-0.15277704953288915,3,19.088360383010816,0
B001_M04,B001_M04_P008,8,-0.056322752053178125,3,21.387312753460336,1
B001_M04,B001_M04_P009,9,-1.1391831014714369,1,4.967769319311972,1
B001_M04,B001_M04_P010,10,2.1484951183111143,5,215.40187106126996,1
B001_M04,B001_M04_P011,11,1.4262156099527772,5,95.67680491744922,1
B001_M04,B001_M04_P012,12,0.3757214911331738,4,33.16046142463308,0
B001_M04,B001_M04_P013,13,0.6067582287270699,4,27.015098172551276,1
B001_M04,B001_M04_P014,14,-0.7855806069816683,1,6.784997227170714,1
B001_M04,B001_M04_P015,15,-0.2627150042570608,2,14.688868563937346,0
B001_M04,B001_M04_P016,16,0.48767174140119146,4,31.920195581837827,1
B001_M04,B001_M04_P017,17,-0.4722583626982728,2,9.063722192902574,0
B001_M04,B001_M04_P018,18,1.7362646975517304,5,110.01801774108043,1
B001_M04,B001_M04_P019,19,-0.001833507240645497,3,18.64228006992267,1
B001_M04,B001_M04_P020,20,1.9805055684979902,5,115.83145420342082,1
B001_M04,B001_M04_P021,21,0.8458779251397224,4,47.597807229743744,1
B001_M04,B001_M04_P022,22,-0.22352782196451715,2,20.450160137278655,0
B001_M04,B001_M04_P023,23,0.3699479918553949,4,46.941305193602936,0
B001_M04,B001_M04_P024,24,1.2968257646559673,5,44.9852938974727,0
B001_M04,B001_M04_P025,25,0.22350035583891872,3,40.59265166605809,1
B001_M04,B001_M04_P026,26,0.11203874629620414,3,25.04719128706594,0
B001_M04,B001_M04_P027,27,0.8842163598338145,5,69.65458030612163,1
B001_M04,B001_M04_P028,28,2.8864769315299212,5,363.68644720516465,1
B001_M04,B001_M04_P029,29,-0.6414025500647521,2,14.063691174836574,0
B001_M04,B001_M04_P030,30,1.0662254103787314,5,44.65086703323843,0
B001_M04,B001_M04_P031,31,0.2220458659999097,3,18.64959873242084,0
B001_M04,B001_M04_P032,32,2.258353820816096,5,170.58241374542422,0
B001_M04,B001_M04_P033,33,-0.17515321213204146,2,21.57505632539879,0
B001_M04,B001_M04_P034,34,-0.6781370818354402,2,10.75344860327213,0
B001_M04,B001_M04_P035,35,0.3093270890326279,4,17.443012250545742,0
B001_M04,B001_M04_P036,36,-1.4728043998939506,1,2.7626382526566116,0
B001_M04,B001_M04_P037,37,-0.5135828601084257,2,21.969567473322826,0
B001_M04,B001_M04_P038,38,0.013890448091652454,3,22.94590128833417,1
B001_M04,B001_M04_P039,39,-0.2236336928879261,2,23.054657222009354,0
B001_M04,B001_M04_P040,40,-2.706270965130581,1,1.7920041832111477,1
B001_M04,B001_M04_P041,41,-1.5952388011942873,1,10.829595190713427,0
B001_M04,B001_M04_P042,42,0.7679461420282697,4,51.20852525278862,1
B001_M04,B001_M04_P043,43,0.8409756678517656,4,65.69469451097612,0
B001_M04,B001_M04_P044,44,-0.13370497887120852,3,17.62417684334116,1
B001_M04,B001_M04_P045,45,-1.1439343060213332,1,12.1681566040891,0
B001_M04,B001_M04_P046,46,-0.3437992391562761,2,22.026887745916067,0
B001_M04,B001_M04_P047,47,-0.9595291621434919,1,26.49834733094599,0
B001_M04,B001_M04_P048,48,0.569572168609369,4,45.37720662953099,1
B001_M04,B001_M04_P049,49,-1.3748377391779503,1,3.5883323838522054,1
B001_M04,B001_M04_P050,50,-0.7665264596934476,1,11.622222790951607,0
B001_M04,B001_M04_P051,51,-0.5313224786826839,2,13.872532007240041,1
B001_M04,B001_M04_P052,52,-0.9649701494969772,1,4.775005018696699,0
B001_M04,B001_M04_P053,53,1.3606515801574366,5,79.79768980885352,1
B001_M04,B001_M04_P054,54,-0.020909106234134445,3,17.238358737787845,0
B001_M04,B001_M04_P055,55,-1.1567105477021822,1,9.418567587798863,1
B001_M04,B001_M04_P056,56,-3.162630494251406,1,0.0,0
B001_M04,B001_M04_P057,57,-0.42187262950398363,2,11.842154352361007,0
B001_M04,B001_M04_P058,58,-0.5700437250083832,2,14.617850303352528,0
B001_M04,B001_M04_P059,59,-0.014100919868800002,3,28.957155661336024,0
B001_M04,B001_M04_P060,60,-0.10901233998211561,3,13.119607200402246,0
B001_M04,B001_M04_P061,61,1.188914377769551,5,90.92824651793204,1
B001_M04,B001_M04_P062,62,-0.49682306701736517,2,20.309181441420023,1
B001_M04,B001_M04_P063,63,1.6239173265955866,5,79.8096087216818,0
B001_M04,B001_M04_P064,64,-0.8600029495410085,1,15.581269236627158,0
B001_M04,B001_M04_P065,65,1.0831737725333326,5,66.75592760783704,1
B001_M04,B001_M04_P066,66,-0.7594281228835902,2,5.851183906259038,0
B001_M04,B001_M04_P067,67,-0.7705866492284574,1,8.661651495574077,1
B001_M04,B001_M04_P068,68,1.4764309831447096,5,136.0166484361086,1
B001_M04,B001_M04_P069,69,0.5676763376657243,4,35.10433790689616,0
B001_M04,B001_M04_P070,70,-0.06139362998188524,3,17.34211519003776,1
B001_M04,B001_M04_P071,71,0.3176007196447449,4,39.12779516309506,1
B001_M04,B001_M04_P072,72,0.1271819172858912,3,23.665175938661296,0
B001_M04,B001_M04_P073,73,-0.17167145019761185,2,16.024902324138026,0
B001_M04,B001_M04_P074,74,-1.5629187620754175,1,5.666600023294246,1
B001_M04,B001_M04_P075,75,0.5253914662416174,4,26.489468414755894,0
B001_M04,B001_M04_P076,76,-0.27740396403074286,2,18.637009129996258,0
B001_M04,B001_M04_P077,77,0.8106183388969509,4,48.33054220263876,1
B001_M04,B001_M04_P078,78,-0.0213841556197036,3,31.485587126996673,0
B001_M04,B001_M04_P079,79,0.1518193358707899,3,22.082777965561178,1
B001_M04,B001_M04_P080,80,2.1323896933933515,5,246.3382870074811,1
B001_M04,B001_M04_P081,81,1.4087063317351953,5,83.48282744676504,1
B001_M04,B001_M04_P082,82,-0.1632990334670169,3,21.30470397486257,0
B001_M04,B001_M04_P083,83,0.6310455039960092,4,70.04752762695409,1
B001_M04,B001_M04_P084,84,1.193419017108412,5,64.54291595089005,0
B001_M04,B001_M04_P085,85,0.7255147569776662,4,54.2652380312484,1
B001_M04,B001_M04_P086,86,-0.4633426225957702,2,22.868096312982555,0
B001_M04,B001_M04_P087,87,0.6496524595853359,4,43.16283660661554,1
B001_M04,B001_M04_P088,88,0.19592130341786282,3,37.293399731176,1
B001_M04,B001_M04_P089,89,0.6488049211934235,4,30.497175512032154,0
B001_M04,B001_M04_P090,90,-1.5993043792545347,1,2.7071861823673924,0
B001_M04,B001_M04_P091,91,-1.0358901099206292,1,6.3135453496697655,1
B001_M04,B001_M04_P092,92,-0.5192437924063643,2,9.701857915460593,0
B001_M04,B001_M04_P093,93,0.1754179779761469,3,23.651074759714753,1
B001_M04,B001_M04_P094,94,1.2985719637354658,5,94.19281066985546,0
B001_M04,B001_M04_P095,95,0.946218619613353,5,59.858470130150614,1
B001_M04,B001_M04_P096,96,-1.5645077693298148,1,9.1417543123222,1
B001_M04,B001_M04_P097,97,-0.013570815166084937,3,17.346563288247257,0
B001_M04,B001_M04_P098,98,-0.19194878212344701,2,13.382312544673026,0
B001_M04,B001_M04_P099,99,-1.3566150537832173,1,10.625301502178626,0
B001_M05,B001_M05_P000,0,0.679964184391704,4,45.18044452449311,0
B001_M05,B001_M05_P001,1,-1.3640293355136812,1,9.585699659360124,1
B001_M05,B001_M05_P002,2,0.06732402323074761,3,32.47421304050456,0
B001_M05,B001_M05_P003,3,-0.3905957457778344,2,19.53492371867964,0
B001_M05,B001_M05_P004,4,-2.290837861950191,1,0.0,0
B001_M05,B001_M05_P005,5,0.5642675954743718,4,33.98288797807087,0
B001_M05,B001_M05_P006,6,0.12169610352532295,3,29.642684765791188,1
B001_M05,B001_M05_P007,7,0.3383260159714924,4,28.188878741385647,0
B001_M05,B001_M05_P008,8,-0.752829101944846,2,19.693573503583025,0
B001_M05,B001_M05_P009,9,-1.4785940241458537,1,1.8939876989945543,0
B001_M05,B001_M05_P010,10,1.2924406693925976,5,117.203719768224,1
B001_M05,B001_M05_P011,11,-1.0632139875911557,1,11.564934766372838,0
B001_M05,B001_M05_P012,12,0.5537766353632527,4,38.699472188172614,1
B001_M05,B001_M05_P013,13,-0.03007964592863795,3,13.590998655234289,0
B001_M05,B001_M05_P014,14,0.9206392504460797,5,71.53510934639276,1
B001_M05,B001_M05_P015,15,-1.6021313534955866,1,6.875626366125388,0
B001_M05,B001_M05_P016,16,0.9966802080417426,5,62.08169074285431,0
B001_M05,B001_M05_P017,17,-1.9292294206751783,1,5.233554835711257,0
B001_M05,B001_M05_P018,18,0.4649642521365059,4,49.65319021552193,0
B001_M05,B001_M05_P019,19,-0.7154498509403259,2,23.36795795472968,0
B001_M05,B001_M05_P020,20,0.08593130990842972,3,33.377379892125155,0
B001_M05,B001_M05_P021,21,1.5273033980875805,5,134.39533265879456,0
B001_M05,B001_M05_P022,22,-0.47867696119735403,2,10.932134587656794,1
B001_M05,B001_M05_P023,23,0.5198593097226384,4,55.594380359163,1
B001_M05,B001_M05_P024,24,-0.16077086686652842,3,21.73498440764942,0
B001_M05,B001_M05_P025,25,0.9241825087790184,5,65.88188784034179,0
B001_M05,B001_M05_P026,26,0.8525448142289772,5,51.47453614221055,0
B001_M05,B001_M05_P027,27,-0.5153487448618225,2,13.654523987074743,1
B001_M05,B001_M05_P028,28,0.06941364895247598,3,31.088057328707468,0
B001_M05,B001_M05_P029,29,2.3150018202521427,5,200.0332589361161,1
B001_M05,B001_M05_P030,30,0.21035042266684548,3,24.016675735639136,0
B001_M05,B001_M05_P031,31,-0.6891877895632871,2,11.656470203841716,0
B001_M05,B001_M05_P032,32,1.9240145529610064,5,129.7752930778338,1
B001_M05,B001_M05_P033,33,-0.9391386785296124,1,10.268954750094217,0
B001_M05,B001_M05_P034,34,-2.1589772770721347,1,2.804197884248572,0
B001_M05,B001_M05_P035,35,0.3307202254680062,4,18.97225739009042,0
B001_M05,B001_M05_P036,36,1.1370710790541896,5,70.23345713286822,0
B001_M05,B001_M05_P037,37,0.09800936827472097,3,31.77280320992132,0
B001_M05,B001_M05_P038,38,-0.4889008982847605,2,19.275574284369903,0
B001_M05,B001_M05_P039,39,0.704238456218827,4,65.25057812497947,1
B001_M05,B001_M05_P040,40,-0.8672083052242892,2,5.766051194410501,0
B001_M05,B001_M05_P041,41,-0.13139226433372386,3,28.101649107582137,0
B001_M05,B001_M05_P042,42,-1.3741493794077864,1,7.805824851713928,0
B001_M05,B001_M05_P043,43,0.42438941732181706,4,45.966400758850824,1
B001_M05,B001_M05_P044,44,-0.1589736578077879,3,26.019293032190497,0
B001_M05,B001_M05_P045,45,-0.5587912272118775,2,6.052190742030603,1
B001_M05,B001_M05_P046,46,0.5766872291931376,4,47.308709225254184,1
B001_M05,B001_M05_P047,47,-1.527325705706143,1,8.0973544312285,1
B001_M05,B001_M05_P048,48,0.9465798807061098,5,82.43699628210516,1
B001_M05,B001_M05_P049,49,0.41446493533870393,4,50.30663681702595,1
B001_M05,B001_M05_P050,50,0.014865199353388097,3,21.049426343814318,0
B001_M05,B001_M05_P051,51,-0.5784800841896803,2,23.867514783750412,1
B001_M05,B001_M05_P052,52,0.6762489563024081,4,55.8726425941164,1
B001_M05,B001_M05_P053,53,0.8031378883797924,5,64.58061784023138,0
B001_M05,B001_M05_P054,54,1.628190143285426,5,155.07929935831206,1
B001_M05,B001_M05_P055,55,-0.5542926998070822,2,14.534788640986298,0
B001_M05,B001_M05_P056,56,-0.16114966175572767,3,17.154108889786546,1
B001_M05,B001_M05_P057,57,-0.6501572261217827,2,7.647739505445169,0
B001_M05,B001_M05_P058,58,-0.772764771865918,2,6.641851073523185,1
B001_M05,B001_M05_P059,59,-0.16052352253749186,3,22.386908229445396,1
B001_M05,B001_M05_P060,60,-0.5053503686492413,2,6.588109561202931,0
B001_M05,B001_M05_P061,61,-2.211381068266886,1,2.849095346277684,1
B001_M05,B001_M05_P062,62,-0.13795637100410094,3,27.80877906311199,0
B001_M05,B001_M05_P063,63,0.07248479601591327,3,23.697796324357302,1
B001_M05,B001_M05_P064,64,-0.7040632307085439,2,13.976709030768856,0
B001_M05,B001_M05_P065,65,0.9253096937228952,5,94.83841809540274,1
B001_M05,B001_M05_P066,66,-1.6849620230486064,1,6.283774959565021,0
B001_M05,B001_M05_P067,67,2.1741037086878805,5,143.9575880236865,0
B001_M05,B001_M05_P068,68,2.4230878690832336,5,211.92992649720188,1
B001_M05,B001_M05_P069,69,-2.5136734309072697,1,0.8142112935902747,0
B001_M05,B001_M05_P070,70,1.6244456720561669,5,132.28484489777097,1
B001_M05,B001_M05_P071,71,-1.1750555271764866,1,3.580486258352149,0
B001_M05,B001_M05_P072,72,0.4222470210575024,4,38.411075208348755,0
B001_M05,B001_M05_P073,73,0.5753500434424912,4,37.36026278184697,1
B001_M05,B001_M05_P074,74,0.7729213274408568,4,56.6916586596508,1
B001_M05,B001_M05_P075,75,-0.8831969958640619,1,9.074060751974157,0
B001_M05,B001_M05_P076,76,-1.6667730117320223,1,9.280597063138638,0
B001_M05,B001_M05_P077,77,0.5619954841909035,4,42.68398683047377,0
B001_M05,B001_M05_P078,78,1.081964704844893,5,87.64351963109013,1
B001_M05,B001_M05_P079,79,0.2804961290004627,4,54.056612770229144,0
B001_M05,B001_M05_P080,80,-1.0608729541503907,1,8.094038823890408,1
B001_M05,B001_M05_P081,81,0.0016385446827422527,3,38.02463684333251,1
B001_M05,B001_M05_P082,82,0.6807659889187209,4,84.17725274014188,1
B001_M05,B001_M05_P083,83,0.02117346447999043,3,9.869498654654755,0
B001_M05,B001_M05_P084,84,1.2034657830076734,5,74.46579299231699,1
B001_M05,B001_M05_P085,85,0.38497572121831425,4,39.470852056113586,0
B001_M05,B001_M05_P086,86,0.6120758956235129,4,38.44137622567521,0
B001_M05,B001_M05_P087,87,1.1950589558689984,5,60.19852482437058,1
B001_M05,B001_M05_P088,88,-0.2528116304440277,3,20.578946579092847,0
B001_M05,B001_M05_P089,89,-0.8995145842237484,1,8.981564370174434,0
B001_M05,B001_M05_P090,90,-0.8310261912830752,2,15.36526430623483,0
B001_M05,B001_M05_P091,91,-0.8751494091034608,2,13.783278371475223,0
B001_M05,B001_M05_P092,92,-0.2861964952916424,2,21.821618321728934,1
B001_M05,B001_M05_P093,93,2.033199721298797,5,153.6558107515446,1
B001_M05,B001_M05_P094,94,-0.37653322999469235,2,21.098822941527963,0
B001_M05,B001_M05_P095,95,0.2212770790019957,3,32.40748791167771,0
B001_M05,B001_M05_P096,96,-0.5174935348900583,2,30.64782020307303,1
B001_M05,B001_M05_P097,97,-1.3338560019081944,1,5.436427799809666,0
B001_M05,B001_M05_P098,98,0.21293725858736945,3,22.446709121097566,0
B001_M05,B001_M05_P099,99,-2.1453735856747715,1,2.6339149006057174,0
B001_M06,B001_M06_P000,0,0.32898382483385963,4,32.73149133512367,1
B001_M06,B001_M06_P001,1,0.09880347613005232,3,49.13378427121782,0
B001_M06,B001_M06_P002,2,0.6427655958770989,4,53.933798674290216,1
B001_M06,B001_M06_P003,3,0.8847141823025456,5,85.27914766675015,1
B001_M06,B001_M06_P004,4,-1.2009672913692846,1,10.16527643806853,1
B001_M06,B001_M06_P005,5,0.1829761315844821,3,11.40119372795289,1
B001_M06,B001_M06_P006,6,0.9866094769811342,5,59.42779340093927,0
B001_M06,B001_M06_P007,7,-0.9845326594649647,2,4.9212011659965915,0
B001_M06,B001_M06_P008,8,-1.0714222828442035,1,10.577494250584511,0
B001_M06,B001_M06_P009,9,0.16579985527674737,3,29.57953634041773,0
B001_M06,B001_M06_P010,10,0.32673020305791906,4,53.03204090807821,1
B001_M06,B001_M06_P011,11,-0.14522787138933688,3,22.786747972575878,1
B001_M06,B001_M06_P012,12,1.3780504639765205,5,96.94225370742652,1
B001_M06,B001_M06_P013,13,0.2248904698160914,3,21.34508524064213,0
B001_M06,B001_M06_P014,14,-0.732281629380067,2,14.445074475412724,1
B001_M06,B001_M06_P015,15,-1.2657068934468099,1,9.655074019457686,0
B001_M06,B001_M06_P016,16,0.4516395777888527,4,45.17384313383514,1
B001_M06,B001_M06_P017,17,-1.0095709360253633,2,19.71649306481584,1
B001_M06,B001_M06_P018,18,-1.3099056991961227,1,7.6006291554286785,1
B001_M06,B001_M06_P019,19,-1.082316732199886,1,11.314795897486293,1
B001_M06,B001_M06_P020,20,1.5078500945745807,5,66.83424309535118,1
B001_M06,B001_M06_P021,21,0.947810952543514,5,95.78449289444555,0
B001_M06,B001_M06_P022,22,-0.8449454180897433,2,12.499768764769243,0
B001_M06,B001_M06_P023,23,-0.4029689149952003,2,17.484762156803797,0
B001_M06,B001_M06_P024,24,-0.6578047936941861,2,6.1465356483564335,0
B001_M06,B001_M06_P025,25,-0.8605686389816379,2,7.444463172691378,0
B001_M06,B001_M06_P026,26,-1.194843767752687,1,7.629238145846337,0
B001_M06,B001_M06_P027,27,0.8523761455476278,5,61.423225411389524,1
B001_M06,B001_M06_P028,28,1.1307418385163426,5,54.98406838854475,1
B001_M06,B001_M06_P029,29,-0.43543809361880204,2,12.822381102453122,0
B001_M06,B001_M06_P030,30,0.09070819192682304,3,49.63071087481394,0
B001_M06,B001_M06_P031,31,0.3568105612296994,4,28.47566749010311,0
B001_M06,B001_M06_P032,32,0.24918682614903562,4,39.17805271488873,1
B001_M06,B001_M06_P033,33,-0.6416339709650384,2,17.47567657153402,1
B001_M06,B001_M06_P034,34,-1.4193035889639785,1,6.728425799776559,1
B001_M06,B001_M06_P035,35,0.807338777196745,5,60.9478284668632,1
B001_M06,B001_M06_P036,36,0.10871285785718625,3,48.17310605201901,1
B001_M06,B001_M06_P037,37,-0.8427940482306551,2,18.810181395655896,0
B001_M06,B001_M06_P038,38,-0.6782746765209455,2,12.325799958560669,1
B001_M06,B001_M06_P039,39,0.531320688809021,4,19.19016771186218,1
B001_M06,B001_M06_P040,40,0.8686532965244321,5,52.47518616741744,1
B001_M06,B001_M06_P041,41,-0.16182487633010023,3,22.104950455687046,1
B001_M06,B001_M06_P042,42,-1.325295654861532,1,7.101312947410298,1
B001_M06,B001_M06_P043,43,-0.8716940696095574,2,7.616592798984867,1
B001_M06,B001_M06_P044,44,-2.1412908391475303,1,3.416931757587815,0
B001_M06,B001_M06_P045,45,-1.0674403399246086,1,8.726104631374277,0
B001_M06,B001_M06_P046,46,0.26522506476776364,4,36.708494790751466,1
B001_M06,B001_M06_P047,47,0.058514504187283066,3,32.597844508045675,0
B001_M06,B001_M06_P048,48,0.2450781969713773,4,31.347923525616107,0
B001_M06,B001_M06_P049,49,2.0427842024965024,5,115.31236045356007,1
B001_M06,B001_M06_P050,50,0.6495411842411795,4,77.73202242835933,1
B001_M06,B001_M06_P051,51,-0.8302600677712908,2,14.24622435256567,1
B001_M06,B001_M06_P052,52,0.4683294993938843,4,36.14457311154177,0
B001_M06,B001_M06_P053,53,-0.5498822329919544,2,17.600535482570308,1
B001_M06,B001_M06_P054,54,0.30241114736776914,4,34.65820196649552,1
B001_M06,B001_M06_P055,55,-1.0148769934686306,1,8.662708613293717,1
B001_M06,B001_M06_P056,56,0.4929199944305667,4,46.671129550511594,1
B001_M06,B001_M06_P057,57,-0.2492204021692251,3,18.075427181754073,1
B001_M06,B001_M06_P058,58,0.10484881915516549,3,46.21290802345937,1
B001_M06,B001_M06_P059,59,-0.927401431800536,2,13.238877362215943,0
B001_M06,B001_M06_P060,60,-0.5878211452773143,2,26.735461672553722,1
B001_M06,B001_M06_P061,61,0.7062396595541408,5,81.9967531313331,1
B001_M06,B001_M06_P062,62,-0.39547700593626756,3,31.170664779486245,0
B001_M06,B001_M06_P063,63,-0.6398133849411495,2,24.938442212723466,1
B001_M06,B001_M06_P064,64,-0.6983056031975292,2,16.820967719462395,0
B001_M06,B001_M06_P065,65,-0.9296985725365676,2,16.407363654578635,0
B001_M06,B001_M06_P066,66,-1.1662390985743285,1,12.368315609719941,0
B001_M06,B001_M06_P067,67,-1.4549954565533356,1,6.729565446571836,0
B001_M06,B001_M06_P068,68,0.03523120296082164,3,33.27859224528573,1
B001_M06,B001_M06_P069,69,-0.0296551853216811,3,30.741985305030802,1
B001_M06,B001_M06_P070,70,0.7955633114014748,5,53.18613099006891,1
B001_M06,B001_M06_P071,71,0.46200885128313157,4,30.312614194609196,1
B001_M06,B001_M06_P072,72,1.2762054965739145,5,51.96383437126548,0
B001_M06,B001_M06_P073,73,1.1189921908377274,5,37.71613577349733,1
B001_M06,B001_M06_P074,74,-0.38749640528920454,3,14.309015448883223,1
B001_M06,B001_M06_P075,75,0.6477695145621899,4,44.10427174221762,1
B001_M06,B001_M06_P076,76,0.8557521655997845,5,38.629372279269916,1
B001_M06,B001_M06_P077,77,-0.7363385735174693,2,11.14520508518318,0
B001_M06,B001_M06_P078,78,0.7721314474887718,5,34.77162257634609,0
B001_M06,B001_M06_P079,79,0.5545254399889656,4,26.569942188949195,0
B001_M06,B001_M06_P080,80,1.5956823134457248,5,107.77288362463588,1
B001_M06,B001_M06_P081,81,0.10643084963545575,3,10.147236343199857,0
B001_M06,B001_M06_P082,82,0.228299159834198,3,25.868304430472076,1
B001_M06,B001_M06_P083,83,1.5272759808091376,5,85.15017628457453,0
B001_M06,B001_M06_P084,84,-1.954622616266027,1,7.580086084511129,0
B001_M06,B001_M06_P085,85,-0.06088317866095069,3,24.011465153372136,0
B001_M06,B001_M06_P086,86,-1.0258045334808708,1,7.3310853550777,1
B001_M06,B001_M06_P087,87,0.835125475511059,5,60.19529394367116,0
B001_M06,B001_M06_P088,88,-1.2091022059236554,1,4.589216572009459,0
B001_M06,B001_M06_P089,89,-0.2139640089210555,3,12.501169195134795,0
B001_M06,B001_M06_P090,90,0.0910028156743387,3,43.96784773228489,1
B001_M06,B001_M06_P091,91,-1.1085095743702447,1,14.91914346570527,0
B001_M06,B001_M06_P092,92,0.38008917626743255,4,45.67026031807123,0
B001_M06,B001_M06_P093,93,0.8031953183614103,5,50.29566547499155,1
B001_M06,B001_M06_P094,94,0.4327193154081204,4,52.17077354729783,1
B001_M06,B001_M06_P095,95,0.25071102818288343,4,36.52037590951795,1
B001_M06,B001_M06_P096,96,-1.223942211783174,1,16.214466479832627,0
B001_M06,B001_M06_P097,97,-1.7931483507323536,1,3.5568269913726773,1
B001_M06,B001_M06_P098,98,0.46442210586262656,4,46.422637669923645,0
B001_M06,B001_M06_P099,99,-1.3597787748255454,1,6.976529562837435,0
B001_M07,B001_M07_P000,0,1.8578644806199425,5,80.18680942171548,1
B001_M07,B001_M07_P001,1,1.5217878349804994,5,80.2051818394874,1
B001_M07,B001_M07_P002,2,0.14399360473692543,3,25.78913457331913,0
B001_M07,B001_M07_P003,3,-0.5921859641735966,2,10.661634927018216,0
B001_M07,B001_M07_P004,4,2.2603280800181538,5,78.63573250688518,1
B001_M07,B001_M07_P005,5,-0.785915013698118,1,4.961584258686015,1
B001_M07,B001_M07_P006,6,-1.5959197706818153,1,1.8568765604612163,0
B001_M07,B001_M07_P007,7,1.2777199763085252,5,56.47687937453158,0
B001_M07,B001_M07_P008,8,0.6433771949443596,4,27.817660893136495,1
B001_M07,B001_M07_P009,9,-1.8143079910629218,1,13.14863811808461,0
B001_M07,B001_M07_P010,10,-0.6541543246833473,2,19.01300753298719,0
B001_M07,B001_M07_P011,11,0.3055687199454902,3,35.542539296365504,0
B001_M07,B001_M07_P012,12,0.28689213341163106,3,24.411230986013003,0
B001_M07,B001_M07_P013,13,-0.8253362506071454,1,3.987853303932085,0
B001_M07,B001_M07_P014,14,0.6967729458781652,4,35.5882208429455,1
B001_M07,B001_M07_P015,15,0.6605896858117546,4,36.89568511638244,1
B001_M07,B001_M07_P016,16,0.21492118670285124,3,42.72557772389565,1
B001_M07,B001_M07_P017,17,0.5004339671525168,4,28.108565782906876,0
B001_M07,B001_M07_P018,18,0.056263623432330524,3,56.24122817115703,1
B001_M07,B001_M07_P019,19,0.9833149254560701,4,70.98208741508314,0
B001_M07,B001_M07_P020,20,1.0544395967755837,5,64.16145275811957,1
B001_M07,B001_M07_P021,21,0.3187814305041751,3,22.60583439256695,0
B001_M07,B001_M07_P022,22,-0.649050043283753,2,13.182349173751883,0
B001_M07,B001_M07_P023,23,0.16284597794562797,3,19.636008914879657,0
B001_M07,B001_M07_P024,24,-1.2701410564501199,1,16.721205665800824,0
B001_M07,B001_M07_P025,25,1.0474374454349207,5,48.73492100267181,1
B001_M07,B001_M07_P026,26,2.240967713172923,5,89.51854219671283,1
B001_M07,B001_M07_P027,27,-0.28822463383697866,2,33.415261472886634,1
B001_M07,B001_M07_P028,28,-0.5303707833147454,2,31.029559401555,0
B001_M07,B001_M07_P029,29,0.013294078791026601,3,13.009854541349199,0
B001_M07,B001_M07_P030,30,-1.6420409252071515,1,2.020805025737432,0
B001_M07,B001_M07_P031,31,1.2651589981103213,5,82.79697244814459,1
B001_M07,B001_M07_P032,32,-0.9669756892342724,1,13.389048853980036,1
B001_M07,B001_M07_P033,33,-1.2594231436343042,1,13.832340422688995,0
B001_M07,B001_M07_P034,34,-2.0068253692115126,1,2.7562130685864243,1
B001_M07,B001_M07_P035,35,0.531193776037651,4,58.377027075303374,1
B001_M07,B001_M07_P036,36,1.0075341793931634,4,70.02853889737588,1
B001_M07,B001_M07_P037,37,0.31091657019066193,3,29.785992421608494,1
B001_M07,B001_M07_P038,38,0.4305795080426589,4,35.15763262688782,1
B001_M07,B001_M07_P039,39,0.7195920314024056,4,60.823953587633824,1
B001_M07,B001_M07_P040,40,-0.372509876155847,2,18.13189667876748,0
B001_M07,B001_M07_P041,41,0.0923528802094911,3,37.303789509838275,1
B001_M07,B001_M07_P042,42,0.467228610110922,4,56.58810353780351,1
B001_M07,B001_M07_P043,43,-0.11278491169686485,2,29.617908250193846,0
B001_M07,B001_M07_P044,44,-0.8907712869002284,1,12.139283923089875,0
B001_M07,B001_M07_P045,45,1.0916287565192644,5,52.29917979800737,0
B001_M07,B001_M07_P046,46,-0.6725715663234205,2,12.64164770452769,1
B001_M07,B001_M07_P047,47,0.4197372234628545,4,47.35286765680972,1
B001_M07,B001_M07_P048,48,0.044559788248702326,3,36.01679341945391,0
B001_M07,B001_M07_P049,49,0.8004196694895446,4,43.77008550163534,1
B001_M07,B001_M07_P050,50,2.466315168864909,5,75.70437958512422,0
B001_M07,B001_M07_P051,51,1.6035762234223334,5,40.61825796108498,1
B001_M07,B001_M07_P052,52,2.385355504183735,5,85.41690110072905,1
B001_M07,B001_M07_P053,53,0.6600851327500553,4,30.369018432966786,1
B001_M07,B001_M07_P054,54,1.9295456086715757,5,59.550948461895636,1
B001_M07,B001_M07_P055,55,0.3127760163480104,3,11.043995757087755,1
B001_M07,B001_M07_P056,56,-0.37499503952182994,2,11.962988717106272,1
B001_M07,B001_M07_P057,57,-0.2895924426229764,2,6.718791919685219,0
B001_M07,B001_M07_P058,58,1.3002334301726497,5,53.92986220301332,0
B001_M07,B001_M07_P059,59,0.8779095459420515,4,19.89997300356149,1
B001_M07,B001_M07_P060,60,1.436203058873624,5,75.45081399037015,0
B001_M07,B001_M07_P061,61,0.5218240841179665,4,25.885830088276865,0
B001_M07,B001_M07_P062,62,0.43907455725497463,4,25.321224450445886,0
B001_M07,B001_M07_P063,63,0.27652324905723064,3,31.924650015336997,1
B001_M07,B001_M07_P064,64,0.5494289583740782,4,49.90084451970789,1
B001_M07,B001_M07_P065,65,0.34060527388020523,3,31.07279796461617,1
B001_M07,B001_M07_P066,66,-0.138905502536713,2,20.572251645539076,1
B001_M07,B001_M07_P067,67,1.6547175222126544,5,78.36021527005629,0
B001_M07,B001_M07_P068,68,-2.210264757091799,1,2.7837373230803593,1
B001_M07,B001_M07_P069,69,-0.03225277310453528,2,25.610673861790204,0
B001_M07,B001_M07_P070,70,-0.6525063828436258,2,12.847824224288281,1
B001_M07,B001_M07_P071,71,1.0133119627941503,5,61.97360510688208,1
B001_M07,B001_M07_P072,72,-0.7590131404177657,1,9.739976786001034,1
B001_M07,B001_M07_P073,73,-0.1069707045399025,2,24.22326679244483,1
B001_M07,B001_M07_P074,74,0.016968905465002793,3,42.11195613847028,1
B001_M07,B001_M07_P075,75,1.1027505140638616,5,75.01168908944132,1
B001_M07,B001_M07_P076,76,0.31803356203941713,3,38.80417227941339,1
B001_M07,B001_M07_P077,77,0.36193951049827255,3,28.001290648367192,1
B001_M07,B001_M07_P078,78,0.7427861325126915,4,64.35065900288527,1
B001_M07,B001_M07_P079,79,-1.893960701374592,1,1.0,0
B001_M07,B001_M07_P080,80,-0.3045422401489215,2,45.505473396288124,1
B001_M07,B001_M07_P081,81,-0.4959058389488898,2,25.25915413054571,1
B001_M07,B001_M07_P082,82,0.01903256428634406,3,30.26684507180083,0
B001_M07,B001_M07_P083,83,0.01990990527536245,3,59.97313912336786,1
B001_M07,B001_M07_P084,84,0.7897049575218462,4,66.7634957777747,1
B001_M07,B001_M07_P085,85,-0.26835364978841536,2,29.26421125005721,1
B001_M07,B001_M07_P086,86,-1.021307421739766,1,16.947995936511624,1
B001_M07,B001_M07_P087,87,-0.31186725952836025,2,37.26982674410455,1
B001_M07,B001_M07_P088,88,-2.218058358794121,1,3.86797345209361,0
B001_M07,B001_M07_P089,89,-0.8486264178203108,1,16.63974616276366,0
B001_M07,B001_M07_P090,90,-0.5743916626799971,2,35.0358342408679,0
B001_M07,B001_M07_P091,91,-1.4968936707738436,1,10.310746854201607,1
B001_M07,B001_M07_P092,92,1.2425047233080615,5,77.69542890068503,0
B001_M07,B001_M07_P093,93,-1.2744295702255626,1,11.745983977534864,0
B001_M07,B001_M07_P094,94,-0.1749826446731589,2,20.26149641590143,0
B001_M07,B001_M07_P095,95,-1.4674805591962234,1,7.398722916531373,0
B001_M07,B001_M07_P096,96,0.09526768030741624,3,39.950221345961076,0
B001_M07,B001_M07_P097,97,1.3837399312922674,5,70.86360948314075,1
B001_M07,B001_M07_P098,98,0.680557761281318,4,67.55466551167541,0
B001_M07,B001_M07_P099,99,-1.9928674468889598,1,5.383803198046592,0
B002_M00,B002_M00_P000,0,1.5040713078958214,5,90.87767875986592,1
B002_M00,B002_M00_P001,1,1.3629893462784024,5,87.37694375744688,0
B002_M00,B002_M00_P002,2,-0.981976495941976,2,8.738133662764437,0
B002_M00,B002_M00_P003,3,0.25718415917040416,4,29.41960716066165,1
B002_M00,B002_M00_P004,4,0.043655018203450836,3,34.53032203805062,1
B002_M00,B002_M00_P005,5,-0.9621421582851348,2,7.870235088920435,0
B002_M00,B002_M00_P006,6,-1.2656301048667307,1,4.420751416499067,1
B002_M00,B002_M00_P007,7,-1.5803202268089873,1,9.057037024816553,0
B002_M00,B002_M00_P008,8,0.1880204011698496,4,24.1371492527422,1
B002_M00,B002_M00_P009,9,0.03444275120559845,3,24.158422798519634,1
B002_M00,B002_M00_P010,10,-2.4352237528964036,1,0.0,0
B002_M00,B002_M00_P011,11,-0.39360169534707273,2,5.913497866830192,0
B002_M00,B002_M00_P012,12,1.397964203551122,5,41.35885460929475,1
B002_M00,B002_M00_P013,13,0.0035898687209813076,3,11.59288220854123,0
B002_M00,B002_M00_P014,14,-0.30693882483679163,3,5.849425979627622,0
B002_M00,B002_M00_P015,15,0.3771665485269382,4,9.953985108235662,0
B002_M00,B002_M00_P016,16,3.103004876076023,5,213.11067153980198,1
B002_M00,B002_M00_P017,17,-0.3697414205185267,3,6.909028897004541,1
B002_M00,B002_M00_P018,18,2.1108724581200318,5,69.29542401782024,1
B002_M00,B002_M00_P019,19,1.3188896796429406,5,37.08999021332082,1
B002_M00,B002_M00_P020,20,-0.955577474108649,2,20.211358085636526,0
B002_M00,B002_M00_P021,21,-0.5051349530700587,2,17.809802099032943,1
B002_M00,B002_M00_P022,22,-0.6836532693355584,2,15.615218841503076,1
B002_M00,B002_M00_P023,23,0.03442183133241228,3,27.115932960565956,1
B002_M00,B002_M00_P024,24,0.1165278483850057,4,54.671445725419005,1
B002_M00,B002_M00_P025,25,-0.13921122594410554,3,30.529500759789357,1
B002_M00,B002_M00_P026,26,-0.7191210729608634,2,18.46262514978111,0
B002_M00,B002_M00_P027,27,-1.435337082240758,1,13.891600190298398,0
B002_M00,B002_M00_P028,28,0.3999073127651644,4,77.33881166022258,1
B002_M00,B002_M00_P029,29,-0.31407538049470063,3,17.063414881231452,0
B002_M00,B002_M00_P030,30,-1.1554933740365732,1,10.58393940526278,1
B002_M00,B002_M00_P031,31,0.7421438493349667,4,74.66266306393231,1
B002_M00,B002_M00_P032,32,-0.4107892386275218,2,31.200087719285094,1
B002_M00,B002_M00_P033,33,1.3866812984925663,5,97.1754503001746,0
B002_M00,B002_M00_P034,34,-2.0145415358826306,1,3.4545295487256062,1
B002_M00,B002_M00_P035,35,-0.6863846362834707,2,22.886947599901813,0
B002_M00,B002_M00_P036,36,-0.7749668399762116,2,12.90095045487237,0
B002_M00,B002_M00_P037,37,-0.24278484581017445,3,26.87836327936045,1
B002_M00,B002_M00_P038,38,-1.6706806606882754,1,4.071279743699396,0
B002_M00,B002_M00_P039,39,-0.9849662999200773,1,15.691828230678535,1
B002_M00,B002_M00_P040,40,-0.10557728891364976,3,31.061725983933176,1
B002_M00,B002_M00_P041,41,-0.47543117164769494,2,22.034033478765434,0
B002_M00,B002_M00_P042,42,-1.5456042282385056,1,10.725023125030367,0
B002_M00,B002_M00_P043,43,0.8576256920989419,5,98.92623134165555,1
B002_M00,B002_M00_P044,44,1.1076188524575652,5,56.22916372696274,0
B002_M00,B002_M00_P045,45,-0.6646052527369002,2,16.608832889592236,0
B002_M00,B002_M00_P046,46,0.36366455946685416,4,45.649001301589486,1
B002_M00,B002_M00_P047,47,-1.5558884615705002,1,8.05252279016086,1
B002_M00,B002_M00_P048,48,0.176718380732255,4,25.430122063789412,0
B002_M00,B002_M00_P049,49,-1.4932854990513682,1,6.152151704068855,0
B002_M00,B002_M00_P050,50,1.0277986621985926,5,86.28038194331425,0
B002_M00,B002_M00_P051,51,0.9791920623880546,5,43.86803577926102,1
B002_M00,B002_M00_P052,52,0.34296542769901334,4,53.52204089638037,1
B002_M00,B002_M00_P053,53,-1.2628090429015975,1,11.547954178553601,1
B002_M00,B002_M00_P054,54,-1.0780411530498712,1,7.5850830963030464,0
B002_M00,B002_M00_P055,55,-0.7716638400521151,2,3.6862116972063688,0
B002_M00,B002_M00_P056,56,1.0484131309926632,5,60.374413747163366,1
B002_M00,B002_M00_P057,57,0.018693858432662695,3,30.293289379498,0
B002_M00,B002_M00_P058,58,-0.36363139862852717,3,23.31338374494709,1
B002_M00,B002_M00_P059,59,-0.6229674303432381,2,17.48171428282254,0
B002_M00,B002_M00_P060,60,0.6225885332116275,4,30.09989431650115,0
B002_M00,B002_M00_P061,61,-0.34477421961233823,3,22.000464669754884,0
B002_M00,B002_M00_P062,62,1.7224578070576684,5,112.60010515612095,1
B002_M00,B002_M00_P063,63,-0.18718343108934946,3,10.865576594087635,1
B002_M00,B002_M00_P064,64,-1.9084472159853132,1,5.928892225213757,0
B002_M00,B002_M00_P065,65,-0.08289584783329766,3,25.214973325477914,1
B002_M00,B002_M00_P066,66,-0.5256776878553892,2,13.591620713508718,0
B002_M00,B002_M00_P067,67,0.8171705531669607,5,45.39444460077162,0
B002_M00,B002_M00_P068,68,0.23690647808814927,4,35.394823109979704,1
B002_M00,B002_M00_P069,69,0.942777449426048,5,46.79078602977727,1
B002_M00,B002_M00_P070,70,1.9165693503975827,5,167.23516555543114,1
B002_M00,B002_M00_P071,71,-0.7051106923817573,2,5.937636003697582,0
B002_M00,B002_M00_P072,72,0.06939015787870846,4,27.21508457617294,0
B002_M00,B002_M00_P073,73,-0.39064467917290563,2,19.649906051958673,1
B002_M00,B002_M00_P074,74,-0.7369652556095295,2,6.608469600681119,1
B002_M00,B002_M00_P075,75,1.2194658987519589,5,53.85068547799114,0
B002_M00,B002_M00_P076,76,-1.826560765441115,1,3.6330971673371284,0
B002_M00,B002_M00_P077,77,-1.2648711188493638,1,2.8131694536735727,0
B002_M00,B002_M00_P078,78,-0.03659858593502805,3,19.56392985167924,0
B002_M00,B002_M00_P079,79,0.6594438540466012,4,37.1085231292202,1
B002_M00,B002_M00_P080,80,1.4415117435792952,5,53.80469835467082,1
B002_M00,B002_M00_P081,81,-0.3762399748472863,3,7.823514867149852,0
B002_M00,B002_M00_P082,82,0.16340731362304903,4,21.52893608807535,1
B002_M00,B002_M00_P083,83,0.0658957709323071,3,26.24837578022757,1
B002_M00,B002_M00_P084,84,1.3087462838310306,5,85.71351245121929,1
B002_M00,B002_M00_P085,85,0.5417004550413674,4,38.62745802047158,0
B002_M00,B002_M00_P086,86,0.5614133174734214,4,50.026965549585356,0
B002_M00,B002_M00_P087,87,-0.641434591132473,2,8.737005830068973,0
B002_M00,B002_M00_P088,88,0.3775236608258628,4,38.16794844687811,0
B002_M00,B002_M00_P089,89,-1.6667073350959438,1,5.0,1
B002_M00,B002_M00_P090,90,2.4038080426676345,5,178.3924948261777,1
B002_M00,B002_M00_P091,91,-0.007523364631191021,3,41.59368258441833,0
B002_M00,B002_M00_P092,92,-1.2311107667856735,1,7.409880859151395,1
B002_M00,B002_M00_P093,93,-0.47347020259779987,2,10.888958498117928,1
B002_M00,B002_M00_P094,94,0.7785151202913253,4,30.66824184634727,1
B002_M00,B002_M00_P095,95,0.10481804584916703,4,28.36044391827301,0
B002_M00,B002_M00_P096,96,-1.943852791750212,1,1.8248849616558958,0
B002_M00,B002_M00_P097,97,-0.06611445610428397,3,25.51230186417371,0
B002_M00,B002_M00_P098,98,-1.4337174340889958,1,3.0,0
B002_M00,B002_M00_P099,99,0.2971992286933944,4,24.979624293987158,0
B002_M01,B002_M01_P000,0,-0.9299259165841635,1,13.411396484217528,0
B002_M01,B002_M01_P001,1,0.008080489212138942,3,33.398396067597126,1
B002_M01,B002_M01_P002,2,-0.6521755893939062,2,27.645319355176024,1
B002_M01,B002_M01_P003,3,0.7017833889794508,4,62.71417183488924,0
B002_M01,B002_M01_P004,4,1.1872302451328298,5,85.02780857722382,0
B002_M01,B002_M01_P005,5,-0.5765519804640463,2,17.98686905715753,1
B002_M01,B002_M01_P006,6,-0.25848679427737353,2,22.006450859134894,0
B002_M01,B002_M01_P007,7,1.1667251923434607,5,76.35989126477209,0
B002_M01,B002_M01_P008,8,-0.76218036853377,1,19.58535638017601,1
B002_M01,B002_M01_P009,9,-0.7285120435636001,1,16.48291899867468,1
B002_M01,B002_M01_P010,10,-0.5730701714870993,2,14.827546261332634,1
B002_M01,B002_M01_P011,11,-1.9675115668890228,1,12.024900092297909,1
B002_M01,B002_M01_P012,12,0.1024153192472656,3,40.167152686407455,1
B002_M01,B002_M01_P013,13,1.4930165870923722,5,65.02696798566544,1
B002_M01,B002_M01_P014,14,-2.023383537522833,1,7.846365860691808,1
B002_M01,B002_M01_P015,15,0.8405610235105795,5,62.13630195467664,1
B002_M01,B002_M01_P016,16,2.4003491655670737,5,88.36132491231851,1
B002_M01,B002_M01_P017,17,0.5229349432388601,4,61.71056231927699,1
B002_M01,B002_M01_P018,18,0.7810683730879703,4,80.31957283494957,1
B002_M01,B002_M01_P019,19,0.19567080919351457,4,59.17823335646581,0
B002_M01,B002_M01_P020,20,-0.1951655694400912,3,27.437294280417472,1
B002_M01,B002_M01_P021,21,-0.06365567228268883,3,35.68373079494356,1
B002_M01,B002_M01_P022,22,0.7098768666146738,4,67.72893078416324,1
B002_M01,B002_M01_P023,23,1.464632226001992,5,86.36194197716901,0
B002_M01,B002_M01_P024,24,-1.2586469461934708,1,6.549050748799724,0
B002_M01,B002_M01_P025,25,-0.3848733966585532,2,45.89772771823843,1
B002_M01,B002_M01_P026,26,0.3347481838216532,4,48.16880466112408,0
B002_M01,B002_M01_P027,27,-1.1999599216965031,1,13.436061809576215,0
B002_M01,B002_M01_P028,28,0.1301858732632114,3,57.290375005466295,0
B002_M01,B002_M01_P029,29,-0.6300475195525715,2,15.907833587334775,0
B002_M01,B002_M01_P030,30,0.8499040530863441,5,71.52954154600287,1
B002_M01,B002_M01_P031,31,0.8793992007286683,5,72.55708189481776,1
B002_M01,B002_M01_P032,32,1.5150369590535488,5,74.28835963633254,1
B002_M01,B002_M01_P033,33,-0.26183417843438384,2,32.52018127357619,0
B002_M01,B002_M01_P034,34,0.9559816943609483,5,65.14403612105376,1
B002_M01,B002_M01_P035,35,0.09723047531100841,3,27.454754714576584,1
B002_M01,B002_M01_P036,36,0.36000190256125664,4,72.40088124703438,0
B002_M01,B002_M01_P037,37,-0.7227677249380992,1,11.544590588862778,0
B002_M01,B002_M01_P038,38,-1.2193590210100353,1,7.727441039673762,0
B002_M01,B002_M01_P039,39,-0.9081811866714412,1,5.49867748976944,0
B002_M01,B002_M01_P040,40,-0.052177877306812816,3,35.351588289221404,0
B002_M01,B002_M01_P041,41,0.2478341528458131,4,39.26226599551902,1
B002_M01,B002_M01_P042,42,0.7804310595025324,4,64.10775828810411,0
B002_M01,B002_M01_P043,43,-1.4361345626980302,1,5.6090662385058465,1
B002_M01,B002_M01_P044,44,-0.37527301927684986,2,13.666918422055208,1
B002_M01,B002_M01_P045,45,1.5107446690211344,5,85.35434387865311,1
B002_M01,B002_M01_P046,46,-0.2137068998394044,3,42.884674876087246,0
B002_M01,B002_M01_P047,47,-0.32819718222122146,2,11.732625756095693,0
B002_M01,B002_M01_P048,48,0.44828781459071715,4,62.18745821847086,1
B002_M01,B002_M01_P049,49,0.8397119788025744,4,72.83365591584975,1
B002_M01,B002_M01_P050,50,-1.0965692673569605,1,9.565351436660382,1
B002_M01,B002_M01_P051,51,-0.20029875445745726,3,38.631125296737004,0
B002_M01,B002_M01_P052,52,-1.233734076728507,1,6.039029365017752,1
B002_M01,B002_M01_P053,53,-1.4459359400545864,1,5.661530385269184,0
B002_M01,B002_M01_P054,54,-0.45729766381736425,2,27.808026553426394,0
B002_M01,B002_M01_P055,55,1.3188378512555472,5,80.70378235725737,1
B002_M01,B002_M01_P056,56,0.2958894548422924,4,65.67832403970705,0
B002_M01,B002_M01_P057,57,1.270740220974427,5,82.85376287362989,1
B002_M01,B002_M01_P058,58,-0.6648700127009218,2,27.59215642869723,0
B002_M01,B002_M01_P059,59,-1.6591448953778276,1,9.459832682807905,0
B002_M01,B002_M01_P060,60,0.18012267151326689,3,26.110600057084298,1
B002_M01,B002_M01_P061,61,-0.17403140553438212,3,9.520988366125126,0
B002_M01,B002_M01_P062,62,0.28344456231456433,4,26.659503482080382,1
B002_M01,B002_M01_P063,63,3.499961910132084,5,92.34420958470632,0
B002_M01,B002_M01_P064,64,0.1721249649692682,3,43.95467316690469,0
B002_M01,B002_M01_P065,65,-0.12174222084718352,3,32.82825024319822,0
B002_M01,B002_M01_P066,66,0.3206515663542207,4,64.86925042099782,1
B002_M01,B002_M01_P067,67,1.0376437152524993,5,69.26270258821282,1
B002_M01,B002_M01_P068,68,-0.5629490933596475,2,13.537940403596183,1
B002_M01,B002_M01_P069,69,1.5197928828722305,5,83.83846920164795,1
B002_M01,B002_M01_P070,70,-0.09675951451269708,3,25.40996704955945,0
B002_M01,B002_M01_P071,71,0.01601830126295815,3,23.337644941272636,1
B002_M01,B002_M01_P072,72,-0.3830567214426903,2,19.614418069085986,1
B002_M01,B002_M01_P073,73,-1.384129593460914,1,6.982436314882591,0
B002_M01,B002_M01_P074,74,1.217504266392104,5,78.97673877440818,1
B002_M01,B002_M01_P075,75,-0.43245908263054234,2,29.566017299205154,0
B002_M01,B002_M01_P076,76,0.07026093324674651,3,39.3461774380881,1
B002_M01,B002_M01_P077,77,1.0576965247819812,5,82.83864746042259,1
B002_M01,B002_M01_P078,78,-0.3245531015603418,2,29.630065767376212,0
B002_M01,B002_M01_P079,79,-2.615561258053146,1,2.369348184602445,0
B002_M01,B002_M01_P080,80,2.0716801270388308,5,87.9802490721309,0
B002_M01,B002_M01_P081,81,-0.6748785203199645,2,20.963189392475908,0
B002_M01,B002_M01_P082,82,0.6888078220217982,4,54.024176676363766,1
B002_M01,B002_M01_P083,83,-0.6457899902925645,2,14.964787123588243,1
B002_M01,B002_M01_P084,84,0.6067390324273185,4,59.644687637669676,0
B002_M01,B002_M01_P085,85,-0.9961160692254752,1,13.637868583020744,0
B002_M01,B002_M01_P086,86,-0.19643662595077882,3,31.367441115998766,0
B002_M01,B002_M01_P087,87,-0.16098257010913208,3,24.834512870154498,0
B002_M01,B002_M01_P088,88,-0.10649433478454849,3,35.42530852290924,0
B002_M01,B002_M01_P089,89,0.5215417903521632,4,46.519944762917184,0
B002_M01,B002_M01_P090,90,-1.6133908759742395,1,3.5293035583138823,0
B002_M01,B002_M01_P091,91,1.90148929853279,5,83.70427819655708,1
B002_M01,B002_M01_P092,92,0.02238394795925538,3,40.385607081539824,0
B002_M01,B002_M01_P093,93,-0.4084625676187981,2,22.12341515627187,0
B002_M01,B002_M01_P094,94,-0.9753032330804462,1,10.57748314477801,0
B002_M01,B002_M01_P095,95,0.28020201221269353,4,48.44596511131182,0
B002_M01,B002_M01_P096,96,0.5222313186741213,4,38.58343200048923,0
B002_M01,B002_M01_P097,97,-0.4534852786973795,2,17.259540473685238,1
B002_M01,B002_M01_P098,98,0.32134938212982855,4,44.02334182022112,0
B002_M01,B002_M01_P099,99,-0.22226278167331862,2,18.823673768638027,1
B002_M02,B002_M02_P000,0,-0.6218223697129351,2,29.759427526526775,1
B002_M02,B002_M02_P001,1,1.2985570322838889,5,98.90273786303952,1
B002_M02,B002_M02_P002,2,-2.1114229374279323,1,2.0,0
B002_M02,B002_M02_P003,3,-1.0490973163694755,1,16.084990860033844,0
B002_M02,B002_M02_P004,4,-0.9363646034099915,1,20.79155317297203,1
B002_M02,B002_M02_P005,5,0.36267204657485985,3,34.02287782534389,1
B002_M02,B002_M02_P006,6,-0.4307337824638691,2,26.681158855773198,1
B002_M02,B002_M02_P007,7,0.6977785029174718,4,58.10631898833677,1
B002_M02,B002_M02_P008,8,0.4371969608841335,4,38.34617578086149,0
B002_M02,B002_M02_P009,9,-0.7442736089163929,2,28.740089401117135,0
B002_M02,B002_M02_P010,10,-0.4259380918801115,2,21.611686074394612,0
B002_M02,B002_M02_P011,11,0.4183163131125884,4,80.20390326110098,1
B002_M02,B002_M02_P012,12,-0.7534574570391784,1,11.622570261302274,1
B002_M02,B002_M02_P013,13,1.239628859625224,5,46.42163825509014,1
B002_M02,B002_M02_P014,14,-0.41482122369077445,2,19.511633235535133,1
B002_M02,B002_M02_P015,15,-0.2000718496833175,2,15.048291586766494,1
B002_M02,B002_M02_P016,16,-2.840011835336598,1,2.0,1
B002_M02,B002_M02_P017,17,0.680959769624062,4,56.9139711222634,1
B002_M02,B002_M02_P018,18,1.0514334532406029,5,58.800005689175926,1
B002_M02,B002_M02_P019,19,-0.13608015296210338,3,36.51356098450947,0
B002_M02,B002_M02_P020,20,0.9901164058732466,4,31.62334426979666,0
B002_M02,B002_M02_P021,21,0.35555576671448935,3,30.609553406622698,1
B002_M02,B002_M02_P022,22,1.0852747660011584,5,81.9398728700645,0
B002_M02,B002_M02_P023,23,-0.2539583290550705,2,22.699241190884585,0
B002_M02,B002_M02_P024,24,0.4046980729132493,4,30.377274957303918,1
B002_M02,B002_M02_P025,25,-0.4498330572570311,2,24.964425706136268,0
B002_M02,B002_M02_P026,26,-1.4045549760825953,1,9.09076080798399,1
B002_M02,B002_M02_P027,27,1.2330770970610436,5,107.43990998989017,1
B002_M02,B002_M02_P028,28,0.3812939440292946,4,33.94817842536627,1
B002_M02,B002_M02_P029,29,-1.9008573565962583,1,1.7280675494010724,1
B002_M02,B002_M02_P030,30,0.04379660589823908,3,39.11145017472356,0
B002_M02,B002_M02_P031,31,0.4797822251145491,4,57.587629390144826,0
B002_M02,B002_M02_P032,32,-0.06701684920206652,3,19.554605273746475,0
B002_M02,B002_M02_P033,33,-0.09657582967623661,3,20.00421045011225,0
B002_M02,B002_M02_P034,34,-1.4230117221980372,1,6.8819038858857216,1
B002_M02,B002_M02_P035,35,0.29992676818353853,3,33.51913144167474,0
B002_M02,B002_M02_P036,36,-0.10120260364925888,3,22.013999255356037,1
B002_M02,B002_M02_P037,37,-0.38437471813896346,2,10.539644740186235,1
B002_M02,B002_M02_P038,38,1.5092646733730835,5,123.58294881317437,1
B002_M02,B002_M02_P039,39,-0.027628989680657228,3,31.535450579789003,0
B002_M02,B002_M02_P040,40,0.5175148413760317,4,40.694323230095016,1
B002_M02,B002_M02_P041,41,-0.11882999770690585,3,24.742367556306124,0
B002_M02,B002_M02_P042,42,-0.6478694269739823,2,20.681403611483944,0
B002_M02,B002_M02_P043,43,-2.8369161764361244,1,1.579723010505673,0
B002_M02,B002_M02_P044,44,-0.5393867060888563,2,12.603213996330062,1
B002_M02,B002_M02_P045,45,0.7753403810005667,4,53.7470219263915,1
B002_M02,B002_M02_P046,46,0.1935343372213777,3,35.514121065024774,0
B002_M02,B002_M02_P047,47,0.2486385193015427,3,30.607952856728062,1
B002_M02,B002_M02_P048,48,1.065373603944141,5,87.50324771039413,1
B002_M02,B002_M02_P049,49,1.2375085305214368,5,42.953233583470464,0
B002_M02,B002_M02_P050,50,-0.8748036482355692,1,5.357048504345272,1
B002_M02,B002_M02_P051,51,0.6551566063101105,4,23.663858368291926,0
B002_M02,B002_M02_P052,52,-0.8926397413754877,1,2.663715553708248,0
B002_M02,B002_M02_P053,53,-3.794962346056756,1,0.8636388082765354,1
B002_M02,B002_M02_P054,54,-0.13968110301284828,3,6.742405577199335,0
B002_M02,B002_M02_P055,55,3.6365644377020385,5,330.2382431420353,1
B002_M02,B002_M02_P056,56,-0.9981364764638488,1,0.9132690519433002,1
B002_M02,B002_M02_P057,57,1.04015932664225,5,27.605737205930453,1
B002_M02,B002_M02_P058,58,-0.6083558967215204,2,11.507133883903055,1
B002_M02,B002_M02_P059,59,-0.9947350858063547,1,5.329601254102152,0
B002_M02,B002_M02_P060,60,-0.0025181835965715957,3,32.135455337325645,1
B002_M02,B002_M02_P061,61,-1.188987762645693,1,12.659525932803326,0
B002_M02,B002_M02_P062,62,-0.22453558305906127,2,16.677177213428788,0
B002_M02,B002_M02_P063,63,-0.3769428327945481,2,17.939831202421086,1
B002_M02,B002_M02_P064,64,0.5642454558027229,4,27.318773403089278,1
B002_M02,B002_M02_P065,65,-1.2148807363628829,1,7.525929658392051,1
B002_M02,B002_M02_P066,66,0.5519485745192144,4,42.2918558459251,0
B002_M02,B002_M02_P067,67,-0.22637313733841524,2,23.159469898421687,0
B002_M02,B002_M02_P068,68,1.382965648668822,5,86.39425250048495,0
B002_M02,B002_M02_P069,69,1.2552947510793624,5,85.71434324122251,1
B002_M02,B002_M02_P070,70,-0.15211717181851916,3,12.55100641446009,0
B002_M02,B002_M02_P071,71,1.437060178855378,5,67.25973208394652,1
B002_M02,B002_M02_P072,72,-3.388122482390953,1,0.7450677233621115,0
B002_M02,B002_M02_P073,73,0.21018683390161344,3,21.331771807598066,1
B002_M02,B002_M02_P074,74,-0.260853467554246,2,15.298324757384286,0
B002_M02,B002_M02_P075,75,0.23324840263564547,3,42.55521640670929,1
B002_M02,B002_M02_P076,76,1.4694148533378881,5,64.74902631598337,1
B002_M02,B002_M02_P077,77,2.0323650269937765,5,105.44114780032334,1
B002_M02,B002_M02_P078,78,0.4987941936987051,4,28.73978279705663,1
B002_M02,B002_M02_P079,79,0.5117956130307472,4,32.28179939358586,1
B002_M02,B002_M02_P080,80,-0.5483287017122991,2,5.01298593492442,1
B002_M02,B002_M02_P081,81,1.1026258181307265,5,75.63329620692303,0
B002_M02,B002_M02_P082,82,1.013018134093261,4,63.18410834215325,0
B002_M02,B002_M02_P083,83,-1.3195596831413419,1,10.0848288840792,0
B002_M02,B002_M02_P084,84,0.858090996710902,4,53.89113109363886,1
B002_M02,B002_M02_P085,85,-1.473956329659971,1,2.7858883442721907,0
B002_M02,B002_M02_P086,86,0.8595208740438384,4,78.89724140749446,1
B002_M02,B002_M02_P087,87,0.27734903446521586,3,48.28860264823644,0
B002_M02,B002_M02_P088,88,-0.5591998800971297,2,12.67246677033375,0
B002_M02,B002_M02_P089,89,-0.7763298062275973,1,5.8053871937997865,0
B002_M02,B002_M02_P090,90,0.35850304714327424,3,14.582818121911505,0
B002_M02,B002_M02_P091,91,-0.5842884748098192,2,3.0,0
B002_M02,B002_M02_P092,92,1.5799513291323308,5,50.57599015615564,0
B002_M02,B002_M02_P093,93,-0.3384457219465853,2,7.706880381754274,1
B002_M02,B002_M02_P094,94,0.6584996622618678,4,33.548175457806614,0
B002_M02,B002_M02_P095,95,0.7651725487050096,4,40.78918620980706,1
B002_M02,B002_M02_P096,96,2.2218067683117377,5,79.37663911868314,1
B002_M02,B002_M02_P097,97,0.20570383693806585,3,13.738220416373977,0
B002_M02,B002_M02_P098,98,1.0582239098735362,5,20.474298509494385,1
B002_M02,B002_M02_P099,99,2.686028477264046,5,127.43403172969371,1
B002_M03,B002_M03_P000,0,0.030350917238338753,3,22.639716004653934,1
B002_M03,B002_M03_P001,1,1.1276751228786719,5,80.50041515231193,0
B002_M03,B002_M03_P002,2,1.255868045048916,5,79.24906385238178,1
B002_M03,B002_M03_P003,3,-0.14610481978868647,2,21.500862258456408,0
B002_M03,B002_M03_P004,4,1.2851045750521568,5,39.765432467182514,0
B002_M03,B002_M03_P005,5,0.5413759422343472,4,24.071161581171644,1
B002_M03,B002_M03_P006,6,-0.8560979698668052,1,17.884411224370364,0
B002_M03,B002_M03_P007,7,0.9721017246753614,5,41.876842493521245,0
B002_M03,B002_M03_P008,8,0.6095790889655164,4,28.72723461025589,1
B002_M03,B002_M03_P009,9,-0.1573644737977287,2,20.51615092871672,1
B002_M03,B002_M03_P010,10,0.764993962141224,4,50.967450861795236,0
B002_M03,B002_M03_P011,11,-0.23178970687260816,2,15.238269563879824,0
B002_M03,B002_M03_P012,12,0.22688459069837516,3,39.63615976472165,1
B002_M03,B002_M03_P013,13,0.9614675117298979,4,68.83421367007374,1
B002_M03,B002_M03_P014,14,0.7586228834383449,4,49.94675240439433,0
B002_M03,B002_M03_P015,15,0.6060232562160307,4,62.19638686556214,1
B002_M03,B002_M03_P016,16,0.7755780923981256,4,34.686889054407544,1
B002_M03,B002_M03_P017,17,-2.1218372996888966,1,1.0,0
B002_M03,B002_M03_P018,18,-2.597122255164774,1,1.0,1
B002_M03,B002_M03_P019,19,0.18381330747717897,3,45.209018710480215,1
B002_M03,B002_M03_P020,20,0.15828904764083115,3,27.319936574475065,1
B002_M03,B002_M03_P021,21,0.9829759591163274,5,59.05318175129753,0
B002_M03,B002_M03_P022,22,0.9250257005655488,4,36.54275532729811,0
B002_M03,B002_M03_P023,23,0.2136284265687675,3,52.278827781969355,1
B002_M03,B002_M03_P024,24,1.14061922957945,5,66.48859989093603,1
B002_M03,B002_M03_P025,25,0.6214212861896479,4,56.19442301007001,1
B002_M03,B002_M03_P026,26,-0.43249249707697773,1,18.07913023934484,0
B002_M03,B002_M03_P027,27,-0.8429131644909799,1,12.787385944502706,1
B002_M03,B002_M03_P028,28,-0.044768170618741165,2,25.772730131213184,1
B002_M03,B002_M03_P029,29,-0.9004121323613156,1,5.545461268714621,1
B002_M03,B002_M03_P030,30,0.1715422857397284,3,15.941344162317925,1
B002_M03,B002_M03_P031,31,0.17091847746051902,3,25.433860587131264,1
B002_M03,B002_M03_P032,32,-0.41099533322032983,2,23.76465154225263,0
B002_M03,B002_M03_P033,33,2.3096570260139972,5,85.4335943903349,1
B002_M03,B002_M03_P034,34,0.5910514879923251,4,36.38245122348525,0
B002_M03,B002_M03_P035,35,-0.29504305581711726,2,20.964569461240284,0
B002_M03,B002_M03_P036,36,0.0875052276057231,3,20.211611488818257,0
B002_M03,B002_M03_P037,37,0.14373513724189474,3,23.618684161417363,0
B002_M03,B002_M03_P038,38,0.9723154277620303,5,72.14200552352906,1
B002_M03,B002_M03_P039,39,0.05424181041885537,3,26.06430197131705,1
B002_M03,B002_M03_P040,40,-0.44337770618861394,1,21.660343540367972,0
B002_M03,B002_M03_P041,41,1.7378066917172685,5,80.54409405884441,0
B002_M03,B002_M03_P042,42,-1.519816048552026,1,6.578448428641706,0
B002_M03,B002_M03_P043,43,-0.20629262874511897,2,16.594553139954044,0
B002_M03,B002_M03_P044,44,0.6712825883092082,4,42.4368108278786,1
B002_M03,B002_M03_P045,45,0.4271226197440585,3,47.546798689148055,1
B002_M03,B002_M03_P046,46,0.39065205574695255,3,38.33874190816214,0
B002_M03,B002_M03_P047,47,-0.5097233476320109,1,17.21238908276499,0
B002_M03,B002_M03_P048,48,-0.5443592085890936,1,11.801553289954338,0
B002_M03,B002_M03_P049,49,1.2803086103751207,5,81.30513250881002,1
B002_M03,B002_M03_P050,50,1.547243553393326,5,55.31718757137514,0
B002_M03,B002_M03_P051,51,0.010205845207239661,2,23.65679457013273,1
B002_M03,B002_M03_P052,52,1.497078855934198,5,75.41443549751878,1
B002_M03,B002_M03_P053,53,0.6910041682814793,4,43.55120771700621,0
B002_M03,B002_M03_P054,54,-0.41044119857301614,2,17.630130976878885,0
B002_M03,B002_M03_P055,55,0.35028913674070344,3,44.68663800084486,1
B002_M03,B002_M03_P056,56,0.5803039067059538,4,49.299326684522754,1
B002_M03,B002_M03_P057,57,-0.38369412115555246,2,12.510304271410096,1
B002_M03,B002_M03_P058,58,-1.1879647009510883,1,7.935257428739982,0
B002_M03,B002_M03_P059,59,-0.6377150104801362,1,24.664165166803304,1
B002_M03,B002_M03_P060,60,1.0115996125318907,5,47.71500730275666,0
B002_M03,B002_M03_P061,61,0.3577021406079073,3,39.6569981063878,0
B002_M03,B002_M03_P062,62,-0.030085584818063987,2,29.396149001766535,1
B002_M03,B002_M03_P063,63,0.9233081056710329,4,36.56031774459744,0
B002_M03,B002_M03_P064,64,0.6558514702853363,4,51.93954291690265,0
B002_M03,B002_M03_P065,65,-0.35422809988144516,2,14.834922482582925,1
B002_M03,B002_M03_P066,66,1.6232587465529544,5,85.20822480673004,1
B002_M03,B002_M03_P067,67,0.298974042124127,3,36.461234870230285,1
B002_M03,B002_M03_P068,68,-0.9395218936756136,1,7.625225357743657,0
B002_M03,B002_M03_P069,69,-0.8810222294112054,1,18.207728156869695,0
B002_M03,B002_M03_P070,70,0.6054546906310543,4,36.16095516668123,1
B002_M03,B002_M03_P071,71,1.0044619508254304,5,73.51964763937545,1
B002_M03,B002_M03_P072,72,-0.0779156105440979,2,22.50878644223274,1
B002_M03,B002_M03_P073,73,0.24988074070310695,3,31.227518381632713,0
B002_M03,B002_M03_P074,74,0.09261297636642474,3,15.583392272428569,1
B002_M03,B002_M03_P075,75,1.0364275447581408,5,67.90948644080773,1
B002_M03,B002_M03_P076,76,-1.3301293117847202,1,5.996978147480945,0
B002_M03,B002_M03_P077,77,1.3701349360162325,5,75.81369034097641,1
B002_M03,B002_M03_P078,78,-0.34120556932322793,2,11.28429862209927,0
B002_M03,B002_M03_P079,79,0.12229975659201853,3,41.350706924384966,0
B002_M03,B002_M03_P080,80,1.6047824716652357,5,79.97668664049817,1
B002_M03,B002_M03_P081,81,1.1461473269851707,5,58.74653061334787,1
B002_M03,B002_M03_P082,82,1.342000645887791,5,69.30089804549036,1
B002_M03,B002_M03_P083,83,0.07851062609368063,3,18.10512553573131,0
B002_M03,B002_M03_P084,84,-0.3263324083623404,2,13.001272959528677,0
B002_M03,B002_M03_P085,85,-0.9575577967906682,1,3.5573846378966976,1
B002_M03,B002_M03_P086,86,-0.430881647173097,2,11.545699043329684,1
B002_M03,B002_M03_P087,87,-0.11482864207590353,2,7.797170709910591,0
B002_M03,B002_M03_P088,88,0.6208908988506072,4,39.046356757251374,0
B002_M03,B002_M03_P089,89,0.9221986985296099,4,60.67694804950509,0
B002_M03,B002_M03_P090,90,-0.0800411237098722,2,21.645975131136257,0
B002_M03,B002_M03_P091,91,-0.6382638597124458,1,13.778170443162068,1
B002_M03,B002_M03_P092,92,-1.5315161504575425,1,5.687730400968396,0
B002_M03,B002_M03_P093,93,-0.9513655913751063,1,14.785473333089252,0
B002_M03,B002_M03_P094,94,0.5016197803833791,4,36.12135397710146,1
B002_M03,B002_M03_P095,95,-0.6641708203608622,1,24.24253447535518,1
B002_M03,B002_M03_P096,96,-0.2731321511623855,2,37.68182599410979,0
B002_M03,B002_M03_P097,97,-0.014159078226613775,2,30.808187969483285,1
B002_M03,B002_M03_P098,98,0.2517972660153755,3,61.677204875208325,0
B002_M03,B002_M03_P099,99,0.6093897774130714,4,76.07296355805582,1
B002_M04,B002_M04_P000,0,0.5220708915824988,4,34.90159160315528,0
B002_M04,B002_M04_P001,1,0.8316997058798341,5,73.27329787680455,1
B002_M04,B002_M04_P002,2,0.565797468906783,4,32.83052874183931,1
B002_M04,B002_M04_P003,3,-0.22148704070476355,3,21.82764020552129,0
B002_M04,B002_M04_P004,4,0.9880501120339584,5,68.58557987917166,1
B002_M04,B002_M04_P005,5,-0.008401876370883446,3,24.042261583901286,1
B002_M04,B002_M04_P006,6,1.0602311829681215,5,68.19857892976134,1
B002_M04,B002_M04_P007,7,0.9010097411116734,5,76.13790261201576,1
B002_M04,B002_M04_P008,8,-1.3657651445049692,1,1.8328606387409965,1
B002_M04,B002_M04_P009,9,-0.6329506087317519,2,40.73530537591583,1
B002_M04,B002_M04_P010,10,0.5725670342876982,4,74.01470377618621,1
B002_M04,B002_M04_P011,11,-1.937002613079274,1,6.277834802658068,1
B002_M04,B002_M04_P012,12,-1.0966965090398195,1,11.047692522339505,1
B002_M04,B002_M04_P013,13,0.44915852164102127,4,44.27385633940984,1
B002_M04,B002_M04_P014,14,-0.9106356342317586,1,12.838519841920059,0
B002_M04,B002_M04_P015,15,-1.6642888025324085,1,7.871321727255084,0
B002_M04,B002_M04_P016,16,-0.30421611820130273,2,30.681233193001876,0
B002_M04,B002_M04_P017,17,-0.45337541211562843,2,19.645801398927716,0
B002_M04,B002_M04_P018,18,-2.3482832066069723,1,2.0,0
B002_M04,B002_M04_P019,19,-1.3257075675509833,1,6.723629293049982,1
B002_M04,B002_M04_P020,20,0.6554894522921737,4,67.87035251429305,1
B002_M04,B002_M04_P021,21,0.3182373140554825,4,68.94014562706919,0
B002_M04,B002_M04_P022,22,-0.6280539456344819,2,22.93680298028677,0
B002_M04,B002_M04_P023,23,-1.2877745197607666,1,16.189885254687155,1
B002_M04,B002_M04_P024,24,-1.8211005588172668,1,4.504494927648186,1
B002_M04,B002_M04_P025,25,-0.03848403811949267,3,36.10221163727074,1
B002_M04,B002_M04_P026,26,0.21838554102836105,3,61.01238857384122,1
B002_M04,B002_M04_P027,27,-0.018875899303911786,3,29.601799832703154,1
B002_M04,B002_M04_P028,28,0.5432535208375114,4,76.4062943060373,1
B002_M04,B002_M04_P029,29,0.0945791902535677,3,30.300705282417603,1
B002_M04,B002_M04_P030,30,-0.2820159634253628,2,28.204357939750626,1
B002_M04,B002_M04_P031,31,-1.8790395774623763,1,2.7927790810405178,0
B002_M04,B002_M04_P032,32,0.4122930267532987,4,64.58696849956983,0
B002_M04,B002_M04_P033,33,0.8389889630506985,5,46.217000482825334,0
B002_M04,B002_M04_P034,34,0.19773010062146504,3,68.77208739149916,1
B002_M04,B002_M04_P035,35,0.48790182531260395,4,43.16192283508188,0
B002_M04,B002_M04_P036,36,-0.18564106728262766,3,29.320910345522044,1
B002_M04,B002_M04_P037,37,0.5040448267847384,4,36.57812789649146,1
B002_M04,B002_M04_P038,38,-0.27811882911730096,2,24.780682694985757,1
B002_M04,B002_M04_P039,39,-1.606074471194776,1,8.124620957227414,0
B002_M04,B002_M04_P040,40,1.8879371685347046,5,86.54944917425621,1
B002_M04,B002_M04_P041,41,0.5574331685039043,4,40.88338602600296,1
B002_M04,B002_M04_P042,42,-0.7435073127802075,2,11.669304046712993,0
B002_M04,B002_M04_P043,43,0.6937845401288184,4,82.0447058254344,1
B002_M04,B002_M04_P044,44,1.1744759880458018,5,70.64524317504143,0
B002_M04,B002_M04_P045,45,-0.2735442431399175,2,30.6208668999724,0
B002_M04,B002_M04_P046,46,0.4638746869301895,4,42.00242058074024,0
B002_M04,B002_M04_P047,47,0.8750185506405027,5,81.18230832169581,1
B002_M04,B002_M04_P048,48,-2.2211055778304396,1,5.6982264380590735,0
B002_M04,B002_M04_P049,49,0.17188467134381566,3,30.447775246678134,0
B002_M04,B002_M04_P050,50,-0.3795883801393833,2,28.998034659825294,1
B002_M04,B002_M04_P051,51,-0.2582079097272971,2,34.387915941230276,0
B002_M04,B002_M04_P052,52,1.1539188110486152,5,82.26184366808413,1
B002_M04,B002_M04_P053,53,-0.5321578394779028,2,22.345058087432704,0
B002_M04,B002_M04_P054,54,-1.6535487657592054,1,9.419142008306132,1
B002_M04,B002_M04_P055,55,-0.7068464338749073,2,14.904542494143888,1
B002_M04,B002_M04_P056,56,2.4204143297348604,5,86.36818430485653,1
B002_M04,B002_M04_P057,57,-0.520552062900448,2,28.44301991759216,1
B002_M04,B002_M04_P058,58,-2.1150600787844915,1,0.0,0
B002_M04,B002_M04_P059,59,0.7568865532392944,4,54.876920656395036,1
B002_M04,B002_M04_P060,60,-0.6731461881582167,2,22.69309519737239,1
B002_M04,B002_M04_P061,61,1.7004835613830105,5,84.75414325337552,1
B002_M04,B002_M04_P062,62,-1.0616840169633919,1,2.0009588127041242,1
B002_M04,B002_M04_P063,63,0.44344050571351684,4,49.8721487355683,1
B002_M04,B002_M04_P064,64,1.531724372194602,5,84.84648672686475,1
B002_M04,B002_M04_P065,65,0.08860146206648967,3,31.044055621031664,0
B002_M04,B002_M04_P066,66,0.4985179474188259,4,53.78774147703052,1
B002_M04,B002_M04_P067,67,-0.7367139551326828,2,20.104794185797207,1
B002_M04,B002_M04_P068,68,-2.3793828013671674,1,3.5890637809857693,0
B002_M04,B002_M04_P069,69,-0.06557935407373455,3,16.31733523171248,0
B002_M04,B002_M04_P070,70,-0.8521140796071046,1,19.186925448444157,1
B002_M04,B002_M04_P071,71,-0.258849878145782,2,39.45599232074521,0
B002_M04,B002_M04_P072,72,-0.16183594079680072,3,32.015515417133294,1
B002_M04,B002_M04_P073,73,-0.7140652254083754,2,14.929895115182289,1
B002_M04,B002_M04_P074,74,-0.1225612091251315,3,23.32969030568429,1
B002_M04,B002_M04_P075,75,0.23420408961256656,3,46.43931205889335,1
B002_M04,B002_M04_P076,76,0.2250311468566002,3,26.781329956773178,0
B002_M04,B002_M04_P077,77,-0.8450982031678311,1,18.15471114633092,1
B002_M04,B002_M04_P078,78,0.793810038153345,5,46.899159611554985,1
B002_M04,B002_M04_P079,79,0.2696471601144263,3,45.53499743648186,1
B002_M04,B002_M04_P080,80,2.0500848119946227,5,87.38952369887772,1
B002_M04,B002_M04_P081,81,-0.7296453280138709,2,13.02543372183385,0
B002_M04,B002_M04_P082,82,-1.717953255357881,1,11.231413259023459,0
B002_M04,B002_M04_P083,83,1.4134228828719158,5,84.92617561647926,1
B002_M04,B002_M04_P084,84,1.4933635817677866,5,81.93726300963655,0
B002_M04,B002_M04_P085,85,0.29002599537893065,3,50.06413288637383,1
B002_M04,B002_M04_P086,86,1.214991488487638,5,76.37517480789339,1
B002_M04,B002_M04_P087,87,0.27266917107203426,3,55.161079788948214,1
B002_M04,B002_M04_P088,88,0.7283546030352417,4,66.57776868796907,1
B002_M04,B002_M04_P089,89,2.295419500202128,5,90.8836964602336,1
B002_M04,B002_M04_P090,90,0.6733071745105703,4,49.88703243356494,1
B002_M04,B002_M04_P091,91,0.06710507879550566,3,62.48527100317261,0
B002_M04,B002_M04_P092,92,-0.2653760026656944,2,15.389812672904114,0
B002_M04,B002_M04_P093,93,0.7884594384508715,4,57.620486974275316,0
B002_M04,B002_M04_P094,94,-0.24311648400658767,3,20.948008544763216,0
B002_M04,B002_M04_P095,95,-1.0354006489547534,1,4.841218933440949,1
B002_M04,B002_M04_P096,96,0.9274148682476223,5,67.75519138932555,1
B002_M04,B002_M04_P097,97,1.6069348777001438,5,86.16682659538144,1
B002_M04,B002_M04_P098,98,0.47723714654890054,4,48.8527435205613,1
B002_M04,B002_M04_P099,99,-0.6190476720748741,2,10.979494998364826,0
B002_M05,B002_M05_P000,0,-0.3443847925191897,2,17.98072155257897,0
B002_M05,B002_M05_P001,1,0.06586882059190229,3,23.391282247968956,0
B002_M05,B002_M05_P002,2,-0.6083603414916325,2,9.90108012861704,0
B002_M05,B002_M05_P003,3,-0.036191875855336925,3,29.944669622913892,1
B002_M05,B002_M05_P004,4,1.4696950027231928,5,105.87830368676705,1
B002_M05,B002_M05_P005,5,1.1375926083156982,5,63.97667757332867,1
B002_M05,B002_M05_P006,6,1.1968544736313715,5,72.42953127204528,1
B002_M05,B002_M05_P007,7,-0.2672891876741372,3,25.84505021271763,0
B002_M05,B002_M05_P008,8,0.733424540355986,4,48.87742912605489,1
B002_M05,B002_M05_P009,9,-1.0564427790248805,1,12.486164095389704,1
B002_M05,B002_M05_P010,10,1.3650615134348856,5,127.67373847648803,1
B002_M05,B002_M05_P011,11,-1.9596619649301081,1,11.033459049700692,0
B002_M05,B002_M05_P012,12,0.014631119993915864,3,30.684660364178708,1
B002_M05,B002_M05_P013,13,-0.9982524105658231,1,5.9384317365902985,1
B002_M05,B002_M05_P014,14,-0.7974144289875019,2,12.240380977143495,1
B002_M05,B002_M05_P015,15,0.07382373516665065,3,17.958102068402802,1
B002_M05,B002_M05_P016,16,-0.3275739275487877,3,20.09124765375486,1
B002_M05,B002_M05_P017,17,-1.8601673436550996,1,0.0,0
B002_M05,B002_M05_P018,18,0.5234556359872152,4,27.72077399285353,0
B002_M05,B002_M05_P019,19,-1.7471912392797577,1,4.409671095464324,0
B002_M05,B002_M05_P020,20,-0.433410492131697,2,14.696734530666081,0
B002_M05,B002_M05_P021,21,1.7660867029043157,5,238.49671716077404,1
B002_M05,B002_M05_P022,22,-0.5966034030996729,2,16.421995374778604,0
B002_M05,B002_M05_P023,23,0.6643435939438157,4,59.024002461476144,0
B002_M05,B002_M05_P024,24,-0.42835643912983384,2,27.19277997728114,0
B002_M05,B002_M05_P025,25,-0.5243156641234495,2,20.823235090891846,1
B002_M05,B002_M05_P026,26,-0.20159426545239356,3,19.59371891128152,1
B002_M05,B002_M05_P027,27,-1.6200772733646243,1,4.437474923978021,1
B002_M05,B002_M05_P028,28,0.04362926297507271,3,25.920881103655148,1
B002_M05,B002_M05_P029,29,0.7121808671728124,4,43.95228753273952,0
B002_M05,B002_M05_P030,30,2.1579919337701945,5,217.9226511256569,1
B002_M05,B002_M05_P031,31,1.6570413918745182,5,69.70151795152404,1
B002_M05,B002_M05_P032,32,-1.8550205959322987,1,1.7724673158653372,0
B002_M05,B002_M05_P033,33,-0.9173925529514814,2,10.883471472096739,0
B002_M05,B002_M05_P034,34,0.15644675640989666,3,29.481649437580742,0
B002_M05,B002_M05_P035,35,0.23098747506458808,3,19.56465304164929,0
B002_M05,B002_M05_P036,36,-1.1414306450519194,1,10.34524862069904,1
B002_M05,B002_M05_P037,37,-0.37360922424189713,2,27.42102224110827,0
B002_M05,B002_M05_P038,38,1.4634628783337693,5,87.92326271505347,1
B002_M05,B002_M05_P039,39,0.7865183146925677,4,41.30387787858211,1
B002_M05,B002_M05_P040,40,-0.1587858952008923,3,10.062943037135089,1
B002_M05,B002_M05_P041,41,1.2782065111514804,5,69.85094260101101,1
B002_M05,B002_M05_P042,42,0.8275970253268085,4,95.31083550656318,1
B002_M05,B002_M05_P043,43,0.9650460151919996,4,50.412471878517906,1
B002_M05,B002_M05_P044,44,2.2092455047293194,5,197.76357850305303,1
B002_M05,B002_M05_P045,45,0.17362442716190193,3,23.152313877264582,0
B002_M05,B002_M05_P046,46,-0.7282506468134237,2,14.094156947193284,1
B002_M05,B002_M05_P047,47,-1.2533562144804284,1,3.9182684921016673,1
B002_M05,B002_M05_P048,48,0.6478447046419936,4,41.86503266915098,0
B002_M05,B002_M05_P049,49,-1.0358943234356213,1,5.03410713178671,0
B002_M05,B002_M05_P050,50,1.255702302837309,5,85.6365772085936,1
B002_M05,B002_M05_P051,51,-0.30014949782349243,3,17.961582364801274,1
B002_M05,B002_M05_P052,52,1.3805311317570776,5,136.07558265032094,1
B002_M05,B002_M05_P053,53,1.278930636477228,5,81.78286015129432,1
B002_M05,B002_M05_P054,54,-0.17402067426911685,3,24.19755071970144,1
B002_M05,B002_M05_P055,55,-0.12298130322252931,3,26.210182674992858,0
B002_M05,B002_M05_P056,56,-1.0632765293433897,1,8.411708279952517,0
B002_M05,B002_M05_P057,57,-0.6012816157957546,2,18.597629621806828,0
B002_M05,B002_M05_P058,58,-0.41827020659917286,2,17.77067603951024,0
B002_M05,B002_M05_P059,59,-2.691166053265136,1,5.394768714014379,1
B002_M05,B002_M05_P060,60,1.0735642669550884,5,65.16442812746077,1
B002_M05,B002_M05_P061,61,0.3366718113899078,4,35.269752827290745,1
B002_M05,B002_M05_P062,62,-0.483395304732194,2,20.899140843734852,0
B002_M05,B002_M05_P063,63,-1.1190804509887984,1,10.466826624696258,1
B002_M05,B002_M05_P064,64,-0.3123099632722979,3,19.116338995716283,0
B002_M05,B002_M05_P065,65,1.496859142671683,5,43.47246381434284,0
B002_M05,B002_M05_P066,66,-1.081236650882517,1,6.953056975710528,0
B002_M05,B002_M05_P067,67,-1.4396770081890136,1,9.642182588525117,1
B002_M05,B002_M05_P068,68,1.4546217149453426,5,89.71312949848638,0
B002_M05,B002_M05_P069,69,0.9258290040811653,4,57.79220580511466,1
B002_M05,B002_M05_P070,70,0.3306550301062424,4,40.38839859900857,0
B002_M05,B002_M05_P071,71,1.009568616425254,4,87.72022354788986,1
B002_M05,B002_M05_P072,72,1.0751410840222577,5,93.6893653283578,1
B002_M05,B002_M05_P073,73,-0.934189705120292,2,14.918860076605526,0
B002_M05,B002_M05_P074,74,-0.7844364193728056,2,9.206918444763593,1
B002_M05,B002_M05_P075,75,-0.08031109657286195,3,34.52527452700488,1
B002_M05,B002_M05_P076,76,0.6322232577131993,4,31.764299737408624,0
B002_M05,B002_M05_P077,77,-0.5084768355521678,2,15.124080632009829,0
B002_M05,B002_M05_P078,78,-0.26422262935950386,3,15.386437990040552,0
B002_M05,B002_M05_P079,79,-1.6837538911556826,1,6.972939116026692,0
B002_M05,B002_M05_P080,80,0.38435905543019216,4,35.22120013574892,0
B002_M05,B002_M05_P081,81,-2.131602511957963,1,5.712019782110857,0
B002_M05,B002_M05_P082,82,0.9809463068425543,4,77.368583755952,0
B002_M05,B002_M05_P083,83,-0.2641033802549185,3,14.064386123234094,1
B002_M05,B002_M05_P084,84,-0.6363548079821965,2,20.471032464720338,1
B002_M05,B002_M05_P085,85,0.41810263078645704,4,27.67689636587451,0
B002_M05,B002_M05_P086,86,0.7486864060787056,4,44.24317670701713,0
B002_M05,B002_M05_P087,87,1.5591058605447303,5,77.34424050596225,1
B002_M05,B002_M05_P088,88,0.7354356192417778,4,53.467631701298394,1
B002_M05,B002_M05_P089,89,-1.1316012482407405,1,7.386331669655784,1
B002_M05,B002_M05_P090,90,0.6589302099441099,4,38.37132492213608,1
B002_M05,B002_M05_P091,91,1.8537618099416726,5,143.96077453209074,1
B002_M05,B002_M05_P092,92,-1.106487264461928,1,12.348188688722741,0
B002_M05,B002_M05_P093,93,0.5289823246058826,4,48.958288871944184,1
B002_M05,B002_M05_P094,94,-0.5392317401082932,2,8.76444840403626,0
B002_M05,B002_M05_P095,95,0.11783144319132255,3,34.26539322787343,0
B002_M05,B002_M05_P096,96,-0.5063942136664031,2,7.877876006051138,0
B002_M05,B002_M05_P097,97,1.3772771302128355,5,60.05090502123016,1
B002_M05,B002_M05_P098,98,-0.5388927837361143,2,17.350045087136408,0
B002_M05,B002_M05_P099,99,-2.340585555752432,1,1.7789524883352903,0
B002_M06,B002_M06_P000,0,1.2546663640505051,5,104.29587416760637,0
B002_M06,B002_M06_P001,1,2.72254840706533,5,312.8702334405852,1
B002_M06,B002_M06_P002,2,-1.3615402917775483,1,6.618363383615261,1
B002_M06,B002_M06_P003,3,-0.6271486061314848,2,3.97310940539837,1
B002_M06,B002_M06_P004,4,-2.395443907877534,1,0.0,0
B002_M06,B002_M06_P005,5,-1.3152890786018194,1,8.488539634529038,1
B002_M06,B002_M06_P006,6,-1.153633672503302,1,8.47038114763534,0
B002_M06,B002_M06_P007,7,2.3619069959817107,5,196.87915602718974,1
B002_M06,B002_M06_P008,8,-1.704480668912556,1,2.0,0
B002_M06,B002_M06_P009,9,0.989608363992356,5,64.30660593679187,0
B002_M06,B002_M06_P010,10,-0.5097822939916995,2,28.575893356745816,1
B002_M06,B002_M06_P011,11,-0.28115193945498623,3,9.463022992412292,0
B002_M06,B002_M06_P012,12,-0.3384120651017977,2,25.980290162364554,0
B002_M06,B002_M06_P013,13,2.2267470508954936,5,254.39784357442204,1
B002_M06,B002_M06_P014,14,0.5900850694033695,4,29.631928623871055,1
B002_M06,B002_M06_P015,15,-1.0619590408679762,1,6.392207832210998,0
B002_M06,B002_M06_P016,16,0.19687731369212172,4,20.25136560199151,1
B002_M06,B002_M06_P017,17,-1.4123762302968137,1,5.6575979252953825,0
B002_M06,B002_M06_P018,18,-0.5333842812180165,2,25.978061028918564,1
B002_M06,B002_M06_P019,19,-0.0014678076149066503,3,32.45497163224263,1
B002_M06,B002_M06_P020,20,0.8878447225728642,5,54.895343185250475,1
B002_M06,B002_M06_P021,21,0.4719635718178579,4,50.88719253381322,0
B002_M06,B002_M06_P022,22,0.6749016646331306,5,59.36775005872546,1
B002_M06,B002_M06_P023,23,-0.8126204914642526,2,10.743863864867356,0
B002_M06,B002_M06_P024,24,-1.0961397222023963,1,7.224680734839389,0
B002_M06,B002_M06_P025,25,-0.14831749134733352,3,25.85880126201368,1
B002_M06,B002_M06_P026,26,-0.10892707055556528,3,29.753328642767677,1
B002_M06,B002_M06_P027,27,0.296035800109072,4,38.49835435821425,0
B002_M06,B002_M06_P028,28,0.017752970380842118,3,24.945371342003536,1
B002_M06,B002_M06_P029,29,0.0465514276233869,3,19.756902175051266,1
B002_M06,B002_M06_P030,30,0.36055617742693635,4,37.61837865120663,1
B002_M06,B002_M06_P031,31,0.718311468173086,5,29.84413147431527,0
B002_M06,B002_M06_P032,32,-1.622226766609817,1,9.369144772484642,1
B002_M06,B002_M06_P033,33,-0.2264313465865042,3,13.143476848653526,1
B002_M06,B002_M06_P034,34,-0.10428064435917676,3,25.09954957725113,1
B002_M06,B002_M06_P035,35,-1.4145132362922077,1,4.800189162864072,1
B002_M06,B002_M06_P036,36,-0.04439778118445681,3,20.77231351316582,1
B002_M06,B002_M06_P037,37,0.8621653541647376,5,39.198386400528825,0
B002_M06,B002_M06_P038,38,-1.1173899210478593,1,10.542239122954193,1
B002_M06,B002_M06_P039,39,-0.45590943226214026,2,11.62851764843893,0
B002_M06,B002_M06_P040,40,-0.23246159849575254,3,17.945269803629934,0
B002_M06,B002_M06_P041,41,0.30619176190496306,4,20.10495705391368,1
B002_M06,B002_M06_P042,42,-0.1487653611062222,3,25.189204429779583,1
B002_M06,B002_M06_P043,43,-0.1541690575481636,3,15.152176510368104,0
B002_M06,B002_M06_P044,44,0.12175211050551009,4,29.209853625537722,1
B002_M06,B002_M06_P045,45,-0.3858061600560863,2,17.293142971986942,1
B002_M06,B002_M06_P046,46,0.6488499312836272,5,47.439057543727515,1
B002_M06,B002_M06_P047,47,0.0830621514173641,4,12.170443988443028,0
B002_M06,B002_M06_P048,48,-1.4721832414799734,1,6.800611661891014,1
B002_M06,B002_M06_P049,49,-0.16542583639043099,3,15.841926480010768,0
B002_M06,B002_M06_P050,50,-0.1559242214924683,3,18.31663231923418,0
B002_M06,B002_M06_P051,51,0.5052649350011141,4,50.02634218772445,0
B002_M06,B002_M06_P052,52,0.6055112045925426,4,36.54856305430124,1
B002_M06,B002_M06_P053,53,-0.577701799657785,2,12.20172443807385,0
B002_M06,B002_M06_P054,54,-0.9420292905746899,2,7.739808033408647,0
B002_M06,B002_M06_P055,55,-1.8987963366669403,1,1.9093803796725588,0
B002_M06,B002_M06_P056,56,0.9950473268539457,5,102.4638057564591,1
B002_M06,B002_M06_P057,57,1.1893432413287524,5,93.25365920506405,1
B002_M06,B002_M06_P058,58,0.5988624227223153,4,46.62889403090336,1
B002_M06,B002_M06_P059,59,1.6648262111773258,5,117.09884733402822,1
B002_M06,B002_M06_P060,60,-0.15325220612350005,3,28.211999187935447,1
B002_M06,B002_M06_P061,61,0.5852918409174529,4,45.52873494752575,1
B002_M06,B002_M06_P062,62,0.3566034511051279,4,16.11090840833711,1
B002_M06,B002_M06_P063,63,0.2624306673887264,4,35.101959416183185,0
B002_M06,B002_M06_P064,64,-0.7111882041099026,2,13.626408080090313,0
B002_M06,B002_M06_P065,65,1.4318097837205224,5,83.72896502762025,0
B002_M06,B002_M06_P066,66,-0.6892108937547267,2,22.2472317092747,1
B002_M06,B002_M06_P067,67,0.16450494982796315,4,55.70456072324755,1
B002_M06,B002_M06_P068,68,-1.005087727554217,1,16.152604252619938,0
B002_M06,B002_M06_P069,69,-0.1832022856081156,3,25.203810958513685,0
B002_M06,B002_M06_P070,70,0.49295840961812926,4,58.734445328369794,0
B002_M06,B002_M06_P071,71,-0.58109619226883,2,16.15733491620854,0
B002_M06,B002_M06_P072,72,-0.7994314343680813,2,9.05029508223813,0
B002_M06,B002_M06_P073,73,1.2253088984524299,5,72.70340607008518,1
B002_M06,B002_M06_P074,74,0.6709969077758776,5,50.6109929992688,0
B002_M06,B002_M06_P075,75,-1.0476470075966302,1,3.0,0
B002_M06,B002_M06_P076,76,-0.9880300347682837,2,7.679458877569081,0
B002_M06,B002_M06_P077,77,-2.2312100471291885,1,2.7737607630545655,1
B002_M06,B002_M06_P078,78,-0.5785008250934377,2,15.311576213309898,1
B002_M06,B002_M06_P079,79,0.430855174770756,4,42.074201421560154,1
B002_M06,B002_M06_P080,80,2.6484853748878736,5,282.46286690683326,1
B002_M06,B002_M06_P081,81,-0.2435130254356553,3,10.1613388654322,0
B002_M06,B002_M06_P082,82,-0.7673774024416651,2,19.316185311616593,0
B002_M06,B002_M06_P083,83,-2.150702337499212,1,1.0,1
B002_M06,B002_M06_P084,84,0.5214636127506943,4,55.696812493713374,1
B002_M06,B002_M06_P085,85,0.06575370274153362,4,47.53750863423485,1
B002_M06,B002_M06_P086,86,1.8810706845041363,5,209.56641224692098,1
B002_M06,B002_M06_P087,87,-1.7242860016809667,1,5.802016873776794,1
B002_M06,B002_M06_P088,88,1.8408734967817066,5,131.21753660859596,1
B002_M06,B002_M06_P089,89,-0.45782263196149064,2,14.799161643934376,0
B002_M06,B002_M06_P090,90,-0.3056130049007713,3,19.24909225712537,1
B002_M06,B002_M06_P091,91,-0.7332275221177316,2,16.14847455973645,0
B002_M06,B002_M06_P092,92,0.5854582088330748,4,54.800316171194055,1
B002_M06,B002_M06_P093,93,0.0012142333762978723,3,30.84009475927742,0
B002_M06,B002_M06_P094,94,1.7915469695965045,5,154.66479212298975,1
B002_M06,B002_M06_P095,95,-1.001940494920738,1,2.8577524134615517,0
B002_M06,B002_M06_P096,96,-0.4165708612221013,2,14.383984979128261,0
B002_M06,B002_M06_P097,97,-1.4099513506272217,1,5.2465291238363205,0
B002_M06,B002_M06_P098,98,-0.05457275890489124,3,25.101229065315582,0
B002_M06,B002_M06_P099,99,-0.39917604335062046,2,9.98460362542728,1
B002_M07,B002_M07_P000,0,0.7979746000866075,4,40.12743157443611,0
B002_M07,B002_M07_P001,1,0.6631373759662621,4,46.02488359969908,0
B002_M07,B002_M07_P002,2,-0.30858943509425674,2,18.688130512251888,0
B002_M07,B002_M07_P003,3,-0.9314652029325776,1,6.576012741353181,0
B002_M07,B002_M07_P004,4,0.23566879982992775,3,31.68200076860603,0
B002_M07,B002_M07_P005,5,1.2362341243846917,5,66.00608719301769,1
B002_M07,B002_M07_P006,6,-0.9118811447126238,2,12.672563766929114,1
B002_M07,B002_M07_P007,7,-0.8728057238201341,2,9.903611692793364,0
B002_M07,B002_M07_P008,8,0.03516568856092975,3,16.89911546535661,0
B002_M07,B002_M07_P009,9,1.1490926800352224,5,81.79065949433559,1
B002_M07,B002_M07_P010,10,0.16030559018419768,3,48.45644882044709,0
B002_M07,B002_M07_P011,11,-0.3533305133504989,2,31.257048945058838,1
B002_M07,B002_M07_P012,12,-0.226337701289547,3,21.858456852727645,0
B002_M07,B002_M07_P013,13,-1.5962447663459347,1,8.731795503249838,0
B002_M07,B002_M07_P014,14,-0.5273158049650066,2,16.90984132924655,1
B002_M07,B002_M07_P015,15,1.6604598203634249,5,78.62190182030342,1
B002_M07,B002_M07_P016,16,-2.141557861981484,1,3.810835289480328,0
B002_M07,B002_M07_P017,17,-0.11482725950612048,3,24.248951504376222,1
B002_M07,B002_M07_P018,18,-0.16537241840752082,3,32.482462227191576,0
B002_M07,B002_M07_P019,19,0.7210278661412589,4,38.69335313023085,1
B002_M07,B002_M07_P020,20,-0.2607560047474639,2,16.299391534261755,0
B002_M07,B002_M07_P021,21,0.9428376138404232,5,29.44232954547336,0
B002_M07,B002_M07_P022,22,-2.2122407280696934,1,5.0,0
B002_M07,B002_M07_P023,23,-1.1976408415960924,1,8.675781352839286,0
B002_M07,B002_M07_P024,24,1.6089705693752052,5,74.42431867925652,1
B002_M07,B002_M07_P025,25,0.9518574259314887,5,60.079348123856384,1
B002_M07,B002_M07_P026,26,0.6442213608825643,4,44.6250000285313,0
B002_M07,B002_M07_P027,27,2.750423383504266,5,89.2605332867782,0
B002_M07,B002_M07_P028,28,0.5611363457286206,4,27.672589081376593,1
B002_M07,B002_M07_P029,29,-1.4221520143279351,1,6.691094697830317,0
B002_M07,B002_M07_P030,30,0.449614538534478,4,27.997737000683344,1
B002_M07,B002_M07_P031,31,-0.9077782208333934,2,7.959852781691463,1
B002_M07,B002_M07_P032,32,0.7216620171870917,4,41.59644761093537,1
B002_M07,B002_M07_P033,33,0.6525716227119042,4,34.155280387935825,0
B002_M07,B002_M07_P034,34,1.4817890855981368,5,72.32196662405244,0
B002_M07,B002_M07_P035,35,-1.4114454497100482,1,5.7847761355557346,0
B002_M07,B002_M07_P036,36,1.5573210906089203,5,79.14802091534254,1
B002_M07,B002_M07_P037,37,0.9510737418806263,5,56.65364597121817,0
B002_M07,B002_M07_P038,38,-0.19175808242339532,3,17.359509750472593,0
B002_M07,B002_M07_P039,39,-2.0077090595141946,1,3.4213779939263427,0
B002_M07,B002_M07_P040,40,0.5120784490342952,4,42.52543262593641,1
B002_M07,B002_M07_P041,41,-0.6654608989290055,2,13.24091060521519,0
B002_M07,B002_M07_P042,42,0.01199133763003829,3,18.681762836471968,1
B002_M07,B002_M07_P043,43,2.0882408976106266,5,85.59369813690076,1
B002_M07,B002_M07_P044,44,-1.536067129511298,1,6.904710929821428,1
B002_M07,B002_M07_P045,45,-0.8324042383783686,2,15.676164357286886,1
B002_M07,B002_M07_P046,46,0.3499409793457806,4,30.34047654883264,0
B002_M07,B002_M07_P047,47,-0.45136847844340505,2,23.457418928255716,1
B002_M07,B002_M07_P048,48,-0.8869046694140451,2,22.24818742698856,0
B002_M07,B002_M07_P049,49,0.8368669381811785,5,78.62457867222277,1
B002_M07,B002_M07_P050,50,0.95074319547314,5,40.04086289217459,0
B002_M07,B002_M07_P051,51,0.059315560754660344,3,26.64235278773322,1
B002_M07,B002_M07_P052,52,0.847159940435676,5,65.1909434305678,1
B002_M07,B002_M07_P053,53,-1.3895622734969475,1,7.312923044642274,0
B002_M07,B002_M07_P054,54,1.1306902020386083,5,62.151544382237816,1
B002_M07,B002_M07_P055,55,-1.4945709342309288,1,5.713504355430704,0
B002_M07,B002_M07_P056,56,0.6686045036970065,4,42.81048615334783,0
B002_M07,B002_M07_P057,57,-1.0679095420740676,1,9.468595722494257,0
B002_M07,B002_M07_P058,58,-0.3020031731944413,2,14.696497161997678,0
B002_M07,B002_M07_P059,59,1.8301567717539218,5,81.59114168340106,0
B002_M07,B002_M07_P060,60,0.10705024094970937,3,15.310820794236822,1
B002_M07,B002_M07_P061,61,-0.723057278465637,2,21.723188648287135,1
B002_M07,B002_M07_P062,62,0.45561120840735175,4,42.72344451982418,0
B002_M07,B002_M07_P063,63,0.6756467048678975,4,65.46506988429098,1
B002_M07,B002_M07_P064,64,-0.892986292639178,2,7.480013277897255,0
B002_M07,B002_M07_P065,65,0.5965904634440314,4,56.90889561147951,0
B002_M07,B002_M07_P066,66,-0.09750634253089115,3,33.53946705469277,1
B002_M07,B002_M07_P067,67,-1.2390090702182086,1,14.966036627051809,1
B002_M07,B002_M07_P068,68,-1.10843627124492,1,11.263246094532317,0
B002_M07,B002_M07_P069,69,-0.7397754292178501,2,22.921231820267373,0
B002_M07,B002_M07_P070,70,0.30236196464331555,4,30.625035602503225,0
B002_M07,B002_M07_P071,71,-0.10560557812628792,3,28.53958292609449,0
B002_M07,B002_M07_P072,72,0.42448681468948046,4,40.53790626163915,1
B002_M07,B002_M07_P073,73,-1.7774487482531718,1,4.968500450238251,0
B002_M07,B002_M07_P074,74,0.8376161719785907,5,20.81578621747566,0
B002_M07,B002_M07_P075,75,0.6118558739422425,4,38.379199457036385,1
B002_M07,B002_M07_P076,76,0.08045012835115617,3,38.71483594492582,1
B002_M07,B002_M07_P077,77,1.3459492941527254,5,79.42667658997503,1
B002_M07,B002_M07_P078,78,-1.311931463566967,1,13.273071128820982,0
B002_M07,B002_M07_P079,79,0.41119468845419355,4,37.26174025268146,1
B002_M07,B002_M07_P080,80,-1.331385461144264,1,16.29503811691586,0
B002_M07,B002_M07_P081,81,0.7675556006837487,4,57.181619118019924,1
B002_M07,B002_M07_P082,82,-1.7025004550296128,1,6.9981191698824645,1
B002_M07,B002_M07_P083,83,-0.2012846639442658,3,34.51206312892112,1
B002_M07,B002_M07_P084,84,0.1841894902861351,3,40.20767590738764,1
B002_M07,B002_M07_P085,85,-0.2793311264285575,2,33.884557561155994,1
B002_M07,B002_M07_P086,86,-0.25786922080993613,3,24.57591920351799,0
B002_M07,B002_M07_P087,87,-0.46788399662531327,2,17.191555000036526,1
B002_M07,B002_M07_P088,88,-1.0804604821300028,1,12.500084271572593,0
B002_M07,B002_M07_P089,89,0.13255288815526556,3,47.16415233390699,0
B002_M07,B002_M07_P090,90,-0.703661273435796,2,13.576758708405572,0
B002_M07,B002_M07_P091,91,0.14225034679545626,3,20.450391521929905,0
B002_M07,B002_M07_P092,92,1.4544386409911187,5,83.09739868848786,0
B002_M07,B002_M07_P093,93,-0.32409621713542164,2,19.899804591705866,0
B002_M07,B002_M07_P094,94,-0.7183521939817146,2,17.35458664027073,1
B002_M07,B002_M07_P095,95,1.5910758318545837,5,84.24520321837113,1
B002_M07,B002_M07_P096,96,0.2523972402853912,3,27.852710191426418,0
B002_M07,B002_M07_P097,97,-1.0362186815461836,1,4.641318684014235,1
B002_M07,B002_M07_P098,98,0.3398141517170135,4,27.862571264879264,1
B002_M07,B002_M07_P099,99,0.1454157010281106,3,41.03872095116282,1
