YEAR,OCC1990,n_workers,worker_weight,young_20_29_weight,selfemployed_weight,wage_sum_w,wage_weight,hours_sum_w,hours_weight,young_20_29_share,selfemployment_share,mean_nominal_wage,mean_weekly_hours
1990,3,543,11052,1817,0,344060883,11052,461935,10800,0.164404632645675,0,31131.0969055375,42.7717592592593
1990,4,885,17345,819,0,549660420,17345,718114,17053,0.0472182185067743,0,31689.8483712886,42.110713657421
1990,7,29162,610570,113605,19940,26069445108,610570,26868469,607435,0.18606384198372,0.0326580080908004,42696.8981574594,44.2326652234395
1990,8,12576,264831,47708,19350,9081447791,264831,11579717,261558,0.180145073650743,0.0730654643904981,34291.4832138232,44.2720811445263
1990,13,34427,735812,156632,50529,31540813241,735812,32928367,729634,0.212869591689182,0.0686710735894495,42865.3151090224,45.1299788661164
1990,14,29152,592859,69553,17417,19052426060,592859,24732346,586532,0.117317945751013,0.0293779802617486,32136.5216012576,42.1670872177477
1990,15,10754,222717,31489,8314,6943216478,222717,9288466,220060,0.141385704728422,0.037329885011023,31175.0628735121,42.2087885122239
1990,16,2437,37947,882,0,1350459206,37947,1516845,37539,0.0232429441062535,0,35588.0361029857,40.4071765364021
1990,17,46884,962012,306823,194936,19298567896,962012,43778415,940236,0.318938848995647,0.202633646981535,20060.6311522102,46.5610921087897
1990,18,17137,363702,57376,75770,9948802223,363702,15025624,353626,0.157755525127714,0.20832989645369,27354.2686677555,42.4901562667903
1990,19,2133,40633,6916,12206,1181997323,40633,1904179,40023,0.17020648241577,0.300396229665543,29089.59030837,47.5771181570597
1990,21,17997,376719,72369,19964,10259019106,376719,15671126,371128,0.19210339802346,0.0529944069717747,27232.5502722188,42.2256633829838
1990,22,269898,5508285,792855,845708,224640847391,5508285,244853895,5451238,0.143938630626411,0.153533813156,40782.357374573,44.917116992507
1990,23,70511,1510674,460141,140502,42847153962,1510674,62128728,1494833,0.304593181586497,0.0930061681077453,28362.9386366615,41.5623203394627
1990,24,3051,65596,19955,856,1879734517,65596,2648289,65225,0.304210622598939,0.0130495761936703,28656.2369199341,40.6023610578766
1990,25,30682,636995,149239,46029,20653925913,636995,26483734,628909,0.234285983406463,0.0722595938743632,32424.0000518057,42.1105978766403
1990,26,11996,255493,38196,104224,8509831350,255493,10730414,251428,0.149499203500683,0.407932898357294,33307.4931602823,42.6778799497272
1990,27,23168,492660,112014,23775,13859696915,492660,20181237,485527,0.227365728900256,0.0482584338083059,28132.3771262128,41.5656328072383
1990,28,842,15006,3036,3265,379751954,15006,676538,14691,0.202319072371052,0.217579634812742,25306.6742636279,46.0511878020557
1990,29,10098,213405,58202,18075,5062388332,213405,8652135,210472,0.272730254680068,0.0846981092289309,23721.9762048687,41.1082471777719
1990,33,16971,349314,61623,10083,11047325195,349314,14849488,347205,0.176411480788059,0.0288651471169206,31625.7727860893,42.7686467648795
1990,34,1507,32819,9574,7207,849569791,32819,1353676,32051,0.291721259026783,0.219598403363905,25886.5227764405,42.2350628685533
1990,35,2956,59277,8134,1902,1658802435,59277,2444964,58823,0.137220169711693,0.0320866440609343,27983.9134065489,41.5647620828588
1990,36,7426,152828,22508,1606,4429409588,152828,6269297,150999,0.147276677048708,0.0105085455544795,28982.9716282357,41.518798137736
1990,37,16562,353503,101997,4544,7973153735,353503,13990317,349565,0.28853220481863,0.0128542049148098,22554.6989275904,40.0220760087537
1990,43,6896,148618,27428,47348,4682872636,148618,6481020,147283,0.184553687978576,0.318588596266939,31509.4580468046,44.0038565211192
1990,44,6349,133426,31621,822,6076765388,133426,5661393,132837,0.236992790010942,0.00616071830078096,45544.0872693478,42.6190970889135
1990,45,802,16635,3687,490,692441130,16635,717301,16460,0.221641118124436,0.0294559663360385,41625.5563570785,43.578432563791
1990,47,1116,24442,3834,1717,1252695055,24442,1169312,24312,0.156861140659521,0.0702479338842975,51251.7410604697,48.0960842382363
1990,48,2938,63580,15809,978,2924400372,63580,2756174,63173,0.248647373387858,0.0153821956590123,45995.6019502988,43.6289870672598
1990,53,11323,239225,49788,13708,9762381089,239225,10258198,237951,0.208122060821402,0.057301703417285,40808.3648824329,43.1105479699602
1990,55,21330,452063,111015,9653,19351024535,452063,19300815,449537,0.245574178820209,0.0213532184673375,42806.0348557613,42.9348752160556
1990,56,8047,166962,35317,1680,6208444441,166962,7254721,166121,0.211527173847941,0.0100621698350523,37184.7752243025,43.6713058553705
1990,57,8435,178961,41090,4206,7322101441,178961,7747575,177335,0.229603097881661,0.0235023273227128,40914.5089768162,43.6889220965968
1990,59,16886,356272,78991,18985,14513269347,356272,15316920,353843,0.221715430906723,0.0532879373063278,40736.486019109,43.2873336479738
1990,64,21221,462376,129496,26327,17280566005,462376,19346542,460169,0.280066439434573,0.0569385089191481,37373.4060699517,42.04225404145
1990,65,11203,242251,56266,4992,8537643525,242251,10111221,241051,0.232263231111533,0.0206067260816261,35242.9650445199,41.9463972354398
1990,66,843,18754,7195,851,979819818,18754,775650,18702,0.383651487682628,0.0453769862429348,52245.911165618,41.474173885146
1990,67,1369,29812,8162,443,936878215,29812,1197021,29674,0.273782369515631,0.0148597880048303,31426.2114249296,40.3390510210959
1990,68,270,5582,1482,70,219562446,5582,220043,5501,0.26549623790756,0.0125403081332856,39334.010390541,40.0005453553899
1990,69,1257,26230,4738,903,1178318613,26230,1143529,26070,0.180632863133816,0.0344262295081967,44922.5548227221,43.8637897967012
1990,73,6285,134149,33159,1866,4678189713,134149,5578647,132932,0.247180374061678,0.0139099061491327,34873.0867393719,41.9661706737279
1990,74,392,8300,1386,153,300585425,8300,344604,8232,0.166987951807229,0.018433734939759,36215.1114457831,41.8615160349854
1990,75,2355,50317,9275,5367,1929375010,50317,2154610,49666,0.184331339308782,0.106663751813502,38344.396724765,43.3819917045866
1990,76,847,18085,4621,346,606811577,18085,753006,17876,0.255515620680122,0.0191318772463367,33553.3081006359,42.1238532110092
1990,77,1579,31538,6919,4545,779374275,31538,1330374,31123,0.219386137358108,0.144111865051684,24712.2288984717,42.7456864698133
1990,78,2867,59794,14744,1156,1727697166,59794,2495856,59030,0.246579924407131,0.0193330434491755,28894.1560357227,42.2811451804167
1990,79,1882,32570,5661,1488,919539291,32570,1363098,32354,0.173810254835738,0.0456862143076451,28232.7077371815,42.1307411757433
1990,83,1199,26590,5394,1057,939448907,26590,1145578,26108,0.202858217374953,0.0397517863858594,35330.9103798421,43.8784280680251
1990,84,25412,539364,55827,225036,40479364456,539364,28997943,534244,0.103505239504305,0.417224731350257,75050.1784620405,54.2784626500251
1990,85,6995,144869,12068,106587,6389676584,144869,5879281,142982,0.0833028460195073,0.735747468402488,44106.5830785054,41.1190289686814
1990,86,2440,46700,6438,23763,1547481222,46700,2316258,46422,0.137858672376874,0.508843683083512,33136.642869379,49.895696006204
1990,87,1170,24268,2876,15685,786501624,24268,1029294,24064,0.118509971979562,0.646324377781441,32409.0004944783,42.7731881648936
1990,88,359,7422,679,5877,298237537,7422,323612,7311,0.0914847749932633,0.791835084882781,40182.9071678793,44.2637122144714
1990,89,2105,42332,7805,28152,1075695854,42332,1684528,41077,0.184375885854673,0.665028819805348,25410.9386279883,41.0090318182925
1990,95,89246,1828769,323693,31571,47142679946,1828769,66663050,1806603,0.17700048502572,0.0172635253550339,25778.3678233828,36.8996674975078
1990,96,8329,172980,37499,22235,6103123231,172980,7122334,170974,0.216782286969592,0.128540871777084,35282.2478379003,41.6574098985811
1990,97,4182,87026,19437,4751,1531930983,87026,3145781,85190,0.223347045710477,0.0545928802886494,17603.1413945258,36.9266463199906
1990,98,3065,64882,20068,561,1535867197,64882,2496538,64106,0.309299959927253,0.00864646589192688,23671.699346506,38.9439054066702
1990,99,1733,36906,12017,3742,810247404,36906,1316075,36138,0.325611011759606,0.101392727469788,21954.3544139164,36.418036415961
1990,103,4226,88698,31189,12125,2257369523,88698,3347732,87329,0.351631378385082,0.136699812848091,25450.0611400483,38.3347112642994
1990,104,3137,65312,14955,5643,1515578715,65312,2352633,64753,0.228977829495345,0.0864006614404704,23205.2106044831,36.3324170308712
1990,105,3304,69026,19420,6707,1296872782,69026,2559179,67909,0.281343261959262,0.0971662851679078,18788.1781068003,37.6854172495546
1990,106,1141,23498,7818,495,557842940,23498,1002471,23159,0.332709166737595,0.0210656226061792,23740.0178738616,43.2864545101257
1990,113,60,1278,268,0,36202250,1278,47807,1227,0.209702660406886,0,28327.269170579,38.9625101874491
1990,114,264,5818,1122,0,201764698,5818,247353,5785,0.192849776555517,0,34679.391199725,42.7576490924806
1990,115,227,4640,1255,0,155267711,4640,185190,4583,0.270474137931035,0,33462.86875,40.4080296748854
1990,116,175,3628,666,0,140022311,3628,155993,3533,0.183572216097023,0,38594.9038037486,44.1531276535522
1990,118,193,4231,748,24,133200919,4231,157945,4120,0.176790356889624,0.00567241786811629,31482.1363743796,38.3361650485437
1990,119,161,3535,815,0,126532106,3535,135726,3444,0.230551626591231,0,35794.0893917963,39.4094076655052
1990,123,185,3985,462,0,124694583,3985,158813,3963,0.115934755332497,0,31290.9869510665,40.0739338884683
1990,125,68,1481,111,0,56190021,1481,64580,1481,0.074949358541526,0,37940.5948683322,43.6056718433491
1990,127,349,7049,896,0,230991404,7049,277210,6908,0.127110228401192,0,32769.3862959285,40.1288361320208
1990,128,762,16696,4059,0,396327718,16696,553957,16411,0.243112122664111,0,23737.8844034499,33.7552251538602
1990,139,65,1294,212,0,40314356,1294,51613,1294,0.163833075734158,0,31154.8346213292,39.886398763524
1990,145,204,4593,332,0,266034307,4593,206410,4576,0.07228391029828,0,57921.6866971478,45.1070804195804
1990,147,113,2322,340,0,60945179,2322,86389,2249,0.146425495262705,0,26246.8471145564,38.41218319253
1990,149,20,390,27,0,10332992,390,15515,390,0.0692307692307692,0,26494.8512820513,39.7820512820513
1990,154,31207,677130,136961,0,18857894584,677130,24904998,666150,0.202266920679929,0,27849.740203506,37.3864715154245
1990,155,12295,252967,75181,8688,2152846566,252967,7700201,244266,0.297196867575613,0.0343444006530496,8510.38501464618,31.5238346720379
1990,156,148364,2920668,415035,0,68112778886,2920668,111598024,2881830,0.142102765531721,0,23320.9590703223,38.7247075642908
1990,157,32098,607293,87649,0,15770826360,607293,24281350,601036,0.144327367514528,0,25969.0567156216,40.3991607823824
1990,158,2995,58558,12476,428,1212876954,58558,2183090,57691,0.213053724512449,0.00730899279346972,20712.4040096998,37.841084397913
1990,159,25682,530824,124966,98176,8590337627,530824,17451653,515792,0.235418895905234,0.184950190646994,16183.024179389,33.8346717281385
1990,163,10975,231078,52104,3563,5552585032,231078,8719946,227336,0.225482304676343,0.0154190359965033,24029.0509351821,38.3570837878735
1990,164,9179,186608,28157,718,3609754259,186608,6395254,184209,0.150888493526537,0.00384763782903198,19344.048802838,34.7173808011552
1990,165,1178,25354,5226,1508,545029795,25354,933947,24784,0.206121322079356,0.059477794430859,21496.7971523231,37.6834651387992
1990,166,6648,144483,41094,12239,5615185385,144483,6162216,143201,0.284421004547248,0.0847089276939156,38863.9866627908,43.0319341345382
1990,167,8726,183764,22092,49720,4486046077,183764,7066765,181712,0.120219411854335,0.270564419581637,24411.9962397423,38.8899192128203
1990,168,94,2107,604,65,54500977,2107,78470,2107,0.286663502610347,0.0308495491219744,25866.6241101092,37.2425249169435
1990,169,889,18942,4282,1702,486703939,18942,758665,18577,0.226058494351177,0.0898532361946996,25694.4324252983,40.8389406255047
1990,173,823,17787,3452,523,590766209,17787,727433,17687,0.194074323944454,0.0294034969359645,33213.3698206555,41.1281166958783
1990,174,29958,626812,127750,13750,13198372253,626812,24124116,615942,0.203809116609127,0.0219364019833698,21056.34903767,39.1662137019395
1990,175,2189,43379,13068,512,556886611,43379,1470518,41875,0.301251757762973,0.0118029461260057,12837.7005232947,35.116847761194
1990,176,19624,376279,40654,931,7382593422,376279,16652007,364265,0.108042170836002,0.00247422790004226,19619.9985170578,45.7139911877342
1990,178,32615,701908,107811,265702,34066160718,701908,32427909,696145,0.153597052605185,0.378542487049585,48533.6550060692,46.5821186678063
1990,179,1306,25644,935,0,1353093364,25644,1076150,25508,0.0364607705506161,0,52764.5205116207,42.1887251058492
1990,183,4418,94853,14690,52834,1698754161,94853,3430298,88961,0.154871221785289,0.557009266970997,17909.335086924,38.5595710479873
1990,184,3350,71952,17088,5341,2073394767,71952,2898096,71330,0.237491661107405,0.0742300422503892,28816.3604486324,40.6294125893733
1990,185,26618,560751,145169,135380,11514280862,560751,21630436,546221,0.258883176311768,0.241426230180597,20533.6786951784,39.6001545162123
1990,186,5984,130039,31779,51628,1644158717,130039,3934993,126445,0.244380531994248,0.397019355731742,12643.5816716523,31.1201945509906
1990,187,4148,93494,26765,18359,2841330285,93494,3856125,92418,0.286275055083749,0.196365542173829,30390.509390977,41.7248263325326
1990,188,9214,193556,45595,88774,2512509101,193556,7175957,187402,0.23556490111389,0.45864762652669,12980.7864442332,38.2917845060352
1990,189,6157,133519,37410,48335,2192650078,133519,5270306,130364,0.28018484260667,0.362008403298407,16422.007938945,40.427618054064
1990,193,899,20658,11791,4043,217937522,20658,625356,19445,0.570771613902604,0.195711104656792,10549.7880724175,32.16024685009
1990,194,3947,83668,22944,24419,1283609405,83668,2843008,80344,0.274226705550509,0.291855906678778,15341.7005904288,35.3854425968336
1990,195,11495,250229,79737,21826,6570873974,250229,9907982,246575,0.318656111002322,0.0872241027219067,26259.4422469018,40.1824272533712
1990,198,2545,55305,22826,3890,1032398855,55305,1977571,53692,0.412729409637465,0.0703372208661061,18667.3692252057,36.8317626462043
1990,199,3579,78172,33546,10423,1482343333,78172,2892324,75987,0.429130635009978,0.13333418615361,18962.586770199,38.0634055825339
1990,203,15047,318582,88970,2495,6946056652,318582,12097813,313621,0.279268759691382,0.00783157868303922,21803.041766327,38.574626699105
1990,204,3500,72034,22027,1059,1504190368,72034,2229219,71384,0.305786156537191,0.0147013910098009,20881.6720992864,31.2285526168329
1990,205,2577,53113,13736,237,799218017,53113,1971034,51941,0.258618417336622,0.00446218439929961,15047.5028147535,37.9475558807108
1990,206,6113,126839,40561,1111,2957909157,126839,4844436,125301,0.319783347393152,0.00875913559709553,23320.1866697152,38.6623889673666
1990,207,20862,408346,73320,7129,7024487812,408346,14917445,399637,0.179553613847081,0.0174582339486612,17202.2936725228,37.3274871946291
1990,208,19001,397946,147297,4308,6956616224,397946,15190972,390956,0.370143185256291,0.0108255894015771,17481.3070718138,38.8559633309119
1990,213,17915,379293,109073,7398,10731048328,379293,15729564,376097,0.287569240666187,0.0195047100790154,28292.2393189434,41.8231573237755
1990,214,11571,241411,72821,4594,6042672918,241411,9606275,238272,0.30164739800589,0.0190297873750575,25030.6444942443,40.316424086758
1990,215,1351,27887,7420,853,997523115,27887,1190523,27608,0.266073797826944,0.0305877290493778,35770.1837773873,43.1223920602724
1990,217,14464,306157,100300,16399,7753359697,306157,12450110,301892,0.327609690452938,0.0535640210741548,25324.7833529856,41.2402779802048
1990,218,5025,99295,28648,9270,2322327064,99295,4079187,97866,0.288514023868271,0.0933581751346996,23388.1571478926,41.6813500091963
1990,223,2695,52118,17684,1608,1115067794,52118,2117829,51155,0.339306957289228,0.0308530642004682,21395.0610921371,41.4002345811749
1990,224,3599,73696,18249,561,2122317415,73696,3057191,73066,0.24762537993921,0.00761235345201911,28798.2714801346,41.841499466236
1990,225,3403,70687,23959,1059,1661831053,70687,2758284,69539,0.338944926224058,0.0149815383309519,23509.7125779846,39.6652813529099
1990,226,5102,105903,15089,4068,6039454637,105903,4506671,105118,0.14247943873167,0.0384125095606357,57028.1733000954,42.872495671531
1990,227,2099,44686,13282,0,1507702805,44686,1844511,44431,0.297229557355771,0,33739.936557311,41.5140555017893
1990,228,1478,32293,11128,1602,741102831,32293,1291129,31814,0.344594803827455,0.0496082742389992,22949.3336326758,40.583673854278
1990,229,29445,641883,221623,30890,20097753527,641883,26045858,636149,0.345270088162484,0.0481240350655805,31310.6181765213,40.9430149226046
1990,233,178,3694,799,0,125708873,3694,165246,3694,0.216296697347049,0,34030.5557661072,44.7336220898755
1990,234,11569,245340,84033,14213,5158872831,245340,9427096,240947,0.342516507703595,0.0579318496779979,21027.4428588897,39.1251852067052
1990,235,23919,506380,154281,18063,12806144156,506380,20383649,498819,0.3046743552273,0.0356708400805719,25289.5931039931,40.8638183389165
1990,243,159933,3253467,773408,671256,88407509226,3253467,147082620,3205483,0.237718101950934,0.206320211638846,27173.3228663454,45.8846981874495
1990,253,30457,624196,120256,149907,19243812945,624196,26483234,617407,0.192657434523771,0.240160142006677,30829.7601154125,42.8942885325239
1990,254,34927,716848,88218,283085,16858787187,716848,29411319,696132,0.123063745731313,0.394902406088878,23517.938512767,42.2496293806347
1990,255,12879,279039,75450,47554,13529173256,279039,12158136,275320,0.27039231075226,0.170420622206932,48484.8829590129,44.1600174342583
1990,256,7507,160583,50976,17499,4307836977,160583,6514394,157647,0.317443315917625,0.108971684424877,26826.2330196845,41.3226639263671
1990,258,1903,40614,8572,2666,1855409750,40614,1846999,40500,0.211060225537992,0.0656423893238785,45683.9944354164,45.6049135802469
1990,274,239671,4987411,1318879,564754,101436380736,4987411,187807491,4842972,0.264441611088398,0.113235905362522,20338.48438318,38.7793881525642
1990,275,8825,184793,54317,19124,1821086583,184793,5984311,174958,0.293934294047935,0.103488768513959,9854.73791215035,34.2042718823946
1990,276,121880,2474075,800671,52004,18742385171,2474075,71770394,2307689,0.323624384871113,0.0210195729717167,7575.51212917959,31.1005486441197
1990,277,14307,296386,74018,64372,3169590150,296386,8714811,278113,0.249735142685552,0.217189745804458,10694.1291086624,31.3355039138767
1990,283,1582,33062,8359,6658,262079364,33062,836560,31202,0.25282802008348,0.201379226907023,7926.90593430525,26.8111018524454
1990,303,31598,659689,123665,16257,17240989190,659689,26822665,651995,0.187459545331209,0.0246434304649615,26135.0260349953,41.1393722344497
1990,308,31504,664742,215673,9043,13722897579,664742,25661737,653339,0.324446176110431,0.0136037740958146,20643.9454389823,39.2778282025105
1990,313,185692,3769137,967686,104306,58346791954,3769137,136079823,3684060,0.256739407455871,0.0276737088622674,15480.1462387809,36.9374611162685
1990,314,3673,76541,17444,16839,1475564229,76541,2945500,75536,0.227903999163847,0.219999738702133,19278.0892462863,38.9946515568735
1990,315,28947,611495,182497,22303,8226590098,611495,21060934,592468,0.298443977465065,0.0364729065650578,13453.2418057384,35.5478000499605
1990,316,8979,179146,53453,2131,2182463358,179146,5808300,161679,0.29837674299175,0.0118953256003483,12182.5960836413,35.924888204405
1990,317,4154,85363,42879,752,844612519,85363,3019581,82233,0.502313648770545,0.00880943734404836,9894.36311985286,36.7198205100142
1990,318,11751,252915,80835,16843,4762810843,252915,9628123,247563,0.319613308819168,0.0665954965106854,18831.6661447522,38.8916073888263
1990,319,35443,742179,261248,10833,7752055982,742179,24254897,711126,0.352001336604781,0.0145962092702704,10444.9950510591,34.1077347755531
1990,323,7702,165451,54712,5701,1993045805,165451,5310025,155294,0.330684009162834,0.0344573317779886,12046.1393705689,34.1933687070975
1990,326,10577,227253,64032,4322,4219206418,227253,8484390,221571,0.281765257224327,0.0190184508015296,18566.1197783968,38.2919696169625
1990,328,3684,76550,21996,1087,1346559429,76550,2877066,75016,0.287341606792946,0.0141998693664272,17590.5869235794,38.3526980910739
1990,329,6704,141106,40901,492,1119550219,141106,3802366,135949,0.289860105169164,0.00348674046461525,7934.10782674018,27.9690619276346
1990,335,10871,233317,81527,2114,2321754347,233317,7221079,220212,0.349425888383615,0.00906063424439711,9951.0723479215,32.7914872940621
1990,336,6088,129207,38430,1731,2267867649,129207,4808131,126838,0.297429705820892,0.0133971069678887,17552.2042072024,37.9076538576767
1990,337,88300,1756296,432529,152839,26243102010,1756296,62672153,1710669,0.246273407216096,0.0870234857905501,14942.3001646647,36.6360488206661
1990,338,8393,170302,40180,4597,2999138889,170302,6364277,167377,0.235933811699217,0.0269932238024216,17610.708558913,38.0236053938116
1990,343,3415,70608,19757,1140,1296586743,70608,2659487,68848,0.279812485837299,0.0161454792658056,18363.1705047587,38.6283842667906
1990,344,10095,208019,69446,4314,3074556080,208019,7617939,203772,0.333844504588523,0.0207384902340652,14780.1695037473,37.3846210470526
1990,345,1167,25962,10390,607,341682213,25962,903877,25355,0.400200292735537,0.0233803250905169,13160.8586780679,35.6488661013607
1990,346,265,5547,1497,101,84191591,5547,206199,5372,0.269875608436993,0.0182080403821886,15177.8602848387,38.3840282948623
1990,347,1470,30983,10076,396,424358769,30983,1108671,29876,0.32521059936094,0.0127812025949714,13696.5035341962,37.1090842147543
1990,348,10148,216900,57480,1383,3403385641,216900,7848191,210745,0.265006915629322,0.0063762102351314,15691.0356892577,37.2402239673539
1990,349,451,9940,2803,286,174610032,9940,374913,9466,0.281991951710262,0.0287726358148893,17566.401609658,39.6062750897951
1990,354,16163,337839,53046,0,9193823562,337839,13246256,333733,0.157015619866268,0,27213.624128653,39.6911782772456
1990,355,15858,317780,43257,0,8748799626,317780,12747853,314271,0.136122474668009,0,27530.9951098244,40.5632495521381
1990,356,8454,185646,64944,3080,2331430943,185646,6393138,178405,0.349827090268576,0.0165907156631438,12558.4765790806,35.8349709929654
1990,357,5454,121273,42277,6605,1758016738,121273,4311900,116667,0.348610160546865,0.0544638955084809,14496.3572930496,36.9590372598935
1990,359,9570,192353,51887,5681,3917493616,192353,7949168,188604,0.269748847171606,0.0295342417326478,20366.1685338934,42.1473987826345
1990,364,37649,786463,238305,6949,15782068856,786463,31495896,772518,0.303008533141419,0.00883576214011339,20067.1472860135,40.7704364170155
1990,365,31108,642032,197633,6228,10123784858,642032,23616396,622596,0.307824220599596,0.00970045106785955,15768.3493314975,37.9321357670142
1990,366,2414,48494,15327,217,1061756503,48494,1929855,47602,0.31605971872809,0.00447478038520229,21894.5952695179,40.5414688458468
1990,368,3616,71314,20525,1508,1215304059,71314,2688270,69396,0.287811649886418,0.0211459180525563,17041.5915388283,38.7381117067266
1990,373,22099,464157,136349,7125,9337874693,464157,17765990,455236,0.293756207490138,0.0153504094519742,20117.9227998285,39.0258898681124
1990,375,15484,335838,126775,6280,7440043236,335838,13331439,333094,0.377488551027579,0.0186994920169844,22153.6670537581,40.0230535524507
1990,376,26068,556352,204315,7961,10511115144,556352,21529092,549098,0.367240523984815,0.0143092862072932,18892.9223656965,39.2081049284463
1990,377,2354,47522,10700,401,759666573,47522,1794424,46788,0.225158873784773,0.00843819704557889,15985.5766381886,38.3522270667693
1990,378,7005,150463,52735,5298,2557612040,150463,5804301,147861,0.350484836803733,0.0352113144095226,16998.2789124237,39.2551179824295
1990,379,64578,1342359,368506,38090,18971785008,1342359,46165934,1294671,0.274521197384604,0.0283754196902617,14133.1678098035,35.6584290526319
1990,383,24744,482976,206784,1613,5426523524,482976,16503009,471449,0.42814549791294,0.00333971046180349,11235.5966424833,35.0048658497526
1990,384,1249,26810,7048,1247,386505999,26810,914078,26075,0.262886982469228,0.0465124953375606,14416.4863483775,35.055723873442
1990,385,27280,589966,221904,5429,8235174975,589966,21353528,574286,0.376130149873044,0.00920222521297837,13958.7280877203,37.1827417001285
1990,386,6565,138500,38801,4154,2707859993,138500,5152210,134524,0.280151624548737,0.0299927797833935,19551.3356895307,38.2995599298267
1990,387,27532,557657,149076,47116,3676598848,557657,16472143,529399,0.267325614131984,0.0844892111100551,6592.93947354736,31.1147981012431
1990,389,32095,674037,186499,13544,13419105281,674037,25645290,661973,0.276689558585063,0.0200938524146301,19908.5588491433,38.7406888196346
1990,405,31675,640262,142972,45687,5533828515,640262,20879218,593215,0.223302335606361,0.0713567258403591,8643.06879839816,35.1967128275583
1990,407,14436,289848,45713,0,1874849513,289848,7997661,262478,0.157713698214236,0,6468.38864853302,30.4698336622498
1990,415,1927,41867,8783,755,1067125207,41867,1786140,41689,0.20978336159744,0.0180332959132491,25488.4564692956,42.8443954040634
1990,417,12550,264763,52510,269,8603619596,264763,13500073,261982,0.198328316267756,0.00101600299135453,32495.5511004181,51.530536449069
1990,418,30056,614051,147513,74,19924401843,614051,26416783,609589,0.240229231773908,0.000120511162753582,32447.4707198588,43.3353997529483
1990,423,15330,292469,82783,0,7189754225,292469,12233083,288979,0.283048801753348,0,24582.9616985048,42.3320829541247
1990,425,1546,32931,1982,25,200796357,32931,668130,31650,0.0601864504570162,0.000759163098600103,6097.4873827093,21.1099526066351
1990,426,30839,666235,206828,14872,11127309215,666235,25573790,643972,0.310443011850173,0.0223224537888283,16701.7782239,39.7125806712093
1990,427,2279,47640,16335,182,315503122,47640,1294982,45986,0.342884130982368,0.00382031905961377,6622.65159529807,28.160353150959
1990,434,14434,291336,120499,19909,3037916480,291336,10249602,280375,0.413608342257737,0.0683369030947085,10427.535491666,36.5567614801605
1990,435,65871,1334505,581350,12289,10211998513,1334505,39343865,1262454,0.435629690409553,0.00920865789187751,7652.27444857831,31.1645929277423
1990,436,102953,2061943,606044,74712,18362080840,2061943,68906210,1940593,0.293918891065369,0.0362337853180229,8905.23202629753,35.5078112721215
1990,438,9837,203231,52490,3061,938905818,203231,4911863,183371,0.258277526558448,0.0150616785824997,4619.89469126265,26.7864765966265
1990,439,8976,185005,58164,2935,1421583590,185005,5524269,173809,0.314391502932353,0.0158644360963217,7684.02794519067,31.7835612655271
1990,443,15195,323432,96905,2609,1848723997,323432,8487610,296696,0.299614756734028,0.00806661060130105,5715.95883215019,28.6070927818373
1990,444,30680,625739,159649,6429,4051640097,625739,17545844,570458,0.255136726334782,0.0102742517247606,6474.96815285606,30.7574685603498
1990,445,8504,173698,74694,0,2098417857,173698,5767231,169485,0.430022222478094,0,12080.8406371979,34.0279729769596
1990,446,10155,207210,61015,0,2606648087,207210,7082149,201279,0.29445972684716,0,12579.7407798851,35.1857322423104
1990,447,83678,1651580,431952,59293,19306758636,1651580,58414770,1569739,0.26153864784025,0.0359007738044781,11689.8719020574,37.2130462452675
1990,448,7669,157075,25735,11086,3166922929,157075,6453343,153632,0.163838930447239,0.0705777494827312,20161.8521661627,42.0052007394293
1990,453,104878,2116610,452585,150072,25755881483,2116610,72735197,2003718,0.213825409499152,0.0709020556455842,12168.4587538564,36.3001165832717
1990,454,419,9103,1269,90,182955110,9103,363718,8834,0.139404591892783,0.00988685048884983,20098.3313193453,41.1725152818655
1990,455,2291,47638,14468,8741,828140660,47638,1997664,46657,0.303707124564423,0.183487971787229,17384.0350140644,42.8159547334805
1990,456,2856,60124,18217,9742,867130122,60124,2218959,58245,0.302990486328255,0.162031800944714,14422.3624841993,38.0969868658254
1990,457,3475,68651,8826,44442,528160553,68651,2812251,66815,0.128563312988886,0.647361291168373,7693.41383228212,42.0901144952481
1990,458,34679,687570,217992,261227,5634132135,687570,23566177,660111,0.317046991579039,0.379927861890426,8194.26696190933,35.7003246423708
1990,459,5397,114462,34825,2556,1339098572,114462,3662928,107765,0.304249445230732,0.0223305551187294,11699.0666946235,33.9899596343896
1990,461,1696,36144,11511,3125,389736402,36144,1203610,34394,0.31847609561753,0.0864597166888004,10782.8796480744,34.9947665290458
1990,462,1129,24870,6271,68,156765221,24870,589021,23148,0.252151186168074,0.00273421793325292,6303.3864495376,25.4458700535683
1990,463,4561,101831,33879,0,2354807591,101831,3596799,99992,0.332698294232601,0,23124.6633245279,35.9708676694136
1990,464,1572,35402,15557,115,491039375,35402,1284373,34556,0.439438449805096,0.00324840404496921,13870.3851477318,37.1678724389397
1990,465,2084,41764,7350,0,498509921,41764,1411785,39243,0.17598888995307,0,11936.3547792357,35.9754605916979
1990,468,37272,732982,201489,419340,2186835158,732982,23803388,671642,0.274889424296913,0.572101361288545,2983.47729957898,35.4405888851501
1990,469,9257,195293,59516,18088,1677897173,195293,6004532,184269,0.304752346474272,0.092619807161547,8591.69132022141,32.5856872289967
1990,473,42420,644296,79617,644296,1506606929,644296,32953280,621549,0.123572084880241,1,2338.3769711437,53.0179921454302
1990,474,1597,31719,8038,31719,31861092,31719,1361277,30522,0.253412780983007,1,1004.47971247517,44.5998623943385
1990,475,12951,206152,42817,95962,4409868280,206152,10244344,201034,0.207696262951609,0.465491482013272,21391.3436687493,50.9582657659898
1990,476,852,16703,4897,7260,352909302,16703,730522,16189,0.293180865712746,0.43465245764234,21128.4979943723,45.1245907715115
1990,479,39944,656537,197347,2469,6372819306,656537,26953064,614367,0.300587781038997,0.00376064106059521,9706.71768080093,43.8712756381772
1990,483,50,811,224,106,9694713,811,33872,766,0.276202219482121,0.130702836004932,11954.0234278668,44.2193211488251
1990,484,1733,32344,9280,2951,256785959,32344,1137603,29823,0.286915656690576,0.0912379421221865,7939.21466114272,38.1451564228951
1990,485,3037,61295,19317,10811,1196992734,61295,2674003,60471,0.315148054490578,0.176376539685129,19528.3911248878,44.2195928626945
1990,486,30207,605560,215721,122563,6059476910,605560,22012380,571555,0.35623389920074,0.202396129202721,10006.4021897087,38.5131439668973
1990,487,5051,98679,32787,20339,847674187,98679,3432829,93922,0.332259143282765,0.206112749419836,8590.2186584785,36.5497859926322
1990,488,2087,37490,11429,1130,299001312,37490,1341335,34625,0.304854627900774,0.0301413710322753,7975.49511869832,38.738916967509
1990,489,212,3961,971,96,70052080,3961,162429,3927,0.24514011613229,0.0242363039636455,17685.4531683918,41.3621084797555
1990,496,7908,125940,34021,38504,1677065892,125940,5166112,121134,0.270136572971256,0.305732888677148,13316.3878989995,42.6479105783678
1990,498,2624,46478,13067,26494,493789803,46478,2152054,44614,0.2811437669435,0.57003313395585,10624.1620336503,48.2371901196934
1990,503,13000,258083,33947,13826,8773862393,258083,11685357,256106,0.131535203791028,0.0535719129117377,33996.2817891918,45.6270333377586
1990,505,45226,889411,291804,162065,15994954530,889411,37877387,865796,0.328086790021711,0.182216095820717,17983.7606348471,43.7486278522885
1990,507,13370,255417,66299,14491,5884656679,255417,10992611,252025,0.259571602516669,0.0567346731031999,23039.4088059918,43.6171451244916
1990,508,7616,162952,49356,2124,4787929806,162952,6866785,161424,0.302886739653395,0.0130345132308901,29382.4549928813,42.5388108335811
1990,509,2877,54383,14867,9451,901299575,54383,2277808,53043,0.273375871136201,0.173785925748855,16573.1860140117,42.9426691552137
1990,514,10775,209500,69274,46034,3533180581,209500,8650478,202752,0.330663484486874,0.219732696897375,16864.8237756563,42.665315261995
1990,516,9648,174173,35722,13075,4211426056,174173,7572517,171663,0.205094934346885,0.0750690405516355,24179.5574285337,44.1126917273961
1990,518,16627,317228,59140,13520,8170941337,317228,13591934,313210,0.186427427591511,0.042619188722307,25757.3144142383,43.3955940104084
1990,519,1241,23182,4866,327,599265379,23182,983406,22831,0.209904236045208,0.0141057717194375,25850.4606591321,43.0732775612106
1990,523,7989,164557,49696,18712,3747925224,164557,6813167,161631,0.301998699538762,0.113711358374302,22775.8480283428,42.1526006768504
1990,525,4088,86830,26094,2776,2539141620,86830,3595614,86045,0.300518254059657,0.031970517102384,29242.6767246343,41.7875995118833
1990,526,2375,47713,11076,10070,892057982,47713,1965728,46770,0.232137991742292,0.211053591264435,18696.3297633769,42.029677143468
1990,527,11960,236961,36157,5754,7426431055,236961,9884013,234560,0.152586290571022,0.0242824768632813,31340.309396905,42.1385274556617
1990,533,3204,64530,12265,4859,1853889524,64530,2752873,63621,0.19006663567333,0.0752983108631644,28729.1108631644,43.2698794423225
1990,534,8880,178311,51533,29201,3813967278,178311,7409518,175195,0.289006286768623,0.163764434050619,21389.4110739102,42.2929763977283
1990,535,3899,81497,17884,27059,1211602109,81497,3228467,79148,0.219443660502841,0.332024491699081,14866.8307913175,40.7902537019255
1990,536,1161,24153,4624,7549,445602798,24153,1023196,23707,0.191446197159773,0.312549165735105,18449.1697925724,43.1600793014721
1990,538,1861,39120,13091,2948,848193306,39120,1591784,38712,0.334637014314928,0.075357873210634,21681.8329754601,41.1186195494937
1990,539,965,19151,3301,568,534384802,19151,808502,19053,0.17236697822568,0.0296590256383479,27903.754477573,42.4343672912402
1990,543,1167,24419,5762,580,893355366,24419,1016608,24101,0.235963798681355,0.0237519963962488,36584.4369548303,42.1811543089498
1990,544,4735,88075,11039,1233,2820011557,88075,3885967,87317,0.125336361055918,0.0139994323020153,32018.2975532217,44.5041286347447
1990,549,33341,655154,155667,53755,14331307696,655154,27137508,642180,0.237603677913895,0.082049411283454,21874.7160148606,42.2584135289171
1990,558,39685,774491,138663,209499,21459528796,774491,33841015,762538,0.179037587266992,0.270498947050385,27707.9124173167,44.3794473193467
1990,563,15838,318345,104664,97485,4837634909,318345,12448404,308170,0.328775385195307,0.306224379211233,15196.2019475726,40.3946003829055
1990,567,61305,1180740,366216,325398,18314803542,1180740,47201404,1148025,0.310158036485594,0.275588190456832,15511.2925301082,41.1153102066593
1990,573,6425,129850,51913,29825,2024071211,129850,5061495,125131,0.399792067770504,0.229688101655757,15587.7644281864,40.4495688518433
1990,575,30165,601241,160108,54194,15734600911,601241,25001828,593427,0.266295878025617,0.0901369001781316,26170.206141963,42.1312613008845
1990,577,6214,117045,24668,1221,3843644950,117045,4920208,115549,0.210756546627366,0.0104318851723696,32839.0358409159,42.5811387376784
1990,579,23027,474569,144049,147258,6012006341,474569,18083540,454363,0.303536472040947,0.310298397071869,12668.3503157602,39.7997636251191
1990,583,799,16660,3527,10127,162902812,16660,626529,15979,0.211704681872749,0.607863145258103,9778.07995198079,39.2095250015646
1990,584,1766,36877,13283,7545,624570400,36877,1421923,35704,0.360197413021667,0.204599072592673,16936.5837785069,39.8253136903428
1990,585,22416,446578,116786,65874,10393209688,446578,18390399,438142,0.261513106333048,0.14750838599304,23272.9997626395,41.9736044478731
1990,588,3072,62907,18696,9423,1083025112,62907,2497001,61228,0.297200629500692,0.149792550908484,17216.2893159744,40.7820114980075
1990,589,2104,43542,14337,6108,859090388,43542,1778087,42799,0.329268292682927,0.140278351936062,19730.1545174774,41.5450594640062
1990,593,3119,64489,25344,3228,1300769924,64489,2605498,63008,0.392997255345873,0.0500550481477461,20170.4154817101,41.3518600812595
1990,594,3778,63133,11940,7098,1268561510,63133,2688710,61974,0.189124546592115,0.112429315888679,20093.4774206833,43.3844838157937
1990,595,8089,162766,67336,35614,2115169837,162766,6149666,155781,0.413698192497205,0.218804910116363,12995.1576926385,39.4763546260455
1990,596,1294,26245,10220,1350,581366920,26245,1052436,25854,0.389407506191656,0.0514383692131835,22151.5305772528,40.7068925504758
1990,597,3137,61749,16695,2396,1558024509,61749,2533213,60503,0.270368750910946,0.0388022478096811,25231.5747461497,41.8692130968712
1990,598,1043,18403,5282,2868,373771919,18403,826607,18146,0.287018420909634,0.155844155844156,20310.3797750367,45.5531246555715
1990,599,8046,153635,49833,18062,2636894090,153635,6230557,149358,0.324359683665831,0.117564357080092,17163.3683080027,41.7155893892527
1990,614,1830,31832,10364,2291,656067970,31832,1604412,31031,0.325584317667756,0.0719716009047499,20610.3282860015,51.7035222841675
1990,615,464,8317,2270,0,207148637,8317,371535,8167,0.272934952506914,0,24906.6534808224,45.4922248071507
1990,616,3477,57374,10154,1192,1636104185,57374,2505671,56221,0.176979119461777,0.0207759612367972,28516.4740997664,44.5682396257626
1990,617,1802,30453,7698,1224,748135833,30453,1402226,29958,0.252782977046596,0.0401930844251798,24566.9008964634,46.8063956205354
1990,628,65626,1287484,205045,40843,40603170986,1287484,56827856,1275742,0.15926023158346,0.031723112675575,31536.8353983428,44.5449440404094
1990,634,7043,138502,24146,4125,4481963814,138502,6164866,137331,0.174336832681117,0.0297829634229109,32360.282263072,44.8905636746255
1990,637,27248,536915,129414,16130,13765451495,536915,22934142,530560,0.241032565676131,0.0300419991991284,25638.0460501197,43.226292973462
1990,643,1059,21002,3937,382,574938414,21002,911191,20604,0.187458337301209,0.0181887439291496,27375.4125321398,44.2239856338575
1990,644,1088,20575,3961,1482,516497718,20575,878846,20364,0.192515188335358,0.0720291616038882,25103.1697691373,43.1568454134748
1990,645,1353,27975,5105,1648,854075858,27975,1196524,27748,0.18248436103664,0.0589097408400358,30529.9681143879,43.1210898082745
1990,646,802,16666,4401,180,375363565,16666,681193,16445,0.264070562822513,0.0108004320172807,22522.7148085923,41.4224992398905
1990,649,788,15983,4074,2636,287069521,15983,606919,15726,0.254895826815992,0.164925233060126,17960.9285490834,38.593348594684
1990,653,6517,132260,38082,6169,3209678323,132260,5433118,130228,0.287932859519129,0.0466429759564494,24267.9443747165,41.7200448444267
1990,657,3416,66358,21352,19475,978200404,66358,2766951,64962,0.3217697941469,0.293483830133518,14741.2580849332,42.5933776669438
1990,658,1582,30879,8573,6988,377894134,30879,1180237,29371,0.277632047669938,0.22630266524175,12237.9006444509,40.1837526812162
1990,659,99,1887,480,458,25939191,1887,75908,1855,0.254372019077901,0.242713301536831,13746.2591414944,40.9207547169811
1990,666,4033,81207,9426,28616,602987967,81207,2768973,76870,0.116073737485685,0.352383415222826,7425.32007092985,36.021503837648
1990,667,2372,48135,6745,8845,643406976,48135,1860473,46318,0.140126726913888,0.183754025137634,13366.7181053288,40.1673863292888
1990,668,3423,66607,15760,22004,809976188,66607,2624796,64279,0.236611767531941,0.330355668323149,12160.5264912096,40.8344249288259
1990,669,1244,24830,4885,8478,264500094,24830,1038713,24079,0.196737817156665,0.341441804269029,10652.44035441,43.1377133601894
1990,674,663,13745,3056,1944,193496155,13745,503957,13254,0.222335394688978,0.141433248453983,14077.566751546,38.0230119209295
1990,675,5658,108766,33705,10670,1730930457,108766,4285023,104964,0.309885442141846,0.0981005093503485,15914.2604950076,40.8237395678518
1990,677,3382,70332,23675,5568,1250590510,70332,2721718,69141,0.33661775578684,0.0791673775806177,17781.2448103282,39.3647474002401
1990,678,2500,53660,13742,12551,1011488775,53660,2173551,52673,0.256093924711144,0.233898620946701,18849.9585352218,41.2649934501547
1990,679,1339,27576,7660,568,477198486,27576,1035846,26597,0.277777777777778,0.0205976211198143,17304.8479112272,38.9459713501523
1990,684,2512,50015,15766,2147,1019778019,50015,2071489,48979,0.315225432370289,0.042927121863441,20389.4435469359,42.2934114620552
1990,686,13326,253224,79727,10683,4597568047,253224,10189783,246642,0.314847723754462,0.0421879442706852,18156.1307261555,41.3140624873298
1990,687,6917,143544,42287,12544,1966748792,143544,5363193,137096,0.294592598785042,0.0873878392687956,13701.3653792565,39.1199816187197
1990,688,2511,47755,14408,2567,613510402,47755,1749891,46019,0.301706627578264,0.0537535336613967,12847.0401423935,38.0254025511202
1990,693,405,8118,1999,180,198152995,8118,336985,8042,0.246242916974624,0.0221729490022173,24409.0902931757,41.9031335488684
1990,694,3085,58149,11920,447,1417358770,58149,2410363,57664,0.204990627525839,0.00768714853221896,24374.6026586872,41.8001352663707
1990,695,2002,37443,7207,84,1375144815,37443,1599184,37165,0.192479235104025,0.00224340998317443,36726.3524557327,43.0293017624109
1990,696,7633,152331,24944,3990,4997144067,152331,6506906,150929,0.16374867886379,0.0261929613801524,32804.5116686689,43.1123640917253
1990,699,2704,51198,8948,1170,1540837282,51198,2227472,50628,0.174772452048908,0.0228524551740302,30095.6537755381,43.9968396934503
1990,703,3584,66793,14709,875,1601054709,66793,2815221,65832,0.220217687482221,0.0131001751680565,23970.3967331906,42.7637167335035
1990,706,5170,99162,23113,568,2052231943,99162,4044146,97314,0.233083237530506,0.00572800064540852,20695.7498134366,41.557699817087
1990,707,644,12021,2454,16,321534478,12021,506310,11969,0.204142750187172,0.00133100407619998,26747.7313035521,42.301779597293
1990,708,1009,18647,4677,130,372477451,18647,764491,18182,0.250817825923741,0.00697163082533383,19975.1944548721,42.0465845341547
1990,709,5883,112796,29361,2839,2288754699,112796,4619724,110208,0.260301783751197,0.0251693322458243,20291.0980797191,41.9182273519164
1990,713,866,16643,3643,356,420342714,16643,704903,16414,0.218890824971459,0.0213903743315508,25256.4269662921,42.9452296819788
1990,717,1280,23764,6245,654,426660313,23764,946915,23132,0.262792459181956,0.0275206194243393,17954.0613112271,40.9352844544354
1990,719,4234,81616,24142,1115,1685763478,81616,3389674,79980,0.295799843168006,0.0136615369535385,20654.8161880024,42.381520380095
1990,723,1617,32832,10510,467,658873937,32832,1351693,32142,0.320114522417154,0.0142239278752437,20068.04145346,42.053792545579
1990,724,894,17304,3099,298,463619586,17304,738112,17153,0.179091539528433,0.0172214516874711,26792.6251733703,43.0310732816417
1990,726,443,7174,2357,419,123344666,7174,296266,7116,0.328547532757179,0.058405352662392,17193.2904934486,41.6337830241709
1990,727,4960,82784,28416,5138,1189358458,82784,3305775,80573,0.343254735214534,0.0620651333591032,14367.0088181291,41.0283221426533
1990,728,303,4957,1922,397,66827867,4957,191199,4767,0.387734516844866,0.0800887633649385,13481.5144240468,40.1088735053493
1990,729,159,3004,1288,99,37095311,3004,113356,2870,0.428761651131824,0.0329560585885486,12348.6388149135,39.4968641114983
1990,733,2059,37256,11163,6604,476717933,37256,1458951,35659,0.29962958986472,0.177260038651492,12795.7358009448,40.9139628144368
1990,734,18380,380910,123409,16270,7940066414,380910,15240765,374028,0.323984668294348,0.0427135018770838,20844.9933422593,40.7476579293529
1990,735,2261,47905,13254,1192,1305042284,47905,1971090,47599,0.276672581150193,0.0248825801064607,27242.2979647219,41.4103237462972
1990,736,3436,69334,20063,6060,1203997136,69334,2577094,68497,0.289367409928751,0.0874030057403294,17365.1763348429,37.6234579616626
1990,738,3488,63914,17120,243,939750597,63914,2555059,62391,0.267859936790062,0.00380198391588697,14703.3607190913,40.9523649244282
1990,739,2891,54594,13844,2725,796619736,54594,2155804,52840,0.253580979594827,0.0499139099534748,14591.7085393999,40.7987130961393
1990,743,359,6657,2069,176,88880789,6657,264126,6379,0.31080066095839,0.0264383355866006,13351.47799309,41.4055494591629
1990,744,37484,688902,157712,18667,7135230174,688902,25833894,657234,0.228932417092707,0.027096742352323,10357.3950634488,39.3069956819032
1990,745,1924,30459,8560,277,352109005,30459,1165066,29645,0.28103352047014,0.00909419219278374,11560.0973439706,39.3005903187721
1990,747,6380,127186,33730,2428,1503489266,127186,4692391,121049,0.265202144890161,0.0190901514317614,11821.1852405139,38.764392931788
1990,748,9398,190863,45036,21362,1852635578,190863,6856978,180068,0.235959824586222,0.111923211937358,9706.6250556682,38.0799364684453
1990,749,4465,84964,26619,6114,1213826371,84964,3383790,82691,0.313297396544419,0.0719598888941199,14286.3609411045,40.9208982839729
1990,753,1471,28286,9143,1156,441646028,28286,1087596,27292,0.323234108746376,0.0408682740578378,15613.5907516086,39.8503590795838
1990,754,12047,233225,66927,1938,3339368846,233225,8817142,223151,0.286963232929574,0.00830957230142566,14318.228517526,39.5119986018436
1990,755,2436,45931,13766,701,925059194,45931,1874321,44990,0.299710435218044,0.0152620234699876,20140.192767412,41.6608357412758
1990,756,5317,103764,29721,1235,2211110924,103764,4297001,101803,0.286428819243668,0.0119020084036853,21309.0370841525,42.2089820535741
1990,757,3473,66262,13014,1189,1931683344,66262,2826610,65550,0.196402161117986,0.017943919591923,29152.2040385138,43.1214340198322
1990,759,6317,125953,42119,7602,2409843367,125953,5097918,122786,0.334402515223933,0.060355847022302,19132.8778750804,41.5187236329875
1990,763,242,4535,858,199,89998445,4535,191429,4410,0.189195148842337,0.0438809261300992,19845.3020948181,43.4079365079365
1990,764,482,8761,2679,86,151382538,8761,351893,8594,0.305787010615227,0.00981623102385572,17279.1391393677,40.9463579241331
1990,765,972,18498,5176,177,273857595,18498,691551,17594,0.279814033949616,0.00956860201102822,14804.7137528381,39.306070251222
1990,766,4766,89625,17395,544,2363006228,89625,3772585,88701,0.194086471408647,0.0060697350069735,26365.4809260809,42.5314821704378
1990,768,2255,39074,10941,815,726118883,39074,1599134,38102,0.280007165890362,0.020857859446179,18583.1725188105,41.9698178573303
1990,769,8612,165064,50137,6366,2618975763,165064,6445449,158647,0.303742790675132,0.0385668589153298,15866.4261316823,40.6276135067162
1990,773,426,9160,2958,336,178996781,9160,325295,9015,0.32292576419214,0.0366812227074236,19541.1332969432,36.083749306711
1990,774,4353,91924,33869,5739,1331275346,91924,3376709,89161,0.368445672512075,0.0624320090509551,14482.347874331,37.8720404661231
1990,779,76147,1480202,406574,26267,28933041322,1480202,59495144,1442498,0.274674672781147,0.0177455509450737,19546.6843863202,41.24452442915
1990,783,30923,585068,153623,33739,12676857012,585068,24574147,573810,0.262572897509349,0.0576668011239719,21667.3224514074,42.8262787333787
1990,784,1294,25281,7267,288,373949287,25281,999449,24584,0.287449072425933,0.0113919544321823,14791.7126300384,40.6544500488122
1990,785,86125,1699172,468591,34869,28871727320,1699172,66015990,1641051,0.275776083880855,0.0205211714882307,16991.6449423602,40.2278722599115
1990,789,2037,40375,11650,8841,543425510,40375,1556956,39189,0.288544891640867,0.21897213622291,13459.4553560372,39.7294138661359
1990,796,38190,745599,158923,7305,16181189306,745599,30597822,732653,0.213148086303764,0.00979749168118519,21702.267983192,41.76304744538
1990,799,5866,112342,34713,1320,1365068790,112342,4046525,106299,0.308993964857311,0.0117498353242777,12151.0102187962,38.0673853940301
1990,803,4275,90505,23831,5442,2438054675,90505,4019107,89185,0.263311419258605,0.0601292746257113,26938.3423567759,45.0648315299658
1990,804,162581,3149348,821557,244193,63240601331,3149348,136545510,3074571,0.260865741099428,0.077537636361558,20080.5377274915,44.4112398119933
1990,808,20929,407401,51701,6740,6002242044,407401,13901433,397498,0.126904450406356,0.0165438965540094,14733.007636211,34.9723344519972
1990,809,8131,181530,37689,41147,2450259887,181530,7449179,173425,0.207618575442076,0.226667768412935,13497.8234286344,42.9533169958195
1990,813,1669,39377,15972,1151,450684019,39377,1381454,37590,0.405617492444828,0.0292302613200599,11445.3619879625,36.7505719606278
1990,823,1759,35784,1920,29,1436798907,35784,1696845,35241,0.0536552649228706,0.000810418063939191,40151.9927062374,48.1497403592407
1990,824,2418,48856,3316,181,1887110388,48856,2268566,48159,0.0678729327001801,0.00370476502374325,38625.9699525135,47.1057538570153
1990,825,1557,31457,2063,9,1109498145,31457,1420175,30896,0.0655815875639762,0.000286104841529707,35270.3101058588,45.96630631797
1990,829,3104,60625,14260,6423,1630652278,60625,3219077,59117,0.235216494845361,0.105946391752577,26897.3571628866,54.4526447553157
1990,834,321,5630,496,69,125184233,5630,229690,5531,0.0880994671403197,0.0122557726465364,22235.2101243339,41.5277526667872
1990,844,11576,207607,44523,12662,5093892161,207607,8919576,204834,0.214458086673378,0.0609902363600457,24536.2254692761,43.5453879726998
1990,848,4892,95471,17859,1991,2577840504,95471,4167669,94535,0.187062039781714,0.0208545003194687,27001.2936284317,44.0859893161263
1990,853,4847,86655,19755,17609,1829618766,86655,3752552,85338,0.227972996364895,0.203208124170561,21113.8280076164,43.9728139867351
1990,859,5822,106547,24482,5435,2467388149,106547,4495695,104005,0.229776530545205,0.051010352238918,23157.7439909148,43.2257583770011
1990,865,939,18457,6736,1083,243422176,18457,664417,17249,0.36495638511134,0.0586769247439996,13188.6100666414,38.5191605310453
1990,866,3433,68813,32572,3559,743608099,68813,2500465,64457,0.473340793164082,0.0517198785113278,10806.2153808147,38.7927610655165
1990,869,47193,923521,314854,0,15716731829,923521,35788645,878438,0.340927818641915,0,17018.2722742634,40.7412304567881
1990,874,1547,31038,11266,308,429448139,31038,1166168,29755,0.362974418454797,0.0099233198015336,13836.2052645145,39.192337422282
1990,875,2612,53012,15896,3042,926980515,53012,2041398,50885,0.299856636233306,0.0573832339847582,17486.2392477175,40.1178736366316
1990,876,633,13458,1485,118,482005272,13458,531198,13184,0.110343290236291,0.00876801902214296,35815.5202853321,40.2911104368932
1990,877,45141,899032,269760,11309,8319127117,899032,26939320,845285,0.300056060295963,0.012579085060376,9253.42714942293,31.8701029830176
1990,878,4097,76752,24756,979,1219114069,76752,2971423,74319,0.322545340838024,0.0127553679382948,15883.8084870753,39.9820099839879
1990,883,25217,505892,194568,10561,8203683997,505892,19038829,489066,0.384603828485131,0.0208759972484246,16216.2754046318,38.92895641897
1990,885,12099,232152,81219,12414,2531093741,232152,8464637,220323,0.349852682725111,0.0534735862710638,10902.743637789,38.4192163323847
1990,887,9500,196820,74492,14277,2015419392,196820,6847491,184009,0.378477796971852,0.0725383599227721,10239.9115537039,37.2128048084605
1990,888,15512,300220,92627,3968,3613329079,300220,10880410,284757,0.30853041103191,0.0132169742189061,12035.6041536207,38.2094557815962
1990,889,57374,1111994,351759,31304,16789175318,1111994,42072891,1065542,0.316331742797173,0.0281512310318221,15098.2607082412,39.4849672748704
1990,905,81172,1692288,897522,0,30758977007,1692288,78872347,1658898,0.530360080553665,0,18175.9706427038,47.5450250708603
2000,3,633,12027,1345,0,593200770,12027,511425,11752,0.111831711981375,0,49322.4220503866,43.5181245745405
2000,4,49550,1036067,39106,298286,120046509316,1036067,51560895,1031976,0.0377446632312389,0.28790223026117,115867.515629781,49.9632694946394
2000,7,43502,924096,129573,33555,58954904434,924096,41131296,919527,0.140215951589445,0.0363111624766258,63797.3808283988,44.7309279662261
2000,8,20060,426536,65742,26516,21703768280,426536,18916119,422989,0.154130014817038,0.0621659133109515,50883.790066958,44.7201203813811
2000,13,59931,1312067,257087,72709,82681834480,1312067,59285471,1300748,0.195940451211714,0.0554156152086746,63016.4728478043,45.57798359098
2000,14,33131,676209,68689,17513,32074234310,676209,29280793,671315,0.101579541236511,0.0258987975611091,47432.4274151926,43.6170694830296
2000,15,18709,386344,33405,11006,20122118000,386344,16839561,383971,0.0864643944256932,0.0284875654856812,52083.4230633839,43.8563355045042
2000,16,2394,36365,538,0,1576756540,36365,1428999,35947,0.0147944452083047,0,43359.178880792,39.752941831029
2000,17,37600,776902,185059,188241,23202259706,776902,36446348,765771,0.238201214567603,0.242296969244512,29865.1048729441,47.5943173611955
2000,18,18108,384265,48315,78722,15374002020,384265,15742103,376862,0.125733543257908,0.204863830949995,40008.8533173721,41.7715317543292
2000,19,2087,41047,6018,11346,1858983680,41047,1919412,40709,0.146612419908885,0.276414841523132,45289.1485370429,47.1495738043185
2000,21,14595,304521,48859,8944,13000348750,304521,12835163,301205,0.160445420841256,0.029370716633664,42691.1403482847,42.6127155923706
2000,22,208019,4362563,493915,619625,265192489476,4362563,202005038,4332418,0.113216703116952,0.142032332828202,60788.2314767718,46.6263961602966
2000,23,80356,1729115,346700,169007,74531243670,1729115,71485873,1712296,0.20050719587766,0.0977419084329267,43103.6938954321,41.7485487322286
2000,24,3651,80442,14635,830,3576394700,80442,3307759,80162,0.181932323910395,0.0103179930881878,44459.296138833,41.2634290561613
2000,25,38034,815867,164540,106108,42759008492,815867,34703262,805440,0.201675027915089,0.13005551149881,52409.2879010917,43.0860920738975
2000,26,23455,511579,82649,162000,30511015754,511579,22297282,505351,0.161556670621742,0.316666634087795,59640.8682803634,44.1223664344189
2000,27,39113,845014,184373,32164,35105008512,845014,35249856,835496,0.218189284437891,0.0380632746913069,41543.7004736016,42.1903348430154
2000,28,670,11992,1872,3083,437315570,11992,555873,11815,0.156104069379586,0.257088058705804,36467.2756837892,47.0480744815912
2000,29,9934,213026,42661,17605,7006420870,213026,8526728,210509,0.200261939857107,0.0826424943434135,32889.9799554984,40.5052895600663
2000,33,20825,438578,50700,6581,20484206680,438578,18963887,436307,0.115600873732837,0.0150053126239802,46705.9603536885,43.4645490445948
2000,34,1514,33539,8798,7908,1426974370,33539,1411540,33051,0.262321476490056,0.235785205283401,42546.7178508602,42.7079362197816
2000,35,3526,71394,5819,6488,2600218424,71394,2975182,70845,0.0815054486371404,0.0908759839762445,36420.6855478051,41.9956524807679
2000,36,4927,102881,13451,930,4742555260,102881,4278519,102125,0.130743285932291,0.00903956998862764,46097.4840835528,41.8949228886169
2000,37,10406,221677,45114,5570,8264598370,221677,9047866,218727,0.203512317470915,0.0251266482314358,37282.1644554916,41.3660224846498
2000,43,8540,185161,29815,51535,8956322214,185161,8202483,183262,0.16102202947705,0.278325349290617,48370.4571373021,44.7582313845751
2000,44,4850,106057,11447,886,6863605660,106057,4566465,105745,0.10793252684877,0.00835399832165722,64716.1965735406,43.1837439122417
2000,45,1676,35131,6491,461,1989147000,35131,1565065,34847,0.184765591642709,0.0131223136261422,56620.8476843813,44.9124745315235
2000,47,1003,21343,2755,1631,1537635600,21343,1034690,21143,0.129082134657733,0.0764184978681535,72044.0238017149,48.9377098803386
2000,48,2840,62748,12524,559,4219157000,62748,2791866,62380,0.199592018869127,0.00890865047491553,67239.7048511506,44.7557871112536
2000,53,12025,258997,47232,17466,14955616140,258997,11270605,257418,0.182365046699383,0.0674370745607092,57744.3605138284,43.7832824433412
2000,55,16762,366486,62984,11595,23210103820,366486,15989191,363853,0.171859225181862,0.0316383163340482,63331.4882969609,43.9440955550731
2000,56,8710,185402,31272,2542,9872201510,185402,8214876,184387,0.16867131961899,0.0137107474568775,53247.5459272284,44.5523599819944
2000,57,11972,263840,49124,6005,15656067680,263840,11714068,262330,0.186188599151001,0.0227600060642814,59339.249848393,44.6539396942782
2000,59,16716,363146,58118,15330,22009009720,363146,15857690,361149,0.16004031436392,0.0422144261536682,60606.5046014551,43.9089960099571
2000,64,74016,1652780,442125,84368,77918202414,1652780,68566866,1634400,0.267503842011641,0.051046116240516,47143.7229480028,41.9523164464024
2000,65,6191,135395,20427,3727,7040558640,135395,5704752,134506,0.150869677609956,0.0275268658369955,52000.1376712582,42.4126209983198
2000,66,892,20478,5716,832,1767437700,20478,877882,20430,0.279128821173943,0.0406289676726243,86309.0975681219,42.9702398433676
2000,68,1255,27959,5881,572,1438871930,27959,1120654,27782,0.210343717586466,0.0204585285596767,51463.6406881505,40.3374127132676
2000,69,909,19180,1928,514,1220360840,19180,847327,19062,0.100521376433785,0.0267987486965589,63626.7382690302,44.4511069142797
2000,73,4563,99453,21941,1422,5157845590,99453,4213447,98790,0.220616773752426,0.014298211215348,51862.1418157321,42.6505415527887
2000,74,426,9214,2137,177,501822200,9214,383285,9169,0.231929672237899,0.0192098979813328,54463.0128065987,41.8022685134693
2000,75,3788,80879,13244,6634,4107573530,80879,3437635,80418,0.163750788214493,0.0820237638942123,50786.6507993422,42.7470839861723
2000,76,6449,144456,35394,2644,7020473170,144456,6142770,142669,0.245015783352716,0.0183031511325248,48599.3878412804,43.056094876953
2000,77,1414,27484,5097,3757,1022516946,27484,1174228,27160,0.185453354679086,0.136697715034202,37204.0804104206,43.2337260677467
2000,78,3929,82373,18902,1772,3303859570,82373,3420062,81737,0.229468393769803,0.0215119031721559,40108.5254877205,41.8422746124766
2000,79,1609,27332,4074,2238,1162380320,27332,1175474,27262,0.149056051514708,0.0818820430264891,42528.1838138446,43.1176729513609
2000,83,3471,76890,9401,1445,4002813514,76890,3438636,75568,0.122265574196905,0.0187930810248407,52058.9610352452,45.5038640694474
2000,84,30464,666587,53799,206238,85288048452,666587,36159775,662429,0.0807081446232825,0.309393972579723,127947.362387805,54.5866424930068
2000,85,6854,144629,8718,103610,11730996242,144629,5792774,143684,0.0602783674090259,0.716384680803988,81110.9545250261,40.3160685949723
2000,86,2958,57274,5918,26869,3104631840,57274,2774796,56780,0.103327862555435,0.469130844711387,54206.6529315222,48.8692497358225
2000,87,1301,28427,3506,16559,1534690100,28427,1187149,28324,0.123333450592746,0.582509585957013,53987.0580785873,41.9131831662195
2000,88,495,10551,656,7316,657917502,10551,482569,10466,0.0621742014974884,0.693393991090892,62355.938015354,46.1082553028855
2000,89,2806,57777,6060,43374,2230830280,57777,2279279,56355,0.104886027311906,0.750713951918583,38611.0438409748,40.4450181882708
2000,95,107064,2195959,266221,25712,85990667638,2195959,81891795,2176932,0.121232227013346,0.0117087796265777,39158.5943262147,37.6179848520762
2000,96,9083,192666,39138,13503,11603784090,192666,7678901,191403,0.203139111207997,0.0700850175952166,60227.4614618044,40.1190211229709
2000,97,3678,75202,14159,4956,2067167160,75202,2736500,74052,0.188279567032792,0.0659025025930161,27488.1939310125,36.9537622211419
2000,98,4061,84205,14950,564,2982674040,84205,3209860,83395,0.177542901252895,0.00669793955228312,35421.5787661065,38.489837520235
2000,99,3456,74344,19763,4470,2591365780,74344,2621190,73132,0.265831808888411,0.060125901215969,34856.4212310341,35.8419023136247
2000,103,8464,179088,49389,12964,6591449070,179088,6555238,176550,0.275780621817207,0.0723889931207004,36805.6434266953,37.1296403285188
2000,104,4979,104383,23066,7930,3788931490,104383,3823041,103737,0.220974679785022,0.0759702250366439,36298.3578743665,36.8532057028833
2000,105,4610,96107,23085,12769,2735713420,96107,3518759,94111,0.240201025939838,0.132862330527433,28465.2878562436,37.3894550052598
2000,106,2667,56131,12578,1626,2351630580,56131,2243736,54983,0.224082948816162,0.0289679499741676,41895.3979084641,40.8078133241184
2000,154,49759,1071711,211908,9637,42171047522,1071711,40969323,1057214,0.197728678720289,0.00899216299916675,39349.2718857976,38.7521570845638
2000,155,20281,421664,121326,13714,6600528970,421664,14006636,410504,0.287731463914396,0.0325235258404796,15653.5273819914,34.1205834778711
2000,156,151167,3022903,546981,9560,100939081852,3022903,120365090,2985984,0.180945600967017,0.00316252291257774,33391.4392396977,40.3100251039523
2000,157,37643,753436,134614,3626,27461537870,753436,31067378,747367,0.178666801161612,0.00481261845730759,36448.4015497003,41.5691059412578
2000,158,8550,173962,33264,490,5679282000,173962,6798953,172362,0.191214173210241,0.00281670709695221,32646.6814591692,39.4457769113842
2000,159,70662,1413713,296534,118417,20509370594,1413713,43088908,1367834,0.209755445412188,0.0837631117489901,14507.4499520058,31.5015623240832
2000,163,25819,533468,112237,20770,15589349338,533468,20271908,524698,0.21039125120907,0.0389339191854057,29222.6512892995,38.6353826391562
2000,164,8817,179779,19768,583,5587442640,179779,6491767,177843,0.109957225259902,0.00324287041311833,31079.5067277046,36.5027974111998
2000,165,1578,32520,6102,1116,1000772620,32520,1228902,32127,0.187638376383764,0.0343173431734317,30774.0658056581,38.2513773461574
2000,166,5060,112655,26784,12240,6391086220,112655,4773625,111317,0.237752429985354,0.108650304025565,56731.4919000488,42.8831624998877
2000,167,7456,158477,11904,54497,5571071990,158477,6069923,157340,0.0751150009149593,0.343879553499877,35153.8203651003,38.5783843904919
2000,169,1633,35160,8654,2734,1262841540,35160,1382605,34596,0.24613196814562,0.0777588168373151,35916.9948805461,39.9643022314719
2000,173,1000,22143,3358,704,1112741440,22143,918129,21995,0.151650634512035,0.0317933432687531,50252.5150160322,41.7426233234826
2000,174,29682,617359,127409,12249,18363365240,617359,24093951,610292,0.206377488624933,0.0198409677351428,29745.0352874098,39.4793820007472
2000,175,11186,234457,71299,22220,4221586380,234457,7625156,227870,0.304102671278742,0.0947721757081256,18005.8022579833,33.4627463027165
2000,176,22623,449313,49652,1345,12959652104,449313,19888546,442046,0.110506484343876,0.00299345890281385,28843.2609428171,44.9920279789886
2000,178,38025,824437,87049,309530,64912367660,824437,39028723,819402,0.105585993835793,0.375444090937209,78735.3887076878,47.6307392464261
2000,179,2488,50702,2459,0,3547642370,50702,2148872,50452,0.0484990730148712,0,69970.4621119483,42.5924046618568
2000,183,6732,143238,23935,66084,4288049732,143238,5369865,138777,0.167099512699144,0.46135801951996,29936.5373155168,38.6942000475583
2000,184,3131,68600,11698,4509,2994131270,68600,2775277,68010,0.170524781341108,0.0657288629737609,43646.228425656,40.8068960446993
2000,185,33002,705513,166789,161492,21066647244,705513,27788888,690215,0.236408117213999,0.228900105313439,29860.0411955556,40.2612055663815
2000,186,6376,137084,26969,50763,2626329540,137084,4193708,132365,0.196733389746433,0.370305797904934,19158.5417700096,31.6829071129075
2000,187,7103,157664,42137,30125,7367745810,157664,6765207,154920,0.267258220012178,0.19107088491983,46730.679229247,43.6690356312936
2000,188,10251,209493,36941,105150,4624026150,209493,8134057,202199,0.176335247478436,0.50192607867566,22072.4613710243,40.2279783777368
2000,189,5255,111895,25302,46741,2370950290,111895,4331519,109085,0.226122704321015,0.41772197149113,21189.063765137,39.7077416693404
2000,193,1057,23702,14443,4906,402146320,23702,734753,22220,0.609357860096194,0.206986752172812,16966.7673614041,33.0671917191719
2000,194,4012,86336,22640,24987,1781080520,86336,2878142,83227,0.262231282431431,0.289415770941438,20629.639084507,34.5818304156103
2000,195,13057,283891,75715,30183,10748948612,283891,11395780,279782,0.26670447460469,0.106318974536002,37862.9425096252,40.7309262211293
2000,198,2354,51004,16725,7338,1485583790,51004,1795584,49734,0.327915457611168,0.14387106893577,29126.8094659242,36.1037519604295
2000,199,8086,172601,57207,23600,4330453550,172601,5963929,165376,0.331440721664417,0.136731536897237,25089.388531932,36.0628446691177
2000,203,13700,289348,66444,1334,9134502780,289348,11038071,285846,0.22963352088143,0.00461036537318385,31569.2618576939,38.6154467790349
2000,204,5382,112103,22521,2291,3626400640,112103,3472089,111188,0.200895604934748,0.02043656280385,32348.8277744574,31.227191783286
2000,205,4605,94440,20204,919,2028675710,94440,3504859,92675,0.213934773401101,0.00973104616687844,21481.1066285472,37.8188184515781
2000,206,10719,222575,46365,2234,7665170650,222575,8560638,220636,0.208311805009547,0.010037066157475,34438.5966528137,38.7998241447452
2000,207,29420,560748,94367,8721,14080310250,560748,21002267,549730,0.168287715694037,0.0155524406685356,25109.8715465771,38.2046950321067
2000,208,12320,251762,73920,7630,8358767250,251762,10720416,248711,0.293610632263805,0.0303064004893511,33201.0678736267,43.1039077483505
2000,214,27318,566851,131937,7887,19962464040,566851,22681613,558807,0.232754286399777,0.0139137092463452,35216.4220227185,40.5893501691997
2000,217,10227,215259,57231,13672,7211489020,215259,8692396,212593,0.265870416567948,0.0635141852373188,33501.4518324437,40.8874986476507
2000,218,5542,109846,26847,10862,3604977320,109846,4561153,108438,0.244405804489922,0.0988838919942465,32818.4669446316,42.0623121046128
2000,223,2274,43173,11536,1267,1284942780,43173,1737486,42524,0.267204039561763,0.0293470456072082,29762.6474880133,40.8589502398646
2000,224,4181,84408,17583,419,3253097080,84408,3497983,83621,0.208309638896787,0.00496398445644963,38540.1511705052,41.831394027816
2000,225,654,11887,1938,437,483429180,11887,521317,11719,0.163035248590898,0.0367628501724573,40668.7288634643,44.4847683249424
2000,226,5695,122599,11879,3958,10718843640,122599,5287088,121668,0.0968931231086714,0.0322841132472532,87430.1066077211,43.4550415885853
2000,227,1635,36536,4061,194,2322366910,36536,1488134,36359,0.111150645938253,0.00530983139916794,63563.797624261,40.928903435188
2000,228,3976,86218,23274,10596,2923527300,86218,3466370,85025,0.269943631260294,0.122897770767125,33908.5492588555,40.7688326962658
2000,229,59971,1341963,319541,62164,77952700240,1341963,56426554,1327399,0.238114612697966,0.0463231847673893,58088.5614879099,42.5091129343928
2000,233,2219,42914,9947,259,1554804160,42914,1905262,42481,0.231789159714778,0.00603532646688726,36230.6976744186,44.8497445916998
2000,234,22722,485635,119486,34912,15339221750,485635,18763443,479286,0.246040750769611,0.071889381943229,31585.906596518,39.1487400007511
2000,243,172966,3560936,707810,672105,134573734932,3560936,161672541,3525252,0.19877077262832,0.188743914521351,37791.6746978884,45.8612720452325
2000,253,22738,469991,67693,128131,20835638132,469991,19995035,466506,0.144030417603741,0.272624369402818,44331.9938722231,42.8612600909742
2000,254,32687,680587,61184,308080,26328654576,680587,28909102,670019,0.089898866713587,0.452668064479633,38685.2152274434,43.1466898699888
2000,255,16443,365530,90206,57065,28541335940,365530,16096073,360267,0.246781385932755,0.1561157770908,78082.0614997401,44.678177573855
2000,256,9206,200837,48641,22144,8852096068,200837,8307433,197702,0.242191428870178,0.110258567893366,44076.0221871468,42.0199745070864
2000,258,1456,31695,4757,1665,2239245760,31695,1472647,31544,0.150086764473892,0.0525319451017511,70649.8110112005,46.685486938879
2000,274,121178,2593462,530026,251172,110484617802,2593462,107688623,2533155,0.204370065958167,0.0968481512356842,42601.2094266274,42.5116595707724
2000,275,151640,3196428,853990,283041,67018339626,3196428,109703860,3070931,0.267170103628175,0.0885491554948211,20966.6351395996,35.7233229922782
2000,276,129137,2606633,721626,47970,28248543744,2606633,75214100,2401030,0.276842194509162,0.0184030509856969,10837.1772106008,31.3257643594624
2000,277,8261,167812,31311,69018,1960119294,167812,4884156,156664,0.186583796152838,0.411281672347627,11680.4477272186,31.1759944850125
2000,283,1827,38421,9266,8899,648088570,38421,1078900,35875,0.241170193383827,0.231618125504282,16868.0817781942,30.0738675958188
2000,303,78458,1636255,259285,56745,56868937098,1636255,67625014,1621634,0.158462464591399,0.0346798023535451,34755.5467197961,41.7017736431279
2000,308,12071,255524,57827,5284,7486184480,255524,9810444,249667,0.226307509275058,0.020679075155367,29297.382946416,39.2941157621953
2000,313,177710,3597169,635438,113429,84573758182,3597169,131776304,3536615,0.176649470736571,0.031532852640507,23511.1995522034,37.2605737407097
2000,315,8939,184537,33748,16410,3610143130,184537,6278815,179162,0.182879314175477,0.0889252561816872,19563.2481832912,35.0454616492337
2000,316,12641,248622,61423,2412,4487144130,248622,7947473,219817,0.247053760326922,0.00970147452759611,18048.0574124575,36.1549516188466
2000,317,5220,107872,48345,1257,1497974840,107872,3714585,103461,0.448170053396618,0.0116526994956986,13886.595594779,35.9032389016151
2000,318,14388,315026,72620,20591,7867857740,315026,11961941,309060,0.230520655437964,0.0653628589386273,24975.2647083098,38.7042677797191
2000,319,48898,1025886,329322,13546,15793996142,1025886,33546538,982681,0.321012276217825,0.0132041961777429,15395.469030672,34.1377700393108
2000,326,8010,169330,46943,4687,3469681550,169330,6158401,162659,0.277227898186972,0.0276796787338333,20490.6487332428,37.8608069642627
2000,328,2440,51239,10963,592,1337261720,51239,1929517,50018,0.213958117839927,0.011553699330588,26098.5132418666,38.5764524771082
2000,329,9305,186729,46041,356,2311000540,186729,5076968,181186,0.246565878894012,0.00190650622024431,12376.2272598257,28.0207521552438
2000,335,14446,302493,83621,5338,4868394560,302493,9538441,285998,0.276439454797301,0.0176466893448774,16094.2387427147,33.3514255344443
2000,336,3789,79643,16908,1042,1944634620,79643,2917408,77381,0.212297377045064,0.0130833846037944,24416.8931356177,37.7018647988524
2000,337,79796,1602754,286640,128494,36628873596,1602754,58484588,1576296,0.17884216791847,0.0801707560860868,22853.7090507963,37.1025416546131
2000,338,9828,201102,36524,5483,5217829650,201102,7681128,198421,0.181619277779435,0.0272647711111774,25946.1847719068,38.711265440654
2000,344,17956,370454,84748,9144,8555836270,370454,13960270,364715,0.2287679441982,0.0246832265274501,23095.5429554007,38.2772027473507
2000,346,5751,122181,14723,0,4325510710,122181,4942726,120684,0.120501550977648,0,35402.4824645403,40.9559345066455
2000,347,2768,59857,18220,1097,1137586680,59857,2103881,58379,0.304392134587433,0.0183270127136342,19005.0734249962,36.0383185734596
2000,348,6900,146740,39839,774,2934344550,146740,5252872,141843,0.271493798555268,0.00527463540956794,19996.8962109854,37.0330012760587
2000,349,578,12321,3508,126,355350760,12321,482326,12109,0.284717149582014,0.0102264426588751,28841.0648486324,39.8320257659592
2000,354,7870,159626,11419,0,5756236990,159626,6386787,158278,0.071535965318933,0,36060.7732449601,40.3517039639116
2000,355,17566,347698,30950,0,12527781994,347698,14258431,344803,0.0890140294163326,0,36030.6415164885,41.3523983260007
2000,356,6815,147936,41474,1474,2690585220,147936,5210154,142582,0.280350962578412,0.00996376811594203,18187.4947274497,36.5414568458852
2000,357,7991,172211,40125,17626,3717058368,172211,6450962,166425,0.232999053486711,0.102351185464343,21584.3260186632,38.7619768664564
2000,359,12157,246512,60330,6338,6826634260,246512,10254504,243279,0.244734536249757,0.0257107159083534,27692.9084993834,42.1512091055948
2000,364,31168,638075,170233,4478,14678376010,638075,25352000,624467,0.266791521372879,0.00701798377933629,23004.1546996826,40.5978218224502
2000,365,59491,1219283,332274,9137,21705480122,1219283,41915752,1159960,0.272515896637614,0.00749374837506961,17801.8393777327,36.1355150177592
2000,366,2117,41178,10064,0,1136130790,41178,1624473,40472,0.244402350769829,0,27590.7229588615,40.1381943071753
2000,368,3783,73072,17014,742,1809469600,73072,2838327,70717,0.232838843880009,0.0101543682942851,24762.8311802058,40.1364169860147
2000,373,26437,554117,98184,13847,21292340010,554117,23887645,549061,0.177190015826982,0.0249893073123546,38425.7115555018,43.5063590384311
2000,375,22948,493059,109674,9802,15788829880,493059,19713266,489472,0.222435854532622,0.0198799737962394,32022.1918269416,40.2745529877092
2000,376,96013,2078019,670369,22608,51377423410,2078019,78379422,2036438,0.322600033974665,0.0108795925350057,24724.2317851762,38.4884892149921
2000,377,3015,60757,6762,57,1912013090,60757,2369772,60290,0.111295817765854,0.000938163503793801,31469.8403476143,39.3062199369713
2000,378,9397,206205,65892,4573,4911982438,206205,7959086,202606,0.319546082781698,0.0221769598215368,23820.8697073301,39.2835651461457
2000,379,64684,1338251,326815,35532,25729452422,1338251,45204032,1292713,0.244210540474096,0.0265510730049893,19226.1783641484,34.9683433213714
2000,383,20365,397889,158658,939,6096671230,397889,13458436,389775,0.39874939995828,0.00235995466072196,15322.5427945985,34.5287306779552
2000,384,932,20075,4430,1830,409494920,20075,696862,19568,0.220672478206725,0.0911581569115816,20398.2525529265,35.6123262469338
2000,385,27045,573702,174442,8444,10873927670,573702,20256366,556807,0.304063782242349,0.0147184426758143,18953.9650724592,36.3795103150643
2000,386,1462,30830,7192,882,901620610,30830,1205708,30428,0.233279273434966,0.0286084982160234,29244.9111255271,39.6249507032996
2000,389,26394,550414,123234,13663,15668249900,550414,21216895,541427,0.223893287598063,0.0248231331325148,28466.2997307481,39.1869910440373
2000,405,52689,1049246,173225,237818,10621436424,1049246,32667178,962458,0.165094744225854,0.226656093995117,10122.922959916,33.9414062743517
2000,415,3937,83453,12358,2490,3245843810,83453,3631361,82909,0.148083352306088,0.0298371538470756,38894.273543192,43.7993583326298
2000,417,14448,301795,47678,371,14145468010,301795,15374054,300228,0.15798141122285,0.00122931128746334,46871.1145313872,51.2079286408996
2000,418,41839,865368,174339,9450,39300506956,865368,37427284,861073,0.201462268075547,0.0109202096680256,45414.7911131449,43.4658664247979
2000,423,22964,418885,91718,0,14246778800,418885,17351297,414505,0.218957470427444,0,34011.1935256693,41.8602839531489
2000,425,1658,33464,2806,116,368673010,33464,794223,31863,0.0838513028926608,0.00346641166626823,11017.0036457088,24.9261839751436
2000,426,30588,648944,179649,5372,14723091260,648944,24874370,627193,0.276832823787569,0.0082780640548337,22687.7685285633,39.6598335759487
2000,427,4341,86316,21454,467,962607680,86316,2339700,82400,0.248551832800408,0.00541035265767644,11152.1349460123,28.3944174757282
2000,434,14936,307360,133391,12482,4731892240,307360,10626996,299397,0.433989458615305,0.040610359187923,15395.2766788131,35.4946642751931
2000,435,79034,1638857,685071,12248,17986769958,1638857,47784927,1546755,0.418017557358574,0.00747350134880591,10975.1918306478,30.8936625386697
2000,436,117187,2366301,637959,103921,35236358146,2366301,84663221,2245256,0.269601796221191,0.0439170671862962,14890.9027828666,37.7076026074532
2000,439,15516,311921,76532,3867,2921212060,311921,8741521,283555,0.245356997444866,0.0123973698468522,9365.23049105382,30.8283084410432
2000,443,28309,585571,122700,4180,5154190110,585571,14938808,528987,0.209539065288411,0.00713833164552206,8801.99004049039,28.2404066640579
2000,444,35114,711254,175200,9522,6316792320,711254,19726351,635936,0.246325503969046,0.0133876224246191,8881.20463294407,31.0193966059478
2000,445,10365,209480,70051,237,4001813160,209480,7066116,205002,0.334404239068169,0.00113137292342944,19103.5571892305,34.4685222583194
2000,446,27455,555525,160246,22115,10144937270,555525,19496268,540861,0.288458665226587,0.0398091895054228,18261.891490032,36.046725498788
2000,447,95320,1861372,437409,91768,30389963682,1861372,66092920,1777702,0.234992790264386,0.0493012680968662,16326.6470549681,37.1788522485771
2000,448,8384,171407,19278,20036,4297543060,171407,7020671,168528,0.11246915236834,0.116891375498084,25072.1560963088,41.6587807367322
2000,453,87372,1736544,279224,100069,30402279340,1736544,60135087,1647011,0.160792931247351,0.0576253754583817,17507.3475477731,36.5116486775134
2000,454,3691,68486,15656,1457,1964979600,68486,2820326,66691,0.22860146599305,0.0212744210495576,28691.6975732266,42.2894543491626
2000,455,2808,57538,13190,11507,1344550650,57538,2450819,56562,0.229239806736418,0.199989572108867,23368.0463345963,43.3297797107599
2000,456,5106,105399,22274,30289,2746238610,105399,4476043,103678,0.211330278275885,0.287374643023179,26055.6419890132,43.1725438376512
2000,457,3677,75772,15470,49892,707351898,75772,2951899,72966,0.204165126959827,0.65844903130444,9335.26761864541,40.4558150371406
2000,458,37439,759101,178725,336651,8690227684,759101,26383224,734094,0.235442977943647,0.443486439880859,11448.0519509262,35.9398442161358
2000,459,9523,197697,55301,3480,3426373150,197697,6365881,187546,0.27972604541293,0.0176026950333085,17331.437249933,33.9430379746835
2000,461,1614,31725,9662,4494,464143350,31725,1069532,30265,0.304554767533491,0.141654846335697,14630.2080378251,35.3389063274409
2000,462,2048,46840,11468,265,546062580,46840,1256814,43466,0.244833475661828,0.00565755764304014,11658.0397096499,28.9148759950306
2000,463,7589,165368,25878,721,5261545544,165368,6019092,163293,0.156487349426733,0.0043599729089062,31817.1928305355,36.8606860061362
2000,464,2185,49050,14256,315,1013109340,49050,1835924,47429,0.290642201834862,0.00642201834862385,20654.6246687054,38.7088911847182
2000,465,12184,250755,57529,884,7513131960,250755,9777824,247151,0.229423142110825,0.00352535343263345,29962.0424717354,39.5621462183038
2000,468,64271,1314924,367623,498773,9444497424,1314924,41615824,1196114,0.279577374814058,0.37931697953646,7182.54243134965,34.7925231207059
2000,469,14177,298964,74232,54003,2631619062,298964,7759983,275436,0.248297453874045,0.180633788683587,8802.46137327571,28.1734522720342
2000,473,34371,462980,37536,462980,1612682390,462980,22087888,418291,0.0810747764482267,1,3483.26577821936,52.8050758921421
2000,475,11915,175103,25404,101867,6192603490,175103,8772787,168540,0.145080324152071,0.581754738639544,35365.4905398537,52.051661326688
2000,479,43837,694913,197246,25551,9249777696,694913,27198298,630058,0.283842725636159,0.0367686314689753,13310.6988874866,43.1679273971603
2000,485,6227,127411,27953,40459,3528411820,127411,5791140,125729,0.219392360157286,0.317547150559999,27693.1491001562,46.06049519204
2000,486,43160,864846,250010,192958,12188738130,864846,31865900,802794,0.289080368065528,0.223112554142587,14093.5358780638,39.693744596995
2000,487,5637,110993,28863,32325,1245231810,110993,3806554,105464,0.26004342616201,0.29123458236105,11219.0120998622,36.0933967989077
2000,488,1824,31237,6940,898,475297220,31237,1150279,28568,0.222172423728271,0.0287479591510068,15215.8408297852,40.2645967516102
2000,489,598,10859,1188,56,363655520,10859,454376,10792,0.10940233907358,0.00515701261626301,33488.8590109587,42.1030392883618
2000,496,10124,156976,33732,37737,3376756482,156976,6943535,152486,0.214886352053817,0.240399806339823,21511.2914203445,45.5355573626431
2000,498,2500,43666,8110,27647,600903376,43666,2058096,41392,0.185728026382082,0.633147070947648,13761.3561123071,49.7220718979513
2000,503,18547,366523,36399,16383,16342908868,366523,16750931,364625,0.0993089110369609,0.0446984227456394,44589.040436753,45.940160438807
2000,505,50078,985490,236577,182762,24566961120,985490,41684432,955807,0.240060274584217,0.185452921896721,24928.6762118337,43.6117668106637
2000,507,15784,296348,57627,16153,9423368790,296348,12922487,292700,0.194457192219958,0.0545068635523101,31798.3208592601,44.1492552101127
2000,508,8176,175380,27542,2736,7350335470,175380,7515906,173736,0.157041851978561,0.0156004105371194,41910.9104230813,43.260498687664
2000,509,2553,47648,9484,10667,976003440,47648,1951796,46191,0.199042981867025,0.223870886501007,20483.6182001343,42.2548981403304
2000,514,9707,189386,42968,34246,4941640790,189386,7953725,184822,0.226880550832691,0.180826460245213,26092.9571879653,43.0345142894244
2000,516,13190,241345,51301,15206,7309198960,241345,10403896,236987,0.212562928587706,0.0630052414593217,30285.271955085,43.9007034141113
2000,518,24397,462933,64301,9955,17273176430,462933,20324143,458436,0.138899149552959,0.0215041917512901,37312.4759522436,44.3336539887792
2000,519,1278,24229,4907,115,804949880,24229,1027730,23777,0.202525898716414,0.00474637830698749,33222.5795534277,43.223703579089
2000,523,2996,60891,13904,11353,1664276410,60891,2550978,59706,0.228342447980818,0.18644791512703,27332.0590891922,42.7256557129937
2000,525,12277,266111,75955,16318,8372796756,266111,10595723,261921,0.285426006440921,0.0613202761253763,31463.5500073278,40.4538887679873
2000,526,2456,49216,6740,13092,1198720890,49216,2028423,48128,0.13694733420026,0.266011053315995,24356.3249756177,42.1464220412234
2000,527,18894,387406,96442,9945,15079944500,387406,16516788,382758,0.248942969391285,0.025670743354517,38925.4283619768,43.1520386249275
2000,533,1878,38437,6657,1529,1825857750,38437,1750629,38116,0.173192496812967,0.0397793792439576,47502.6081640086,45.928979955924
2000,534,14397,292391,72768,40631,8856915504,292391,12359160,288362,0.248872229309384,0.138961185535807,30291.3410604294,42.8598775150679
2000,535,5393,111763,15471,23256,3072345980,111763,4534649,109345,0.138426849672969,0.208083176006371,27489.8309816308,41.4710229091408
2000,536,1304,27491,4492,8369,670442020,27491,1178616,27027,0.163398930559092,0.304426903350187,24387.6912444073,43.6088356088356
2000,539,1081,22002,3449,747,771844180,22002,925392,21923,0.156758476502136,0.0339514589582765,35080.6372147987,42.2110112667062
2000,543,1278,27126,5129,663,1365215700,27126,1147414,26990,0.189080586890806,0.024441495244415,50328.6772837868,42.5125602074843
2000,544,3919,72507,7031,1184,3352112740,72507,3349030,71947,0.0969699477291848,0.0163294578454494,46231.5740549188,46.5485704754889
2000,549,34375,675815,118679,56112,19543209398,675815,27964437,660766,0.175608709484104,0.0830286394945362,28917.9870201165,42.3212408023415
2000,558,45748,887228,112128,219074,34687627868,887228,40262883,876693,0.126380141294008,0.246919619308678,39096.6334110285,45.9258634436456
2000,563,19922,400459,108560,126595,8281148770,400459,16056918,386270,0.271088925458037,0.316124746852986,20679.1426088563,41.569156289642
2000,567,68091,1321508,319592,411926,27359551688,1321508,53528484,1277621,0.241838868928527,0.311709047542656,20703.2811666672,41.8969976229257
2000,573,8613,174004,56300,42383,3473270490,174004,6998865,167446,0.323555780326889,0.243574860348038,19960.8657846946,41.797743750224
2000,575,36255,727561,171200,62423,25568065550,727561,30729358,718762,0.235306730294779,0.0857976169695737,35142.1606573195,42.7531755991552
2000,577,7311,138160,24294,4975,5705912850,138160,5861045,136447,0.175839606253619,0.0360089751013318,41299.3113057325,42.9547370041115
2000,579,24227,504606,120395,167996,8560857430,504606,19423926,477378,0.23859208966996,0.332925094033761,16965.4293250576,40.6887749330719
2000,583,771,15974,1518,10648,211767280,15974,612382,15640,0.0950294228120696,0.666583197696256,13256.9976211343,39.1548593350384
2000,584,1901,38987,11938,6737,866006470,38987,1524557,37505,0.306204632313335,0.172801190140303,22212.6983353426,40.6494334088788
2000,585,25487,505244,114868,70033,16019495218,505244,21341546,495706,0.227351537079114,0.138612234880573,31706.4531553071,43.0528297014763
2000,588,4038,80455,22295,10360,1933996040,80455,3292558,78057,0.27711142874899,0.128767634081163,24038.2330495308,42.1814571402949
2000,589,2167,44137,10377,5248,1196586390,44137,1817191,43306,0.235108865577633,0.11890250809978,27110.7322654462,41.9616450376391
2000,593,2811,57595,16777,2552,1607406790,57595,2341347,56137,0.291292646931157,0.0443094018578002,27908.7905200104,41.7077328678055
2000,594,692,12830,3152,1007,340130480,12830,558475,12383,0.245674201091193,0.0784879189399844,26510.5596258769,45.1001372849875
2000,595,9575,194708,65983,40519,3723968680,194708,7687915,185096,0.338881812765783,0.208101362039567,19125.9151139142,41.5347441327743
2000,596,7540,152303,35938,9188,4845578120,152303,6290883,149895,0.23596383524947,0.0603271110877658,31815.3819688384,41.968598018613
2000,597,5415,105269,24976,5090,3485301810,105269,4436441,103546,0.237258832134817,0.0483523164464372,33108.5296716032,42.8451219747745
2000,598,1579,27085,6670,4599,808882850,27085,1289427,26665,0.246261768506553,0.169798781613439,29864.605870408,48.356534783424
2000,599,2896,56706,17322,10336,1188732570,56706,2269670,54177,0.305470320600995,0.182273480760413,20963.0827425669,41.8936079886299
2000,614,869,14669,3721,551,479435050,14669,799237,14319,0.253664189787988,0.0375622060126798,32683.5537528121,55.8165374677003
2000,615,469,8609,1908,393,291398200,8609,379939,8449,0.221628528284354,0.0456499012661169,33848.0892089674,44.9685169842585
2000,616,2815,45382,7488,911,1831974090,45382,2179330,44559,0.164999338944956,0.0200740381649112,40367.8570798995,48.9088624071456
2000,617,1651,26804,6943,910,810713760,26804,1250400,25886,0.259028503208476,0.0339501566930309,30245.9991046113,48.304102603724
2000,628,63841,1250046,159736,55655,51127395510,1250046,56410230,1240887,0.12778409754521,0.044522361577094,40900.4112728652,45.4596026874325
2000,634,5899,113970,13645,2701,5094684590,113970,5187873,113279,0.119724488900588,0.0236992190927437,44701.9793805387,45.7973057671766
2000,637,24232,468132,79976,15829,15854380870,468132,20212477,463133,0.170840703049567,0.0338131125409073,33867.3298770432,43.6429211479208
2000,643,957,17698,2798,472,664167270,17698,829700,17530,0.158096960108487,0.026669680189852,37527.8150073455,47.3302909298346
2000,644,684,12087,1503,1089,393204300,12087,518252,11883,0.124348473566642,0.0900967982129561,32531.1739885828,43.6128923672473
2000,645,711,14374,1891,557,607796500,14374,621658,14137,0.131556977876722,0.0387505217754279,42284.4371782385,43.9738275447408
2000,646,502,10425,1884,98,338725360,10425,437131,10289,0.180719424460432,0.00940047961630695,32491.6412470024,42.4852755369812
2000,649,658,13307,2239,2322,298419050,13307,522372,13161,0.168257308183663,0.174494626888104,22425.7195461036,39.6909049464326
2000,657,4197,80866,16907,22990,1634849830,80866,3379523,78992,0.209074271016249,0.284297479781367,20216.7762718571,42.7831046181892
2000,658,1361,26374,5395,7093,465798000,26374,1039939,25262,0.204557518768484,0.268939106695989,17661.2572988549,41.166138864698
2000,666,4484,91518,7534,32565,1342433620,91518,3367787,87580,0.0823226032037413,0.355831639677441,14668.520072554,38.4538364923499
2000,668,2913,56505,10323,17273,1064346180,56505,2277225,55092,0.18269179718609,0.305689761967967,18836.31855588,41.3349488128948
2000,669,763,14925,1852,5308,233618770,14925,618449,14408,0.124087102177554,0.355644891122278,15652.8489112228,42.9240005552471
2000,675,1840,34385,8536,6254,781658040,34385,1366285,33478,0.248247782463283,0.181881634433619,22732.5298822161,40.8114284007408
2000,677,2277,48174,11681,4032,1296838260,48174,1851122,47856,0.242475194088097,0.0836965998256321,26919.8791879437,38.681084921431
2000,678,18246,380503,116029,14318,8036458790,380503,13918016,374965,0.304935834934284,0.0376291382722344,21120.6187336237,37.1181736962117
2000,679,2264,45171,10011,922,1044536420,45171,1741984,43981,0.221624493591021,0.0204113258506564,23124.049058024,39.607648757418
2000,686,13432,259940,67963,6649,5881529610,259940,10335795,249326,0.261456489959221,0.0255789797645611,22626.4892282835,41.4549425250475
2000,687,7793,160325,36495,12098,2785829500,160325,5986368,153536,0.227631373772026,0.0754592234523624,17376.1390924684,38.9899958315965
2000,688,3644,70746,16909,1949,1424300880,70746,2667247,68291,0.239009979362791,0.0275492607355893,20132.599440251,39.057079263739
2000,694,3855,70406,8518,152,2460992420,70406,2948698,70137,0.120984007044854,0.00215890691134278,34954.299633554,42.0419749918018
2000,695,2290,41389,3083,74,2216902812,41389,1802900,41140,0.0744883906351929,0.00178791466331634,53562.6087124598,43.8235294117647
2000,696,4696,94287,8637,1169,4022753350,94287,4020679,93666,0.0916032963186866,0.0123983157805424,42664.9840380965,42.9257040975381
2000,699,2214,41788,4746,577,1857831470,41788,1878396,41501,0.113573274624294,0.0138077917105389,44458.4921508567,45.2614635791909
2000,703,972,17545,3619,176,506292830,17545,749492,17201,0.206269592476489,0.0100313479623824,28856.8156169849,43.5725829893611
2000,706,7212,134049,30400,662,3402444120,134049,5540752,131134,0.2267827436236,0.00493849264075077,25382.0925184075,42.2525965805969
2000,707,868,15814,3493,77,477663980,15814,647914,15358,0.220880232705198,0.00486910332616669,30205.1334260782,42.1873941919521
2000,708,552,9984,2240,268,266171980,9984,409598,9568,0.224358974358974,0.0268429487179487,26659.8537660256,42.8091555183947
2000,709,4218,81243,19098,1836,2301455170,81243,3387234,79095,0.235072560097485,0.0225988700564972,28328.042662137,42.824881471648
2000,713,716,12890,2321,69,455733960,12890,565539,12756,0.180062063615206,0.00535298681148177,35355.6214119472,44.335136406397
2000,719,4864,90325,22201,1432,2555964330,90325,3792807,88147,0.245790202048159,0.0158538610572931,28297.4185441461,43.028202888357
2000,723,1136,22762,5383,297,643693830,22762,957769,22521,0.236490642298568,0.0130480625604077,28279.31772252,42.5278184805293
2000,724,641,12575,2164,28,445870550,12575,550992,12419,0.172087475149105,0.00222664015904573,35456.902584493,44.366857234882
2000,726,29692,577301,127300,4030,15762627320,577301,24156424,565514,0.220508885312861,0.00698076046984156,27304.0014134741,42.7158726397578
2000,727,3747,61950,16426,3836,1261252700,61950,2518962,60367,0.265149313962873,0.0619209039548023,20359.204196933,41.7274669935561
2000,729,2562,45432,12821,1213,940641510,45432,1803761,43813,0.2822019721782,0.0266992428244409,20704.3825937665,41.1695387213841
2000,733,1998,35871,7416,10489,659725710,35871,1420706,34719,0.20674082127624,0.292408909704218,18391.6174625742,40.9201301880815
2000,734,3976,83222,16483,6304,2254675830,83222,3331263,81252,0.198060608973589,0.0757492009324458,27092.3052798539,40.9991507901344
2000,736,13207,271623,55323,7708,7888217470,271623,10903005,267315,0.203675682839818,0.02837756743722,29041.0512732722,40.7871051007239
2000,738,2076,38141,8911,124,787497500,38141,1523171,36821,0.233633098240738,0.00325109462258462,20647.0071576519,41.3669101871215
2000,739,1943,36040,8389,1307,744033420,36040,1416421,34570,0.232769145394007,0.0362652608213097,20644.6564927858,40.9725484524154
2000,743,821,16118,4200,315,293966560,16118,614158,15153,0.260578235513091,0.0195433676634818,18238.4017868222,40.5304560153105
2000,744,21541,412040,68526,18955,6432103258,412040,15595114,394321,0.166309096204252,0.0460028152606543,15610.3855402388,39.549285987812
2000,745,501,8573,1778,225,154052370,8573,333482,8363,0.207395310859676,0.0262451883821299,17969.4820949493,39.8758818605764
2000,747,3931,81232,16764,2100,1292706130,81232,2922580,76435,0.206371873153437,0.0258518810321056,15913.7548010636,38.2361483613528
2000,748,9484,191907,38421,25424,2829912230,191907,6973207,180872,0.200206349950757,0.132480837072123,14746.2689219257,38.5532697156
2000,749,3116,58849,13194,2713,1258902500,58849,2300492,56558,0.224200921001207,0.0461010382504376,21392.0797294771,40.6749177835143
2000,753,964,18228,4504,380,405132220,18228,723920,17499,0.247092385341233,0.0208470484968181,22225.8185209568,41.3692210983485
2000,754,13965,273583,68715,1273,5250540930,273583,10370349,258336,0.251166921921318,0.0046530668937763,19191.7660454049,40.1428720735786
2000,755,3183,59604,14529,577,1629970800,59604,2506340,58470,0.243758808133682,0.00968055835178847,27346.6680088585,42.8654010603728
2000,756,5572,103923,24997,2290,2950799880,103923,4349412,101713,0.240533856797821,0.0220355455481462,28394.0983227967,42.761613559722
2000,757,3440,67193,11959,1145,2715463996,67193,2889000,66140,0.177979849091423,0.0170404655246826,40412.9000937598,43.6800725733293
2000,759,8850,171176,44703,12271,4393552690,171176,7027090,166128,0.261152264336122,0.0716864513716876,25666.8732182082,42.2992511798132
2000,763,466,8828,1755,206,194657720,8828,341632,8548,0.198799275033983,0.0233348436792025,22050.0362483009,39.9663079082826
2000,764,776,14148,3872,545,304459830,14148,565796,13671,0.273678258411083,0.0385213457732542,21519.6374045802,41.3865847414235
2000,765,2349,43894,8797,150,1390625950,43894,1784673,42630,0.200414635257666,0.00341732355219392,31681.4587415136,41.8642505277973
2000,766,2956,53307,10468,434,1666588730,53307,2249273,52475,0.196371958654586,0.0081415198754385,31263.9752752922,42.8637065269176
2000,769,5613,107476,26751,3133,2320981470,107476,4239286,103341,0.248902080464476,0.0291506941084521,21595.3465890059,41.0223047967409
2000,773,398,8661,3006,332,137152920,8661,278949,8564,0.347073086248701,0.0383327560327907,15835.6910287496,32.5722793087342
2000,774,3769,79806,25265,3381,1645576290,79806,2889580,77749,0.31658020700198,0.0423652356965642,20619.7064130517,37.1654940899561
2000,779,67757,1299814,304456,20148,33229181730,1299814,52093866,1258758,0.234230436047004,0.0155006793279654,25564.5667226234,41.3851320110776
2000,783,32475,599201,141960,34220,16988637320,599201,25498060,586710,0.236915492464131,0.0571093839963552,28352.1511479454,43.4593922039849
2000,785,75471,1474911,362045,27704,35208859680,1474911,58194607,1425473,0.245469048640901,0.0187835062590217,23871.8537457514,40.8247697430958
2000,799,42756,844794,160703,9678,24565836690,844794,34732748,827444,0.190227440062311,0.011456047273063,29079.0851852641,41.9759500340809
2000,803,11480,236277,42704,14268,8646677810,236277,10739708,234301,0.180737016298666,0.0603867494508564,36595.5120896236,45.8372264736386
2000,804,181463,3509805,697680,315764,98016811670,3509805,157751061,3434866,0.198780274117793,0.0899662516863473,27926.5690458587,45.9264090651571
2000,808,23176,450016,37405,6291,9435652180,450016,15637446,441052,0.0831192668705113,0.0139795029510062,20967.3704490507,35.4548806036476
2000,809,10010,221578,31570,58478,3899782650,221578,9212755,211475,0.142478043849119,0.263916092752891,17600.0444538718,43.5642747369665
2000,813,2269,50152,18099,871,741552290,50152,1709155,47627,0.360882915935556,0.0173672037007497,14786.0960679534,35.886261994247
2000,823,2293,45900,6912,29,2325086950,45900,2307856,45391,0.150588235294118,0.000631808278867102,50655.4891067538,50.8439117886806
2000,824,2916,58968,6392,71,2984755000,58968,2924290,58468,0.108397775064442,0.00120404287070954,50616.5208248542,50.0152220017788
2000,825,456,8799,1235,24,401171900,8799,392999,8684,0.140356858733947,0.00272758267984998,45592.8969201046,45.255527406725
2000,829,2945,57213,11269,4336,2213263580,57213,3076802,56231,0.196965724573087,0.075786971492493,38684.6272700261,54.7171844711992
2000,844,17857,313561,56294,25788,10028447470,313561,13889545,309465,0.17953125548139,0.0822423707029892,31982.4451063748,44.8824422794177
2000,848,4148,79565,14013,1565,3024368290,79565,3593537,78529,0.176120153333752,0.0196694526487777,38011.2900144536,45.7606361980924
2000,853,3051,54203,9632,11520,1503559910,54203,2390436,53206,0.177702341198827,0.212534361566703,27739.4223566961,44.9279404578431
2000,859,1188,18626,2680,2351,632823020,18626,861798,18367,0.143884892086331,0.126221410930957,33975.2507247933,46.9209996188817
2000,865,903,18102,5507,461,284859570,18102,624417,16587,0.30422052811844,0.0254667992487018,15736.3589658601,37.6449629227708
2000,866,3214,64706,26809,2798,1031454240,64706,2388174,60605,0.414320155781535,0.0432417395604735,15940.6274534046,39.4055605973105
2000,869,60210,1176583,353056,176803,24226450348,1176583,45952308,1109036,0.30006892841389,0.150268191874266,20590.5153720562,41.4344601978655
2000,874,2427,48334,14081,800,891852340,48334,1753238,45620,0.291327016179087,0.0165514958414367,18451.862870857,38.4313459009207
2000,875,3962,78426,17488,6623,1747103120,78426,3003941,74607,0.222987274628312,0.084449034758881,22277.0907607171,40.2635275510341
2000,878,2668,50751,13556,635,1082958300,50751,1979286,49094,0.267108037280054,0.0125120687277098,21338.6593367618,40.3162504583045
2000,883,891,18887,4446,135,584295580,18887,736690,18268,0.235400010589294,0.0071477736008895,30936.3890506698,40.3268009634333
2000,885,5636,108662,34310,2602,1460239280,108662,3676312,101344,0.315749756124496,0.023945813623898,13438.361892842,36.275576255131
2000,887,15369,316532,97951,25407,4549777530,316532,10805796,292087,0.309450545284521,0.0802667660773634,14373.8311766267,36.995128163869
2000,888,17429,349277,92658,3639,5474819820,349277,12363941,323842,0.265285146173381,0.0104186648419449,15674.721839686,38.1789298485064
2000,889,89099,1745355,488886,26289,35013504922,1745355,63023469,1653829,0.280106912347345,0.0150622652698162,20060.9646301182,38.1076090696197
2000,905,57015,1152639,555757,0,31559117850,1152639,55025190,1125667,0.48216050298489,0,27379.8803007707,48.882298228517
2005,4,10871,1061466,30791,329183,137270042890,1061466,52188162,1061466,0.0290079946036896,0.310121096671961,129321.186820869,49.1661174262765
2005,7,9827,973807,132566,46086,75935694510,973807,43675013,973807,0.136131697554033,0.0473255994257589,77978.1768974756,44.8497628380162
2005,8,3645,337311,43098,15925,21631388730,337311,15049426,337311,0.127769328601795,0.0472116236944541,64128.9158373133,44.6158767428278
2005,13,9744,966940,161228,64074,71193265926,966940,43779479,966940,0.166740438910377,0.0662647113574782,73627.3873518522,45.2763139388173
2005,14,7710,718095,61169,23254,40815232920,718095,31529714,718095,0.0851823226731839,0.0323829019837208,56838.2079251353,43.9074412159951
2005,15,4792,459902,36381,20126,29175530130,459902,20120839,459902,0.0791059834486478,0.0437614970145814,63438.5806758831,43.7502750585994
2005,17,8231,938318,215331,236918,31865751404,938318,44192635,938318,0.229486165670913,0.252492225450221,33960.5031599095,47.0977163392368
2005,18,4425,475565,63453,118477,22681988780,475565,19657194,475565,0.133426555781018,0.249128930850672,47694.8235887839,41.3344001345768
2005,19,369,35594,4592,11157,1812691700,35594,1641482,35594,0.129010507388886,0.313451705343597,50926.8893633759,46.1168174411418
2005,21,3459,336162,44598,7700,17326243160,336162,14241587,336162,0.132668177842826,0.0229056228842046,51541.3495874013,42.3652494928041
2005,22,54386,5375269,524273,907741,375418490670,5375269,247480203,5375269,0.0975342815401425,0.168873594977293,69841.8052510488,46.0405242974817
2005,23,19247,1863298,312537,176583,100215044610,1863298,77466141,1863298,0.167733234297466,0.0947690600215317,53783.6913955792,41.5747459611935
2005,24,948,98966,19932,425,5404141500,98966,4071153,98966,0.201402501869329,0.00429440413879514,54606.0414687873,41.1368853949841
2005,25,9418,982467,203825,132937,63934126440,982467,41994730,982467,0.20746243894197,0.13530937934811,65075.0879571528,42.7441634171937
2005,26,5458,539070,62568,191793,34630791126,539070,23068469,539070,0.116066559073961,0.355784962991819,64241.7332183204,42.793086241119
2005,27,7034,717342,139028,25092,35520002650,717342,30241726,717342,0.193809926088254,0.0349791312930234,49516.1340755177,42.1580306185892
2005,28,101,11118,3359,3082,495806800,11118,489409,11118,0.30212268393596,0.277208130958806,44594.9631228638,44.0195178989027
2005,29,2124,216620,46278,22361,8254455980,216620,8751854,216620,0.213636783307174,0.103226848859754,38105.6965192503,40.4018742498384
2005,33,4210,406155,41852,6419,21798973850,406155,17553296,406155,0.103044404229912,0.0158043111619948,53671.5634425281,43.2182196452093
2005,34,275,33056,6893,10899,2116537540,33056,1482455,33056,0.208524927395934,0.329713213939981,64028.8462003872,44.8467751694095
2005,35,951,92274,6843,12736,3774198260,92274,3805024,92274,0.0741595682424085,0.138023711988209,40902.077074799,41.2361445260854
2005,36,1469,141097,18063,1105,8024277760,141097,5960887,141097,0.128018313642388,0.00783149181059838,56870.6475686939,42.2467309723098
2005,37,1745,175378,34189,3630,7829036340,175378,7191526,175378,0.194944633876541,0.0206981491407132,44640.9261138797,41.0058616246051
2005,43,1910,189515,24387,54911,10743544050,189515,8423715,189515,0.128681107036382,0.289744875075852,56689.6765427539,44.448803524787
2005,44,1311,124343,18352,1605,9714053800,124343,5352002,124343,0.147591742196987,0.0129078436260988,78123.0451251779,43.0422460452137
2005,45,300,29763,5259,295,1992329350,29763,1313194,29763,0.176695897590969,0.00991163525182273,66939.8027752579,44.1216947216342
2005,47,239,22042,2812,1576,1971452900,22042,1112803,22042,0.127574630251338,0.0714998638961982,89440.7449414754,50.4855729970057
2005,48,607,60097,12345,1957,4696306800,60097,2737102,60097,0.205417907715859,0.0325640214985773,78145.4448641363,45.544736010117
2005,53,2879,281566,51762,21804,19348502750,281566,12283871,281566,0.183836116576575,0.0774383270707401,68717.4685508904,43.6269684549981
2005,55,3104,318192,48683,10986,23662109740,318192,13936291,318192,0.152998818323528,0.0345263237290692,74364.250955398,43.7983701664404
2005,56,1631,155038,23922,1391,9863233200,155038,6961871,155038,0.154297656058515,0.00897199396277042,63618.1658690128,44.9042879810111
2005,57,2248,229660,40106,3914,15462407260,229660,10219994,229660,0.174632064791431,0.0170425846904119,67327.3850910041,44.5005399285901
2005,59,5085,488117,69686,16442,35465056610,488117,21343597,488117,0.142764951845562,0.0336845469426388,72656.8765480407,43.7263955158292
2005,64,16318,1691675,357670,98038,94247905890,1691675,70455267,1691675,0.211429500347289,0.0579532120531426,55712.7733695893,41.6482285308939
2005,65,1588,157721,20775,2737,9509017300,157721,6692941,157721,0.131719935836065,0.0173534278884866,60290.1154570412,42.4353193297025
2005,66,185,17694,4151,647,1848285400,17694,744581,17694,0.234599299197468,0.0365660675935345,104458.313552617,42.0809879055047
2005,68,327,31884,5803,741,2140110100,31884,1271539,31884,0.18200351273366,0.0232404968009033,67121.7569941036,39.8801593275624
2005,69,122,12024,1719,441,961703600,12024,533544,12024,0.142964071856287,0.0366766467065868,79982.002661344,44.373253493014
2005,73,956,96389,15668,1201,6157353100,96389,4138062,96389,0.162549668530641,0.012459928000083,63880.2467086493,42.9308531056448
2005,74,89,9390,2906,0,526201300,9390,392177,9390,0.309478168264111,0,56038.4771033014,41.7653887113951
2005,75,748,66182,10634,6482,4090489100,66182,2770435,66182,0.160678130005137,0.097942038620773,61806.6709981566,41.8608534042489
2005,76,1557,150335,28076,3950,9787778020,150335,6452640,150335,0.186756244387534,0.0262746532743539,65106.4490637576,42.9217414441082
2005,77,274,23953,5024,2667,997343940,23953,1062782,23953,0.209744082160898,0.111343046799983,41637.5376779527,44.3694735523734
2005,78,837,77031,16715,1482,3727904800,77031,3146445,77031,0.216990562241176,0.0192390076722359,48394.8644052395,40.8464773922187
2005,79,281,22525,4272,1597,1060049900,22525,958482,22525,0.189655937846837,0.0708990011098779,47061.038845727,42.5519200887902
2005,83,982,104410,14051,2176,6660426200,104410,4672195,104410,0.134575232257447,0.0208409156211091,63791.0755674744,44.7485394119337
2005,84,7464,735089,56540,233242,110133465760,735089,39344755,735089,0.0769158564473145,0.317297633347799,149823.30814364,53.5237977986339
2005,85,1533,146614,5576,102235,16530517120,146614,5765875,146614,0.0380318387057171,0.697307214863519,112748.55825501,39.3269060253455
2005,86,709,63584,5432,26076,4461642050,63584,2968447,63584,0.0854302969300453,0.410103170608958,70169.25720307,46.6854397332662
2005,87,348,31702,2237,19856,2157031700,31702,1347844,31702,0.0705633713961264,0.626332723487477,68040.8712384077,42.5160557693521
2005,88,121,11238,390,7571,952988400,11238,503181,11238,0.0347036839295248,0.673696387257519,84800.5339028297,44.7749599572878
2005,89,705,70716,6511,54826,3239935160,70716,2764641,70716,0.0920725154137678,0.775298376605012,45816.1541942418,39.0949855761073
2005,95,24851,2356045,272882,25989,116094579950,2356045,88569764,2356045,0.115822066216902,0.0110307740302074,49275.1963353841,37.5925604137442
2005,96,2366,221083,38076,13027,17716133040,221083,8725464,221083,0.172224911006274,0.0589235716902702,80133.4025682662,39.4669151404676
2005,97,745,75798,13678,5392,2366888880,75798,2685830,75798,0.180453310113723,0.071136441594765,31226.2708778596,35.4340483917782
2005,98,1003,98506,17181,557,4237526800,98506,3731424,98506,0.174415771628124,0.00565447789982336,43017.9562666234,37.8801697358537
2005,99,890,83699,16365,6171,3563683900,83699,3037225,83699,0.1955220492479,0.0737284794322513,42577.3772685456,36.2874705790989
2005,103,2351,226208,50172,18055,10063859800,226208,8591755,226208,0.221795869288442,0.0798159216296506,44489.4070943556,37.9816584736172
2005,104,1228,109809,19316,11669,4779771210,109809,3998944,109809,0.175905435802166,0.106266335181998,43528.0460617982,36.4172699869774
2005,105,1341,134494,31425,18191,4646430170,134494,5016368,134494,0.233653545883088,0.135255104316921,34547.4903713177,37.2980802117567
2005,106,792,80971,15274,2927,4207559080,80971,3382437,80971,0.188635437378815,0.0361487446122686,51963.7781427919,41.7734374035148
2005,154,11694,1138312,229765,0,51879449550,1138312,43424242,1138312,0.201847121000218,0,45575.7732062914,38.1479260519084
2005,155,4821,492353,141816,11324,9419113480,492353,17317302,492353,0.288037241572612,0.0229997583034936,19130.8136235587,35.1725327153485
2005,156,34208,3089932,546862,7294,120620671900,3089932,125288839,3089932,0.176981888274564,0.00236056974716596,39036.6752083865,40.5474421443579
2005,157,7631,729340,128902,2929,30805591450,729340,30836072,729340,0.176737872597143,0.00401595963473826,42237.6277867661,42.2794197493624
2005,158,2086,209733,40488,677,7892618000,209733,8369714,209733,0.19304544349244,0.00322791358536806,37631.7413091884,39.9065192411304
2005,159,16270,1603240,323716,148304,31507950240,1603240,52365117,1603240,0.201913624909558,0.0925026820688107,19652.6722387166,32.6620574586462
2005,163,5821,595122,123143,31484,19708088710,595122,22896803,595122,0.206920597793394,0.0529034382866034,33116.0479867993,38.4741330349071
2005,164,1968,167114,16597,583,6076952350,167114,6080921,167114,0.0993154373661094,0.00348863649963498,36364.1128211879,36.3878609811267
2005,165,370,34356,4901,1448,1349361140,34356,1341419,34356,0.142653393875888,0.0421469321224823,39275.8510886017,39.0446792408895
2005,166,1512,151310,31663,19880,10145013390,151310,6523730,151310,0.209259136871324,0.131385896503866,67047.8711915934,43.1149957041835
2005,167,1776,158602,12286,60526,6584516040,158602,6057423,158602,0.0774643447119204,0.381621921539451,41515.9710470234,38.1926016065371
2005,169,378,35121,9611,2654,1703794800,35121,1405374,35121,0.273653939238632,0.0755673243928134,48512.1380370718,40.0152045784573
2005,173,208,18336,2690,533,1149855020,18336,759947,18336,0.146705933682373,0.0290684991273997,62710.2432373473,41.4456260907504
2005,174,6737,666454,131392,12765,23194565350,666454,26356869,666454,0.197150891134272,0.0191536100015905,34802.950166103,39.5479192862523
2005,175,2964,300806,82877,37125,5284386570,300806,9548753,300806,0.275516445815576,0.123418415856067,17567.4240872855,31.7438914117405
2005,176,5259,479499,53794,1113,16563374390,479499,21002160,479499,0.112187929484733,0.00232117272403071,34543.0843234293,43.8002164759468
2005,178,9628,930613,80545,298789,96032108820,930613,43942175,930613,0.0865504780182525,0.3210668666782,103192.313904921,47.2185269279496
2005,183,1802,174794,24542,76526,6259242700,174794,6677498,174794,0.140405277069007,0.437806789706741,35809.2537501287,38.2021007586073
2005,184,642,64201,7809,3555,3501925650,64201,2607026,64201,0.121633619414028,0.0553729692683915,54546.2788741608,40.6072491082693
2005,185,7180,739994,165028,183309,25033177780,739994,29200435,739994,0.223012619021235,0.247716873380054,33828.8929099425,39.4603672462209
2005,186,1363,142131,22523,66204,2676012890,142131,4386233,142131,0.158466485143987,0.465795639234228,18827.7918962084,30.8604948955541
2005,187,1398,154274,35558,45159,8412178890,154274,6763634,154274,0.230486018382877,0.292719447217289,54527.5217470215,43.8416972399756
2005,188,1883,187014,26880,98988,5057811180,187014,7298269,187014,0.143732554781995,0.529307966248516,27045.0938432417,39.0252547937588
2005,189,1248,133451,35559,60204,2915339210,133451,5126891,133451,0.266457351387401,0.451131876119325,21845.7651872223,38.4177788102
2005,193,158,27352,17372,6977,593252730,27352,854863,27352,0.635127230184264,0.255081895291021,21689.555791167,31.2541313249488
2005,194,952,105664,26210,37199,2137326470,105664,3617075,105664,0.248050423985463,0.352049894003634,20227.5748599334,34.2318575863113
2005,195,2764,270110,64247,35449,11867604520,270110,10941550,270110,0.237854947984155,0.131239124801007,43936.1908851949,40.5077560993669
2005,198,444,49953,13199,8955,1736409680,49953,1657598,49953,0.264228374672192,0.179268512401658,34760.8688166877,33.1831521630333
2005,199,2029,213275,64710,28240,6268577210,213275,7179040,213275,0.30341108896964,0.132411206189192,29391.9925448365,33.6609541671551
2005,203,3162,320045,72761,2453,11626659010,320045,12311763,320045,0.227346154447031,0.00766454717305379,36328.2007530191,38.4688496930119
2005,204,1422,134444,24120,2595,5296377440,134444,4204751,134444,0.17940555175389,0.0193017166998899,39394.6731724733,31.2751108268127
2005,205,953,97511,19893,369,2551717520,97511,3723328,97511,0.20400775297146,0.00378418845053379,26168.5093989396,38.1836715857698
2005,206,2676,262106,56128,3936,11523885290,262106,10051428,262106,0.214142369880888,0.0150168252539049,43966.5070238758,38.3487138791176
2005,207,6103,612522,101707,7964,18963243700,612522,23330312,612522,0.166046280786649,0.0130019819696272,30959.2858705483,38.0889372136838
2005,208,2987,305475,88613,9537,11970849740,305475,13268210,305475,0.290082658155332,0.0312202307881169,39187.6577133972,43.4346836893363
2005,214,5501,559375,131123,8164,23097161770,559375,22604187,559375,0.234409832402235,0.0145948603351955,41291.0154547486,40.4097197765363
2005,217,1904,187190,45854,13468,7117551320,187190,7648393,187190,0.244959666648859,0.0719482878358887,38023.1386292003,40.8589828516481
2005,218,1165,121352,30060,10493,4762069000,121352,5131933,121352,0.24770914364823,0.0864674665436087,39241.7842309974,42.2896449996704
2005,223,484,46701,10350,1224,1787269200,46701,1964264,46701,0.221622663326267,0.0262092888803238,38270.4695830924,42.0604269715852
2005,224,782,77256,13276,380,3387356700,77256,3244930,77256,0.171844258051155,0.00491871181526354,43845.8721652687,42.0023040281661
2005,225,132,12646,2640,256,641546100,12646,590160,12646,0.208761663767199,0.0202435552743951,50731.1481891507,46.6677210185039
2005,226,1314,126314,11149,3066,12231634880,126314,5477627,126314,0.0882641670757002,0.0242728438652881,96835.1479645962,43.3651614231202
2005,227,315,31761,4496,177,2789771600,31761,1316152,31761,0.141557255753912,0.0055728723906678,87836.3905418595,41.4392493939108
2005,228,864,90203,24288,12932,3143897310,90203,3603084,90203,0.269259337272596,0.143365519993792,34853.5781515027,39.9441703712737
2005,229,12645,1269467,235298,64425,89285430890,1269467,53816615,1269467,0.185351805127664,0.0507496453235886,70333.0066004079,42.3930791426638
2005,233,592,60387,14123,478,2281944060,60387,2651268,60387,0.23387484061139,0.00791561097587229,37788.6641164489,43.9046152317552
2005,234,5452,566238,135887,39834,22552064970,566238,22314755,566238,0.239982127656568,0.0703485106969154,39827.8903393979,39.4087910030764
2005,243,40110,4148324,781852,824429,182362810032,4148324,188721701,4148324,0.188474188612076,0.198737851720357,43960.599517299,45.4934814638394
2005,253,4895,480327,82568,131723,26272135370,480327,20188757,480327,0.171899560091354,0.274236093328087,54696.3534633698,42.0312766094765
2005,254,9187,917782,105441,480675,38116667724,917782,38594984,917782,0.114886759600864,0.523735484025618,41531.2870856042,42.0524525431965
2005,255,3577,381937,85396,65667,38681573820,381937,16903261,381937,0.223586612451792,0.171931496555715,101277.36726214,44.2566732209762
2005,256,2029,210904,51571,24622,10876198580,210904,8834482,210904,0.244523574706976,0.116745059363502,51569.4277017031,41.8886412775481
2005,258,293,29071,3131,1354,2557993900,29071,1357881,29071,0.107701833442262,0.0465756251934918,87991.2593306044,46.7091259330605
2005,274,26222,2671676,511101,262964,142070959680,2671676,114084780,2671676,0.191303511353922,0.0984266056213403,53176.7174163334,42.7015775865038
2005,275,28853,3061625,918548,234798,74563319796,3061625,109011686,3061625,0.300019760747969,0.0766906463071082,24354.1647967991,35.6058256644756
2005,276,25623,2854003,894729,50691,33247077220,2854003,86631434,2854003,0.313499670462855,0.0177613688563046,11649.2790021594,30.3543598237283
2005,277,1806,180932,35595,91860,2083322620,180932,5083512,180932,0.196731368691,0.507704551986382,11514.3955740278,28.0962571573851
2005,283,378,40039,9707,9282,455612240,40039,1028317,40039,0.242438622343215,0.231823971627663,11379.2112690127,25.6828841879168
2005,303,15939,1570857,197915,58889,66682790632,1570857,65455033,1570857,0.125991735721329,0.0374884537548612,42449.94333157,41.6683587366641
2005,308,1657,173652,35497,4101,5930554420,173652,6806194,173652,0.204414576278995,0.0236161979130675,34151.9499919379,39.1944463639924
2005,313,38747,3593157,589425,144506,95309034290,3593157,132145525,3593157,0.164040981231825,0.0402170013723308,26525.1516396306,36.7769972199935
2005,315,3563,325619,80955,14874,7662737830,325619,11589268,325619,0.248618784530387,0.0456791526292999,23532.8338641173,35.5914980391193
2005,316,1896,199550,56381,3461,5579679150,199550,7327656,199550,0.282540716612378,0.0173440240541218,27961.3086945628,36.7209020295665
2005,317,1032,113617,56082,640,1674617850,113617,4046872,113617,0.493605710413054,0.00563295985635952,14739.1486309267,35.6185429997272
2005,318,2216,235034,42234,19650,7049681470,235034,9082027,235034,0.179693150778185,0.0836049252448582,29994.304951624,38.6413327433478
2005,319,9816,1065440,339537,10000,19871199820,1065440,36412789,1065440,0.318682422285629,0.00938579366271212,18650.6981341042,34.1762924237874
2005,326,1516,151667,42485,6326,3593689150,151667,5604872,151667,0.280120263471948,0.0417097984400034,23694.6016602161,36.9551187799587
2005,328,538,53745,11643,881,1708665870,53745,2040078,53745,0.216634105498186,0.0163922225323286,31792.089868825,37.9584705554005
2005,329,1657,158897,30269,281,2419513220,158897,4538895,158897,0.190494471261257,0.00176844119146365,15226.9282617041,28.5650138139801
2005,335,3535,359118,100509,6144,7040122000,359118,11782620,359118,0.279877366213891,0.0171085826942676,19603.9240583875,32.80988421633
2005,336,840,88325,15793,1283,2601419110,88325,3405695,88325,0.178805547693179,0.0145258986696858,29452.8062270026,38.5586753467308
2005,337,14742,1395647,211054,126097,37893076450,1395647,50945042,1395647,0.151223052820663,0.0903502103325554,27150.9030936906,36.502813390492
2005,338,1662,162077,24080,6311,4794267580,162077,6192589,162077,0.148571358058207,0.0389382824213183,29580.1846036143,38.2076975758436
2005,344,3993,422723,85320,13682,11204536338,422723,16122285,422723,0.20183429811011,0.0323663486491154,26505.6226843583,38.1391242019005
2005,346,1021,102322,8961,0,4266496000,102322,4202950,102322,0.0875764742675085,0,41696.761204824,41.07572174117
2005,347,490,50808,13815,1006,1155110020,50808,1850617,50808,0.271905999055267,0.0198000314911038,22734.8059360731,36.4237324830735
2005,348,906,98595,28850,426,2196192090,98595,3613334,98595,0.292611187179877,0.00432070591815001,22274.8830062376,36.6482478827527
2005,349,102,10202,2326,109,365072820,10202,421855,10202,0.22799451088022,0.0106841795726328,35784.4363850225,41.350225445991
2005,354,1412,138934,5703,0,5893403860,138934,5731751,138934,0.0410482675227086,0,42418.7301884348,41.2552075086012
2005,355,3649,343130,25670,0,14449201790,343130,14366478,343130,0.0748112960102585,0,42109.9926849882,41.8689068283158
2005,356,1002,111040,28304,1235,2416996390,111040,4055021,111040,0.254899135446686,0.0111221181556196,21766.898324928,36.5185608789625
2005,357,2448,270588,56229,33475,7546338110,270588,10849437,270588,0.207803006785223,0.123712064097447,27888.6650923175,40.0957803006785
2005,359,2442,269249,67528,5475,8599772040,269249,11442372,269249,0.250801302883205,0.0203343373605844,31939.8476503163,42.4973611786859
2005,364,5435,599088,149235,5066,14998593218,599088,23981341,599088,0.249103637529044,0.00845618673717384,25035.7096419892,40.0297468819272
2005,365,12369,1347608,428332,8729,25840144874,1347608,48178245,1347608,0.317846139233368,0.00647740292429253,19174.8230004571,35.7509342479415
2005,366,358,39777,12360,0,1292372000,39777,1584306,39777,0.31073233275511,0,32490.4341705005,39.8297005807376
2005,368,697,77912,17209,661,2049053480,77912,3180730,77912,0.220877400143752,0.00848393058835609,26299.5877400144,40.8246483211829
2005,373,4659,483896,85801,8865,21012600126,483896,20932928,483896,0.177312893679634,0.0183200522426307,43423.7938028006,43.2591465934829
2005,375,5455,564423,120964,12618,20801631110,564423,22517570,564423,0.214314441473859,0.022355573745223,36854.6836503828,39.8948483672707
2005,376,19304,2110653,646238,29876,58374886280,2110653,80324757,2110653,0.306179177723671,0.0141548610785383,27657.2635482952,38.056827436817
2005,377,596,57800,7343,337,2143273800,57800,2341732,57800,0.127041522491349,0.00583044982698962,37080.8615916955,40.5143944636678
2005,378,1863,219931,66406,5159,5996477550,219931,8711064,219931,0.301940153957378,0.0234573570801751,27265.2675157208,39.6081680163324
2005,379,9642,1011446,241023,27078,24532654890,1011446,36236545,1011446,0.23829547004981,0.0267715725802465,24255.0317960623,35.8264751652585
2005,383,4096,412792,187127,88,7329260260,412792,14402762,412792,0.453320316285199,0.000213182426016008,17755.3350355627,34.8910880055815
2005,384,153,14647,2189,1556,311569740,14647,511933,14647,0.149450399399194,0.106233358366901,21271.915067932,34.9513893630095
2005,385,4551,463845,120068,8758,10813190330,463845,16957198,463845,0.258853711908073,0.0188813073332687,23312.0769438067,36.5578975735429
2005,386,275,27655,6357,286,952329410,27655,1073461,27655,0.22986801663352,0.0103417103597903,34436.0661724824,38.8161634424155
2005,389,6349,656106,135132,22870,21393646650,656106,25614415,656106,0.205960622216532,0.0348571724690827,32606.9974211484,39.0400560275321
2005,405,10064,1208625,194435,294423,13050872490,1208625,39660038,1208625,0.160872892750026,0.243601613403661,10798.1156189885,32.8141797497156
2005,415,889,91121,9238,2613,4093916300,91121,3958264,91121,0.101381679305539,0.0286761558806422,44928.3513130892,43.4396461847434
2005,417,3235,323259,53748,296,17668422390,323259,16947015,323259,0.166269152599,0.000915674428244844,54657.1708444313,52.4255009141277
2005,418,8746,934144,149860,10343,50560109130,934144,40849182,934144,0.160424945190463,0.0110721687448616,54124.5344722013,43.7289989551932
2005,423,4495,456684,95036,0,17831146380,456684,19216511,456684,0.208100130505995,0,39044.8239482881,42.0783539602876
2005,425,382,36564,3283,62,402989860,36564,907582,36564,0.0897877693906575,0.00169565693031397,11021.4927250848,24.8217372278744
2005,426,6711,772366,215604,7008,20568284100,772366,30534694,772366,0.279147450819948,0.00907341856063058,26630.2298392213,39.5339696465147
2005,427,1452,139556,34093,501,1472933080,139556,3814418,139556,0.244296196508928,0.00358995671988306,10554.4231706268,27.3325260110637
2005,434,2800,347209,163477,6719,6186464230,347209,11830110,347209,0.470831689270727,0.0193514569034789,17817.6954802439,34.0720142623031
2005,435,15601,1817363,846454,11858,22095957502,1817363,54854486,1817363,0.465759454770456,0.00652483846100091,12158.252094931,30.1835604664561
2005,436,22752,2672519,798002,105998,45500994260,2672519,99984986,2672519,0.298595444971579,0.0396622063304321,17025.5082414756,37.4122638604253
2005,439,2394,259985,76423,3743,2920026630,259985,8122250,259985,0.293951574129277,0.0143969844414101,11231.5196261323,31.2412254553147
2005,443,6108,670111,165710,3860,6620196540,670111,18726537,670111,0.247287389701109,0.00576023972147898,9879.25364603775,27.9454254593642
2005,444,7343,833877,243340,8823,8242990440,833877,25148064,833877,0.291817618185896,0.0105806971531773,9885.13946301433,30.1580017196781
2005,445,2319,239499,81718,74,5536603310,239499,8337334,239499,0.341203929870271,0.000308978325587998,23117.4381103888,34.8115607998363
2005,446,6174,651379,194192,25187,13658158670,651379,23631636,651379,0.298124440609845,0.0386671968239688,20968.0672388886,36.2793949451855
2005,447,21210,2363075,594208,102373,41947615948,2363075,85835721,2363075,0.251455412968272,0.0433219428075706,17751.2842156935,36.3237396189287
2005,448,2262,239948,24881,56195,6887422950,239948,10045652,239948,0.103693300215047,0.234196575924784,28703.8147848701,41.8659542900962
2005,453,18901,2061118,332360,133325,39952053660,2061118,73954280,2061118,0.161252291232234,0.064685767627084,19383.6809246244,35.8806628247388
2005,454,577,61955,11644,740,1902768600,61955,2664010,61955,0.187942861754499,0.0119441530142846,30712.1071745622,42.9991122588976
2005,455,537,58284,12328,9266,1714647750,58284,2493551,58284,0.211516024981127,0.158980166083316,29418.8413629813,42.7827705716835
2005,456,1482,167345,30427,72506,3880231890,167345,7068098,167345,0.181821984522991,0.43327258059697,23187.0201679166,42.2366846932983
2005,457,725,84180,16045,53161,949861380,84180,3394499,84180,0.190603468757425,0.631515799477311,11283.6942266572,40.3242931812782
2005,458,8000,878695,211596,364284,11906893020,878695,31261742,878695,0.240807105992409,0.414573885136481,13550.6552558055,35.5774665839683
2005,459,2038,220800,59044,5917,4397633520,220800,7284748,220800,0.267409420289855,0.0267980072463768,19916.8184782609,32.992518115942
2005,461,348,34169,10106,6716,562226910,34169,1271863,34169,0.29576516725687,0.196552430565717,16454.2980479382,37.2227164974099
2005,462,297,30782,7645,206,247473600,30782,741012,30782,0.248359430836203,0.00669222272756806,8039.55558443246,24.0728997466052
2005,463,1536,159336,20429,1546,5460293860,159336,5972495,159336,0.128213335341668,0.00970276648089572,34269.0531957624,37.4836509012401
2005,464,485,59572,13185,394,1403360480,59572,2251955,59572,0.221328812193648,0.00661384543073927,23557.3840059088,37.802239307057
2005,465,2646,268709,54196,418,8856396300,268709,10552949,268709,0.20169030438132,0.00155558615453893,32959.0609172004,39.272778358745
2005,468,11476,1219606,343734,452521,10155818858,1219606,41876226,1219606,0.281840200851751,0.371038679704757,8327.13094064805,34.3358642053253
2005,469,3821,413464,115543,81799,4035317880,413464,11228016,413464,0.27945117349999,0.197838264032661,9759.78048874872,27.1559700481783
2005,473,6107,394851,35491,394851,1534036556,394851,21427821,394851,0.0898845387247341,1,3885.10237026119,54.2681188600257
2005,475,2256,165199,19895,93581,7286854570,165199,8634771,165199,0.120430511080576,0.566474373331558,44109.5561716475,52.2689059861137
2005,479,7170,704348,194999,26759,11193802682,704348,30241485,704348,0.276850363740651,0.037991163458972,15892.4319824859,42.9354310653257
2005,485,1625,170989,36942,69331,5075457520,170989,7855074,170989,0.216048985607261,0.405470527343864,29682.9475580301,45.9390604073946
2005,486,8942,1077760,324237,258537,15950001092,1077760,41708404,1077760,0.300843415973872,0.239883647565321,14799.2141961105,38.6991575118765
2005,487,1364,137836,39488,39496,1770764270,137836,4837465,137836,0.28648538843263,0.286543428422183,12846.8924664094,35.0958022577556
2005,488,288,29233,5917,480,470890990,29233,1202000,29233,0.202408237266103,0.0164197995416139,16108.1992953169,41.1179146854582
2005,489,191,17582,1462,0,628331000,17582,745788,17582,0.0831532248890911,0,35737.1743828916,42.4176999203731
2005,496,1641,147609,30884,36363,3631672230,147609,6787658,147609,0.209228434580547,0.246346767473528,24603.3252037477,45.9840389136164
2005,498,379,38808,8156,24446,592326130,38808,1962507,38808,0.210162853019996,0.629921665635951,15262.9903628118,50.5696505875077
2005,503,3365,324337,26635,7657,16447287380,324337,14822801,324337,0.082121373756309,0.0236081606477214,50710.4874867807,45.70185023602
2005,505,7993,870736,223884,140869,25593033370,870736,37749650,870736,0.257120413075835,0.161781527351574,29392.4144287132,43.3537260432554
2005,507,2934,307764,62011,16160,10784571100,307764,13467329,307764,0.201488803108876,0.0525077656905941,35041.6913609129,43.7586234907267
2005,508,1456,155008,24541,3189,7131184320,155008,6705751,155008,0.158320860858794,0.0205731317093311,46005.2663088357,43.2606768682907
2005,509,467,47912,13979,6569,1207261830,47912,2020088,47912,0.291764067457005,0.137105526799132,25197.4835114376,42.1624645182835
2005,514,1561,167417,35437,31926,4973916170,167417,7193035,167417,0.211669065865474,0.190697479945286,29709.7437536212,42.9647825489646
2005,516,2844,275817,64652,14857,9336382250,275817,12257214,275817,0.234401795393322,0.0538654252638525,33849.9158862579,44.4396610796289
2005,518,4253,415065,46596,10779,17433417680,415065,18190883,415065,0.11226193487767,0.0259694264753713,42001.6568007421,43.8265886066038
2005,519,380,38885,7161,127,1540878200,38885,1735145,38885,0.184158415841584,0.00326604088980327,39626.5449402083,44.6224765333676
2005,523,625,70037,21086,12316,2331358040,70037,3018653,70037,0.301069434727358,0.175849907905821,33287.5200251296,43.1008324171509
2005,525,2722,295098,72679,27986,10400828500,295098,11842728,295098,0.246287673925272,0.0948362916725969,35245.3371422375,40.1315088546856
2005,526,399,43279,5887,11748,1145625500,43279,1803064,43279,0.136024399824395,0.271448046396636,26470.7017260103,41.6614062247279
2005,527,3300,351424,75377,7861,15877814660,351424,14935077,351424,0.214490188490257,0.0223689901657257,45181.3611477873,42.4987394144965
2005,533,361,39166,8630,1804,1859586100,39166,1750110,39166,0.220344176071082,0.0460603584741868,47479.602205995,44.6844201603432
2005,534,3175,339071,81273,52121,11114944180,339071,14365936,339071,0.239693161609221,0.15371706810668,32780.5804094128,42.3685186878264
2005,535,887,95267,13840,26903,2684327660,95267,3868608,95267,0.145275908761691,0.282395792876862,28176.8887442661,40.6080594539557
2005,536,231,22991,3183,7084,684109600,22991,989082,22991,0.138445478665565,0.308120568918272,29755.539124005,43.0203992866774
2005,539,201,19395,3878,545,747255000,19395,843865,19395,0.19994844031967,0.0281000257798402,38528.2289249807,43.5094096416602
2005,543,235,22541,3852,460,1377456100,22541,961424,22541,0.170888602990107,0.0204072578856306,61108.9170844239,42.6522337074664
2005,544,569,53069,7062,545,2790590900,53069,2467892,53069,0.133072038289774,0.0102696489475965,52584.1998153348,46.5034577625356
2005,549,6454,663434,113920,60613,21983053490,663434,28077442,663434,0.171712634565006,0.0913625168441774,33135.2530771712,42.3213793685581
2005,558,11129,1110733,142097,362194,47977026320,1110733,50574338,1110733,0.127930834863104,0.326085566918422,43194.0226138955,45.5323988753373
2005,563,3637,463666,140929,130420,10428991160,463666,18925916,463666,0.303945081157557,0.281280059353069,22492.4647483318,40.817993987051
2005,567,13400,1573609,437584,466189,35602404890,1573609,65130084,1573609,0.278076701391515,0.296254660465211,22624.6830629464,41.3889879887571
2005,573,1664,224748,80148,49228,4701088400,224748,9339131,224748,0.356612739601687,0.219036431914856,20917.1534340684,41.5537891327175
2005,575,7373,785780,188922,81423,29565308140,785780,33236398,785780,0.240426073455675,0.103620606276566,37625.4271424572,42.2973325867291
2005,577,1434,144900,24107,6968,7025052220,144900,6424689,144900,0.166369910282954,0.048088336783989,48482.0719116632,44.3387784679089
2005,579,4897,624320,156950,207359,11300498680,624320,24836151,624320,0.251393516145566,0.332135763710917,18100.49122245,39.781123462327
2005,583,96,9323,1348,6728,119960500,9323,356749,9323,0.144588651721549,0.721656119274912,12867.1564946906,38.2654724873968
2005,584,347,47440,13088,6598,1062804400,47440,1898044,47440,0.275885328836425,0.139080944350759,22403.1281618887,40.0093591905565
2005,585,5083,574461,147124,72400,19191792840,574461,24459604,574461,0.256107899404833,0.126031184014232,33408.347720733,42.5783543182218
2005,588,747,95617,28824,9720,2438195200,95617,4039566,95617,0.301452670550216,0.101655563341247,25499.5994436136,42.247361870797
2005,589,408,46274,15267,5049,1435372030,46274,1956506,46274,0.329926092406103,0.109110947832476,31018.9745861607,42.2808920776246
2005,593,562,70593,18948,1754,2239700600,70593,2905006,70593,0.268411882197952,0.0248466561840409,31726.9502641905,41.1514739421756
2005,594,179,22352,4246,1348,791790800,22352,995503,22352,0.18996062992126,0.0603078024337867,35423.7115246958,44.5375357909807
2005,595,1760,238050,90654,43195,4740049440,238050,9775777,238050,0.380819155639572,0.181453476160471,19911.990926276,41.066065952531
2005,596,1222,129821,30002,11224,4240842410,129821,5366814,129821,0.231102826199151,0.0864575068748508,32666.8444242457,41.3401067623882
2005,597,899,97047,23518,6608,3227457100,97047,4093423,97047,0.242336187620431,0.068090718930003,33256.6395663957,42.1797994786032
2005,598,255,25396,6421,3460,875805800,25396,1253924,25396,0.252835092140495,0.136241927862656,34485.9741691605,49.374862183021
2005,599,634,73408,22821,17769,1616536270,73408,3059597,73408,0.310878923278117,0.242058086312119,22021.2547678727,41.6793401264167
2005,614,252,24613,9364,726,1045534060,24613,1492911,24613,0.380449356031366,0.02949660748385,42478.9363344574,60.6553853654573
2005,615,94,10752,2931,71,443569400,10752,507290,10752,0.272600446428571,0.00660342261904762,41254.5944940476,47.1809895833333
2005,616,501,44418,10144,668,1967967680,44418,2259670,44418,0.228375883650772,0.0150389481741636,44305.6346526183,50.8728443423837
2005,617,398,39249,15006,432,1335225370,39249,2111463,39249,0.38232821218375,0.0110066498509516,34019.3474992993,53.7966062829626
2005,628,10377,1014240,115285,39384,47685206970,1014240,45990860,1014240,0.113666390597886,0.0388310459062944,47015.7033542357,45.3451451333018
2005,634,929,85720,7632,1798,4092282080,85720,3833345,85720,0.089034064395707,0.0209752683154456,47740.1082594494,44.7193770415306
2005,637,3857,379653,54300,12732,14388296320,379653,16615458,379653,0.1430253415619,0.0335358867176079,37898.5450398127,43.7648536953481
2005,643,137,14632,2339,0,612361460,14632,694501,14632,0.159855112083106,0,41850.8378895571,47.4645297977037
2005,644,110,9055,911,986,311653100,9055,374366,9055,0.100607399226946,0.108890115958034,34417.7912755384,41.3435670900055
2005,645,107,10629,1444,459,426472100,10629,447392,10629,0.135854737040173,0.0431837425910246,40123.4452911845,42.0916360899426
2005,649,94,9468,1720,1422,229697170,9468,358116,9468,0.181664554288128,0.150190114068441,24260.3686100549,37.8238276299113
2005,657,655,64929,14773,17069,1431392520,64929,2766031,64929,0.227525450877112,0.262887153660152,22045.5038580603,42.6008563199803
2005,658,182,20497,3188,5538,400495260,20497,844253,20497,0.155534956335073,0.270185880860614,19539.2135434454,41.189100844026
2005,666,747,77367,8264,26172,1214298380,77367,2916295,77367,0.106815567360761,0.338283764395673,15695.3013558752,37.694301187845
2005,668,448,47862,8046,13607,998131240,47862,1941745,47862,0.168108311395261,0.28429651915925,20854.3571100247,40.5696586018136
2005,669,93,10027,1557,3981,208362170,10027,437872,10027,0.155280741996609,0.397028024334297,20780.110701107,43.6692929091453
2005,675,373,42233,8413,9102,1113857380,42233,1788253,42233,0.19920441361021,0.215518670234177,26374.100348069,42.3425520327706
2005,677,427,39848,8114,2647,1175594100,39848,1507184,39848,0.203623770327244,0.0664274242120056,29501.9599478017,37.8233286488657
2005,678,4591,487867,174559,11335,12183075200,487867,17996128,487867,0.357800384121082,0.0232337911766937,24972.1239600137,36.8873647940935
2005,679,325,33355,6099,311,845464040,33355,1338445,33355,0.18285114675461,0.00932393943936441,25347.4453605157,40.1272672762704
2005,686,1983,222835,57652,4407,5267332010,222835,9122121,222835,0.258720578006148,0.0197769650189602,23637.8127762694,40.936661655485
2005,687,1419,166180,39561,10224,2977272820,166180,6311628,166180,0.238061138524492,0.0615236490552413,17915.9514983753,37.980671560958
2005,688,680,77915,18487,1676,1604271070,77915,2951880,77915,0.237271385484181,0.0215106205480331,20590.0156580889,37.8859013027017
2005,694,710,63137,9192,70,2506318400,63137,2620594,63137,0.145588165418059,0.00110870012829244,39696.5075945959,41.5064700571773
2005,695,452,38618,2582,182,2512803700,38618,1669500,38618,0.0668600134652235,0.0047128282148221,65068.1987674142,43.2311357398105
2005,696,886,90715,6995,514,4298745100,90715,3887505,90715,0.0771096290580389,0.00566609711734553,47387.3681309596,42.8540483933197
2005,699,421,40385,4442,250,2098716500,40385,1878008,40385,0.109991333415872,0.00619041723412158,51967.7231645413,46.5026123560728
2005,703,147,14448,2028,292,468032400,14448,641096,14448,0.140365448504983,0.0202104097452935,32394.26910299,44.3726467331119
2005,706,1077,113870,25782,547,3094314240,113870,4817026,113870,0.226416088521999,0.00480372354439273,27174.0953719153,42.3028541319048
2005,707,125,11901,2582,138,341361900,11901,487634,11901,0.216956558272414,0.0115956642298966,28683.4635744895,40.9742038484161
2005,708,74,7779,1110,225,195041800,7779,323269,7779,0.142691862707289,0.0289240262244504,25072.8628358401,41.5566268157861
2005,709,512,54560,13695,996,1571517440,54560,2287101,54560,0.251008064516129,0.0182551319648094,28803.4721407625,41.9190065982405
2005,713,93,9576,2831,87,345260600,9576,431772,9576,0.295634920634921,0.00908521303258145,36054.7827903091,45.0889724310777
2005,719,529,54899,9964,848,1665543000,54899,2355746,54899,0.181496930727336,0.0154465472959435,30338.3121732636,42.910544818667
2005,723,159,17731,5090,598,462457300,17731,751031,17731,0.287067847273137,0.0337262421747222,26081.8509954317,42.3569454627489
2005,724,95,9017,1433,0,333598990,9017,404432,9017,0.158922036153931,0,36996.6718420761,44.8521681268715
2005,726,4324,470699,88386,2967,13949737278,470699,20122945,470699,0.187776052211711,0.00630339133926352,29636.2160913875,42.7511955623445
2005,727,487,49596,14498,2667,1079948720,49596,2074541,49596,0.292321961448504,0.0537744979433825,21774.9157190096,41.8287966771514
2005,729,348,40154,10979,1018,914212980,40154,1641067,40154,0.273422324052398,0.0253523932858495,22767.6689744484,40.8693280868656
2005,733,311,31453,5902,10896,588490070,31453,1279189,31453,0.187645057705147,0.346421644994118,18710.1411630051,40.669856611452
2005,734,570,63568,10686,6151,1941502900,63568,2562041,63568,0.168103448275862,0.0967625220236597,30542.1422728417,40.3039422350868
2005,736,2112,226012,37533,7968,6870368820,226012,9095230,226012,0.166066403553794,0.0352547652337044,30398.2479691344,40.2422437746668
2005,738,235,26709,4419,169,573926700,26709,1119416,26709,0.165449848365719,0.00632745516492568,21488.138829608,41.9115653899435
2005,739,162,16311,2635,774,363853700,16311,672104,16311,0.161547421985163,0.0474526393231562,22307.2589050334,41.2055667954141
2005,743,165,18533,4603,224,417916320,18533,763502,18533,0.248367776398856,0.0120865483192144,22549.8472994119,41.1968920304322
2005,744,2332,261221,41829,16940,4459476940,261221,10157106,261221,0.160128779845418,0.0648493038461686,17071.6632276884,38.8831908613779
2005,745,54,6666,1942,408,116119450,6666,248767,6666,0.291329132913291,0.0612061206120612,17419.6594659466,37.3187818781878
2005,747,488,59197,11991,1211,953775080,59197,2126797,59197,0.202560940588205,0.0204571177593459,16111.8820210484,35.9274456475835
2005,748,1615,201042,35620,25792,3145567250,201042,7636178,201042,0.177176908307717,0.12829160076004,15646.3189283831,37.9829985774117
2005,749,278,30639,6033,2207,812288250,30639,1245293,30639,0.196905904239695,0.072032377035804,26511.5783804955,40.6440484350011
2005,753,158,18227,4569,0,419566660,18227,758444,18227,0.250672079881495,0,23018.9641740275,41.6110166236901
2005,754,2271,274878,66532,754,5816279490,274878,10945421,274878,0.24204192405358,0.00274303509193169,21159.4943574968,39.8191961524749
2005,755,511,51067,9668,131,1598368040,51067,2165446,51067,0.189319913055398,0.00256525740693599,31299.4309436623,42.4040182505336
2005,756,876,91897,22544,1421,2732892040,91897,3901829,91897,0.245318127904067,0.0154629639705322,29738.642610749,42.4587200887951
2005,757,533,51734,10541,719,2210419060,51734,2262647,51734,0.203753817605443,0.0138980167781343,42726.6219507481,43.7361696369892
2005,759,1498,162387,38249,15605,4623436320,162387,6805369,162387,0.235542253998165,0.0960975940192257,28471.7146076964,41.9083362584443
2005,763,85,9396,1374,404,245444500,9396,386772,9396,0.146232439335888,0.0429970200085143,26122.232865049,41.1634738186462
2005,764,82,9061,2610,340,210455700,9061,376673,9061,0.288047676856859,0.0375234521575985,23226.5423242468,41.5707979251738
2005,765,331,37223,5953,205,1248231060,37223,1552493,37223,0.159928001504446,0.00550734760766193,33533.8650834162,41.7078956559117
2005,766,398,40232,7954,546,1481578800,40232,1767861,40232,0.19770332073971,0.0135712865380791,36825.8798965997,43.9416633525552
2005,769,855,94878,22010,2941,2178866900,94878,3804417,94878,0.231982124412403,0.0309977023124433,22964.932861148,40.0979889963954
2005,773,86,10457,4914,258,145251580,10457,323716,10457,0.469924452519843,0.0246724682031175,13890.3681744286,30.9568709955054
2005,774,577,61958,24639,2756,1174842300,61958,2183490,61958,0.397672616934052,0.0444817456986991,18961.9145227412,35.2414538881178
2005,779,11268,1173682,267098,15625,33859264720,1173682,48590201,1173682,0.227572715607805,0.0133128053425033,28848.7552164896,41.3998007978311
2005,783,5502,572354,128026,36588,17409672710,572354,25008585,572354,0.223683244984747,0.0639254726969673,30417.665832684,43.6942608944814
2005,785,11879,1301910,303077,30026,34183750354,1301910,52977211,1301910,0.232794125553994,0.0230630381516388,26256.6155525344,40.6919149557189
2005,799,6913,711811,134563,9766,23734703490,711811,29888317,711811,0.189043158928423,0.0137199340836261,33344.1088856452,41.9891193027363
2005,803,2271,237252,42246,10351,9786620000,237252,10740258,237252,0.178063830863386,0.0436287154586684,41249.8946268103,45.2694097415407
2005,804,33608,3604475,640402,349857,111598692470,3604475,165785430,3604475,0.177668592513473,0.0970618467321871,30961.1503672518,45.9943348199114
2005,808,4708,496616,38676,7011,11665548400,496616,18014661,496616,0.0778790856516906,0.0141175475618989,23490.0776455048,36.2748300497769
2005,809,2388,301053,35152,72961,5845583690,301053,13002895,301053,0.116763493471249,0.24235267544253,19417.1248584136,43.1913815839736
2005,813,437,61172,22255,643,1063396980,61172,2219336,61172,0.363810239979075,0.0105113450598313,17383.7209834565,36.2802589419996
2005,823,472,51709,10028,0,2887740700,51709,2648311,51709,0.19393142393007,0,55845.9977953548,51.2156684523004
2005,824,566,56461,5848,178,3460127180,56461,2974953,56461,0.103575919661359,0.00315261862170348,61283.4909052266,52.6904057668125
2005,825,89,8526,2135,0,404494600,8526,393683,8526,0.250410509031199,0,47442.4818203143,46.1744076941121
2005,829,571,57551,12334,3607,2684439300,57551,3354748,57551,0.214314260395128,0.0626748449201578,46644.5292001877,58.2917412382061
2005,844,3826,382088,71664,30980,13136284150,382088,17168639,382088,0.187558886957978,0.0810807981407424,34380.2583436277,44.9337299260903
2005,848,691,69683,11488,1843,3034106000,69683,3249158,69683,0.164860869939584,0.0264483446464704,43541.5524589929,46.6276997259016
2005,853,579,58284,9915,14846,1843872920,58284,2712816,58284,0.17011529750875,0.254718276027726,31636.0050785807,46.544780728845
2005,859,229,20015,3561,1944,826380620,20015,958770,20015,0.177916562578066,0.0971271546340245,41288.0649512865,47.9025730701974
2005,865,193,22158,7154,993,397478190,22158,848329,22158,0.322863074284683,0.0448145139453019,17938.3604115895,38.2854499503565
2005,866,729,91484,36310,4103,1686542760,91484,3565568,91484,0.396900004372349,0.0448493725678807,18435.3849853526,38.974771544751
2005,869,13917,1687667,545340,257348,37612270290,1687667,68554330,1687667,0.32313246629815,0.152487427910838,22286.5472216972,40.6207681965696
2005,874,414,49577,15263,1398,954807290,49577,1927547,49577,0.307864533957279,0.0281985598160437,19259.0775964661,38.879863646449
2005,875,652,74988,18258,7965,1824230270,74988,3028195,74988,0.243478956633061,0.106216994719155,24326.9625806796,40.382394516456
2005,878,329,37155,11335,215,826417740,37155,1483412,37155,0.305073341407617,0.00578656977526578,22242.4368187323,39.9249629928677
2005,883,183,20648,5781,59,634505000,20648,804138,20648,0.279978690430066,0.00285741960480434,30729.6106160403,38.9450794265788
2005,885,980,110165,43768,1471,1727678430,110165,4009632,110165,0.397294966640948,0.0133526982253892,15682.6435800844,36.3966050923615
2005,887,2555,313938,102708,23034,5108040490,313938,11676956,313938,0.327160139900235,0.0733711752001988,16270.8575897152,37.1951022176353
2005,888,3053,368725,102096,2900,6232145140,368725,14012125,368725,0.276889280629195,0.00786493999593193,16901.8784731168,38.0015594277578
2005,889,17359,1875879,534725,30070,40809701610,1875879,70239280,1875879,0.285053033804419,0.016029818554395,21754.9754595046,37.4433958693498
2005,905,7246,718894,291938,0,32267950200,718894,35828148,718894,0.406093248796067,0,44885.5466869942,49.8378731774086
2006,4,11173,1080423,32449,339917,141029151980,1080423,53064707,1080423,0.0300336072075474,0.314614738856911,130531.423322162,49.1147513520168
2006,7,10382,1019247,138463,46985,79098987100,1019247,45243117,1019247,0.135848327245506,0.04609775648101,77605.3175530563,44.3887664128518
2006,8,3612,331333,38838,16017,22129904180,331333,14864771,331333,0.117217421747909,0.0483410949105583,66790.5224653144,44.8635390981279
2006,13,10050,999665,162395,54106,78419811990,999665,45449068,999665,0.162449420555886,0.0541241315840807,78446.0914306293,45.4642985400109
2006,14,8194,751344,62101,27611,44244205690,751344,33167843,751344,0.0826532187653059,0.0367488127941396,58886.7491987691,44.1446833940246
2006,15,4807,458789,32083,17988,30369545980,458789,20160435,458789,0.0699297498414304,0.0392075660052878,66195.0177096661,43.9427165864918
2006,17,8819,1002505,243946,245492,33793239980,1002505,46966044,1002505,0.243336442212258,0.244878579159206,33708.7994374093,46.8486880364686
2006,18,4572,479591,54356,122640,24092787350,479591,19844742,479591,0.113338240292249,0.255717892954622,50236.1123332173,41.3784704049909
2006,19,409,40834,4482,10748,1894699300,40834,1821298,40834,0.109761473282069,0.26321202919136,46400.0416319734,44.6024881226429
2006,21,3715,360319,49837,12330,18225407210,360319,15207886,360319,0.138313549937694,0.0342196775634924,50581.3104776601,42.2067279271978
2006,22,57436,5640488,543188,988010,404293347610,5640488,259980124,5640488,0.0963015965994432,0.175163921986892,71677.0158202624,46.091778583697
2006,23,19857,1927884,332549,163396,108732355940,1927884,80203811,1927884,0.172494299449552,0.0847540619663839,56399.8435279301,41.6019900574931
2006,24,965,95881,15071,1658,5282896850,95881,3944697,95881,0.157184426528718,0.0172922685412125,55098.4746717285,41.1415921819756
2006,25,9846,1018870,204598,136550,69760250400,1018870,43868399,1018870,0.200808739093309,0.134021023290508,68468.254438741,43.0559335342095
2006,26,5696,548251,60689,179593,37640680780,548251,23725254,548251,0.110695648525949,0.327574413908958,68655.9272668905,43.2744381679194
2006,27,7848,798472,150091,27361,40474923160,798472,33387713,798472,0.187972778005991,0.0342666993958461,50690.4727529582,41.8145069582903
2006,28,109,10671,1779,2311,527710840,10671,461532,10671,0.166713522631431,0.216568269140662,49452.8010495736,43.2510542592072
2006,29,2074,212588,42000,20063,8448504190,212588,8564382,212588,0.197565243569722,0.0943750352795078,39741.2092404087,40.28629085367
2006,33,4401,420536,48984,6869,23249497230,420536,18112660,420536,0.116479920862899,0.0163339167158103,55285.391096125,43.0704148990812
2006,34,357,41479,10735,12473,1967079350,41479,1742422,41479,0.258805660695774,0.300706381542467,47423.4998432942,42.0073290098604
2006,35,1023,96711,7167,14504,4022884140,96711,4071178,96711,0.074107392127059,0.149972598773666,41596.9655985358,42.0963282356712
2006,36,1547,147014,13373,1067,8743864680,147014,6163806,147014,0.0909641258655638,0.00725781218115282,59476.4082332295,41.926660045982
2006,37,1827,177521,28017,4005,8540283500,177521,7251273,177521,0.157823581435436,0.0225607111271343,48108.5815199329,40.8474096022442
2006,43,1880,183081,26732,46702,11152044440,183081,8070028,183081,0.146011874525483,0.255089277423654,60913.1719839852,44.0790032827
2006,44,1285,119240,19817,519,9763973400,119240,5158080,119240,0.166194230124119,0.00435256625293526,81885.050318685,43.2579671251258
2006,45,294,29838,5574,502,1968373240,29838,1342452,29838,0.186808767343656,0.0168241839265366,65968.6721630136,44.9913533078625
2006,47,262,24772,4077,1722,2568781500,24772,1242795,24772,0.16458097852414,0.0695139673825287,103696.976424996,50.1693444211206
2006,48,611,58364,10036,730,4923098320,58364,2605913,58364,0.171955314920156,0.012507710232335,84351.6263450072,44.6493214995545
2006,53,3059,289320,50631,21926,20608525200,289320,12663341,289320,0.175,0.0757845983685884,71230.9041891332,43.7693246232545
2006,55,3066,306012,43323,8066,23425270200,306012,13374024,306012,0.141572879494922,0.0263584434597336,76550.1686208384,43.7042468922787
2006,56,1665,157769,22710,2222,10408569000,157769,7062340,157769,0.143944627905355,0.0140838821314707,65973.4738763635,44.7638002395908
2006,57,2385,235298,37981,3892,16316546840,235298,10478145,235298,0.161416586626321,0.0165407270780032,69344.1798910318,44.5313814822056
2006,59,5294,504017,76066,21117,37604367998,504017,22006455,504017,0.150919512635487,0.0418973963179813,74609.3246815088,43.6621284599527
2006,64,17343,1767722,362279,109279,101065779866,1767722,73533803,1767722,0.204941161562734,0.0618191095658707,57172.8924944081,41.5980584051112
2006,65,1660,161856,20621,2053,10240171480,161856,6894856,161856,0.127403370897588,0.0126841142744168,63267.1725484381,42.5987050217477
2006,66,228,20547,5313,488,2294401200,20547,875822,20547,0.258577894583151,0.0237504258529226,111665.995035772,42.6252980970458
2006,68,340,32663,6001,1283,2258931900,32663,1302059,32663,0.183724703793283,0.0392799191746012,69158.7392462419,39.8634234454888
2006,69,110,9845,1061,230,836802500,9845,437139,9845,0.107770441848654,0.0233621127475876,84997.7145759269,44.4021330624683
2006,73,901,89974,15413,2072,5877541900,89974,3834379,89974,0.171305043679285,0.0230288750083357,65324.8927467935,42.6165225509592
2006,74,77,7683,1920,122,477818100,7683,302731,7683,0.249902381882077,0.015879213848757,62191.6048418587,39.4027072758037
2006,75,765,72984,11954,5903,4946813180,72984,3143282,72984,0.163789323687384,0.0808807409843253,67779.4198728488,43.0680971171764
2006,76,1709,164255,30937,3929,11397335100,164255,7068252,164255,0.188347386685337,0.0239201241971325,69388.0557669477,43.0321877568415
2006,77,303,27339,5677,3383,1227648200,27339,1133379,27339,0.207652072131387,0.123742638721241,44904.6490361754,41.4564907275321
2006,78,865,85051,16835,1787,4284792400,85051,3492456,85051,0.197940059493716,0.0210109228580499,50379.0948960036,41.0630797991793
2006,79,306,26200,6341,2705,1231716860,26200,1110326,26200,0.242022900763359,0.10324427480916,47012.0938931298,42.3788549618321
2006,83,1054,109039,13557,2373,7327681100,109039,4812461,109039,0.124331661148763,0.0217628554920716,67202.3872192518,44.1352268454406
2006,84,7606,739706,45926,229927,113734526190,739706,39388032,739706,0.062086829091558,0.310835656328325,153756.392661409,53.2482256464055
2006,85,1578,142624,5679,102274,15530242700,142624,5656027,142624,0.0398179829481714,0.717088288086157,108889.406411263,39.6569090756114
2006,86,750,66164,7426,26292,4341621700,66164,3072886,66164,0.112236261411039,0.39737621667372,65619.093464724,46.4434737923947
2006,87,335,29109,1599,17619,2152917000,29109,1156751,29109,0.0549314644955169,0.605276718540658,73960.5276718541,39.7386031811467
2006,88,102,10576,214,7920,880991500,10576,459087,10576,0.0202344931921331,0.748865355521937,83301.0117246596,43.4083774583964
2006,89,722,73673,4606,55714,3296957410,73673,2890528,73673,0.0625195118971672,0.756233626973247,44751.2305729372,39.2345635443107
2006,95,26351,2485472,306008,24877,126757737760,2485472,94022102,2485472,0.123118667198826,0.0100089640921322,50999.4631844575,37.8286707715879
2006,96,2401,224918,45515,11015,18497370280,224918,8780579,224918,0.202362638828373,0.0489734036404379,82240.5066735433,39.0390231106448
2006,97,870,85715,15524,4077,2914731640,85715,3132288,85715,0.181111824068133,0.0475646036283031,34004.9190923409,36.5430554745377
2006,98,982,94175,15963,345,4193935500,94175,3587296,94175,0.16950358375365,0.00366339262012211,44533.4271303425,38.0918078046191
2006,99,940,89965,19757,7301,3761223900,89965,3222380,89965,0.219607625187573,0.0811537820263436,41807.6351914634,35.8181515033624
2006,103,2392,228244,45296,21199,10400119870,228244,8453860,228244,0.198454285764357,0.0928786737000754,45565.7974360772,37.0386954312052
2006,104,1288,115575,20252,11909,5122984180,115575,4190586,115575,0.175228206792126,0.103041315163314,44326.0582305862,36.2585853341986
2006,105,1248,120830,26474,16503,4396059650,120830,4414941,120830,0.219101216585285,0.136580319457088,36382.1869568816,36.5384507158818
2006,106,928,99702,22930,2462,5299684760,99702,4068948,99702,0.229985356361959,0.024693586888929,53155.2502457323,40.8110970692664
2006,154,11750,1128951,229735,102,52965559510,1128951,43473098,1128951,0.203494217198089,9.03493597153464e-05,46915.7293009174,38.5075153837501
2006,155,5158,529113,152497,12547,10664853050,529113,18832945,529113,0.288212536830507,0.0237132710782007,20156.0971852893,35.593427112923
2006,156,34611,3104717,550902,8298,125200270940,3104717,126401550,3104717,0.177440327089393,0.0026727073675314,40325.8238802442,40.7127445110134
2006,157,7819,734131,135862,2720,31642200040,734131,30949316,734131,0.185065063319762,0.00370506081339706,43101.571844807,42.1577565856775
2006,158,2174,219130,38994,982,8664453480,219130,8780677,219130,0.177949162597545,0.00448135809793273,39540.2431433396,40.0706293068042
2006,159,17154,1676678,358927,147508,32614850600,1676678,53921292,1676678,0.214070322387483,0.0879763436986708,19452.0656918025,32.1595989212001
2006,163,5952,597212,132337,32843,19878782280,597212,22933819,597212,0.221591327702725,0.0549938715230103,33285.9726194383,38.4014704995881
2006,164,1917,168834,14387,609,6284241270,168834,6124579,168834,0.0852138787211107,0.00360709335797292,37221.4202707985,36.2757442221354
2006,165,376,35148,6053,1458,1322106080,35148,1335565,35148,0.172214635256629,0.0414817343803346,37615.4000227609,37.9983213838625
2006,166,1648,163934,31911,20915,11727687880,163934,6937796,163934,0.194657606109776,0.127581831712762,71539.0820696134,42.3206656337307
2006,167,1678,151243,11157,55055,6688441550,151243,5866442,151243,0.0737687033449482,0.36401684706069,44223.1478481649,38.7881885442632
2006,169,372,37718,9087,2667,1972775300,37718,1532987,37718,0.240919454902169,0.0707089453311416,52303.2849037595,40.6433798186542
2006,173,217,20384,3222,561,1341795500,20384,843938,20384,0.158065149136578,0.0275215855572998,65825.9173861853,41.4019819466248
2006,174,6982,691705,135610,13324,24826174690,691705,27464690,691705,0.196051785081791,0.0192625468949914,35891.2754570229,39.7057849805914
2006,175,3072,322888,99629,40997,5729710260,322888,10320752,322888,0.308555907930923,0.12696972324769,17745.1941849806,31.9638760189292
2006,176,5513,500007,59798,1769,17563508660,500007,21801142,500007,0.11959432567944,0.00353795046869344,35126.5255486423,43.6016735765699
2006,178,9816,929954,72873,296606,101872071360,929954,43882180,929954,0.0783619404830777,0.318946958666773,109545.28004611,47.1874737890261
2006,183,1676,163691,24230,69316,5682557020,163691,6096792,163691,0.148022799054316,0.423456390394096,34715.1463428044,37.2457373954585
2006,184,578,54427,4145,5505,2900461730,54427,2156238,54427,0.0761570544031455,0.101144652470281,53290.8617046686,39.6170650596212
2006,185,7330,748576,174269,179243,26642884240,748576,29638693,748576,0.232800677553114,0.239445293463857,35591.4218997136,39.5934320630103
2006,186,1378,144321,25744,66129,3153062250,144321,4287963,144321,0.178380138718551,0.458207745234581,21847.5637641092,29.7112894173405
2006,187,1484,155838,35653,41865,7645057970,155838,6612115,155838,0.228782453573583,0.268644361452277,49057.726421027,42.4294138785149
2006,188,1985,192151,27991,105432,5116105490,192151,7406427,192151,0.14567189345879,0.548693475443792,26625.4429589229,38.5448267248154
2006,189,1258,129066,28826,61459,2902996050,129066,4887891,129066,0.223343095780453,0.476182728216571,22492.3376412068,37.8712519176235
2006,193,173,21319,13889,5633,465151700,21319,698709,21319,0.651484591209719,0.264224400769267,21818.6453398377,32.7740044092124
2006,194,930,98508,22435,32983,2326743880,98508,3302192,98508,0.227748000162423,0.334825597920981,23619.8469159865,33.5220692735615
2006,195,2817,277410,62530,39455,12974071330,277410,11112712,277410,0.225406438124076,0.142226307631304,46768.5783857828,40.0588010525936
2006,198,439,48214,12026,11473,1894115080,48214,1691747,48214,0.249429626249637,0.237959928651429,39285.5826108599,35.0882938565562
2006,199,2141,235022,80168,36885,5689339250,235022,7463205,235022,0.341108491970964,0.156942754295343,24207.6880036763,31.7553463080052
2006,203,3097,311371,66767,2325,12095754030,311371,12120705,311371,0.214429089414236,0.00746697669339791,38846.7584649823,38.9268910720652
2006,204,1430,133649,23034,2766,5459315730,133649,4082917,133649,0.172346968551953,0.0206960022147566,40848.1599563035,30.549551436973
2006,205,927,97866,22892,1059,2491622700,97866,3698074,97866,0.233911675147651,0.0108209183986267,25459.5334436883,37.7871170784542
2006,206,2782,270081,58028,3511,12105540960,270081,10407517,270081,0.214854062299829,0.0129998037625749,44821.8903217924,38.5347988196134
2006,207,6255,617759,104242,8020,19880230070,617759,23817725,617759,0.168742179393582,0.0129824089976836,32181.2067003475,38.5550433097697
2006,208,3229,338432,96718,8978,12974677060,338432,14786854,338432,0.285782668305598,0.0265282242813918,38337.618960382,43.6922454141452
2006,214,5700,570448,139540,8412,23202179950,570448,22886135,570448,0.244614758926318,0.0147463046587945,40673.610828682,40.1195814517712
2006,217,2091,206632,53942,15654,8173274630,206632,8468376,206632,0.26105346703318,0.0757578690619072,39554.7380367029,40.9828874520887
2006,218,1165,116312,30652,10673,4689794110,116312,4835423,116312,0.263532567576862,0.0917618130545429,40320.8104924685,41.5728643648119
2006,223,553,50248,10668,1401,1931849600,50248,2070432,50248,0.212306957490845,0.0278817067345964,38446.2983601337,41.204266836491
2006,224,762,71383,12977,790,3105320830,71383,2994220,71383,0.181793984562151,0.0110670607847807,43502.2460529818,41.9458414468431
2006,225,149,14029,2804,487,750336600,14029,604173,14029,0.199871694347423,0.0347138071138356,53484.6817307007,43.066006130159
2006,226,1327,123924,13118,3702,11358982400,123924,5548153,123924,0.105855201575159,0.0298731480584875,91660.8760207869,44.7706094057648
2006,227,348,34374,6141,69,2747110300,34374,1412738,34374,0.178652469890033,0.00200733112235992,79918.2608948624,41.0990283353698
2006,228,827,88640,25388,14317,3455845760,88640,3614189,88640,0.286416967509025,0.161518501805054,38987.4296028881,40.7737928700361
2006,229,12798,1301782,232073,61193,93478999660,1301782,55132656,1301782,0.178273320724975,0.0470071025717056,71808.4899468575,42.3516810034245
2006,233,643,63234,12499,491,2466656880,63234,2779615,63234,0.197662649840276,0.00776481007053168,39008.3954834425,43.9576019230161
2006,234,5576,577594,137074,40000,23193976130,577594,22573848,577594,0.237318947218981,0.0692527969473367,40156.1929833066,39.0825527966011
2006,243,40866,4220008,827058,833595,190643277482,4220008,191731283,4220008,0.195984936521447,0.197533985717563,45176.0464629451,45.4338671869816
2006,253,5022,489173,82034,128384,26675910190,489173,20580596,489173,0.16769936198441,0.262451116476175,54532.6708342447,42.0722239371347
2006,254,9808,982690,118216,495390,43602332830,982690,40952644,982690,0.120298364692833,0.504116252327794,44370.3841801585,41.6740213088563
2006,255,3749,396791,85173,61644,37091254470,396791,17781354,396791,0.214654566257803,0.155356346288096,93478.0639429826,44.8128964618653
2006,256,2156,222545,48388,26317,12302405620,222545,9311575,222545,0.217430182659687,0.118254734997416,55280.5303197106,41.8413129928778
2006,258,300,28867,3178,1734,2382151100,28867,1349286,28867,0.110091107492985,0.0600685904319812,82521.6025219108,46.7414694980428
2006,274,26783,2739516,529728,261375,149022209670,2739516,116474553,2739516,0.193365543402557,0.095409189068434,54397.2766247761,42.516471157679
2006,275,29608,3239206,1009779,238670,77513774300,3239206,114207310,3239206,0.311736579890257,0.0736816367961778,23929.8687085662,35.2578100929672
2006,276,26399,2977678,950107,48310,36479320672,2977678,90894082,2977678,0.319076475025171,0.0162240510894731,12250.9286336535,30.525154835412
2006,277,1911,193668,34786,99329,2290636930,193668,5546014,193668,0.179616663568581,0.512882871718611,11827.6479852118,28.6367081810108
2006,283,421,45703,8874,13181,668137980,45703,1204242,45703,0.194166684900335,0.288405575126359,14619.1274095792,26.3492987331247
2006,303,16109,1579550,224031,53917,67995919132,1579550,65981888,1579550,0.141832167389446,0.0341344053686176,43047.6522629863,41.7725858630623
2006,308,1527,158401,28816,2524,5654442720,158401,6172263,158401,0.181918043446695,0.015934242839376,35697.0140340023,38.9660608203231
2006,313,39535,3712313,615190,140609,101743031656,3712313,136456172,3712313,0.165716091288639,0.0378763859620673,27406.9109086438,36.7577227458999
2006,315,3420,315028,75952,15356,7188043370,315028,10974299,315028,0.241096029559277,0.0487448734715644,22817.1571098442,34.8359479157408
2006,316,1892,199055,55207,3667,5819264880,199055,7425942,199055,0.277345457285675,0.0184220441586496,29234.4572103188,37.3059807590867
2006,317,1037,123348,61123,729,1871698090,123348,4378642,123348,0.495532963647566,0.00591010798715828,15174.1259688037,35.4982812854688
2006,318,2254,241532,50074,19187,7406038560,241532,9420829,241532,0.20731828494775,0.0794387493168607,30662.7633605485,39.0044755974364
2006,319,10194,1115448,366441,13974,20791001590,1115448,37963733,1115448,0.328514641650709,0.0125277018740452,18639.1491042164,34.03451617646
2006,326,1489,152372,38314,5690,3758724730,152372,5822725,152372,0.251450397710866,0.0373428188906098,24668.0802903421,38.2138778778253
2006,328,523,54430,12174,796,1663266850,54430,2065040,54430,0.223663420907588,0.0146242880764284,30557.9064853941,37.9393716700349
2006,329,1844,173593,46811,311,2582734230,173593,4667383,173593,0.269659490878088,0.001791546894172,14878.1012483222,26.8869309246341
2006,335,3750,386582,102561,8609,7959900400,386582,12827510,386582,0.265302057519491,0.0222695314318825,20590.4579106115,33.181860510836
2006,336,935,94209,18250,1142,3085753680,94209,3648877,94209,0.193718222250528,0.0121219840991837,32754.340668089,38.7317241452515
2006,337,15270,1439962,209076,126798,40874970670,1439962,52899154,1439962,0.145195498214536,0.0880564903796072,28386.1453774475,36.7364930463443
2006,338,1680,164632,27885,6521,5073679700,164632,6305862,164632,0.169377763739735,0.0396095534282521,30818.3081053501,38.3027722435493
2006,344,4241,432927,83021,15089,11791719280,432927,16487416,432927,0.191766741275088,0.0348534510437094,27237.1999898366,38.0835937698503
2006,346,963,97450,8525,0,4167268200,97450,4075359,97450,0.0874807593637763,0,42763.1421241662,41.82
2006,347,503,54089,16559,487,1182408290,54089,1920047,54089,0.306143578176709,0.00900367912144798,21860.4206030801,35.4979200946588
2006,348,846,90894,22277,772,2125372270,90894,3375022,90894,0.245087684555636,0.0084934099060444,23382.9765441063,37.131405813365
2006,349,100,11856,3917,117,493433300,11856,497069,11856,0.330381241565452,0.00986842105263158,41618.8680836707,41.9255229419703
2006,354,1484,144529,9895,0,6223197610,144529,5992994,144529,0.068463768517045,0,43058.469995641,41.4656850874219
2006,355,3664,334580,30570,0,14397262920,334580,13898444,334580,0.09136828262299,0,43030.8533684022,41.5399725028394
2006,356,1107,125114,31219,1496,2736324140,125114,4492184,125114,0.249524433716451,0.0119570951292421,21870.6470898541,35.9047268890772
2006,357,2513,275977,47617,35158,8263349970,275977,11172120,275977,0.17253974063056,0.127394674193864,29942.1689850966,40.4820691579371
2006,359,2566,267720,61171,5438,8769802220,267720,11418857,267720,0.228488719557747,0.0203122665471388,32757.3667264306,42.6522374122217
2006,364,5486,608567,156925,4871,15507239650,608567,24439977,608567,0.257859857665631,0.00800404885575459,25481.5651358026,40.1598788629683
2006,365,12989,1434032,444426,10787,27836699884,1434032,51198776,1434032,0.309913586307697,0.00752214734399232,19411.4914339429,35.7026733015721
2006,366,407,42160,10896,0,1317064740,42160,1671789,42160,0.258444022770398,0,31239.6759962049,39.6534392789374
2006,368,702,72872,13845,1595,2185863240,72872,3009792,72872,0.189990668569547,0.021887693489955,29995.9276539686,41.3024481282248
2006,373,4792,480051,79419,10019,21704019720,480051,20803446,480051,0.165438672141085,0.0208706991548815,45211.9039852016,43.3359080597687
2006,375,5598,578471,125735,14903,21323517310,578471,23300045,578471,0.217357482051823,0.0257627435083176,36861.8605081327,40.2786742982794
2006,376,20717,2266862,716782,36125,62272016484,2266862,85590155,2266862,0.31620010393222,0.0159361266808478,27470.5811310966,37.7571087256304
2006,377,625,60379,10349,0,2353303680,60379,2409363,60379,0.171400652544759,0,38975.5325527087,39.9039897977774
2006,378,1744,198619,59576,2865,5576698790,198619,7832436,198619,0.299951162778989,0.0144246018759535,28077.368177264,39.4344750502218
2006,379,10573,1120897,283164,31802,26969339270,1120897,39597523,1120897,0.252622676302997,0.0283719199890802,24060.4973249103,35.3266383976405
2006,383,4210,429755,203140,627,8163499550,429755,15259056,429755,0.472687926842038,0.00145897080894929,18995.7058091238,35.5064071389513
2006,384,157,15270,2608,1226,357760230,15270,514370,15270,0.17079240340537,0.0802881466928618,23428.9607072692,33.6850032743942
2006,385,4439,455149,122184,8747,10736041740,455149,16705878,455149,0.268448354275193,0.0192178824956223,23587.9717191513,36.7041957688581
2006,386,261,26396,4943,687,995376420,26396,1007425,26396,0.187263221700258,0.026026670707683,37709.365813002,38.1658205788756
2006,389,6431,662237,136168,21442,21933222350,662237,25818992,662237,0.205618230331437,0.0323781365281614,33119.8986918581,38.987540714276
2006,405,10805,1283710,202065,321459,14507980118,1283710,42658439,1283710,0.157407046762898,0.250414034322394,11301.602478753,33.2305886843602
2006,415,834,84432,10514,1653,3995772880,84432,3694304,84432,0.124526245973091,0.0195778851620239,47325.3373128672,43.7547849156718
2006,417,3222,316582,59795,326,17563919180,316582,16548263,316582,0.188876815485403,0.0010297490065765,55479.8414944627,52.2716484196827
2006,418,8972,930716,157468,11799,51385519240,930716,40704624,930716,0.16919017186768,0.0126773365881751,55210.7401613382,43.7347418546581
2006,423,4591,451437,93353,0,18130691140,451437,19234942,451437,0.206790759286456,0,40162.1735480255,42.6082532003358
2006,425,309,31378,4501,69,402334910,31378,794321,31378,0.143444451526547,0.00219899292497928,12822.1973994518,25.3145834661228
2006,426,7119,832746,226782,7547,22652514690,832746,32784305,832746,0.27233033842252,0.00906278745259659,27202.1897313226,39.3689132100304
2006,427,1594,156479,38691,615,1663204320,156479,4206889,156479,0.247260015720959,0.00393023984048978,10628.9298883556,26.8846874021434
2006,434,2984,369548,179802,7205,6907602720,369548,12697218,369548,0.4865457261303,0.0194967906740126,18692.0311299209,34.3587788325197
2006,435,16525,1960028,938758,10927,25021589460,1960028,59461175,1960028,0.478951321103576,0.0055749203582806,12765.9347009328,30.3369007993763
2006,436,23546,2752219,843184,108460,48036665930,2752219,102933550,2752219,0.306365154807811,0.0394082011642242,17453.794894229,37.4002032541742
2006,439,2413,271015,82837,2398,3001921400,271015,8528552,271015,0.305654668560781,0.00884821873328045,11076.5876427504,31.4689297640352
2006,443,6471,726217,173636,4158,7147860660,726217,20018694,726217,0.239096578570868,0.00572556136802085,9842.5961661597,27.5657193373331
2006,444,8024,946521,286981,9222,9660207020,946521,28618160,946521,0.303195597350719,0.00974304849020782,10206.0144677192,30.2351030774806
2006,445,2373,244389,78469,210,5832149210,244389,8489380,244389,0.321082372774552,0.000859285810736163,23864.2050583291,34.7371608378446
2006,446,6536,698632,209781,20394,15255232640,698632,25283072,698632,0.300273963975312,0.0291913339211488,21835.8630008359,36.189398710623
2006,447,22183,2468777,619264,118790,44889310070,2468777,90804033,2468777,0.250838370577821,0.0481169421134432,18182.812813794,36.7809781928461
2006,448,2465,267007,24464,66901,8006941820,267007,11280193,267007,0.0916230660619385,0.250558974109293,29987.7599463684,42.2468062635062
2006,453,19877,2199315,345823,138873,42798092042,2199315,78707429,2199315,0.157241231929032,0.0631437515771956,19459.7372554636,35.7872469382512
2006,454,565,55885,11675,832,1805510720,55885,2372490,55885,0.208911156839939,0.0148877158450389,32307.6088395813,42.4530732754764
2006,455,583,61709,15248,9210,1703028260,61709,2688382,61709,0.247095237323567,0.149248894002496,27597.7290184576,43.5654766727706
2006,456,1477,160448,29440,63629,4170444210,160448,6831854,160448,0.18348623853211,0.396570851615477,25992.497320004,42.5798638811328
2006,457,652,76047,16295,44895,882598850,76047,3102459,76047,0.214275382329349,0.590358594027378,11605.9653898247,40.7965994713795
2006,458,8330,913363,221911,363087,12802051510,913363,32512392,913363,0.242960356397183,0.397527598556105,14016.3894420948,35.5963532571387
2006,459,2188,238881,72393,4495,4697613040,238881,7544776,238881,0.303050472829568,0.0188169004650851,19665.0760839079,31.583826256588
2006,461,359,37820,11386,6078,569791250,37820,1253605,37820,0.301057641459545,0.160708619777895,15065.8712321523,33.1466155473295
2006,462,317,33458,8066,67,255116480,33458,757390,33458,0.241078366907765,0.00200251061031741,7624.97698607209,22.6370374798255
2006,463,1602,163461,21746,1609,5805260590,163461,6219507,163461,0.13303479117343,0.00984332654272273,35514.6523635607,38.0488740433498
2006,464,512,64975,19556,641,1571912960,64975,2523483,64975,0.300977298961139,0.0098653328203155,24192.5811465948,38.8377529819161
2006,465,2838,297716,59943,1189,10190448170,297716,11629041,297716,0.201342890539978,0.0039937389995835,34228.755491811,39.0608532964302
2006,468,12667,1332652,389860,483896,11146130970,1332652,44700600,1332652,0.29254449023451,0.363107547957006,8363.87216617692,33.5425902636247
2006,469,4154,463021,137023,86600,4612194750,463021,12405349,463021,0.295932581891534,0.187032553599081,9961.09193751471,26.7921951704134
2006,473,6310,409230,40097,409230,1425784300,409230,22599198,409230,0.0979815751533368,1,3484.06592869535,55.2237079393006
2006,475,2307,174578,23510,94610,7686900880,174578,9144215,174578,0.134667598437375,0.541935409960018,44031.3262839533,52.3789652762662
2006,479,7673,756994,235674,28327,12392647004,756994,32355006,756994,0.311328755577983,0.0374203758550266,16370.8655603611,42.7414299188633
2006,485,1731,187283,36105,81605,5287298720,187283,8528457,187283,0.192783114324311,0.435730952622502,28231.5998782591,45.5378064212983
2006,486,9483,1129485,326042,267847,17614051396,1129485,42764460,1129485,0.288664302757451,0.237140820816567,15594.7634505992,37.8619105167399
2006,487,1410,142896,47041,38826,1861880918,142896,4866961,142896,0.329197458291345,0.271708095398052,13029.6223687157,34.0594628261113
2006,488,302,31700,5162,350,554703130,31700,1271818,31700,0.162839116719243,0.0110410094637224,17498.5214511041,40.1204416403786
2006,489,194,14244,1123,124,545118770,14244,590221,14244,0.0788402134231957,0.00870541982589161,38270.0624824488,41.4364644762707
2006,496,1681,145610,29998,31714,3659871240,145610,6690558,145610,0.20601607032484,0.217800975207747,25134.7520087906,45.9484788132683
2006,498,357,36083,5975,23189,570924550,36083,1783288,36083,0.165590444253527,0.642657206994984,15822.5355430535,49.4218329961478
2006,503,3292,306401,25599,6483,16109596690,306401,14154651,306401,0.0835473774563399,0.0211585471326791,52576.8411003881,46.1964908730716
2006,505,7970,870359,219073,144705,26279652902,870359,37355694,870359,0.25170418183761,0.16625898048966,30194.0382095204,42.9198686978592
2006,507,3089,314313,66293,16503,11185309660,314313,13877566,314313,0.21091396156061,0.0525049870670319,35586.5320874415,44.1520586167292
2006,508,1368,140911,28448,1981,6620875520,140911,6084054,140911,0.201886297024363,0.0140585192071591,46986.2219415092,43.1765724464378
2006,509,502,50364,13300,10059,1210394898,50364,2150507,50364,0.264077515685807,0.199725994758161,24032.9381701215,42.6992891748074
2006,514,1654,178173,45835,31710,5325334000,178173,7580069,178173,0.257249976146779,0.177973093566365,29888.5577500519,42.5433090311102
2006,516,2960,287200,76428,16017,9633347864,287200,12617836,287200,0.266114206128134,0.0557694986072423,33542.2975766017,43.9339693593315
2006,518,4088,392459,48364,9808,16742403880,392459,17294037,392459,0.123233254938732,0.0249911455718941,42660.2622949149,44.0658438206284
2006,519,445,42365,8514,82,1607957680,42365,1838938,42365,0.200967780007081,0.00193556001416263,37954.8608521185,43.4070105039537
2006,523,642,70222,24268,8635,2320627560,70222,3128781,70222,0.345589701233232,0.122967161288485,33047.0160348609,44.55556663154
2006,525,2633,285396,74166,25856,10466737150,285396,11463104,285396,0.259870495732246,0.0905969249744215,36674.4353459754,40.1656084878555
2006,526,382,40056,5762,10949,1195973320,40056,1669064,40056,0.143848611943279,0.273342320750949,29857.5324545636,41.6682644297983
2006,527,3492,367618,72153,12020,16618876080,367618,15830939,367618,0.196271673313059,0.0326969843696446,45206.9160922479,43.0635578236104
2006,533,412,45644,12479,2804,2049521800,45644,2048476,45644,0.273398475155552,0.0614319516256244,44902.3267023048,44.8794145999474
2006,534,3440,378935,93608,46903,13344815270,378935,16089218,378935,0.247029173868869,0.123775845461623,35216.6341720876,42.4590444271445
2006,535,995,102008,11831,27083,2952440590,102008,4114856,102008,0.115981099521606,0.265498784409066,28943.225923457,40.3385616814368
2006,536,267,27381,2951,7980,809248200,27381,1164443,27381,0.107775464738322,0.291442971403528,29555.1002519996,42.5274095175487
2006,539,211,21622,3853,949,942642800,21622,912746,21622,0.178198131532698,0.0438904819165665,43596.4665618352,42.2137637591342
2006,543,233,25070,4304,810,1562349200,25070,1060314,25070,0.171679297965696,0.0323095333067411,62319.473474272,42.2941364180295
2006,544,569,52219,5489,939,2715220000,52219,2394060,52219,0.105114996457228,0.0179819605890576,51996.7827802141,45.8465309561654
2006,549,6498,671277,109319,55234,23156107710,671277,28476941,671277,0.162852294954244,0.0822819789744025,34495.6071934537,42.4220418694518
2006,558,10842,1050564,137355,288456,47650318258,1050564,48057674,1050564,0.130744057477698,0.27457251533462,45356.8923530599,45.7446419256704
2006,563,3876,489713,158921,138229,11501832350,489713,20186334,489713,0.324518646635887,0.282265326834289,23486.8838482948,41.2207435783816
2006,567,14319,1641952,443498,504467,38268903690,1641952,68137749,1641952,0.270104119974275,0.307236143322095,23306.9564092008,41.4980151673131
2006,573,1720,224231,79312,52399,4791735450,224231,9321139,224231,0.353706668569466,0.233683121423889,21369.6386761866,41.5693592768172
2006,575,7846,837656,214350,80869,31949467750,837656,35553058,837656,0.255892633730314,0.0965420172481305,38141.5136404443,42.4435066423448
2006,577,1427,142963,28315,4723,7458564900,142963,6304525,142963,0.198058238845016,0.0330365199387254,52171.2953701307,44.0989976427467
2006,579,5039,640174,168126,208683,11680494980,640174,25687136,640174,0.262625473699338,0.325978562078435,18245.812825888,40.1252409501167
2006,583,90,9412,463,6417,139850000,9412,380101,9412,0.0491925201869953,0.681789205269868,14858.6910327242,40.3847216319592
2006,584,415,58861,20313,6570,1435157920,58861,2384274,58861,0.345101170554357,0.111618898761489,24382.1532084063,40.5068551332801
2006,585,5423,610230,150994,82264,21547738990,610230,26075181,610230,0.247437851301968,0.134808187077004,35310.8483522606,42.7300870163709
2006,588,796,101159,33690,12517,2631138860,101159,4286616,101159,0.333040065639241,0.123735900908471,26009.9334710703,42.3750333633191
2006,589,408,47947,14164,6580,1528196200,47947,2000046,47947,0.295409514672451,0.137234863495109,31872.6135107515,41.7136838592613
2006,593,623,77322,24008,2408,2502598550,77322,3270978,77322,0.310493779260754,0.031142495020822,32365.9314296061,42.3033289361372
2006,594,175,20529,6272,1588,620452900,20529,963754,20529,0.305519021871499,0.0773539870427201,30223.2402942179,46.9459788591748
2006,595,1838,243628,82152,44657,5207272630,243628,10031128,243628,0.337202620388461,0.18329994910273,21373.8676588898,41.1739537327401
2006,596,1288,140563,39643,8793,4760445090,140563,5889621,140563,0.282030121724778,0.0625555800601865,33866.9855509629,41.9002226759531
2006,597,918,99067,24340,6904,3701069830,99067,4237340,99067,0.245692309245258,0.0696902096560913,37359.260197644,42.7724671182129
2006,598,263,27353,8521,3873,1078366950,27353,1328132,27353,0.311519760172559,0.141593243885497,39424.0832815413,48.5552590209483
2006,599,713,84541,26584,18648,1838823150,84541,3582644,84541,0.314450976449297,0.220579363858956,21750.6671319242,42.3775919376397
2006,614,291,31695,11564,579,1444295140,31695,1907057,31695,0.364852500394384,0.0182678655939423,45568.548351475,60.1690171951412
2006,615,104,12121,4606,0,438345900,12121,610933,12121,0.380001650028875,0,36164.1696229684,50.4028545499546
2006,616,601,55526,13994,1222,2612204900,55526,2913474,55526,0.252026077873429,0.0220077081007096,47044.7159889061,52.4704462774196
2006,617,466,44825,13976,1561,1707971360,44825,2438856,44825,0.311790295593977,0.034824316787507,38103.0978248745,54.4083881762409
2006,628,10490,1007398,117592,41566,48248123670,1007398,45802421,1007398,0.116728442978843,0.0412607529496783,47893.8052984024,45.4660630654419
2006,634,849,78043,7727,1791,3681352600,78043,3444251,78043,0.0990095203926041,0.0229488871519547,47170.823776636,44.1327345181503
2006,637,3855,377812,56418,10966,14886326410,377812,16642917,377812,0.149328237324384,0.0290250177336877,39401.4123691148,44.0507898108054
2006,643,172,18564,5002,409,785470400,18564,912840,18564,0.269446240034475,0.0220318896789485,42311.4845938375,49.1725921137686
2006,644,94,7789,718,1073,266063700,7789,337938,7789,0.0921812812941327,0.137758377198613,34158.9035819746,43.3865708049814
2006,645,87,7932,608,1417,352751100,7932,330895,7932,0.0766515380736258,0.178643469490671,44471.8986384266,41.7164649520928
2006,649,114,11858,1778,2571,293281400,11858,461083,11858,0.149940968122786,0.216815651880587,24732.7879912296,38.883707201889
2006,657,701,79031,17261,21397,1886903840,79031,3357987,79031,0.218407966494161,0.270741860788804,23875.4898710633,42.4894914653744
2006,658,249,26693,4539,7037,558832090,26693,1062546,26693,0.170044580976286,0.263627168171431,20935.5295395797,39.8061664106695
2006,666,741,78403,4682,28243,1420678500,78403,2951200,78403,0.0597171026618879,0.36022856268255,18120.2058594697,37.6414167825211
2006,668,407,44397,7412,10919,914232000,44397,1781129,44397,0.166948217221884,0.245940040993761,20592.2021758227,40.118228709147
2006,669,101,10080,731,4662,154262400,10080,442752,10080,0.0725198412698413,0.4625,15303.8095238095,43.9238095238095
2006,675,350,37755,8309,6018,998026080,37755,1591791,37755,0.220076811018408,0.159396106475963,26434.2757250695,42.1610647596345
2006,677,480,46899,10796,2274,1427264600,46899,1755637,46899,0.230196805902045,0.0484871745666219,30432.7299089533,37.434422908804
2006,678,5011,529560,179201,12671,13862928220,529560,19715755,529560,0.338396026890249,0.0239274114359091,26178.2011858902,37.230446030667
2006,679,344,35022,7312,1724,873477350,35022,1405502,35022,0.208783050653875,0.0492262006738621,24940.8186282908,40.1319741876535
2006,686,2062,245151,64445,5566,6075297030,245151,10056895,245151,0.262878797149512,0.0227043740388577,24781.8570187354,41.0232672924035
2006,687,1389,160155,39026,11239,3027550260,160155,6141138,160155,0.243676438450251,0.0701757672255003,18903.8759951297,38.3449658143673
2006,688,717,78769,20316,2186,1627640200,78769,2986280,78769,0.257918724371263,0.0277520344297884,20663.4615140474,37.9118688824284
2006,694,784,70069,10085,165,2809060560,70069,2923496,70069,0.143929555152778,0.00235482167577673,40089.9193651972,41.7231015142217
2006,695,529,45509,3605,0,3031142500,45509,1973065,45509,0.0792151003098288,0,66605.341800523,43.3554901228329
2006,696,932,94336,11610,764,4504034750,94336,4025389,94336,0.123070725915875,0.00809871099050204,47744.6017427069,42.6707619572592
2006,699,430,42218,5547,293,2211358610,42218,1894987,42218,0.131389454734947,0.00694016770098062,52379.5208205031,44.8857596285944
2006,703,151,14071,2304,295,439214060,14071,613211,14071,0.163741027645512,0.0209651055362092,31214.132613176,43.5797740032691
2006,706,1165,122717,30022,1323,3290025970,122717,5151832,122717,0.24464418132777,0.0107809024014603,26809.863099652,41.9814043694028
2006,707,126,12848,2316,0,425774700,12848,548185,12848,0.180261519302615,0,33139.3757783313,42.6669520547945
2006,708,68,5816,1196,33,185283000,5816,247583,5816,0.205639614855571,0.00567400275103164,31857.462173315,42.5692916093535
2006,709,526,53083,14583,1068,1582481510,53083,2225832,53083,0.27472072038129,0.0201194356008515,29811.4558333176,41.9311644029162
2006,713,93,8224,1142,0,292901300,8224,347457,8224,0.13886186770428,0,35615.4304474708,42.2491488326848
2006,719,549,57245,10473,826,1740933160,57245,2437477,57245,0.182950476024107,0.0144292077910735,30411.9689055813,42.5797362215041
2006,723,163,18606,3839,268,579902200,18606,796891,18606,0.206331290981404,0.0144039557132108,31167.4836074385,42.8297860905084
2006,724,84,8365,1972,168,318714400,8365,369601,8365,0.235744172145846,0.0200836820083682,38100.9444112373,44.1842199641363
2006,726,4460,477709,92871,3027,14359171470,477709,20295841,477709,0.19440914866582,0.00633649355570023,30058.4068334488,42.4857831859982
2006,727,511,52571,12823,2510,1183168590,52571,2147339,52571,0.243917749329478,0.0477449544425634,22506.1077400088,40.8464552700158
2006,729,332,35273,9595,1124,825857250,35273,1439557,35273,0.272021092620418,0.0318657329969098,23413.297706461,40.8118674340147
2006,733,306,28240,5011,7330,642990260,28240,1136004,28240,0.177443342776204,0.259560906515581,22768.7769121813,40.2267705382436
2006,734,619,72282,11326,3893,2316864380,72282,2934499,72282,0.15669184582607,0.0538584986580338,32053.1305165878,40.5979220276141
2006,736,2098,219336,37544,6656,7257605570,219336,8955409,219336,0.171171171171171,0.0303461356092935,33088.9847995769,40.829635809899
2006,738,200,21160,3671,83,492683600,21160,852499,21160,0.173487712665406,0.00392249527410208,23283.7240075614,40.2882325141777
2006,739,161,17042,1384,646,426156240,17042,690434,17042,0.0812111254547588,0.0379063490200681,25006.2340100927,40.5136721042131
2006,743,142,15126,2525,277,318300000,15126,582635,15126,0.166931111992596,0.0183128388205738,21043.2368107894,38.518775618141
2006,744,2285,249004,34205,16832,4233331920,249004,9564807,249004,0.137367271208495,0.0675973076737723,17001.0599026522,38.4122624536152
2006,745,43,4602,1420,0,98777760,4602,188067,4602,0.308561495002173,0,21464.0938722295,40.8663624511082
2006,747,504,63056,8445,1815,1058682430,63056,2377988,63056,0.133928571428571,0.02878393808678,16789.5589634611,37.7123192083228
2006,748,1615,191092,38362,20384,3206549090,191092,7206273,191092,0.200751470495887,0.106671132229502,16780.1325539531,37.7110135432148
2006,749,258,30007,4391,2110,722110200,30007,1163709,30007,0.146332522411437,0.0703169260505882,24064.7248975239,38.7812510414237
2006,753,124,12061,2647,580,291895050,12061,490671,12061,0.219467705828704,0.0480888815189454,24201.5628886494,40.6824475582456
2006,754,2441,286290,71848,1359,5889996600,286290,11506658,286290,0.250962310943449,0.00474693492612386,20573.5324321492,40.1923154842991
2006,755,547,55842,12105,213,1720391680,55842,2367326,55842,0.216772321908241,0.003814333297518,30808.2031445865,42.3932882060098
2006,756,899,95122,27010,2173,2909247260,95122,4107097,95122,0.283951136435315,0.0228443472593091,30584.3785874982,43.1771514476146
2006,757,547,54689,5896,1479,2561468100,54689,2418778,54689,0.107809614364863,0.027043829654958,46836.9891568688,44.2278703212712
2006,759,1544,171190,42060,12016,4968319040,171190,7185034,171190,0.245691921257083,0.0701910158303639,29022.2503650914,41.9711081254746
2006,763,101,10813,2156,28,250353610,10813,394798,10813,0.199389623601221,0.00258947563118469,23153.0204383612,36.511421437159
2006,764,80,8992,2248,311,181370150,8992,359258,8992,0.25,0.0345862989323843,20170.1679270463,39.9530693950178
2006,765,391,39985,8467,98,1388269280,39985,1677413,39985,0.211754407902964,0.0024509190946605,34719.7519069651,41.9510566462423
2006,766,423,41331,8472,137,1550556100,41331,1819178,41331,0.204979313348334,0.00331470324937698,37515.5718467978,44.0148556773366
2006,769,843,90738,19655,2615,2061184610,90738,3621958,90738,0.216612665035597,0.02881923780555,22715.781811369,39.9166611562962
2006,773,72,6738,3782,136,101332600,6738,220750,6738,0.561294152567528,0.0201840308696943,15038.9729890175,32.761947165331
2006,774,594,68682,24037,1909,1427920200,68682,2448382,68682,0.349975248245537,0.0277947642759384,20790.3118721062,35.6480882909642
2006,779,11550,1221731,275643,15561,35668687410,1221731,50406697,1221731,0.225616768339348,0.0127368463270556,29195.2053357081,41.2584251361388
2006,783,5805,606276,145945,35041,18932659960,606276,26688852,606276,0.240723696798158,0.0577971089074943,31227.7905772289,44.0209607505493
2006,785,12140,1313628,282016,26919,35582275920,1313628,53287487,1313628,0.214684827059107,0.0204921027870904,27087.0260987129,40.5651272658622
2006,799,7082,735011,144616,10139,24660158920,735011,30953541,735011,0.196753517974561,0.0137943513770542,33550.7345060142,42.1130309614414
2006,803,2402,247240,39181,13628,10750565010,247240,11253459,247240,0.158473547969584,0.0551205306584695,43482.3046837081,45.5163363533409
2006,804,35092,3713641,657113,348631,119317319280,3713641,171047307,3713641,0.17694575216075,0.0938784874466864,32129.4705869523,46.0591928514361
2006,808,4728,486000,35248,6530,11766236140,486000,17567909,486000,0.0725267489711934,0.0134362139917695,24210.3624279835,36.1479609053498
2006,809,2492,310911,34442,67717,6402411030,310911,13292700,310911,0.11077768235926,0.21780187899431,20592.4236517846,42.7540357208333
2006,813,525,69177,28886,2075,1096781820,69177,2425165,69177,0.41756653222892,0.0299955187417783,15854.7178975671,35.0573890165807
2006,823,463,47532,10623,0,2634303800,47532,2452887,47532,0.223491542539763,0,55421.6906505091,51.6049608684676
2006,824,553,56700,6110,109,3455566940,56700,2955551,56700,0.107760141093474,0.00192239858906526,60944.7432098765,52.1261199294533
2006,825,84,9152,1523,0,435600000,9152,426807,9152,0.166411713286713,0,47596.1538461539,46.6353802447553
2006,829,545,56061,11546,5382,2752506560,56061,3249515,56061,0.205954228429746,0.0960025686305988,49098.420648936,57.9639143076292
2006,844,4138,407729,83929,27157,15082801730,407729,18441787,407729,0.205845058850364,0.0666055149376179,36992.2221132174,45.2305011416897
2006,848,777,80538,16621,1283,3607212510,80538,3731986,80538,0.206374630609153,0.0159303682733616,44788.9506816658,46.3382006009586
2006,853,545,53795,10568,14296,1627572930,53795,2420236,53795,0.196449484152802,0.265749604981876,30255.0967562041,44.9899804814574
2006,859,222,18968,3359,2371,784093500,18968,932422,18968,0.177087726697596,0.125,41337.7003374104,49.1576339097427
2006,865,190,21563,6839,939,419201550,21563,849635,21563,0.317163659973102,0.0435468163057089,19440.7805036405,39.4024486388721
2006,866,795,102845,39884,3818,1875455390,102845,4042503,102845,0.387806893869415,0.0371238271184793,18235.7469006758,39.3067528805484
2006,869,15236,1828361,563408,308817,42265948606,1828361,74231868,1828361,0.308149211233449,0.168903734000014,23116.8508877623,40.6002250102688
2006,874,435,51298,15111,1309,997809720,51298,1960515,51298,0.294572887831884,0.0255175640375843,19451.2402042965,38.2181566532808
2006,875,739,86362,22614,9647,1952254010,86362,3358791,86362,0.261851277182094,0.111704221764202,22605.4747458373,38.8920011116
2006,878,308,36559,10896,453,778706130,36559,1438012,36559,0.29803878661889,0.0123909297300254,21299.9844087639,39.3340080417955
2006,883,174,19604,3137,0,732037600,19604,798455,19604,0.160018363599265,0,37341.2364823505,40.7291879208325
2006,885,1019,113400,39811,2431,1787795710,113400,4117286,113400,0.351067019400353,0.0214373897707231,15765.3942680776,36.3076366843034
2006,887,2722,345249,109255,20411,5834159470,345249,12833820,345249,0.316452763078242,0.0591196498758867,16898.4109150208,37.172649305284
2006,888,3301,412209,105317,3638,7346843430,412209,15582295,412209,0.255494178923798,0.00882562001314867,17823.1029162391,37.8019281480996
2006,889,18461,2019215,597332,33510,43953575000,2019215,75305868,2019215,0.295823872148335,0.0165955581748353,21767.6547569229,37.2946258818402
2006,905,9559,981025,485519,0,37174082420,981025,49605404,981025,0.494909915649448,0,37893.104069723,50.5648724548304
2007,4,11184,1069406,36005,333582,147851730170,1069406,52763358,1069406,0.033668223294053,0.311932044518172,138255.938502309,49.3389395608403
2007,7,10775,1073286,147962,48534,89774826730,1073286,48039657,1073286,0.137858874521796,0.0452200065965642,83644.8316012694,44.7594182724828
2007,8,3865,355734,42137,16636,25191462560,355734,15950911,355734,0.118450864972142,0.046765279675263,70815.4479470616,44.8394333968639
2007,13,10134,1010040,168568,55298,83387969430,1010040,46005234,1010040,0.166892400300978,0.0547483267989387,82559.0763039088,45.5479327551384
2007,14,8407,764974,67463,26300,46052790500,764974,33630353,764974,0.0881899254092296,0.0343802534465224,60201.772217095,43.9627399101146
2007,15,5072,483070,33643,25132,33686507070,483070,21480560,483070,0.0696441509512079,0.0520255863539446,69734.2146479806,44.4667646510858
2007,17,8827,1008899,251522,237340,37205535310,1008899,47405844,1008899,0.249303448610812,0.235246541031362,36877.3636508709,46.9877004536629
2007,18,4702,491273,59059,125223,25639720800,491273,20392951,491273,0.12021625450615,0.254894936216727,52190.3723591567,41.510424957203
2007,19,405,38886,4249,10406,2036411500,38886,1799445,38886,0.109268117060124,0.267602736203261,52368.7573934064,46.2748804196883
2007,21,3811,373373,50107,12566,19909329880,373373,15914516,373373,0.134200919723708,0.0336553526902052,53322.8966208055,42.623639095489
2007,22,60140,5898276,563732,1063866,442462773990,5898276,272342817,5898276,0.0955757241607548,0.180368975612535,75015.6103224061,46.1732914838166
2007,23,21003,2001547,337219,172897,118901626840,2001547,83593543,2001547,0.168479181353223,0.0863816837676058,59404.8637578833,41.7644666850191
2007,24,963,96236,18120,1326,5448111300,96236,4020446,96236,0.188287127478283,0.0137786275406293,56611.9882372501,41.7769441788936
2007,25,9913,1020620,209913,142263,74575381500,1020620,43991064,1020620,0.20567204248398,0.139388802884521,73068.7048068821,43.1022946836237
2007,26,6433,616758,78189,190148,44293963080,616758,26780360,616758,0.126774196686545,0.308302446016104,71817.4114968918,43.4211797820215
2007,27,8260,827916,150597,26758,44133663910,827916,34877101,827916,0.181898888293015,0.0323197039313167,53306.9344112205,42.1263763473589
2007,28,118,11002,1517,2432,567464400,11002,510130,11002,0.137884021087075,0.221050718051263,51578.2948554808,46.3670241774223
2007,29,2062,208162,46688,20575,8505025770,208162,8422959,208162,0.224286853508325,0.0988412870744901,40857.7250891133,40.4634803662532
2007,33,4435,423986,43388,5132,24871986000,423986,18276868,423986,0.102333567617799,0.0121041732510036,58662.2813017411,43.1072441071167
2007,34,346,39185,11527,12036,2301117304,39185,1648511,39185,0.294168686997576,0.307158351409978,58724.4431287482,42.0699502360597
2007,35,1032,103002,8798,12042,4582948540,103002,4295616,103002,0.0854158171685987,0.116910351255315,44493.7820624842,41.7041999184482
2007,36,1755,169729,16810,1544,10863562600,169729,7246482,169729,0.0990402347271238,0.00909685439730394,64005.3414560859,42.6944246416346
2007,37,2077,198084,34290,5714,9770630460,198084,8091746,198084,0.173108378263767,0.0288463480139739,49325.6924335131,40.8500737061045
2007,43,1932,188120,27392,47909,12563579130,188120,8332364,188120,0.145609185626196,0.25467254943653,66784.9198915586,44.2928130980225
2007,44,1400,130813,20425,995,11160780800,130813,5635627,130813,0.156138915856987,0.00760627766353497,85318.5906599497,43.0815515277534
2007,45,318,30617,3540,337,2178383500,30617,1359351,30617,0.115622040043113,0.0110069569193585,71149.4757814286,44.3985694222164
2007,47,262,25272,5368,1524,2558246100,25272,1268444,25272,0.212408990186768,0.060303893637227,101228.478157645,50.1916745805635
2007,48,595,56970,10362,433,4876847700,56970,2547375,56970,0.181885202738283,0.00760049148674741,85603.7862032649,44.7143233280674
2007,53,3151,296845,55860,22222,22055924860,296845,12930076,296845,0.188179015984773,0.0748606174939783,74301.1499604171,43.5583418956021
2007,55,2926,283607,38964,9176,22917650620,283607,12440099,283607,0.137387300031381,0.0323546315852571,80807.7749138773,43.8638644321191
2007,56,1710,161805,21857,1719,11043523190,161805,7236680,161805,0.135082352214085,0.0106238991378511,68252.0514817218,44.7246994839467
2007,57,2316,228347,41528,4528,16364607000,228347,10233515,228347,0.181863567290133,0.0198294700609161,71665.5222096196,44.8156314731527
2007,59,5242,488025,75603,23417,38899379370,488025,21459034,488025,0.154916244044875,0.0479831975820911,79707.7595819886,43.9711777060601
2007,64,17943,1842583,373809,99483,110361420220,1842583,76611384,1842583,0.202872272239568,0.0539910549484067,59894.9519343226,41.5782540053827
2007,65,1736,166859,23696,2730,10641189960,166859,7142556,166859,0.14201211801581,0.0163611192683643,63773.5450889673,42.8059379476085
2007,66,215,20705,6509,351,2312390300,20705,882710,20705,0.314368510021734,0.0169524269500121,111682.699830959,42.6326974160831
2007,68,401,38491,8470,1141,2728045000,38491,1551321,38491,0.220051440596503,0.0296432932373802,70874.879842041,40.3034735392689
2007,69,135,12909,1147,225,1136556700,12909,562516,12909,0.0888527383995662,0.0174297002091564,88043.7446742583,43.5754899682392
2007,73,905,88541,16386,1421,6003428130,88541,3806711,88541,0.185066805208886,0.0160490620164669,67803.9341096215,42.9937656001175
2007,74,80,7485,1425,83,586909900,7485,312687,7485,0.190380761523046,0.0110888443553774,78411.4762859051,41.7751503006012
2007,75,776,72022,11096,5111,5205020400,72022,3073472,72022,0.154064035989003,0.0709644275360307,72269.8675404738,42.674071811391
2007,76,1410,132910,23458,2460,9850790900,132910,5728301,132910,0.176495372808668,0.0185087653299225,74116.2508464374,43.0990971333985
2007,77,273,24427,4093,2588,1232572480,24427,1059017,24427,0.167560486347075,0.105948335857862,50459.4293200147,43.3543619765014
2007,78,878,88107,17524,2579,4658321300,88107,3664051,88107,0.1988945259741,0.0292712270307694,52871.182766409,41.586377926839
2007,79,312,25674,3835,2132,1258253700,25674,1084277,25674,0.149372906442315,0.0830412090052193,49008.8688946015,42.2324920152684
2007,83,1009,96709,9922,599,7199045500,96709,4257854,96709,0.102596449141238,0.00619383924970789,74440.2847718413,44.0274845154019
2007,84,7894,757867,47855,215163,124611475070,757867,40473875,757867,0.0631443247957755,0.283906015171528,164423.935954462,53.4049839879557
2007,85,1582,150615,8142,101703,17250143830,150615,5887692,150615,0.0540583607210437,0.675251468977193,114531.380207815,39.0910068718255
2007,86,756,65775,5020,28276,4718946660,65775,3113793,65775,0.0763207905739263,0.429889775750665,71743.7728620296,47.3400684150513
2007,87,377,33886,2501,19011,2493731000,33886,1324830,33886,0.0738062916838813,0.561028153219619,73591.7783155286,39.0966770937851
2007,88,77,7820,503,5493,822437600,7820,369985,7820,0.0643222506393862,0.702429667519182,105171.04859335,47.3126598465473
2007,89,694,66991,4010,51192,3215846820,66991,2523675,66991,0.059858787001239,0.76416235016644,48004.1620516189,37.6718514427311
2007,95,27046,2540427,316587,26678,136537043170,2540427,96588873,2540427,0.124619601350482,0.010501384216118,53745.7062021463,38.0207236814913
2007,96,2390,221487,38154,13651,19185113850,221487,8774910,221487,0.172262931910225,0.0616334141507177,86619.5932492652,39.6181717211394
2007,97,789,82005,14264,5463,2902038400,82005,3008474,82005,0.173940613377233,0.0666178891531004,35388.5543564417,36.6864703371746
2007,98,997,95683,11484,942,4535447300,95683,3703167,95683,0.120021320401743,0.00984500904026839,47400.7639810625,38.7024549815537
2007,99,973,90698,18963,6130,4008962770,90698,3238388,90698,0.209078480231097,0.0675869368674061,44201.2257161128,35.705175417319
2007,103,2449,235275,50388,19531,11081088110,235275,8805561,235275,0.214166401020083,0.0830134948464563,47098.4512166614,37.4266751673573
2007,104,1342,121823,22662,11935,5757227300,121823,4445266,121823,0.186023985618479,0.0979700056639551,47258.9519220508,36.4895463089893
2007,105,1363,138380,31476,16445,5135521040,138380,5153391,138380,0.22746061569591,0.118839427662957,37111.7288625524,37.2408657320422
2007,106,954,96333,18980,3090,5386466350,96333,4018758,96333,0.197024903200357,0.0320762355579085,55915.069083284,41.7173554233752
2007,154,12236,1172716,246732,0,58056099000,1172716,45077029,1172716,0.210393650295553,0,49505.6765661933,38.4381461496219
2007,155,5216,544187,159885,14610,11452716610,544187,19275519,544187,0.293805254443785,0.0268473888571392,21045.5534770217,35.4207634507991
2007,156,35430,3186501,584898,8073,133661239240,3186501,130742084,3186501,0.183554940042385,0.00253349991103094,41946.084197055,41.0299836717453
2007,157,8012,765964,137383,2623,34500090650,765964,32398759,765964,0.179359604367829,0.00342444292421054,45041.3996610807,42.2980179225133
2007,158,2019,198803,35640,1350,7939827920,198803,7912764,198803,0.179272948597355,0.00679064199232406,39938.1695447252,39.8020351805556
2007,159,17374,1691517,348702,155253,35553492530,1691517,54726918,1691517,0.206147499552177,0.0917832927484619,21018.7024605724,32.353749917973
2007,163,6191,634387,133530,31649,22281994510,634387,24323225,634387,0.210486658774534,0.0498891055459838,35123.6619129963,38.341304282717
2007,164,1899,164600,17407,829,6501945980,164600,5991380,164600,0.105753341433779,0.00503645200486027,39501.4944106926,36.3996354799514
2007,165,416,37754,7260,1284,1493551930,37754,1424105,37754,0.192297504900143,0.0340096413625046,39560.097737988,37.7206388727022
2007,166,1821,179774,36948,22295,13411303870,179774,7688122,179774,0.20552471436359,0.12401682111985,74600.9093083538,42.7654833290687
2007,167,1695,155521,13438,58816,6475296060,155521,5889643,155521,0.0864063374078099,0.378186868654394,41636.1524167154,37.8704033538879
2007,169,392,39455,8923,3555,1975519300,39455,1629177,39455,0.226156380686858,0.0901026485869978,50070.1888227094,41.2920288936763
2007,173,259,23450,3682,131,1422050900,23450,965118,23450,0.157014925373134,0.0055863539445629,60641.829424307,41.1564179104478
2007,174,7278,727637,134097,15875,27169202000,727637,29110758,727637,0.18429106821121,0.0218171973112967,37338.9506031167,40.0072536168447
2007,175,3259,341157,109526,38567,5901278450,341157,10547769,341157,0.321042804339351,0.113047658409471,17297.8377990192,30.9176390928517
2007,176,5503,508477,63161,2082,18015061690,508477,22258413,508477,0.12421604123687,0.0040945804824997,35429.4524432767,43.7746702407385
2007,178,10204,961330,71897,311283,107904030310,961330,45615959,961330,0.074789094275639,0.323804520820114,112244.526135666,47.4508847118055
2007,183,1784,175325,27740,73932,6623490186,175325,6601327,175325,0.158220447739912,0.421685441323257,37778.3555454157,37.6519435334379
2007,184,604,54971,6663,4045,3198636020,54971,2192068,54971,0.121209364937876,0.07358425351549,58187.6993323753,39.8768077713704
2007,185,7420,758916,179855,180121,28402649296,758916,30032052,758916,0.236989337423378,0.237339837346953,37425.2872465464,39.572300491754
2007,186,1455,157529,31155,76323,3210678760,157529,4651751,157529,0.197773108443525,0.484501266433482,20381.5091824363,29.5294898082258
2007,187,1568,170513,38125,44774,9936583920,170513,7423351,170513,0.223589990206025,0.262584084497956,58274.6413469941,43.5353961281545
2007,188,1870,180092,28667,93647,5125796170,180092,7119061,180092,0.159179752570908,0.5199953357173,28462.0980943074,39.5301345978722
2007,189,1277,138001,30908,67310,3048365410,138001,5291144,138001,0.223969391526148,0.487750088767473,22089.4443518525,38.3413453525699
2007,193,140,19187,11852,4779,510042850,19187,684260,19187,0.617709907750039,0.24907489445979,26582.7304946057,35.6626882785219
2007,194,1042,112711,24589,35286,2839152410,112711,3707796,112711,0.218159718217388,0.313066160357019,25189.6656936767,32.8964874768213
2007,195,2912,293855,72026,43416,13071535070,293855,11744735,293855,0.245107280801756,0.147746337479369,44482.9425056576,39.9677902366814
2007,198,417,49274,10867,9378,1807265090,49274,1754086,49274,0.220542273815806,0.19032349717904,36677.8643909567,35.5986118439745
2007,199,2229,248319,90980,34925,6867435110,248319,8217551,248319,0.366383563078137,0.140645701698219,27655.6973489745,33.0927194455519
2007,203,3135,314427,67154,965,12883112960,314427,12238206,314427,0.213575806148963,0.00306907485680301,40973.303692113,38.9222490434982
2007,204,1476,138148,25905,2720,5778102920,138148,4259495,138148,0.187516286880737,0.0196890291571358,41825.4547297102,30.8328386947332
2007,205,989,102005,21729,354,2719895790,102005,3893416,102005,0.21301896965835,0.00347041811675898,26664.3379246115,38.1688740748003
2007,206,3052,293073,61023,3567,13744468420,293073,11383219,293073,0.208217747796624,0.0121710290610189,46897.7641065537,38.8408997075814
2007,207,6235,626305,116141,7016,21233417660,626305,24188361,626305,0.185438404611172,0.0112022097859669,33902.6794612848,38.6207375000998
2007,208,3298,336760,97083,9230,13881316510,336760,14790198,336760,0.288285425822544,0.0274082432592945,41220.2058142297,43.9191055944887
2007,214,5652,573992,145683,9637,24353842428,573992,22838645,573992,0.253806673263739,0.0167894326053325,42428.8882562823,39.7891346917727
2007,217,2098,204972,50518,13446,8413423070,204972,8329852,204972,0.246462931522354,0.0655992037936889,41046.6945241301,40.6389750795231
2007,218,1280,127583,33397,10758,5496254360,127583,5353830,127583,0.261766849815414,0.0843215788937398,43079.8332066184,41.9635061097482
2007,223,493,46028,12172,1086,1767698900,46028,1929224,46028,0.264447727470236,0.023594333883723,38404.8600851656,41.9141392196055
2007,224,702,71628,12467,204,3359356500,71628,3009081,71628,0.174052046685654,0.00284804824928799,46900.0460713687,42.009842519685
2007,225,176,17184,3393,583,958948900,17184,786067,17184,0.197451117318436,0.0339269087523277,55804.7544227188,45.7441224394786
2007,226,1454,136046,11873,4148,12805588200,136046,6126032,136046,0.0872719521338371,0.0304896873116446,94126.899725093,45.0291225026829
2007,227,330,35580,6176,100,2741302400,35580,1486890,35580,0.173580663293985,0.00281056773468241,77046.1607644744,41.7900505902192
2007,228,775,80715,21569,12963,3067738300,80715,3248849,80715,0.26722418385678,0.160602118565322,38007.0408226476,40.2508703462801
2007,229,12819,1277113,218202,62823,96812608230,1277113,54553269,1277113,0.170855672129248,0.0491914184570982,75805.8278554834,42.716086203805
2007,233,693,69526,14324,1037,2780857460,69526,3083669,69526,0.206023645830337,0.0149152834910681,39997.3745073785,44.3527457354083
2007,234,5738,592743,131038,38629,24950069170,592743,23313731,592743,0.221070514540028,0.0651698965656279,42092.5581069705,39.3319381249547
2007,243,40332,4190109,808633,787890,197004745862,4190109,189924880,4190109,0.192986149047674,0.188035681172017,47016.6160025909,45.3269545016609
2007,253,5168,502196,84612,132458,28624901720,502196,21137940,502196,0.1684840181921,0.263757576723032,56999.4618037579,42.091016256601
2007,254,9794,986916,120280,495493,43073699040,986916,41230347,986916,0.121874607362734,0.502061978932351,43644.7469085515,41.7769567014822
2007,255,3542,379651,75149,63341,38340965450,379651,16982107,379651,0.197942320710337,0.166840071539388,100990.028868619,44.7308370055656
2007,256,2137,221223,50302,23321,12650189050,221223,9303828,221223,0.227381420557537,0.105418514349774,57182.9739674446,42.0563322981788
2007,258,303,29463,2000,945,2647226100,29463,1362508,29463,0.0678817499915148,0.0320741268709907,89849.1701456064,46.2447137087194
2007,274,26554,2711566,506946,252606,154747070312,2711566,115795464,2711566,0.186956909770959,0.0931587134519315,57069.2619364603,42.7042764218168
2007,275,29346,3204918,990595,229177,80400070280,3204918,112503233,3204918,0.309085911090393,0.071507913775017,25086.4671982247,35.1033109115428
2007,276,26730,3012103,946773,43207,38756785500,3012103,91627618,3012103,0.31432291658021,0.0143444629881515,12867.0186577285,30.4198156570343
2007,277,1773,185254,31696,96001,2403682690,185254,5404684,185254,0.171094821164455,0.518212832111587,12975.064991849,29.174452373498
2007,283,417,48152,12429,10258,1019997880,48152,1354190,48152,0.2581201196212,0.213033726532647,21182.8767237083,28.1232347566041
2007,303,15958,1579011,224624,56718,70543095070,1579011,65935008,1579011,0.142256133744477,0.0359199524259172,44675.4931219605,41.7571555866299
2007,308,1324,143352,31522,2933,5311854150,143352,5643613,143352,0.219892293096713,0.0204601261231096,37054.6218399464,39.3689170712651
2007,313,38525,3604358,602367,130396,103286461260,3604358,132780974,3604358,0.167121856374977,0.0361773164596857,28655.9940105839,36.8390082228236
2007,315,3438,309537,75148,15145,7442303250,309537,10824054,309537,0.242775500182531,0.0489279149180873,24043.3397299838,34.9685304180114
2007,316,1877,202360,59836,4067,5910865490,202360,7594104,202360,0.295690847993675,0.0200978454239968,29209.6535382487,37.527693220004
2007,317,1139,134583,66418,2027,2335873260,134583,4874771,134583,0.49350958144788,0.0150613376132201,17356.3768083636,36.2212983809248
2007,318,2214,236641,46208,22798,7732111908,236641,9298380,236641,0.195266247184554,0.0963400256084111,32674.43895183,39.2931909516948
2007,319,10380,1124954,370850,11759,22079958452,1124954,38200635,1124954,0.329657923790662,0.0104528718507601,19627.4322790087,33.9575084847914
2007,326,1504,156756,40699,6324,4048236090,156756,5973483,156756,0.259632805123887,0.0403429533797749,25825.0790400367,38.1068858608283
2007,328,481,49907,11981,352,1622201460,49907,1946479,49907,0.240066523734146,0.0070531188009698,32504.4875468371,39.002123950548
2007,329,1740,163682,43671,440,2462663290,163682,4365035,163682,0.266803924683227,0.00268813919673513,15045.4129959311,26.6677765423199
2007,335,3504,357122,103277,6476,7277171800,357122,11623894,357122,0.289192488841348,0.0181338590173666,20377.2710726306,32.5488040501565
2007,336,994,100557,17764,1363,3158707670,100557,3900858,100557,0.176656025935539,0.0135545014270513,31412.111240391,38.7925057430114
2007,337,14739,1399436,203025,120163,41032457200,1399436,51779620,1399436,0.145076302167445,0.0858653057374542,29320.7100574803,37.0003487119097
2007,338,1766,174253,27391,6102,5649159400,174253,6650283,174253,0.157190980930027,0.0350180484697537,32419.2949332293,38.1645251444738
2007,344,4373,456380,90003,12605,12948315870,456380,17365823,456380,0.197210657785179,0.0276195275866602,28371.7863841536,38.0512358122617
2007,346,995,107075,10293,0,4905618560,107075,4461636,107075,0.0961288816250292,0,45814.7892598646,41.6683259397619
2007,347,509,52054,13927,780,1190276350,52054,1805150,52054,0.267549083643908,0.0149844392361778,22866.1841549161,34.6784108810082
2007,348,797,88760,24006,766,2154139380,88760,3277970,88760,0.270459666516449,0.00863001351960343,24269.2584497521,36.9307120324471
2007,349,95,11835,4143,77,444520000,11835,477472,11835,0.350063371356147,0.00650612589776088,37559.780312632,40.3440642163076
2007,354,1452,141531,8363,0,6323409250,141531,5855882,141531,0.0590895280892525,0,44678.6163455356,41.3752605436265
2007,355,3560,329520,27988,0,14783406640,329520,13761082,329520,0.0849356639961156,0,44863.4578781258,41.7609917455693
2007,356,1047,118227,31548,680,2683268120,118227,4216627,118227,0.266842599406227,0.00575164725485718,22695.8995830056,35.6655163372157
2007,357,2552,288319,56529,36023,8957374040,288319,11712388,288319,0.196064081798286,0.124941471078909,31067.5815329548,40.6230182540866
2007,359,2608,269568,67482,5918,9455386600,269568,11400870,269568,0.250333867521368,0.0219536443494777,35076.0720857075,42.2931134259259
2007,364,5535,618039,155131,5352,16632301590,618039,24932146,618039,0.251005195465011,0.00865964769213593,26911.4110760001,40.3407325427683
2007,365,13301,1487407,452436,8953,30118093010,1487407,53046041,1487407,0.304177672957032,0.00601919985585653,20248.7234563237,35.6634337474545
2007,366,332,32298,8030,0,1142721400,32298,1313542,32298,0.248622205709332,0,35380.5622639173,40.6694532169175
2007,368,603,62329,12488,506,1897581400,62329,2500564,62329,0.200356174493414,0.0081182114264628,30444.598822378,40.1187890067224
2007,373,4669,480182,83634,8474,22392836060,480182,20949625,480182,0.174171459988088,0.0176474753322698,46634.059710693,43.6285096067741
2007,375,5595,570996,124066,10067,22507344060,570996,22998271,570996,0.217279980945576,0.0176305963614456,39417.6912973121,40.2774642904679
2007,376,20306,2221644,701356,31974,62707637410,2221644,83779949,2221644,0.315692343147687,0.0143920448100596,28225.7811827638,37.7107893974012
2007,377,638,61458,10857,0,2380845300,61458,2484785,61458,0.176657229327346,0,38739.3878746461,40.4306192847148
2007,378,1815,215628,71713,3877,6262012550,215628,8521804,215628,0.332577401821656,0.0179800396979984,29040.8135770865,39.520859999629
2007,379,10834,1151417,296018,31402,29052583490,1151417,40668076,1151417,0.257090176712694,0.0272724825150228,25232.0258342547,35.3200239357244
2007,383,4124,426879,199119,440,8291940540,426879,15216239,426879,0.466453022987779,0.00103073704726632,19424.5688825171,35.6453210394515
2007,384,126,11407,2029,1566,259744600,11407,402336,11407,0.177873235732445,0.137284123783642,22770.6320680284,35.2709739633558
2007,385,4450,463063,121825,8668,11436660150,463063,16967830,463063,0.263085152560235,0.0187188352340826,24697.8492127421,36.6425950680577
2007,386,235,23409,5002,398,851208040,23409,905901,23409,0.213678499722329,0.0170020077747875,36362.42641719,38.6988337818788
2007,389,6268,646717,142199,23426,22090452100,646717,25085307,646717,0.219878246590085,0.0362229537804016,34157.8342613539,38.7886927357716
2007,405,10582,1274271,208024,348550,14281210240,1274271,42144310,1274271,0.163249418687234,0.273528943215376,11207.3571791244,33.0732709133301
2007,415,836,85549,12893,3153,4132858950,85549,3753306,85549,0.150708950426072,0.0368560707898397,48309.8452348946,43.8731721001999
2007,417,3374,336450,65808,210,20102560440,336450,17615692,336450,0.195595185020062,0.000624164065983058,59749.0279090504,52.3575330658345
2007,418,9091,942109,151664,11885,54695665320,942109,41351985,942109,0.160983495540325,0.0126153130900989,58056.6211765305,43.8929943350504
2007,423,4761,472662,100814,0,20301597730,472662,20208031,472662,0.213289835019528,0,42951.6181330422,42.7536611786012
2007,425,337,36945,4419,85,568129010,36945,1054166,36945,0.119610231425091,0.00230071728244688,15377.696846664,28.5333874678576
2007,426,7102,829842,233581,5840,23869055634,829842,32874787,829842,0.281476473834778,0.00703748424398862,28763.3737916375,39.6157184138667
2007,427,1610,159820,47120,501,1796744330,159820,4465747,159820,0.294831685646352,0.00313477662370166,11242.2996496058,27.9423538981354
2007,434,2963,367614,170393,6329,7104052840,367614,12479739,367614,0.463510638876648,0.0172164281012149,19324.7614073458,33.9479426790057
2007,435,16791,2000494,949912,12570,26511482810,2000494,60577948,2000494,0.474838714837435,0.00628344798834688,13252.4680453928,30.2814944708657
2007,436,23442,2808248,840750,107483,50401300406,2808248,105437703,2808248,0.299385951668086,0.0382740413239856,17947.5959409568,37.5457235258425
2007,439,2601,297376,97890,2550,3498633024,297376,9374472,297376,0.329179220918971,0.00857500269019692,11765.0147422791,31.5239696545787
2007,443,6438,719898,178735,3102,7351640260,719898,19688499,719898,0.248278228304565,0.00430894376703366,10212.0581804645,27.3490119433586
2007,444,8243,970179,285162,8607,10232929330,970179,28991231,970179,0.293927203124372,0.00887155875359083,10547.4652924873,29.8823526380184
2007,445,2397,249849,81575,217,6191827870,249849,8805569,249849,0.326497204311404,0.000868524588851667,24782.2799771062,35.2435631121197
2007,446,6535,701236,215860,20682,15753180706,701236,25701185,701236,0.307827892464163,0.0294936369496147,22464.8773109196,36.6512629129138
2007,447,23006,2563471,637073,120600,48836644414,2563471,94645626,2563471,0.248519682883091,0.0470455877987307,19050.9837692722,36.9208881239538
2007,448,2520,279715,25372,68863,8598304460,279715,11700003,279715,0.0907066120873031,0.246189871833831,30739.5186529146,41.8283002341669
2007,453,19807,2192784,343501,138626,44689619710,2192784,78547084,2192784,0.156650632255617,0.0632191770826493,20380.3109243774,35.8207119351473
2007,454,502,51334,12621,348,1710960800,51334,2179693,51334,0.245860443370865,0.00677913273853586,33329.9723380216,42.4610005064869
2007,455,658,70491,15368,11700,2155940920,70491,3044216,70491,0.218013647132258,0.165978635570498,30584.6266899321,43.1858818856308
2007,456,1592,177014,32780,74759,4641686500,177014,7543213,177014,0.185183092862711,0.422333826702973,26222.1434462811,42.6136520275233
2007,457,632,73430,14389,41825,880553350,73430,2955273,73430,0.195955331608334,0.569590085795996,11991.7383903037,40.2461255617595
2007,458,8516,927573,230247,374606,13281747424,927573,33443671,927573,0.248225207072651,0.403856084642395,14318.8163346712,36.0550285530088
2007,459,2269,246730,70391,5585,4741043060,246730,7732604,246730,0.285295667328659,0.0226360799254246,19215.5111255218,31.340347748551
2007,461,405,38655,11989,6038,534247640,38655,1190914,38655,0.31015392575346,0.156202302418833,13820.9194153408,30.8087957573406
2007,462,336,36853,11301,737,284741300,36853,848542,36853,0.306650747564649,0.0199983719100209,7726.4076194611,23.0250454508453
2007,463,1559,163715,21140,910,5808981300,163715,6288006,163715,0.129126836270348,0.00555843997190239,35482.2789603885,38.408246037321
2007,464,513,68786,17380,257,1741523530,68786,2695217,68786,0.252667694007502,0.00373622539470241,25317.993923182,39.1826389090803
2007,465,2974,305678,67847,1126,10773843600,305678,11963376,305678,0.221955783536925,0.00368361478418467,35245.7278574186,39.1371835722558
2007,468,12413,1329259,406684,477116,11383654580,1329259,44965258,1329259,0.305947900296331,0.358933811996007,8563.91010329815,33.8273113065249
2007,469,4143,447290,127673,87597,5020296176,447290,12185952,447290,0.285436741264057,0.195839388316305,11223.8059782244,27.2439625299023
2007,473,5973,388579,38512,388579,1442786580,388579,21015035,388579,0.0991098335216262,1,3712.98134999575,54.0817568628258
2007,475,2366,177279,24979,100148,8092288480,177279,9292259,177279,0.140902193717248,0.564917446510867,45647.1916019382,52.4160165614653
2007,479,7600,757032,212482,23866,13072941080,757032,32285473,757032,0.280677699225396,0.0315257479208277,17268.6769911972,42.6474349829334
2007,485,1766,197173,34104,96332,5967002790,197173,9035571,197173,0.17296485827167,0.488565878695359,30262.7783215755,45.8255998539354
2007,486,9559,1178707,356206,278190,18479321612,1178707,45160897,1178707,0.302200631709153,0.236012851370188,15677.6209965666,38.3139295855543
2007,487,1551,160686,45723,46752,2113337790,160686,5624039,160686,0.284548747246182,0.290952540980546,13151.9721070908,35.0001804762083
2007,488,290,29797,7063,293,514806080,29797,1253956,29797,0.237037285632782,0.00983320468503541,17277.111118569,42.0832969762057
2007,489,178,15654,1156,25,641762900,15654,649173,15654,0.073846940079213,0.00159703590136706,40996.7356586176,41.4701034879264
2007,496,1679,149876,31007,33446,4020424570,149876,6924609,149876,0.206884357735728,0.223157810456644,26825.0058047986,46.2022538631936
2007,498,318,30816,5246,21449,504334808,30816,1502960,30816,0.170236240913811,0.696034527518172,16366.0049325026,48.7720664589824
2007,503,3246,306559,26140,7931,16558948600,306559,14075602,306559,0.0852690672921036,0.0258710395062614,54015.535671763,45.9148222691228
2007,505,7609,837429,230889,138153,25785810688,837429,36119188,837429,0.275711731979666,0.164972791723239,30791.6380827509,43.1310451393491
2007,507,2999,305279,66244,16743,11412669410,305279,13345759,305279,0.216994945607133,0.0548449123588586,37384.3907048962,43.7165969490204
2007,508,1484,154582,28708,2636,7622050400,154582,6703407,154582,0.185713731223558,0.0170524381881461,49307.4898759235,43.3647319869066
2007,509,497,48461,9968,9034,1270028300,48461,2030072,48461,0.205691174346382,0.186417944326366,26207.224365985,41.890840056953
2007,514,1600,175130,39342,31264,5799850720,175130,7496548,175130,0.224644549763033,0.178518814594872,33117.4026152001,42.8056186832639
2007,516,2878,290354,67976,15421,10609702460,290354,12732462,290354,0.234114219194501,0.0531110299840884,36540.5761931987,43.851512291892
2007,518,4233,406433,53068,11583,17767659750,406433,17982562,406433,0.130570106265977,0.0284991622235399,43716.0854310551,44.2448374024747
2007,519,408,37634,7323,273,1519441440,37634,1657883,37634,0.194584684062284,0.00725407875856938,40374.1680395387,44.0527980018069
2007,523,636,68637,18983,10780,2470920500,68637,3024069,68637,0.276570945699841,0.157058146480761,35999.8324518846,44.0588749508283
2007,525,2530,271494,69098,28410,10128094640,271494,10892360,271494,0.254510228587004,0.10464319653473,37305.0404060495,40.1200763184453
2007,526,375,40922,5994,11211,1248618870,40922,1784668,40922,0.146473779385172,0.273960216998192,30512.1663164068,43.6114559405699
2007,527,3424,363237,80107,10757,16789664700,363237,15521941,363237,0.220536454160782,0.0296142738762846,46222.341611675,42.7322684638404
2007,533,350,35346,8176,973,1743130530,35346,1539598,35346,0.231313302778249,0.0275278673683019,49316.2035308097,43.557913200928
2007,534,3403,371570,94603,52867,13307995350,371570,15758843,371570,0.25460343945959,0.142280054902172,35815.5807788573,42.4115052345453
2007,535,947,101087,12811,24677,3242066720,101087,4101288,101087,0.126732418609712,0.244116454143461,32072.0440808413,40.5718638400586
2007,536,265,25431,3371,9037,823469400,25431,1082768,25431,0.132554756006449,0.355353702174511,32380.5355668279,42.5766977311156
2007,539,214,22436,2943,1159,925073220,22436,952241,22436,0.13117311463719,0.051658049563202,41231.6464610448,42.4425476912106
2007,543,271,28731,6277,320,1861932900,28731,1205899,28731,0.218474818140684,0.0111377954126205,64805.71160071,41.9720510946365
2007,544,614,56135,8259,1368,2720238000,56135,2563735,56135,0.147127460586087,0.0243698227487307,48458.8581099136,45.6708826935067
2007,549,6397,657242,113503,59626,23225596908,657242,27629277,657242,0.172695901966095,0.0907215302734761,35337.9682187079,42.0382096701063
2007,558,10331,1007480,137098,267076,47726345290,1007480,45812952,1007480,0.136080120697185,0.265093103585183,47372.0027097312,45.4728153412475
2007,563,3482,435718,122836,128160,10677096970,435718,17931059,435718,0.281916285303797,0.294135197536021,24504.603826328,41.1528993523334
2007,567,13500,1550001,407135,466378,38742535548,1550001,64070045,1550001,0.262667572472534,0.300888838136233,24995.1680986012,41.3354862351702
2007,573,1620,212101,70784,45264,4908099150,212101,8654902,212101,0.333727799491752,0.213407763282587,23140.3866554142,40.8055690449361
2007,575,7994,859367,212985,80690,34496560920,859367,36467545,859367,0.247839398068578,0.0938946922560443,40141.8263908202,42.4353564891368
2007,577,1441,146206,35070,3331,7709255800,146206,6350719,146206,0.239867036920509,0.0227829227254695,52728.7238553821,43.4367878199253
2007,579,4913,634724,149311,204754,13053496832,634724,25281702,634724,0.23523767810891,0.322587455334917,20565.6266849843,39.831016315753
2007,583,88,8873,283,6525,177047700,8873,342246,8873,0.0318945114391976,0.735376986363124,19953.5331905782,38.5716217739209
2007,584,324,42887,10961,8252,995530400,42887,1725696,42887,0.255578613565882,0.192412619208618,23212.8710331802,40.2382073821904
2007,585,5431,601377,147899,79402,22532011740,601377,25569140,601377,0.245933914998412,0.132033649441199,37467.3652966442,42.5176553143868
2007,588,723,90672,26633,10049,2503901320,90672,3792837,90672,0.293729045350274,0.110828039527087,27614.9342685724,41.8303004235045
2007,589,394,43801,14913,3856,1545950100,43801,1832206,43801,0.340471678728796,0.0880345197598228,35294.858564873,41.8302321864798
2007,593,609,72801,20948,4501,2364775550,72801,3131051,72801,0.287743300229392,0.0618260738176673,32482.734440461,43.0083515336328
2007,594,170,21520,7238,1530,815244800,21520,987230,21520,0.336338289962825,0.0710966542750929,37883.1226765799,45.875
2007,595,1660,221701,78065,35156,5111235260,221701,9012495,221701,0.352118393692406,0.158573935164929,23054.6333124343,40.6515757709708
2007,596,1211,132394,32071,9497,4636248100,132394,5489232,132394,0.242239074278291,0.0717328579845008,35018.5665513543,41.4613351058205
2007,597,942,99749,23317,6322,4016659240,99749,4325495,99749,0.233756729390771,0.0633790814945513,40267.6642372355,43.363793120733
2007,598,300,28787,8136,3834,1162661750,28787,1429978,28787,0.282627574947025,0.133185118282558,40388.4305415639,49.6744363775315
2007,599,709,84157,27121,17189,2095708140,84157,3548545,84157,0.322266715781218,0.204249200898321,24902.3627268082,42.1657734947776
2007,614,357,38899,17539,1020,2091968950,38899,2409921,38899,0.450885626879868,0.0262217537725906,53779.5046145145,61.9532892876424
2007,615,117,12695,4762,631,516433500,12695,618574,12695,0.375108310358409,0.0497046081134305,40680.0708940528,48.7257975580937
2007,616,609,57097,14384,1112,2718125620,57097,2918823,57097,0.25192216753945,0.0194756291924269,47605.4016848521,51.1204266423805
2007,617,512,52629,20090,878,2267776120,52629,2841150,52629,0.381728704706531,0.0166828174580554,43089.8576830265,53.9844952402668
2007,628,9989,961278,103237,31451,48286620560,961278,44005931,961278,0.107395571312357,0.0327179026254632,50231.6921431677,45.7785687386999
2007,634,794,75461,6118,1991,3785096700,75461,3363008,75461,0.0810749923801699,0.0263844900014577,50159.6414041691,44.5661732550589
2007,637,3883,380983,55327,10680,15341087390,380983,16700384,380983,0.145221702805637,0.0280327468679705,40267.1179291465,43.8349847630997
2007,643,166,18121,3441,366,852947820,18121,885660,18121,0.189890182661001,0.0201975608410132,47069.5778378677,48.8747861597042
2007,644,100,8224,1450,703,268521600,8224,343456,8224,0.176313229571984,0.0854815175097276,32650.9727626459,41.7626459143969
2007,645,75,7520,586,268,338225000,7520,329875,7520,0.0779255319148936,0.0356382978723404,44976.7287234043,43.8663563829787
2007,649,86,8503,364,1871,204409010,8503,335330,8503,0.0428084205574503,0.220039985887334,24039.6342467365,39.4366694107962
2007,657,730,78136,14830,16191,2070181030,78136,3347052,78136,0.189797276543463,0.207215624040135,26494.5867461861,42.8362342582164
2007,658,187,21945,4239,4701,519093560,21945,937809,21945,0.193164730006835,0.214217361585783,23654.297562087,42.7345181134655
2007,666,667,69718,4554,24318,1214875750,69718,2575758,69718,0.0653202903124014,0.34880518660891,17425.5680025245,36.9453799592645
2007,668,384,41042,7160,9584,906019700,41042,1658160,41042,0.174455435894937,0.23351688514205,22075.4276107402,40.4015398859705
2007,669,102,10390,826,4891,203413300,10390,439345,10390,0.0794995187680462,0.470741097208855,19577.7959576516,42.2853705486044
2007,675,319,34752,8040,5596,983831900,34752,1444674,34752,0.231353591160221,0.161026703499079,28310.0799953959,41.5709599447514
2007,677,424,42239,8801,1777,1354690700,42239,1558672,42239,0.208361940386846,0.0420701247662113,32072.0353228059,36.9012523970738
2007,678,5185,546316,201949,13450,14780921190,546316,20195335,546316,0.369656023253941,0.024619451013699,27055.6256635354,36.9663985678618
2007,679,326,37227,6383,938,1041171860,37227,1474316,37227,0.171461573589062,0.025196765788272,27968.1913664813,39.6034061299594
2007,686,2080,244411,63807,5086,6062687150,244411,10141118,244411,0.261064354713986,0.0208092107147387,24805.2957927426,41.4920686875795
2007,687,1423,171435,42659,11218,3485441130,171435,6593888,171435,0.248834835360341,0.0654358794878525,20330.9775133433,38.4629043077551
2007,688,717,80000,17595,1840,1737860220,80000,3010281,80000,0.2199375,0.023,21723.25275,37.6285125
2007,694,875,79046,10732,223,3291712970,79046,3335737,79046,0.135769045872024,0.00282114211977836,41643.0049591377,42.1999468663816
2007,695,535,48288,4922,0,3166315200,48288,2092384,48288,0.101930086149768,0,65571.4711729622,43.3313452617628
2007,696,927,97050,11100,829,4782781500,97050,4203787,97050,0.114374034003091,0.00854198866563627,49281.6228748068,43.3156826378156
2007,699,434,40384,6206,1084,2256877500,40384,1916697,40384,0.153674722662441,0.0268423137876387,55885.4373019018,47.4617917987322
2007,703,134,14481,3100,259,507811500,14481,616768,14481,0.214073613700711,0.0178855051446723,35067.4331883157,42.5915337338582
2007,706,1010,104401,20217,1033,2976723260,104401,4391904,104401,0.193647570425571,0.00989454124002644,28512.4017969177,42.0676430302392
2007,707,106,11182,1770,0,353282300,11182,461130,11182,0.158290109103917,0,31593.8383115722,41.2385977463781
2007,708,54,5745,1207,0,163988300,5745,252494,5745,0.210095735422106,0,28544.5256744996,43.9502175805048
2007,709,571,57457,12745,1217,1819175010,57457,2393958,57457,0.221818055241311,0.0211810571383817,31661.5035591834,41.6652105052474
2007,713,85,7011,1011,150,256723400,7011,318819,7011,0.144201968335473,0.0213949507916132,36617.2300670375,45.4741121095422
2007,719,509,50662,9933,595,1651298980,50662,2139232,50662,0.196064111168134,0.0117445027831511,32594.4293553354,42.2255734080771
2007,723,159,15993,3486,574,461971010,15993,690521,15993,0.21797036203339,0.0358907021822047,28885.8256737323,43.1764521978366
2007,724,79,8729,1153,134,388981300,8729,373044,8729,0.132088440829419,0.0153511284224997,44561.9544048574,42.7361668003208
2007,726,4165,450430,80260,4934,14200077680,450430,19186756,450430,0.178185289612148,0.0109539773105699,31525.6037120085,42.596532202562
2007,727,421,41093,12108,1857,974742850,41093,1700406,41093,0.294648723626895,0.0451901783758791,23720.4110189083,41.379456355097
2007,729,312,31324,8976,1200,704569830,31324,1262077,31324,0.286553441450645,0.0383092836163964,22492.9712041885,40.2910547822756
2007,733,290,27544,6658,8223,608271870,27544,1116566,27544,0.241722335172814,0.298540516990996,22083.6432616904,40.5375399361022
2007,734,468,50792,8899,3084,1564359420,50792,2063716,50792,0.175204756654591,0.0607182233422586,30799.3270593794,40.6307292487006
2007,736,2186,232357,41915,7653,7388854350,232357,9429486,232357,0.180390519760541,0.0329363866808403,31799.5771592851,40.5818890758617
2007,738,165,18753,2653,94,421053800,18753,781337,18753,0.14147069802165,0.0050125313283208,22452.6102490268,41.6646403242148
2007,739,112,11175,1163,1004,253050700,11175,448086,11175,0.10407158836689,0.0898434004474273,22644.3579418345,40.0971812080537
2007,743,130,13285,2045,0,307054800,13285,535801,13285,0.153933007150922,0,23112.8942416259,40.3312758750471
2007,744,2105,226236,29924,15999,3945973250,226236,8687904,226236,0.132268958079174,0.0707181880867766,17441.8450202443,38.4019519439877
2007,745,53,4551,536,53,103656200,4551,179596,4551,0.117776312898264,0.011645792133597,22776.5765765766,39.4629751702922
2007,747,434,52276,8817,1039,849372140,52276,1940710,52276,0.168662483740148,0.0198752773739383,16247.841074298,37.1243017828449
2007,748,1580,186052,33537,19146,3158912670,186052,7023440,186052,0.180256057446305,0.10290671425193,16978.6547309354,37.7498763786468
2007,749,228,25794,4279,2263,615478600,25794,1015018,25794,0.165891292548655,0.0877335814530511,23861.3088315112,39.3509343258122
2007,753,122,13771,1673,94,373019000,13771,572122,13771,0.121487183211096,0.0068259385665529,27087.2848740106,41.5454215380147
2007,754,2263,263960,64434,1154,5681851032,263960,10623694,263960,0.244105167449614,0.0043718745264434,21525.4244279436,40.2473632368541
2007,755,457,48104,11325,300,1519713450,48104,2020122,48104,0.235427407284218,0.00623648761017795,31592.247006486,41.9948860801597
2007,756,913,98311,18186,2216,3272150950,98311,4196212,98311,0.184984386284343,0.0225407126364293,33283.6706980908,42.6830364862528
2007,757,582,56133,9686,1261,2661759600,56133,2464271,56133,0.172554468850765,0.0224645039459854,47418.8017743573,43.9005754190939
2007,759,1563,177342,42328,9552,5413623600,177342,7531565,177342,0.238680064508126,0.05386202929932,30526.4607368813,42.4691556427693
2007,763,99,9812,2044,182,237341540,9812,386329,9812,0.2083163473298,0.0185487158581329,24188.9054219323,39.3731145536078
2007,764,77,7952,2207,64,198616500,7952,344231,7952,0.277540241448692,0.00804828973843059,24976.9240442656,43.288606639839
2007,765,330,36449,7199,89,1307736950,36449,1510142,36449,0.197508847979368,0.00244176794973799,35878.541249417,41.4316442152048
2007,766,409,40682,7642,589,1663761600,40682,1818532,40682,0.187847205152156,0.014478147583698,40896.7504055848,44.7011454697409
2007,769,846,92619,21528,1821,2371740110,92619,3770914,92619,0.23243610922165,0.0196611926278625,25607.4899318714,40.7142594931926
2007,773,82,9297,4698,374,133524020,9297,289349,9297,0.505324298160697,0.0402280305474884,14362.054426159,31.1228353232226
2007,774,608,67498,28158,3093,1393409650,67498,2374547,67498,0.417167916086403,0.0458235799579247,20643.7175916323,35.1795164301165
2007,779,11253,1197849,248201,14867,36249520328,1197849,49735480,1197849,0.207205582673609,0.0124114141264884,30262.1785617386,41.5206591147966
2007,783,5940,612938,148870,32810,20271826490,612938,26872456,612938,0.242879377685834,0.0535290681928678,33073.2088563607,43.8420460144419
2007,785,11494,1247360,277901,25027,34426086670,1247360,50756494,1247360,0.222791335300154,0.0200639751154438,27599.1587592996,40.6911348768599
2007,799,7376,765190,144092,12887,27177365370,765190,32335043,765190,0.188308786053137,0.0168415687607,35517.1465518368,42.2575347299364
2007,803,2381,245052,42406,9974,11072349900,245052,11143574,245052,0.17304898552144,0.0407015653820414,45183.674893492,45.4743238169858
2007,804,34938,3739080,629359,367636,123125249686,3739080,172132544,3739080,0.16831921221263,0.098322582025525,32929.2900087722,46.0360687655787
2007,808,4918,501239,34852,7331,12636742320,501239,18283515,501239,0.0695317004462941,0.0146257573732291,25211.0117528764,36.4766408838897
2007,809,2546,327179,38910,83474,6509591000,327179,14087286,327179,0.118925725673103,0.25513251156095,19896.1149707041,43.0568159936915
2007,813,543,71323,22914,1190,1443586080,71323,2559046,71323,0.321270838299006,0.0166846599273727,20240.1200173857,35.8796741584061
2007,823,531,53700,13635,0,3080041600,53700,2757963,53700,0.25391061452514,0,57356.4543761639,51.3587150837989
2007,824,598,58826,5827,0,3675761700,58826,3043339,58826,0.0990548396967327,0,62485.3245163703,51.7345901472138
2007,825,89,8984,1747,0,414842100,8984,418182,8984,0.194456812110419,0,46175.6567230632,46.5474176313446
2007,829,581,61135,16690,3627,3049213900,61135,3448034,61135,0.273002371800115,0.0593277173468553,49876.7301872904,56.4003271448434
2007,844,3951,387792,75590,28912,14894977470,387792,17549510,387792,0.194924083013574,0.0745554317778603,38409.7079620003,45.2549562652143
2007,848,757,77870,16539,1615,3836505400,77870,3724535,77870,0.212392448953384,0.0207396943623989,49268.0801335559,47.8301656607166
2007,853,528,48051,9110,12122,1580795520,48051,2232395,48051,0.189590227050426,0.252273625939106,32898.2855715802,46.458866620882
2007,859,239,18164,4090,2239,801670120,18164,911292,18164,0.225170667253909,0.123265800484475,44135.1090068267,50.1702268222859
2007,865,207,26237,9208,1161,537669950,26237,1002877,26237,0.35095475854709,0.0442504859549491,20492.8135838701,38.2237679612761
2007,866,735,93964,35096,7720,1601809840,93964,3648991,93964,0.373504746498659,0.082159124771189,17047.0588736112,38.8339257588012
2007,869,14943,1839273,579549,296489,43698103500,1839273,74601843,1839273,0.31509678008648,0.161199017220391,23758.3564266969,40.5605056998064
2007,874,388,49501,12125,390,942135940,49501,1978242,49501,0.244944546574817,0.00787862871457142,19032.6647946506,39.9636775014646
2007,875,753,93474,21116,11055,2330245120,93474,3721227,93474,0.225902389969403,0.118268181526414,24929.3399234012,39.8102894922652
2007,878,309,33597,8139,174,666909160,33597,1323714,33597,0.242253772658273,0.00517903384230735,19850.2592493377,39.399767836414
2007,883,178,18956,3919,225,613627100,18956,776576,18956,0.206741928676936,0.0118695927410846,32371.1278750791,40.9672926777801
2007,885,1049,115611,46334,1600,1911620200,115611,4199534,115611,0.400775012758302,0.013839513541099,16534.9335270865,36.3246922870661
2007,887,2643,334288,105316,25870,5836467100,334288,12327810,334288,0.315045709089169,0.0773883597377112,17459.3975853157,36.877811946585
2007,888,3269,395034,106797,4720,7165343270,395034,14933738,395034,0.270348881362111,0.0119483386240172,18138.5482515429,37.8036776581256
2007,889,18058,1966830,578568,35239,44207390272,1966830,73471202,1966830,0.294162688183524,0.0179166476004535,22476.4673469492,37.3551359293889
2007,905,9721,996802,496577,0,39587072370,996802,50352890,996802,0.498170148133732,0,39714.0779914166,50.5144351636534
2008,4,10965,1059453,27520,309662,153743696460,1059453,51687413,1059453,0.0259756685761426,0.292284792246565,145116.108463518,48.7868862516789
2008,7,10876,1078607,156587,43870,92276776240,1078607,48276141,1078607,0.145175212102276,0.0406728307900839,85551.8054676078,44.7578599063422
2008,8,4300,402540,47353,18595,28491545000,402540,17955413,402540,0.117635514483033,0.0461941670393004,70779.4132260148,44.6052889153873
2008,13,11328,1121046,188087,58230,94888827130,1121046,50854054,1121046,0.167778128640573,0.0519425607869793,84643.1164555246,45.3630395184497
2008,14,8612,787766,67416,25856,48010816970,787766,34632870,787766,0.0855787124602991,0.0328219293546561,60945.5307413623,43.9633977602486
2008,15,5080,491178,35530,23304,35881604360,491178,21833255,491178,0.072336301707324,0.0474451217277647,73052.1406903404,44.4507999136769
2008,17,8936,1039640,267879,222971,39703435332,1039640,48001940,1039640,0.257665153322304,0.214469431726367,38189.599603709,46.1716940479397
2008,18,4763,493775,58586,118618,26097114898,493775,20679698,493775,0.118649182319883,0.240226823958281,52852.2401863197,41.8808121107792
2008,19,433,39877,4028,8982,2087635000,39877,1783914,39877,0.101010607618427,0.225242621059759,52351.8569601525,44.7354113900243
2008,21,3968,390257,53447,12134,21763876470,390257,16382085,390257,0.136953341003493,0.0310923314636253,55768.0617388029,41.9776839364829
2008,22,61068,6026778,574246,1026238,463973717120,6026778,276891383,6026778,0.0952824212207584,0.170279708328397,76985.3671596996,45.9435179128881
2008,23,21393,2056796,357722,166131,128401882270,2056796,85762730,2056796,0.173921964064496,0.0807717440135045,62428.107731637,41.6972465913003
2008,24,926,92105,15681,917,5776068900,92105,3777408,92105,0.170251343575267,0.00995602844579556,62711.7843765268,41.011975462787
2008,25,9606,968824,181555,121007,73491971500,968824,41734764,968824,0.187397298167675,0.124900910794943,75856.8857707902,43.0777561249515
2008,26,6521,630389,79873,188964,46736966920,630389,26843736,630389,0.126704304802273,0.299757768615886,74139.883341873,42.5828115655571
2008,27,8342,851527,159364,27200,46823430920,851527,35632475,851527,0.18715084782984,0.0319426160297912,54987.6057012872,41.8453848204461
2008,28,103,10249,2108,1718,543659000,10249,452947,10249,0.205678602790516,0.167626109864377,53045.0775685433,44.1942628549127
2008,29,2166,221227,43577,17286,9091635800,221227,8828250,221227,0.196978668968978,0.0781369362690811,41096.411378358,39.9058433193055
2008,33,4628,445504,46969,7472,27664229400,445504,19282144,445504,0.105428907484557,0.0167720155150122,62096.4781460997,43.2816405688838
2008,34,370,45749,13921,14217,2559999200,45749,1990486,45749,0.304290804170583,0.310760890948436,55957.4897811974,43.5088417233164
2008,35,998,100981,8445,18066,4462274370,100981,4160511,100981,0.0836295936859409,0.178904942513938,44189.247185114,41.2009288876125
2008,36,1900,180983,19859,1780,11727963100,180983,7741771,180983,0.109728538039484,0.00983517788963604,64801.4625683075,42.7762331268683
2008,37,2496,251072,46472,6182,12736616100,251072,10266695,251072,0.185094315574815,0.0246224190670405,50728.9387108081,40.8914375159317
2008,43,1955,187799,26449,44758,12919603000,187799,8144344,187799,0.140836745669572,0.238329277578688,68794.8444879898,43.3673448740409
2008,44,1448,133030,18558,866,11971847600,133030,5750102,133030,0.139502367886943,0.00650980981733444,89993.5924227618,43.2240998271067
2008,45,348,34671,4630,638,2518575100,34671,1546713,34671,0.133540999682732,0.0184015459606011,72642.1245421245,44.6111447607511
2008,47,347,34598,9094,2784,3662862850,34598,1718460,34598,0.262847563442974,0.0804670790219088,105869.207757674,49.6693450488468
2008,48,630,63458,16362,244,5400324340,63458,2773826,63458,0.257839831069369,0.0038450628762331,85100.7649153771,43.7112105644678
2008,53,3184,302163,61464,22490,23610291800,302163,13158399,302163,0.203413389461979,0.0744300261779238,78137.6005665816,43.5473535806833
2008,55,2944,287715,41811,8850,24426514470,287715,12537145,287715,0.145320890464522,0.0307596058599656,84898.3002971691,43.5748744417219
2008,56,1761,168020,24539,2513,11772136400,168020,7521306,168020,0.146048089513153,0.0149565527913344,70063.8995357696,44.7643494822045
2008,57,2380,236037,40054,3415,17538105600,236037,10496233,236037,0.169693734456886,0.0144680706838335,74302.357681211,44.4685917885755
2008,59,5281,495659,74411,19146,40323690080,495659,21609949,495659,0.150125388624034,0.0386273627635128,81353.6929219484,43.5984194779072
2008,64,19019,1927518,380951,104256,119319442060,1927518,80203358,1927518,0.197638102471676,0.0540882108493929,61903.1532053138,41.6096544883109
2008,65,1797,174678,26234,3889,11404797080,174678,7357443,174678,0.150184911666037,0.0222638225763977,65290.4033707737,42.1200322879813
2008,66,234,22162,5305,834,2702466400,22162,920960,22162,0.23937370273441,0.0376319826730439,121941.449327678,41.5558162620702
2008,68,420,40769,6820,412,2918764600,40769,1718597,40769,0.167283965758297,0.0101057175795335,71592.744487233,42.1545046481395
2008,69,130,11518,1254,302,1040371100,11518,504101,11518,0.108873068241014,0.026219829831568,90325.6728598715,43.7663656884876
2008,73,887,87840,15823,1618,6029855700,87840,3743359,87840,0.180134335154827,0.01841985428051,68645.8982240437,42.6156534608379
2008,74,95,9713,1642,212,756663900,9713,417296,9713,0.169051786265829,0.0218264182024091,77902.1826418202,42.9626274065685
2008,75,903,86947,14821,5407,6285241940,86947,3691061,86947,0.17046016538811,0.0621873095103914,72288.1978676665,42.4518499775725
2008,76,1605,147735,26058,4265,10785497390,147735,6320034,147735,0.176383389176566,0.0288692591464447,73005.7020340475,42.7795309168444
2008,77,345,32070,6841,2834,1556051300,32070,1369639,32070,0.213314624259433,0.0883691923916433,48520.4646086686,42.7077954474587
2008,78,876,83624,18942,1913,4402407020,83624,3502163,83624,0.226513919448962,0.0228762077872381,52645.2575815555,41.8798789821104
2008,79,309,23655,4595,1781,1180335400,23655,991979,23655,0.19425068695836,0.075290636229127,49897.9243288945,41.935277953921
2008,83,1358,137783,23922,1963,9708690300,137783,5990049,137783,0.17362083856499,0.014247040636363,70463.629765646,43.4745142724429
2008,84,8085,779808,53669,200682,131165400020,779808,40738376,779808,0.0688233513890599,0.257347962575403,168202.172868193,52.2415466371209
2008,85,1636,153230,9504,100302,17560352600,153230,5967927,153230,0.062024407753051,0.654584611368531,114601.269986295,38.9475102786661
2008,86,857,74818,8701,28222,5335926500,74818,3397265,74818,0.116295543853083,0.377208693095244,71318.753508514,45.4070544521372
2008,87,415,37315,3995,21303,2394162900,37315,1456022,37315,0.107061503416857,0.570896422350261,64160.8709634195,39.0197507704676
2008,88,91,8673,379,5449,796537900,8673,393666,8673,0.0436988354663899,0.628271647642108,91841.1045774242,45.3898305084746
2008,89,761,74291,5605,55021,3650637240,74291,2889214,74291,0.0754465547643725,0.74061461011428,49139.6971369345,38.8904981760913
2008,95,28157,2635594,335572,29702,146270644980,2635594,99792260,2635594,0.127323100598954,0.0112695657980706,55498.170423821,37.8632900211489
2008,96,2551,232352,42058,11100,20850869690,232352,8954483,232352,0.181009847128495,0.0477723454069687,89738.2836816554,38.5384373708856
2008,97,916,89679,17652,5993,3244825500,89679,3268184,89679,0.196835379520289,0.0668272393759966,36182.6681831867,36.4431360742203
2008,98,1018,96644,13767,640,4773591100,96644,3726519,96644,0.142450643599189,0.00662224245685195,49393.5588344853,38.5592380282273
2008,99,1064,99639,16604,6560,4849669440,99639,3614730,99639,0.166641576089684,0.0658376740031514,48672.4017703911,36.2782645349713
2008,103,2617,247102,49600,22945,11999534320,247102,9114283,247102,0.200726825359568,0.0928563912878083,48561.0570533626,36.8846994358605
2008,104,1454,128787,22626,13422,5884825270,128787,4691068,128787,0.175685434088844,0.104218593491579,45694.2491866415,36.4250118412573
2008,105,1533,150384,30667,21751,5693820360,150384,5487567,150384,0.203924619640387,0.144636397489095,37861.8759974465,36.4903646664539
2008,106,778,73724,16039,1679,5228955360,73724,3065648,73724,0.21755466333894,0.0227741305409365,70926.094080625,41.5827681623352
2008,154,12852,1225387,264371,45,60638912360,1225387,46471617,1225387,0.215744903446829,3.6723092378163e-05,49485.5195623913,37.9240329789691
2008,155,5331,554621,158711,13557,12260932280,554621,19654999,554621,0.286161180337564,0.0244437192244794,22106.8662744469,35.4386130348472
2008,156,38422,3463631,645411,10184,147255995730,3463631,140541177,3463631,0.186339422415379,0.002940267020361,42514.9202469894,40.5762556692673
2008,157,8005,768015,158964,2908,35442770570,768015,32537580,768015,0.206980332415383,0.0037863843805134,46148.5395076919,42.3658131677116
2008,158,2122,213227,39511,870,8886017880,213227,8519059,213227,0.185300173055007,0.00408015870410408,41673.9806872488,39.9530031375014
2008,159,17779,1747940,378928,155219,38124888090,1747940,56204202,1747940,0.216785473185578,0.0888011030126892,21811.3253830223,32.1545373410987
2008,163,6276,643236,146117,37644,23471137640,643236,24655952,643236,0.22715923859983,0.0585228438706789,36489.154276191,38.3311133083347
2008,164,2065,184808,22514,600,7006011550,184808,6594655,184808,0.121823730574434,0.00324661270074889,37909.6767997056,35.6838178000952
2008,165,452,43012,8943,1544,1823213180,43012,1619277,43012,0.20791872035711,0.0358969589881893,42388.4771691621,37.647098484144
2008,166,1777,174611,41024,18086,13259190820,174611,7387313,174611,0.234945106551134,0.103578812331411,75935.5986736231,42.3072601382502
2008,167,1730,164119,14440,56665,7456310020,164119,6411248,164119,0.0879849377585776,0.34526776302561,45432.3388516869,39.0646299331583
2008,169,385,38398,9256,1843,1963344400,38398,1528701,38398,0.24105422157404,0.0479972915256003,51131.4235116412,39.8119954164279
2008,173,287,27953,3368,551,1739066600,27953,1157990,27953,0.120487961936107,0.0197116588559368,62213.9519908418,41.4263227560548
2008,174,7508,739787,149215,13936,28133322650,739787,29457800,739787,0.201699948769038,0.018837854679793,38028.9497517529,39.8192993388638
2008,175,3330,355195,114851,43107,6387199980,355195,10980580,355195,0.323346330888667,0.121361505651825,17982.2350539844,30.9142302115739
2008,176,5592,514635,62771,1358,19276910320,514635,22118999,514635,0.121971882985028,0.00263876339541617,37457.4413322063,42.979974156441
2008,178,10451,988515,88905,289770,118500462210,988515,46181043,988515,0.0899379372088436,0.293136674709033,119877.252454439,46.7175945736787
2008,183,1711,163614,28045,66713,7192033240,163614,6148769,163614,0.171409537081179,0.407746280880609,43957.3217450829,37.5809466182601
2008,184,686,67117,9216,4954,3806053620,67117,2696289,67117,0.137312454370726,0.0738114039662083,56707.7434927068,40.1729666105458
2008,185,7622,774600,173651,187822,30190301644,774600,30266905,774600,0.224181513038988,0.242476116705396,38975.3442344436,39.0742383165505
2008,186,1474,157049,30541,75810,3654273390,157049,4766925,157049,0.194467968595789,0.48271558558157,23268.3645868487,30.3531063553413
2008,187,1530,165170,39113,42378,8958731750,165170,7044875,165170,0.236804504449961,0.256572016710056,54239.4608585094,42.6522673609009
2008,188,1872,181998,25929,94282,5692200510,181998,7179297,181998,0.142468598556028,0.518038659765492,31276.1706722052,39.4471202980253
2008,189,1376,150103,40990,67890,3860212940,150103,5667434,150103,0.27307915231541,0.452289427926157,25717.0938622146,37.7569668827405
2008,193,153,20753,12368,5723,390918600,20753,669735,20753,0.595962029586084,0.275767358936057,18836.7272201609,32.2717197513613
2008,194,1057,112298,28477,37476,2761773400,112298,3746449,112298,0.253584213432118,0.333719211383996,24593.255445333,33.3616716237155
2008,195,2947,294107,74164,44728,13611785320,294107,11677768,294107,0.252166728435569,0.152080705321533,46281.7454871866,39.7058485517176
2008,198,446,49385,12053,12825,2059919650,49385,1697691,49385,0.244061962134251,0.25969423914144,41711.4437582262,34.3766528298066
2008,199,2235,244252,87022,30060,8020555680,244252,7729981,244252,0.356279580105792,0.123069616625452,32837.2159900431,31.6475648101141
2008,203,3110,321518,61605,1984,13462759380,321518,12515935,321518,0.191606690760704,0.00617072761089581,41872.4904359943,38.9276339116317
2008,204,1475,137076,28567,2532,5871944740,137076,4232243,137076,0.208402637952669,0.0184715048586186,42837.1468382503,30.8751568472964
2008,205,985,100661,24038,576,3020200300,100661,3833740,100661,0.238801521939977,0.00572217641390409,30003.6786838994,38.0856538281956
2008,206,3007,294668,62895,2734,14435871460,294668,11359729,294668,0.213443604327582,0.00927823856000652,48990.292328994,38.5509420771852
2008,207,6618,656983,115933,8019,23827423060,656983,25298268,656983,0.176462709080752,0.0122057952793299,36267.9446195716,38.5067315288219
2008,208,3549,376610,119713,8161,15559494660,376610,16350627,376610,0.317869945035979,0.0216696317145057,41314.6083747112,43.415275749449
2008,214,5955,590500,135611,6768,26898362950,590500,23582927,590500,0.229654530059272,0.0114614733276884,45551.8424216766,39.9372176121931
2008,217,2137,211934,57109,13290,9145618800,211934,8660424,211934,0.269465965819548,0.0627082016099352,43153.1457906707,40.8637783460889
2008,218,1279,127979,34635,9645,5535606720,127979,5368589,127979,0.270630337789794,0.0753639268942561,43254.0238632901,41.9489838176576
2008,223,521,49263,14642,1061,1919504430,49263,2018386,49263,0.297221038101618,0.0215374621927207,38964.4242128981,40.9716420031261
2008,224,769,77915,15050,510,3686615000,77915,3283554,77915,0.193159211961753,0.00654559455817237,47315.8570236797,42.142770968363
2008,225,149,13612,2070,558,788185000,13612,641813,13612,0.152071701439906,0.0409932412577138,57903.6879224214,47.1505289450485
2008,226,1414,134302,16286,4398,12936792300,134302,5699642,134302,0.121264016917097,0.0327470923739036,96326.1328945213,42.4389956962666
2008,227,321,31559,5587,0,2776283100,31559,1299711,31559,0.177033492822967,0,87971.1999746507,41.1835292626509
2008,228,836,92534,26751,14110,3894187810,92534,3757832,92534,0.289093738517734,0.152484492186656,42083.8590139841,40.6102837875808
2008,229,13258,1317038,226077,61670,102624579930,1317038,55767339,1317038,0.171655639396889,0.0468247689132736,77920.7433118862,42.342999214905
2008,233,760,70655,14671,1004,2762348600,70655,3136105,70655,0.207642771212228,0.0142098931427358,39096.2932559621,44.3861722454179
2008,234,5594,571526,119735,35538,25214132750,571526,22451719,571526,0.209500530159608,0.0621808981568643,44117.2103281391,39.2838103603336
2008,243,40945,4287507,840041,756613,207321086244,4287507,192870845,4287507,0.195927610147342,0.176469216260172,48354.6933553695,44.9843802004288
2008,253,5399,531320,89405,130744,29368763740,531320,22149247,531320,0.16826959271249,0.246073929082286,55275.095498005,41.6872073326809
2008,254,8775,873462,87719,452029,34839954052,873462,35991070,873462,0.10042680734823,0.517514213554797,39887.2006475382,41.2050781831379
2008,255,3262,341498,70303,52405,36876492970,341498,15422671,341498,0.205866505806769,0.153456242789123,107984.506409994,45.1618193957212
2008,256,2209,229532,49830,21387,13616101460,229532,9713735,229532,0.217093912831326,0.093176550546329,59321.1467682066,42.3197419096248
2008,258,318,29727,2668,910,2778189800,29727,1389357,29727,0.0897500588690416,0.0306119016382413,93456.7833955663,46.737208598244
2008,274,26737,2732716,534737,235788,159888945830,2732716,116087208,2732716,0.195679682777135,0.0862833898582948,58509.170301634,42.4805241378907
2008,275,30444,3334407,1035297,237376,85862489000,3334407,115947389,3334407,0.31048909146364,0.0711898697429558,25750.4524792564,34.7730163114461
2008,276,27749,3126350,1041555,51573,41259195590,3126350,93299157,3126350,0.333153677611272,0.0164962336270731,13197.2413805236,29.8428381339261
2008,277,1642,175212,31236,90560,2210541370,175212,5253746,175212,0.178275460584891,0.51685957582814,12616.3811268635,29.9850809305299
2008,283,420,44558,11059,6634,634798790,44558,1122900,44558,0.248193365949998,0.14888459984739,14246.5727815432,25.2008617981058
2008,303,16223,1596083,222888,53093,74581882350,1596083,66629564,1596083,0.139646873000965,0.0332645608029156,46728.0726315611,41.745676133384
2008,308,1329,135783,25564,2910,5299371180,135783,5397766,135783,0.188270991213922,0.0214312542807273,39028.2375555114,39.7528851181665
2008,313,38388,3617582,617766,129760,107056988280,3617582,133417359,3617582,0.170767656406959,0.0358692629496719,29593.5208324234,36.8802584157042
2008,315,3552,316931,71165,15065,7953655560,316931,11284737,316931,0.224544143677961,0.0475340058246117,25095.8585938264,35.6062896971265
2008,316,1857,196763,56402,2742,5698207740,196763,7290642,196763,0.286649420876893,0.0139355468253686,28959.752290827,37.0529113705321
2008,317,1176,138194,63872,835,2545508110,138194,4962277,138194,0.462190833176549,0.00604223048757544,18419.8164175,35.9080495535262
2008,318,2008,213430,38021,17327,6910581340,213430,8260019,213430,0.178142716581549,0.081183526214684,32378.6784425807,38.7013025347889
2008,319,10682,1175296,381449,11448,23566259270,1175296,39801236,1175296,0.324555686397299,0.0097405249401002,20051.3396369936,33.8648612774995
2008,326,1365,141368,37620,4063,3842169610,141368,5426014,141368,0.266113972044593,0.0287405919302813,27178.4959113802,38.3821939901534
2008,328,493,52068,12697,992,1610941020,52068,1987997,52068,0.243854190673734,0.0190520089114235,30939.1760774372,38.1807828224629
2008,329,1607,154605,45204,613,2423626680,154605,4146735,154605,0.292383816823518,0.00396494291905178,15676.2503153197,26.8214805472009
2008,335,3533,361041,96158,5482,7778083848,361041,11833011,361041,0.266335402350426,0.0151838710838935,21543.4918693445,32.7747014881966
2008,336,1062,105016,18992,1247,3422730840,105016,4092359,105016,0.18084863258932,0.0118743810466976,32592.4700997943,38.9689094995048
2008,337,15054,1438976,210453,117122,44565186150,1438976,53233530,1438976,0.1462519180306,0.0813926014054439,30970.0690977473,36.9940360367372
2008,338,1870,179132,26576,5907,6064137750,179132,6932519,179132,0.148359868700176,0.0329756827367528,33852.9003751424,38.7006174217895
2008,344,4438,453013,84379,10881,13002753220,453013,17258735,453013,0.186261762907466,0.0240191782575776,28702.8257908713,38.0976594490666
2008,346,882,88401,6880,0,3845324370,88401,3539247,88401,0.0778271739007477,0,43498.6523908101,40.0362778701598
2008,347,433,43595,9959,310,1062031260,43595,1523118,43595,0.22844362885652,0.00711090721413006,24361.3088656956,34.9379057231334
2008,348,804,89127,25802,512,2206330870,89127,3274378,89127,0.289497009884771,0.00574461162161859,24754.9100721442,36.738339672602
2008,349,100,9887,2520,116,425940020,9887,397314,9887,0.254880145645798,0.0117325781329018,43080.8152118944,40.1854961059978
2008,354,1578,161454,10017,0,7371755800,161454,6553986,161454,0.0620424393325653,0,45658.5516617736,40.5935188970233
2008,355,3630,336368,30169,0,15435949890,336368,13811930,336368,0.0896904580697331,0,45890.0665045426,41.0619618988727
2008,356,1102,123873,30402,812,2804334560,123873,4476508,123873,0.245428785933981,0.00655510078871102,22638.7877907211,36.1378831545212
2008,357,2621,296671,47766,34794,9763145190,296671,12096809,296671,0.161006636981707,0.117281432967833,32908.9974753178,40.7751650818584
2008,359,2732,295018,77917,5437,10081529520,295018,12414806,295018,0.264109308584561,0.0184293839697917,34172.5912317215,42.0815204495997
2008,364,5360,584470,138590,4809,16102958320,584470,23440101,584470,0.237120810306774,0.00822796721816346,27551.3855629887,40.1048830564443
2008,365,13975,1558965,470565,9886,32537371010,1558965,54947077,1558965,0.30184449298092,0.00634138675339087,20871.1363051768,35.2458695352365
2008,366,395,39670,12605,0,1331387100,39670,1598884,39670,0.317746407864885,0,33561.5603730779,40.3046130577263
2008,368,719,71965,15757,963,2104940090,71965,2845687,71965,0.218953658028208,0.0133815048982144,29249.4975335232,39.5426526783853
2008,373,4788,499997,83506,10697,24219488820,499997,21431421,499997,0.167013002078012,0.0213941283647702,48439.2682756097,42.8630991785951
2008,375,5845,602032,125113,14042,24461462740,602032,24411741,602032,0.207817856858107,0.0233243415632392,40631.4992226327,40.5489093602998
2008,376,21319,2339554,747053,34750,66202123550,2339554,87490343,2339554,0.319314279559266,0.0148532583560798,28296.8991312019,37.3961631148501
2008,377,705,67890,11106,74,2694141280,67890,2718762,67890,0.163588157313301,0.00108999852702902,39683.9192811902,40.0465753424658
2008,378,1982,238676,77309,5811,7033512410,238676,9466316,238676,0.323907724278939,0.024346813253113,29468.8716502707,39.6617841760378
2008,379,10971,1156284,281651,27655,30568979090,1156284,40876631,1156284,0.243582891400383,0.0239171345448004,26437.2585714236,35.3517224142166
2008,383,4263,449592,208176,856,8847293160,449592,16018614,449592,0.463033150056051,0.00190394846883397,19678.4933005925,35.6292238296055
2008,384,146,14605,2464,1171,462986600,14605,517721,14605,0.168709346114344,0.0801780212256077,31700.5546045875,35.4482026703184
2008,385,4381,454458,123247,8217,11293163310,454458,16475980,454458,0.271195578029213,0.0180808787610736,24849.7403720476,36.2541312948611
2008,386,268,25967,5350,684,1120922840,25967,1032058,25967,0.20603073131282,0.0263411252743867,43167.2060692417,39.7449840181769
2008,389,6192,637915,127057,19756,23015296240,637915,24743691,637915,0.199175438734001,0.0309696432910341,36078.9387927859,38.7883824647484
2008,405,11448,1375155,212068,367493,16484323750,1375155,45142868,1375155,0.154213888616192,0.267237511407805,11987.247801157,32.827476175413
2008,415,857,88246,12206,1648,4552941300,88246,3818875,88246,0.13831788409673,0.0186750674251524,51593.7413593817,43.2753325929787
2008,417,3480,353815,67446,353,21585945400,353815,18391776,353815,0.190625044161497,0.000997696536325481,61009.1301951585,51.9813348783969
2008,418,9652,1006439,165189,11597,60799289440,1006439,44159400,1006439,0.164132153066405,0.0115228046607892,60410.3074701994,43.876876790347
2008,423,5053,506697,110836,0,22178266800,506697,21531232,506697,0.218742167409714,0,43770.2745427741,42.4933086242863
2008,425,354,35750,5653,294,505886480,35750,945836,35750,0.158125874125874,0.00822377622377622,14150.6707692308,26.4569510489511
2008,426,7748,904149,268408,7237,25904022720,904149,35074188,904149,0.296862574642011,0.00800421169519626,28650.1701821271,38.7924866366053
2008,427,1707,172881,43557,382,1692369330,172881,4373320,172881,0.251947871657383,0.00220961239233924,9789.21529838444,25.2967069834163
2008,434,3169,393587,188255,8133,7734494220,393587,13232730,393587,0.478305939982774,0.0206637922492359,19651.2949360624,33.6208512984423
2008,435,17128,2044730,980371,15164,27314919230,2044730,61236055,2044730,0.479462325099157,0.00741613807201929,13358.692458173,29.9482352193199
2008,436,24254,2891261,867946,107121,53644052250,2891261,106895272,2891261,0.300196350312199,0.0370499238913401,18553.8601496025,36.9718513824937
2008,439,2740,303795,95014,3352,3609998970,303795,9419648,303795,0.312756957816949,0.0110337563159367,11883.0098257048,31.0065932619036
2008,443,6726,764393,185288,5469,8341691750,764393,21039810,764393,0.242398870737958,0.00715469660240217,10912.8311614575,27.5248595944756
2008,444,8714,1030532,314654,9549,11733389080,1030532,31016337,1030532,0.305331615126944,0.0092660878070744,11385.7590836578,30.09740308889
2008,445,2541,268857,90587,110,6773127370,268857,9368560,268857,0.336933760326121,0.000409139430998635,25192.3043476644,34.8458846152416
2008,446,7122,765236,231567,18902,18219498690,765236,27988239,765236,0.302608607017966,0.0247008765923192,23808.99316028,36.5746501732799
2008,447,25126,2820573,704193,127060,55498671050,2820573,103172148,2820573,0.249663100370031,0.0450475843029058,19676.3817316552,36.5784356582865
2008,448,2344,264106,25702,63197,8039446140,264106,10972989,264106,0.0973169863615367,0.239286498602834,30440.2252883312,41.5476702536103
2008,453,20495,2276156,365756,137888,47564720360,2276156,80678841,2276156,0.160690216312063,0.0605793276032047,20896.9509822701,35.44521596938
2008,454,581,60913,12913,1177,2043249900,60913,2544648,60913,0.211990872227603,0.0193226404872523,33543.7410733341,41.775121895162
2008,455,557,57085,11861,8024,1717319450,57085,2468258,57085,0.207777875098537,0.14056231934834,30083.549969344,43.2382937724446
2008,456,1597,183374,35521,76015,5045137320,183374,7752327,183374,0.1937079411476,0.414535321256012,27512.827990882,42.2760424051392
2008,457,648,73236,14462,40423,948827570,73236,2928948,73236,0.197471189032716,0.55195532251898,12955.75359113,39.9932819924627
2008,458,8890,961975,221290,382630,14011283010,961975,34368050,961975,0.23003716312794,0.397754619402791,14565.1217651186,35.726552145326
2008,459,2309,252273,73452,5586,5126776630,252273,7786899,252273,0.291160766312685,0.0221426787646716,20322.3358425198,30.8669536573474
2008,461,369,37946,11586,6796,539647900,37946,1266843,37946,0.305328624887999,0.179096610973489,14221.469983661,33.3854161176409
2008,462,350,39475,10977,202,331156750,39475,880607,39475,0.278074730842305,0.00511716276124129,8389.02469917669,22.3079670677644
2008,463,1709,176735,23414,1689,6343933410,176735,6691265,176735,0.132480832885393,0.00955668090644185,35895.1730557049,37.8604407729086
2008,464,597,73310,21369,512,1840507340,73310,2734693,73310,0.291488200791161,0.00698404037648343,25105.8155776838,37.3031373618879
2008,465,3081,315278,63523,178,11296559490,315278,12306024,315278,0.201482501157708,0.000564581099854731,35830.4718058349,39.0322953076333
2008,468,12864,1380268,413609,465233,12677910548,1380268,45381797,1380268,0.299658472122805,0.337059904308439,9185.10792686638,32.8789749526904
2008,469,4306,476358,132637,90538,4850264960,476358,12463674,476358,0.278439744897745,0.190062935859165,10181.974397407,26.1645107251269
2008,473,4981,335106,33213,335106,1083324168,335106,18359806,335106,0.0991119227945784,1,3232.78057689209,54.7880551228567
2008,475,2464,192232,29540,105127,8930675560,192232,9923318,192232,0.153668483915269,0.546875650255941,46457.7987015689,51.6215718506804
2008,479,7568,773162,212601,25546,13687502792,773162,32674529,773162,0.27497600761548,0.0330409409670936,17703.2792506616,42.260909097964
2008,485,1732,196287,35355,93167,5624763340,196287,8674731,196287,0.180118907518073,0.474646818179502,28655.8118469384,44.1941188158156
2008,486,9715,1204583,358085,279206,19580439730,1204583,45716777,1204583,0.297268847393662,0.231786435637893,16254.9527346808,37.9523677488392
2008,487,1607,168063,49603,44839,2146285860,168063,5657718,168063,0.295145272903614,0.266798759988814,12770.7220506596,33.6642687563592
2008,488,315,31816,7018,346,563427560,31816,1282981,31816,0.220580839829017,0.0108750314307267,17708.9376414383,40.3250251445814
2008,489,200,16966,2355,33,714014000,16966,730953,16966,0.138807025816339,0.00194506660379583,42084.9935164447,43.0834020983143
2008,496,1609,148220,34035,34115,3945552650,148220,6840857,148220,0.229624881932263,0.230164620159223,26619.5698961004,46.1534003508299
2008,498,364,36249,7062,22499,833998800,36249,1775057,36249,0.194819167425308,0.620679191150101,23007.4981378797,48.9684405087037
2008,503,3126,297671,26661,5338,16950128700,297671,13718245,297671,0.0895653254767848,0.0179325496941254,56942.4925505004,46.0852585572663
2008,505,7630,835846,208585,131586,26691654230,835846,35768950,835846,0.249549558172199,0.157428521521907,31933.6985880174,42.793708410401
2008,507,2963,299880,65118,14807,11637503040,299880,13091899,299880,0.217146858743497,0.0493764172335601,38807.199679872,43.6571261838069
2008,508,1381,143199,25380,3145,7221037900,143199,6154016,143199,0.177235874552197,0.0219624438718147,50426.5944594585,42.9752721736884
2008,509,493,51833,13188,10566,1368358690,51833,2169768,51833,0.254432504389096,0.203846970076978,26399.3727933942,41.8607450851774
2008,514,1700,185449,40470,30934,5968980050,185449,7843403,185449,0.218227113653889,0.166805968217677,32186.6391838187,42.2941239909625
2008,516,2960,295040,74641,11824,11437257960,295040,12981615,295040,0.252986035791757,0.0400759219088937,38765.1096800434,43.9995085412148
2008,518,4123,396846,54015,10697,18136393080,396846,17389722,396846,0.136110733130736,0.0269550404942975,45701.3377481441,43.8198243147216
2008,519,401,37611,7546,0,1626968700,37611,1697625,37611,0.200632793597618,0,43257.7889447236,45.1363962670495
2008,523,684,74544,22492,8621,2738932760,74544,3258197,74544,0.301727838591973,0.115649817557416,36742.4978536167,43.708373578021
2008,525,2461,265706,72505,26794,10000321700,265706,10421448,265706,0.272876788631043,0.100840778906009,37636.7929214997,39.2217262688837
2008,526,371,38705,5794,9958,1226320160,38705,1613329,38705,0.14969642165095,0.257279421263403,31683.7659217155,41.6827024932179
2008,527,3222,341926,71444,10535,15860957910,341926,14483217,341926,0.208945795289039,0.0308107602229722,46387.106888625,42.3577528471073
2008,533,322,33557,7432,931,1682293100,33557,1418782,33557,0.221473910063474,0.0277438388413744,50132.4045653664,42.2797627916679
2008,534,3319,360238,92789,47864,13054059280,360238,15025919,360238,0.257576935248364,0.132867715232707,36237.3188836269,41.7110882250068
2008,535,907,93269,10994,21312,3233899770,93269,3819246,93269,0.117874106080262,0.228500359176146,34672.8255904963,40.9487182236327
2008,536,233,24191,3933,5181,808292700,24191,1021894,24191,0.162581125211856,0.214170559298913,33412.9510975156,42.2427349014096
2008,539,193,19386,4282,602,888902000,19386,814141,19386,0.220881048179098,0.0310533374600227,45852.7803569586,41.9963375631899
2008,543,285,31945,6289,175,2119999500,31945,1359937,31945,0.196869619658789,0.00547816559712005,66364.0475817812,42.5712005008609
2008,544,586,56200,6606,746,3082270580,56200,2560090,56200,0.117544483985765,0.0132740213523132,54844.6722419929,45.5532028469751
2008,549,7109,726968,135865,57444,26583453130,726968,30513807,726968,0.186892683034191,0.079018608797086,36567.5698655237,41.9740717610679
2008,558,10076,986665,130925,247015,49278020180,986665,44690526,986665,0.132694480902839,0.250353463434904,49944.0237365266,45.294528538055
2008,563,3374,422451,109831,136248,9697440310,422451,16942504,422451,0.259985181713382,0.322517877813048,22955.1837017784,40.1052524434787
2008,567,12668,1459143,350523,471359,36157460960,1459143,59287156,1459143,0.24022525550957,0.323038249164064,24779.92969846,40.6314912246435
2008,573,1410,188832,55554,44549,4559536340,188832,7558656,188832,0.294198017285206,0.235918700220302,24145.9940052533,40.0284697508897
2008,575,7888,854996,214526,87441,35709243080,854996,36139756,854996,0.250908776181409,0.102270653897796,41765.391978442,42.2689182171613
2008,577,1503,152875,38668,3396,8244086800,152875,6746541,152875,0.252938675388389,0.0222142273098937,53926.9782502044,44.1310940310711
2008,579,4714,595948,149471,195504,12185584330,595948,23435313,595948,0.250812151395759,0.328055467926732,20447.3952928779,39.3244259566271
2008,583,81,9893,2339,5307,162807910,9893,351333,9893,0.23642979884767,0.536439907004953,16456.8796118468,35.5132922268271
2008,584,313,43134,13568,7839,1082533720,43134,1689722,43134,0.314554643668568,0.181735985533454,25096.9935549682,39.1737840218853
2008,585,5219,583899,142240,74709,22512177250,583899,24737555,583899,0.243603773940356,0.127948497942281,38554.9166037277,42.3661540780169
2008,588,629,78868,21930,10035,2217567100,78868,3196110,78868,0.278059542526754,0.12723791651874,28117.4506770807,40.5248009332049
2008,589,431,47759,11160,3810,1691109200,47759,1936570,47759,0.233673234364204,0.0797755396888545,35409.2254862958,40.5487970853661
2008,593,629,73623,17961,3466,2605005970,73623,3064022,73623,0.243959088871684,0.0470776795294949,35383.0456514948,41.6177281556036
2008,594,155,18333,4433,2592,494426000,18333,804600,18333,0.241804396443572,0.141384388807069,26969.1812578411,43.8880706921944
2008,595,1542,215301,79595,38563,4801610660,215301,8701342,215301,0.369691733898124,0.179112033850284,22301.8502468637,40.4147774511033
2008,596,1220,132351,31170,7076,4860769160,132351,5471332,132351,0.235510120815105,0.0534638952482414,36726.3500842457,41.3395592024239
2008,597,1038,111499,26795,5044,4525705200,111499,4757889,111499,0.240316056646248,0.0452380738840707,40589.6483376533,42.6720329330308
2008,598,249,26759,6653,2231,1119530300,26759,1275071,26759,0.248626630292612,0.0833738181546396,41837.5238237602,47.6501737733099
2008,599,703,81523,20747,21381,2115753980,81523,3368918,81523,0.254492597181164,0.262269543564393,25952.8474172933,41.324754977123
2008,614,438,49713,20295,1060,2653258300,49713,3023448,49713,0.408243316637499,0.0213223905215939,53371.5185162835,60.81805563937
2008,615,93,10381,1662,106,454678600,10381,464861,10381,0.160100183026683,0.0102109623350352,43799.1137655332,44.77998266063
2008,616,637,60424,17948,508,3020989100,60424,3220454,60424,0.297034291010195,0.0084072553952072,49996.5096650338,53.2975969813319
2008,617,718,74638,27790,1251,3201270960,74638,4098742,74638,0.372330448297114,0.0167608992738283,42890.631581768,54.9149494895362
2008,628,9976,955307,105288,33724,50110703030,955307,43251891,955307,0.110213784678643,0.0353017406969697,52455.0778231501,45.2753837248131
2008,634,828,73946,4920,1349,3807724470,73946,3259208,73946,0.0665350390825738,0.0182430422199984,51493.3122819355,44.0755145646823
2008,637,3908,389099,57458,12441,16052656200,389099,17099249,389099,0.147669359211923,0.0319738678331222,41255.9687894341,43.9457541653924
2008,643,164,17387,4674,1064,867633200,17387,855538,17387,0.268821533329499,0.0611951457985852,49901.2595617415,49.2056133893139
2008,644,82,7392,1165,1075,234736600,7392,312603,7392,0.157602813852814,0.145427489177489,31755.4924242424,42.2893668831169
2008,645,69,6344,468,263,289658570,6344,258783,6344,0.0737704918032787,0.0414564943253468,45658.6648802018,40.7917717528373
2008,649,95,9410,1341,2297,222270700,9410,359879,9410,0.142507970244421,0.244102019128587,23620.6907545165,38.2443145589798
2008,657,661,70312,13936,16894,1879338060,70312,2967896,70312,0.198202298327455,0.240271930822619,26728.5535897144,42.2103766071225
2008,658,176,22023,4252,5176,495339500,22023,914622,22023,0.193070880443173,0.235027017209281,22491.9175407529,41.5303092221768
2008,666,734,79202,7409,31510,1347465150,79202,2940961,79202,0.0935456175349107,0.397843488800788,17013.0192419383,37.1324082725184
2008,668,387,41073,6408,14526,975008720,41073,1668874,41073,0.156014900299467,0.353662990285589,23738.4344946802,40.6318993012441
2008,669,78,6708,322,3182,91699800,6708,261653,6708,0.0480023852116875,0.474358974358974,13670.2146690519,39.0061121049493
2008,675,331,36122,8971,5502,952615900,36122,1475340,36122,0.248352804385139,0.152317147444771,26372.1803886828,40.8432534189691
2008,677,477,50708,9117,2972,1757411500,50708,1956576,50708,0.17979411532697,0.058610081249507,34657.4800820383,38.5851542162972
2008,678,5451,579947,215002,13896,15917622100,579947,21175474,579947,0.370726980224055,0.0239608102119676,27446.6840935465,36.5127744431819
2008,679,298,31080,5659,632,810201250,31080,1189125,31080,0.182078507078507,0.0203346203346203,26068.2512870013,38.2601351351351
2008,686,2071,243622,64374,3083,6377941990,243622,10035891,243622,0.264237219955505,0.0126548505471591,26179.6635361339,41.1945185574373
2008,687,1434,173170,40924,12312,3417591710,173170,6497282,173170,0.236322688687417,0.0710977652018248,19735.4721372062,37.519674308483
2008,688,747,83885,22342,2110,1917170710,83885,3244487,83885,0.266340823746796,0.0251534839363414,22854.7500745068,38.6777969839662
2008,694,859,79782,9616,336,3483539800,79782,3353545,79782,0.120528439998997,0.0042114762728435,43663.2298012083,42.0338547542052
2008,695,528,48522,5963,0,3502297900,48522,2151603,48522,0.122892708462141,0,72179.5865792836,44.3428341783109
2008,696,919,96204,8483,1267,4846019840,96204,4122433,96204,0.0881772067689493,0.0131699305642177,50372.3321275623,42.850952143362
2008,699,418,40359,6299,555,2371623200,40359,1839794,40359,0.156074233752075,0.0137515795733294,58763.1804554127,45.5857181793404
2008,703,125,11932,1137,535,426880500,11932,526541,11932,0.0952899765336909,0.0448374120013409,35776.1062688569,44.1284780422394
2008,706,1012,104545,22558,315,3023855470,104545,4366303,104545,0.215773112057009,0.00301305657850686,28923.9606867856,41.7648189774738
2008,707,101,11352,2330,129,421557050,11352,485943,11352,0.205250176180409,0.0113636363636364,37135.0466878083,42.8068181818182
2008,708,49,5170,1532,113,171105700,5170,223563,5170,0.296324951644101,0.0218568665377176,33095.8800773694,43.2423597678917
2008,709,488,50082,9969,618,1514945000,50082,2119618,50082,0.199053552174434,0.012339762789026,30249.2911624935,42.3229503614073
2008,713,102,8714,1813,0,320484300,8714,368187,8714,0.208056001836126,0,36778.0927243516,42.2523525361487
2008,719,488,52599,11718,1287,1635707800,52599,2217969,52599,0.22277990075857,0.0244681457822392,31097.6976748607,42.1675126903553
2008,723,149,16156,3557,185,556532800,16156,690607,16156,0.220165882644219,0.0114508541718247,34447.4374845259,42.7461624164397
2008,724,82,7331,1469,140,344510500,7331,340343,7331,0.200381939708089,0.0190969854044469,46993.657072705,46.4251807393262
2008,726,3986,431380,78286,3356,13650750320,431380,18155852,431380,0.181478047197367,0.00777968380546154,31644.3746117113,42.087839028235
2008,727,402,38273,10524,1800,858149470,38273,1534878,38273,0.274971912314164,0.0470305437253416,22421.7978731743,40.1034149400361
2008,729,286,30164,9757,1657,716226100,30164,1196199,30164,0.323465057684657,0.0549330327542766,23744.4006099987,39.656511072802
2008,733,329,30168,5699,9699,672127100,30168,1237190,30168,0.188908777512596,0.321499602227526,22279.4716255635,41.010010607266
2008,734,480,52233,9177,3446,1655391230,52233,2114005,52233,0.175693527080581,0.0659736182107097,31692.4402197844,40.4725939540138
2008,736,2145,224734,39845,6586,7563531610,224734,8997351,224734,0.177298495109774,0.029305757028309,33655.4843058905,40.0355575925316
2008,738,162,17609,3066,95,432590200,17609,733159,17609,0.174115509114657,0.00539496848202624,24566.4262592992,41.6354704980408
2008,739,116,11663,1381,523,266159080,11663,466521,11663,0.118408642716282,0.0448426648375204,22820.8076824145,40.000085741233
2008,743,113,11837,1866,0,298971060,11837,464593,11837,0.157641294246853,0,25257.333783898,39.249218551998
2008,744,2004,216351,27639,15593,3794670330,216351,8353292,216351,0.12775073838346,0.0720726966827054,17539.4166424005,38.6099070491932
2008,745,41,3896,261,460,64483900,3896,147452,3896,0.0669917864476386,0.118069815195072,16551.3090349076,37.847022587269
2008,747,457,55034,8403,1629,973843980,55034,2022315,55034,0.152687429588981,0.0295998837082531,17695.3152596577,36.7466475269833
2008,748,1627,193761,39285,24529,3588907910,193761,7342376,193761,0.202749779367365,0.126594103044472,18522.3440733687,37.893982793235
2008,749,236,27199,5684,2001,792040650,27199,1064960,27199,0.208978271259973,0.073568881208868,29120.2121401522,39.1543806757601
2008,753,102,11365,1594,111,380336100,11365,492468,11365,0.140255169379674,0.00976682798064232,33465.5609326881,43.3319841619006
2008,754,2161,246579,58059,1145,5606993320,246579,9945015,246579,0.235458007372891,0.00464354223190134,22739.1356117107,40.3319625758885
2008,755,468,45844,10741,641,1457818580,45844,1911509,45844,0.234294564174156,0.013982200506064,31799.5502137684,41.6959471250327
2008,756,849,93590,23758,2528,3104358250,93590,4003387,93590,0.253851907255049,0.0270114328453895,33169.7643979058,42.7757986964419
2008,757,532,55641,9981,433,2766337300,55641,2456274,55641,0.179382110314337,0.0077820312359591,49717.605722399,44.1450369331967
2008,759,1514,173079,42437,11685,5274628790,173079,7270245,173079,0.245188613292196,0.0675125231830551,30475.2673056812,42.0053559357288
2008,763,108,12435,3855,419,345149000,12435,500503,12435,0.310012062726176,0.0336952151186168,27756.252513068,40.2495375954966
2008,764,62,7351,1603,0,192294500,7351,298851,7351,0.218065569310298,0,26158.9579649027,40.6544687797579
2008,765,350,39270,7930,260,1338686400,39270,1607354,39270,0.201935319582378,0.00662083015024192,34089.2895339954,40.9308377896613
2008,766,410,41098,9363,478,1684878900,41098,1810228,41098,0.227821305173001,0.0116307362888705,40996.6154070758,44.0466202734926
2008,769,801,90552,19533,1372,2267784110,90552,3613724,90552,0.215710310098065,0.0151515151515152,25043.9980342787,39.9077215301705
2008,773,71,7421,2588,571,142996650,7421,222752,7421,0.348740061986255,0.0769438081121143,19269.188788573,30.0164398329066
2008,774,546,61882,27490,2134,1335784520,61882,2194294,61882,0.44423257166866,0.0344849875569633,21585.9946349504,35.4593258136453
2008,779,11452,1201582,245455,16870,36785255460,1201582,48910269,1201582,0.20427652877623,0.0140398241651423,30614.0200668785,40.7048948802495
2008,783,6050,625065,154132,29150,21987503830,625065,27427717,625065,0.246585555102269,0.0466351499444058,35176.3477878301,43.8797837024949
2008,785,11199,1197348,262342,21337,34059217200,1197348,48209544,1197348,0.219102549968764,0.017820216010717,28445.5456558995,40.2636025616613
2008,799,7423,763419,150006,11583,28139214040,763419,32190779,763419,0.196492358717821,0.0151725330388686,36859.4625493995,42.1665939674019
2008,803,2323,232459,33401,10922,10884776400,232459,10630045,232459,0.143685553151308,0.0469846295475761,46824.4998042666,45.7286876395407
2008,804,35302,3773173,641707,337113,128312661390,3773173,171841908,3773173,0.170070919091173,0.0893446974204469,34006.5672551987,45.5430768745563
2008,808,4995,508514,34819,6655,13229321830,508514,18561343,508514,0.0684720577997853,0.0130871519761501,26015.6491856665,36.5011445112622
2008,809,2557,314865,36497,79387,6597977610,314865,13356543,314865,0.115913169135979,0.252130278055675,20954.9413558192,42.4199037682816
2008,813,556,76175,28364,1130,1325850830,76175,2680045,76175,0.372353134230391,0.0148342632097145,17405.3276009189,35.1827371184772
2008,823,536,55607,11795,0,3124150800,55607,2815558,55607,0.212113582822307,0,56182.6892297732,50.6331576959735
2008,824,633,65925,5146,301,4209639200,65925,3332020,65925,0.078058399696625,0.00456579446340539,63854.9745923398,50.5425862722791
2008,825,71,7546,1820,0,385846400,7546,356552,7546,0.241187384044527,0,51132.5735489001,47.2504638218924
2008,829,592,61847,13197,2644,3347238470,61847,3543262,61847,0.213381408960823,0.0427506588840202,54121.2745969894,57.2907659223568
2008,844,3950,384609,75915,26640,15337245070,384609,17156177,384609,0.197382276545791,0.0692651498014867,39877.4991484859,44.6068006728912
2008,848,774,76969,13535,1433,3738942720,76969,3597290,76969,0.175850017539529,0.0186178851225818,48577.2547389209,46.7368680897504
2008,853,470,45028,7499,11960,1524046630,45028,1994736,45028,0.166540819045927,0.265612507772941,33846.6427556187,44.2999022830239
2008,859,242,21051,4871,1865,1085154900,21051,1001521,21051,0.231390432758539,0.0885943660633699,51548.8527860909,47.5759346349342
2008,865,212,26441,7368,663,578447430,26441,977141,26441,0.278658144548239,0.0250746946030786,21876.9119927386,36.9555236186226
2008,866,627,80977,32420,4921,1564115540,80977,3179315,80977,0.400360596218679,0.0607703421959322,19315.5530582758,39.2619509243365
2008,869,14775,1800122,517165,313559,44558067690,1800122,72383891,1800122,0.287294416711756,0.174187638393398,24752.8043599267,40.210547396232
2008,874,448,50899,18210,1349,1160996890,50899,2017240,50899,0.357767343169807,0.0265034676516238,22809.8172852119,39.6322128136113
2008,875,789,95232,20559,12207,2326911790,95232,3607195,95232,0.215883316532258,0.128181703629032,24434.1375798051,37.8779716901882
2008,878,308,33804,8605,368,796465900,33804,1296967,33804,0.254555673884747,0.010886285646669,23561.2915631286,38.3672642290853
2008,883,234,26243,7410,0,890809800,26243,1057134,26243,0.282361010555196,0,33944.6633387951,40.2825134321533
2008,885,999,110488,43470,1817,1988930040,110488,3984053,110488,0.393436391282311,0.016445224820795,18001.3217725002,36.0586941568315
2008,887,2750,347199,116705,20570,6254589600,347199,12711465,347199,0.336132880567052,0.0592455623432095,18014.4228526004,36.6114677749648
2008,888,3511,439129,113546,2975,8279988120,439129,16526496,439129,0.258570943845658,0.00677477461064972,18855.4800981033,37.6347178164047
2008,889,18660,2041720,593195,38501,46159306272,2041720,74992821,2041720,0.290536900260565,0.0188571400583821,22608.0492290814,36.7302181494034
2008,905,11146,1240777,629518,0,51504861010,1240777,62493962,1240777,0.507357889451529,0,41510.1674273459,50.3667959673656
2009,4,10383,999006,28714,297274,139221713344,999006,48376932,999006,0.028742570114694,0.297569784365659,139360.237419995,48.425066516117
2009,7,10472,1040444,160808,37701,88545591860,1040444,46321140,1040444,0.154557092933402,0.0362354917708209,85103.6594569242,44.520550841756
2009,8,4104,374516,41502,19189,27373575300,374516,16590967,374516,0.110815025259268,0.0512367962917472,73090.5363188756,44.2997548836365
2009,13,11003,1099102,188088,58678,92725138120,1099102,49658941,1099102,0.171128794233838,0.0533872197484856,84364.4521800525,45.1813762507938
2009,14,8630,789450,71798,23068,49747317890,789450,34340095,789450,0.0909468617391855,0.029220343276965,63015.1597821268,43.4987586294256
2009,15,5500,532315,36768,22756,39133917342,532315,23356419,532315,0.0690718841287584,0.0427491241088453,73516.4655175977,43.8770633929159
2009,17,9055,1051042,273033,225690,39418028770,1051042,48113528,1051042,0.259773634164953,0.214729763415734,37503.761762137,45.776979416617
2009,18,4605,492978,70312,111534,24569182070,492978,20208327,492978,0.14262705435131,0.226245390260823,49838.2931286995,40.9923505714251
2009,19,422,39119,4143,9570,2185757020,39119,1757340,39119,0.105907615225338,0.24463815537207,55874.5627444464,44.9229274776963
2009,21,3812,368614,54781,10811,20888313940,368614,15478953,368614,0.148613454724997,0.029328782954527,56667.1747139284,41.992309027872
2009,22,58362,5758171,547422,966045,447666420390,5758171,261661556,5758171,0.0950687292892135,0.167769418449018,77744.5512455257,45.441782816106
2009,23,20995,2016688,366244,154248,126622609498,2016688,83585520,2016688,0.181606673912871,0.0764858024642384,62787.4066280952,41.4469268424268
2009,24,1044,105223,16246,462,6432750000,105223,4329894,105223,0.154395902036627,0.00439067504252872,61134.4477918326,41.1496916073482
2009,25,9312,949175,179939,107017,72730007142,949175,40652848,949175,0.189574103827008,0.112747385887745,76624.4445355177,42.8296657623726
2009,26,6387,619734,74268,184111,47557670060,619734,26317994,619734,0.119838511361326,0.297080683002708,76738.8428906595,42.4665969593406
2009,27,7926,804701,144023,26816,45190663440,804701,33520336,804701,0.178977036191082,0.0333241787943596,56158.3289196857,41.6556410393426
2009,28,117,10748,1642,3113,559098900,10748,522734,10748,0.152772608857462,0.289635280982508,52018.8779307778,48.6354670636398
2009,29,2014,201313,42488,15459,8242133720,201313,7914109,201313,0.211054427682266,0.0767908679518958,40941.8851241599,39.3124587085782
2009,33,4526,433147,44777,6947,27624414860,433147,18539498,433147,0.103375990137297,0.0160384349885836,63776.0733884801,42.8018617236181
2009,34,335,39703,12459,9538,1931446130,39703,1673723,39703,0.313805002140896,0.240233735485983,48647.359897237,42.1560839231292
2009,35,892,87336,7604,13105,3993787880,87336,3557555,87336,0.0870660437849226,0.150052670147476,45728.999267198,40.7341188055327
2009,36,1946,188723,17079,1760,13250442100,188723,7990546,188723,0.0904977135802207,0.00932583733832124,70211.0611849112,42.3400751365758
2009,37,2274,227409,40186,5804,12240448120,227409,9206663,227409,0.176712443219046,0.0255222968308202,53825.6978395754,40.4850423685958
2009,43,1728,166907,26104,41451,10906926490,166907,7120216,166907,0.156398473401355,0.248347882353646,65347.3280928901,42.65978059638
2009,44,1415,131806,20977,1313,11818075300,131806,5632026,131806,0.159150569776793,0.00996161024536061,89662.6504104517,42.7296632930216
2009,45,303,29189,5422,631,2219812200,29189,1332115,29189,0.185754907670698,0.0216177327075268,76049.6145808353,45.6375689472062
2009,47,289,27665,8148,1489,3146018500,27665,1339288,27665,0.294523766491957,0.0538225194288813,113718.362551961,48.4109163202603
2009,48,531,51277,10010,188,4790364600,51277,2301493,51277,0.195214228601517,0.00366636113657195,93421.3116992024,44.883534528151
2009,53,2986,287575,60307,16948,22335989000,287575,12349819,287575,0.209708771624794,0.0589341910805877,77670.1347474572,42.94468921151
2009,55,2698,269216,40887,7990,22578976200,269216,11689409,269216,0.151874331391894,0.0296787709497207,83869.3695768454,43.4201867645311
2009,56,1728,164388,26848,1882,11726181726,164388,7258767,164388,0.163320923668394,0.0114485242231793,71332.3461931528,44.1563070297102
2009,57,2087,208316,35802,4246,15598848900,208316,9121709,208316,0.171863899076403,0.0203824958236525,74880.7047946389,43.7878463488162
2009,59,4912,467737,76859,18551,39385390540,467737,20268662,467737,0.164320975248911,0.0396611771144896,84204.1372395171,43.3334587599442
2009,64,18750,1953933,396065,103865,123032774000,1953933,80902070,1953933,0.202701423232015,0.0531568892075624,62966.7312031682,41.4047308684587
2009,65,1973,190506,31909,2976,12355659900,190506,8007655,190506,0.16749603687023,0.015621555226607,64857.0643444301,42.0336104899583
2009,66,258,25956,6891,293,2993368300,25956,1095058,25956,0.265487748497457,0.0112883341038681,115324.714902142,42.1890121744491
2009,68,383,38544,8290,1019,2892061280,38544,1557033,38544,0.215078870900789,0.0264373183893732,75032.7231216272,40.3962484433375
2009,69,112,10384,1286,287,872367400,10384,462331,10384,0.12384437596302,0.0276386748844376,84010.7280431433,44.5234013867488
2009,73,841,83621,19275,825,5648785500,83621,3523641,83621,0.230504299159302,0.00986594276557324,67552.2356824243,42.1382308271846
2009,74,92,9245,2109,0,779494200,9245,391562,9245,0.228123309897242,0,84315.2190373175,42.3539210383991
2009,75,763,73104,12753,4953,5451721100,73104,3078985,73104,0.174450098489823,0.067752790544977,74574.8673123222,42.117873166995
2009,76,1752,166395,35449,3108,11711241000,166395,7165229,166395,0.213041257249316,0.0186784458667628,70382.1689353647,43.0615643498903
2009,77,360,35552,9527,3708,1830639400,35552,1505465,35552,0.267973672367237,0.104297929792979,51491.8823132313,42.3454376687669
2009,78,847,82016,16263,2418,4807912900,82016,3420132,82016,0.198290577448303,0.0294820522824815,58621.6457764339,41.7007900897386
2009,79,314,23679,2587,1865,1366492800,23679,1015324,23679,0.109252924532286,0.078761772034292,57709.0586595718,42.8786688627054
2009,83,1170,117939,14923,1868,9578953300,117939,5167230,117939,0.126531512052841,0.0158386962751931,81219.5567199993,43.8127337013202
2009,84,8044,768275,57760,194453,131880470644,768275,40474704,768275,0.0751814129055351,0.253103380950831,171657.896773942,52.6825732973219
2009,85,1602,145555,6556,97763,17526568600,145555,5653792,145555,0.0450413932877606,0.67165676204871,120411.999587785,38.8429940572292
2009,86,807,70542,5684,29160,5256484880,70542,3269465,70542,0.0805761106858325,0.413370757846389,74515.676901704,46.3477786283349
2009,87,373,32025,2403,18836,2285170000,32025,1275643,32025,0.0750351288056206,0.588165495706479,71355.8157689305,39.8327244340359
2009,88,106,9962,645,5995,933905800,9962,434244,9962,0.0647460349327444,0.601786789801245,93746.8179080506,43.5900421602088
2009,89,774,73685,4652,55048,3253807540,73685,2781038,73685,0.0631336092827577,0.747071995657189,44158.3434891769,37.7422541901337
2009,95,28402,2671459,359763,26338,153718645000,2671459,100982260,2671459,0.134669107779681,0.00985903208696072,57541.0833555746,37.8004154284232
2009,96,2542,237119,46834,11685,22003319300,237119,9149953,237119,0.197512641331989,0.049279053977117,92794.416727466,38.5880212045429
2009,97,839,87022,17545,5601,3360130390,87022,3229323,87022,0.201615683390407,0.0643630346349199,38612.4243294799,37.1092712187723
2009,98,991,98190,13090,119,5194593600,98190,3744808,98190,0.133312964660352,0.00121193604236684,52903.4891536816,38.1383847642326
2009,99,1034,97751,16734,7140,4786157900,97751,3499163,97751,0.171190064551769,0.0730427310206545,48962.7512762018,35.7966977319925
2009,103,2619,248947,48806,21074,12760149530,248947,9269657,248947,0.196049761595842,0.0846525565682655,51256.4904578083,37.2354637734136
2009,104,1431,132995,22367,11799,6862639730,132995,4818840,132995,0.168179254859205,0.0887176209631941,51600.7348396556,36.2332418511974
2009,105,1422,144050,33711,16788,5859570880,144050,5355951,144050,0.234022908712253,0.116542867060049,40677.3403679278,37.1811940298507
2009,106,1003,101538,27523,2787,6420337300,101538,4207754,101538,0.271061080580669,0.0274478520356911,63230.8820343123,41.440189879651
2009,154,12702,1226790,262127,173,63523276570,1226790,46638714,1226790,0.213669006105364,0.00014101843021218,51780.0736637893,38.0168684126868
2009,155,5452,572167,166838,12628,12699399060,572167,20327107,572167,0.291589693218938,0.0220704794229657,22195.2665218372,35.5265280940704
2009,156,36410,3266071,595667,7480,144918961310,3266071,132746705,3266071,0.182380297305233,0.00229021353179401,44371.0382627934,40.6441577663192
2009,157,8506,810503,156532,2817,38340093040,810503,34015388,810503,0.193129451710851,0.00347561946100138,47304.0729522284,41.9682444111866
2009,158,2320,230672,41084,1208,10284508080,230672,9234826,230672,0.178105708538531,0.00523687313588125,44584.986821114,40.034447180412
2009,159,18699,1839498,410053,157657,39273323030,1839498,58506186,1839498,0.222915708524826,0.0857065351525253,21350.0221419105,31.8055175922996
2009,163,6311,639121,138068,35854,23453923420,639121,24419483,639121,0.216027950888799,0.0560989233650592,36697.1565947606,38.2079183753937
2009,164,1914,170999,20229,246,7023050490,170999,6160228,170999,0.118298937420687,0.00143860490412225,41070.7108813502,36.0249358183381
2009,165,418,38762,6280,1524,1725819650,38762,1484603,38762,0.162014343945101,0.0393168567153398,44523.4933697952,38.3004746917084
2009,166,1754,179445,39422,21436,13891098020,179445,7543228,179445,0.219688483936582,0.119457215302739,77411.4520883836,42.0364345621221
2009,167,1805,166394,16980,56361,7500926920,166394,6311315,166394,0.10204694880825,0.338720146159116,45079.311273243,37.9299433873818
2009,169,436,43960,12826,3793,2253019660,43960,1735227,43960,0.291765241128298,0.0862829845313922,51251.584622384,39.4728616924477
2009,173,248,22098,3403,69,1457221500,22098,893661,22098,0.153995836727306,0.00312245452077111,65943.5921802878,40.4408091229976
2009,174,7404,742092,148762,11482,29181995980,742092,29329713,742092,0.200463015367367,0.0154724751109027,39323.9598055228,39.5230146666451
2009,175,3537,368121,110588,51264,6788272560,368121,11325414,368121,0.300412092762977,0.139258559006414,18440.3295655505,30.7654657028531
2009,176,5367,482816,57524,1520,17902067290,482816,20403100,482816,0.119142696182397,0.00314819724284199,37078.4466339144,42.2585415562036
2009,178,10266,993538,91030,281321,121099855054,993538,46347926,993538,0.0916220617631132,0.283150719952332,121887.492027482,46.6493742564452
2009,183,1719,165999,27428,66259,6587527350,165999,6182263,165999,0.16522991102356,0.399153006945825,39684.1387598721,37.2427725468226
2009,184,687,63469,7182,3676,3752165100,63469,2539939,63469,0.113157604499835,0.0579180387275678,59118.0749657313,40.0185759977312
2009,185,6989,725261,169032,177073,29565181630,725261,28403729,725261,0.233063683280915,0.244150726428141,40764.8855101819,39.1634583963566
2009,186,1412,148327,25333,70701,3229433010,148327,4356124,148327,0.170791561886912,0.476656306673768,21772.3881019639,29.3683820208054
2009,187,1528,166936,41962,41299,9095918500,166936,6893646,166936,0.251365792878708,0.247394210955097,54487.4592658264,41.2951430488331
2009,188,1716,171483,27927,90096,5145186050,171483,6579938,171483,0.162855793285632,0.525393187662917,30004.0590029332,38.3707889411778
2009,189,1260,132599,31693,66555,2913542210,132599,4771721,132599,0.239013868882872,0.501926862193531,21972.5805624477,35.9861009509876
2009,193,160,22244,13576,6084,466120540,22244,735740,22244,0.610321884553138,0.273511958280885,20954.8885092609,33.0758856320806
2009,194,1064,114046,27061,34849,3108370290,114046,3829225,114046,0.237281447836838,0.305569682408853,27255.4082563176,33.5761447135366
2009,195,2746,277660,70727,46705,12900281520,277660,10990318,277660,0.254725203486278,0.168209320751999,46460.7128142332,39.5819275372758
2009,198,413,49189,14645,12576,1626226270,49189,1602792,49189,0.297729167090203,0.255666917400232,33060.7711073614,32.5843582914879
2009,199,2207,240969,84277,32945,7282425370,240969,7469579,240969,0.349742083006528,0.136718831052957,30221.4200581818,30.9980910407563
2009,203,3230,334293,83416,1832,14092495060,334293,12783370,334293,0.249529604269309,0.0054802224395964,42156.1177170925,38.2400169910827
2009,204,1676,156570,31011,4473,6772507580,156570,4858421,156570,0.198064763364629,0.0285686913201763,43255.4613272019,31.0303442549658
2009,205,973,99932,21803,629,2828697570,99932,3805781,99932,0.218178361285674,0.00629428011047512,28306.223932274,38.0837069207061
2009,206,3102,303405,61485,3289,14898751840,303405,11432111,303405,0.202649923369753,0.0108402959740281,49105.1625385211,37.6793757518828
2009,207,6482,636305,109603,8564,22464333184,636305,24307654,636305,0.172249157243775,0.0134589544322298,35304.3480469272,38.2012619734247
2009,208,3701,386296,113116,6944,16785018310,386296,16498937,386296,0.292822084619049,0.017975852713981,43451.1833153851,42.7106079275996
2009,214,5585,556027,132920,9254,24798885390,556027,21934838,556027,0.239053139505815,0.016643076685125,44600.1460180891,39.4492317819099
2009,217,1751,172822,44297,9837,7809043400,172822,6861352,172822,0.256315746837787,0.056919836594878,45185.4705998079,39.7018435152932
2009,218,1088,103353,23647,9500,4694369240,103353,4188955,103353,0.228798389983842,0.0919179898019409,45420.7351504069,40.5305603127147
2009,223,544,51812,13853,913,2111029360,51812,2091082,51812,0.26737049332201,0.0176214004477727,40744.0237782753,40.3590287964178
2009,224,655,62106,10332,174,2991085220,62106,2546306,62106,0.166360738092938,0.00280166167520046,48160.9702766238,40.9993559398448
2009,225,134,12070,2372,884,621455080,12070,542163,12070,0.196520298260149,0.0732394366197183,51487.5791217896,44.9182270091135
2009,226,1316,122779,15050,2738,12424618300,122779,5217045,122779,0.122577965287223,0.022300230495443,101194.978783017,42.4913462399922
2009,227,331,34040,7921,0,3103592200,34040,1407369,34040,0.232696827262045,0,91174.8589894242,41.3445652173913
2009,228,811,88311,26458,15483,3540380640,88311,3449691,88311,0.299600276296271,0.175323572374902,40089.9167714101,39.0629819614771
2009,229,13169,1308601,226960,58029,105364195450,1308601,55428751,1308601,0.173437128658774,0.0443443035730524,80516.670436596,42.3572586296358
2009,233,742,74464,14475,1169,2966033800,74464,3148904,74464,0.194389235066609,0.0156988611946713,39831.7818006016,42.2876020627417
2009,234,5539,577684,133499,36067,25440796840,577684,22578599,577684,0.23109346978625,0.0624337873300974,44039.2962934753,39.0846881686181
2009,243,38695,4056779,781691,715310,192761681790,4056779,180631106,4056779,0.192687597722232,0.176324616154836,47515.9435083844,44.5257446856237
2009,253,5204,511948,88682,132156,28173794568,511948,21401714,511948,0.173224624375913,0.25814340518959,55032.5317571316,41.8044684225742
2009,254,7781,783763,79693,408119,30850494460,783763,32761164,783763,0.101679972134434,0.520717359712056,39362.0194625161,41.7998348990703
2009,255,2866,308131,67912,43279,35077418400,308131,13947135,308131,0.220399765035001,0.140456494153461,113839.303413159,45.2636540951738
2009,256,1966,208904,49512,20692,12418210300,208904,8695888,208904,0.23700838662735,0.0990502814690001,59444.5788496151,41.6262398039291
2009,258,291,27402,3356,1242,2569747300,27402,1256774,27402,0.122472812203489,0.0453251587475367,93779.5525874024,45.8643164732501
2009,274,25729,2614239,507783,231092,152869256790,2614239,110384768,2614239,0.194237405225766,0.0883974265551084,58475.6239922976,42.2244362508554
2009,275,28651,3145047,1018108,231929,81656962042,3145047,108332877,3145047,0.323717896743673,0.0737442079561927,25963.6698726601,34.4455510521782
2009,276,27715,3115268,1089663,54180,42289691738,3115268,91977146,3115268,0.349781463424656,0.0173917621212685,13574.9770928216,29.5246335146768
2009,277,1532,161163,32517,79732,1957172260,161163,4587891,161163,0.201764673032892,0.494728939024466,12144.0545286449,28.4673963626887
2009,283,406,44866,11087,9360,689007340,44866,1186719,44866,0.247113627245576,0.208621227655686,15357.0039673695,26.4502964382829
2009,303,14412,1429615,198166,43000,68493904370,1429615,59350129,1429615,0.138614941785026,0.0300780280005456,47910.7342676175,41.5147637650696
2009,308,1180,123291,22717,3613,4802047800,123291,4724520,123291,0.184255136222433,0.0293046532188075,38948.8916465922,38.320072024722
2009,313,37159,3488258,581867,127341,107238366746,3488258,128102085,3488258,0.166807329045042,0.0365056139769478,30742.6706241339,36.7237988130465
2009,315,3333,297823,70328,14436,7931957580,297823,10495329,297823,0.236140257804132,0.0484717432837625,26633.1263199954,35.2401560658512
2009,316,1957,215612,64237,2998,6233011550,215612,7870065,215612,0.297928686715025,0.0139046064226481,28908.4631189359,36.5010528170974
2009,317,1100,129531,60394,769,2396213930,129531,4576201,129531,0.466251322077341,0.00593680277308135,18499.1541021068,35.3290023237681
2009,318,1796,192236,39051,13515,6039128020,192236,7355186,192236,0.203140930939054,0.0703042094092678,31415.1772820908,38.2612309869119
2009,319,10060,1099200,367077,11576,22642139018,1099200,37039196,1099200,0.33394923580786,0.0105312954876274,20598.7436481077,33.6965029112082
2009,326,1347,133081,31495,4615,3694458060,133081,4957929,133081,0.236660379768712,0.0346781283579174,27760.9730915758,37.2549725355235
2009,328,456,50684,12668,177,1692725600,50684,1966601,50684,0.24994080972299,0.00349222634361929,33397.6323889196,38.8012193197064
2009,329,1701,159146,41014,266,2558022670,159146,4160233,159146,0.257713043368982,0.00167142121071218,16073.4336395511,26.1409837507697
2009,335,3320,338694,96048,5440,7883883030,338694,11186836,338694,0.28358341157505,0.0160616958080155,23277.3034951904,33.0293303099553
2009,336,1069,104814,19669,2270,3424382400,104814,4069849,104814,0.187656229129696,0.0216574121777625,32671.0401282271,38.8292499093633
2009,337,13886,1307506,182306,109472,41131814820,1307506,48083963,1307506,0.139430335310125,0.083725810818459,31458.2226161869,36.7753287556615
2009,338,1657,162708,18904,3863,5681688950,162708,6205661,162708,0.11618359269366,0.0237419180372201,34919.5426776803,38.1398640509379
2009,344,4480,461947,87780,11551,14048750950,461947,17700383,461947,0.190021799037552,0.0250050330449164,30412.0406670029,38.3169129791946
2009,346,810,78296,5677,0,3557286280,78296,3040320,78296,0.0725068969040564,0,45433.8188413201,38.8311024828855
2009,347,431,45712,13428,780,1131163390,45712,1586817,45712,0.293752187609381,0.0170633531676584,24745.4364280714,34.7133575428771
2009,348,725,79808,26129,606,1938993600,79808,2924948,79808,0.327398255813954,0.00759322373696873,24295.7297514034,36.649809542903
2009,349,73,7513,1479,243,282612600,7513,299687,7513,0.196858778117929,0.0323439371755624,37616.4781046187,39.8891255157727
2009,354,1368,128646,5810,0,5922717900,128646,5014552,128646,0.0451626945260638,0,46038.8811156196,38.979463022558
2009,355,3516,325902,26302,0,14963096120,325902,13065799,325902,0.080705242680315,0,45912.8698811299,40.0911899896288
2009,356,917,100932,23428,944,2324307120,100932,3516132,100932,0.232116672611263,0.00935283160940039,23028.446082511,34.8366424919748
2009,357,2398,259243,43316,34006,8507496670,259243,10309521,259243,0.167086478709165,0.131174226497919,32816.6880880101,39.7677892942143
2009,359,2591,269192,61044,6331,9451485860,269192,11218290,269192,0.226767511664537,0.0235185295253945,35110.5748313471,41.6739353324022
2009,364,5088,552979,135626,4935,15218285720,552979,21495283,552979,0.245264286708899,0.00892438953377976,27520.5490986095,38.8717889829451
2009,365,13083,1455549,460923,10892,30794609570,1455549,50463684,1455549,0.316666082694571,0.00748308713756802,21156.697280545,34.6698627115954
2009,366,340,35638,11724,0,1231874300,35638,1450283,35638,0.328974689937707,0,34566.314046804,40.6948481957461
2009,368,605,60326,12975,752,1922229090,60326,2432008,60326,0.215081391108312,0.0124656035540231,31864.0236382323,40.3144249577297
2009,373,4867,491964,80004,8390,24040826450,491964,20841435,491964,0.162621655243067,0.0170540933889472,48867.0440316771,42.3637400297583
2009,375,5622,583740,129065,11749,24366544370,583740,23593868,583740,0.221100147325864,0.0201271113852057,41742.1187001062,40.4184534210436
2009,376,20985,2321459,760242,27962,66267236560,2321459,85791841,2321459,0.327484568971496,0.0120450113484666,28545.5123523612,36.9560009459568
2009,377,752,76157,11527,68,3058037000,76157,3022146,76157,0.151358378087372,0.00089289231456071,40154.3784550337,39.6831020129469
2009,378,1890,218689,64102,4242,6659336050,218689,8632923,218689,0.293119452738821,0.0193974091060822,30451.1706121478,39.4757989656544
2009,379,10524,1096982,280593,26276,29150331390,1096982,38157506,1096982,0.255786330131215,0.0239529910244653,26573.2084847336,34.7840766758251
2009,383,4056,416641,200401,633,8765558440,416641,14690204,416641,0.480992029108993,0.00151929358848505,21038.6362359921,35.2586615335505
2009,384,115,10761,2517,1795,303679950,10761,361832,10761,0.23390019514915,0.166806058916458,28220.4209645944,33.6243843508968
2009,385,3874,395170,103006,7910,10356172400,395170,14304084,395170,0.26066249968368,0.0200167016726978,26206.8790647063,36.1972923045778
2009,386,244,24086,5943,609,1015692600,24086,939702,24086,0.246740845304326,0.025284397575355,42169.4179191231,39.0144482271859
2009,389,6399,664078,138665,21347,24288403260,664078,25662746,664078,0.208808302639148,0.032145320278642,36574.6241555962,38.6441743289192
2009,405,11522,1344481,209419,368471,15988698600,1344481,42621946,1344481,0.155761963166456,0.274061887077616,11892.097099178,31.7014119202875
2009,415,844,83592,12180,1488,4185718100,83592,3592047,83592,0.145707723227103,0.017800746482917,50073.1900181836,42.9711814527706
2009,417,3363,334875,64203,330,20794083260,334875,17255468,334875,0.19172228443449,0.000985442329227324,62095.060126913,51.5280865994774
2009,418,9770,1016094,170406,9861,63218457040,1016094,44202293,1016094,0.167706924753025,0.00970481077538102,62217.1344777156,43.502169090655
2009,423,5080,509237,102552,0,22386496080,509237,21443509,509237,0.201383638659406,0,43960.8592462842,42.109094586607
2009,425,365,37951,4756,404,724240830,37951,1027042,37951,0.125319490922505,0.0106453057890438,19083.5769808437,27.0623171984928
2009,426,7784,910557,267785,7855,26658421210,910557,34989006,910557,0.294089222311179,0.00862658790169094,29277.0482353109,38.4259370912529
2009,427,1705,183926,57826,503,1979174330,183926,4694771,183926,0.314398181877494,0.00273479551558779,10760.7099050705,25.5253254026076
2009,434,3054,386121,178814,7123,7523926330,386121,12804363,386121,0.463103534902272,0.0184475850834324,19485.9288409592,33.1615296759306
2009,435,17038,2054420,1014788,13453,28187694650,2054420,60318181,2054420,0.49395352459575,0.00654832020716309,13720.5121883549,29.3601994723572
2009,436,24371,2880088,895042,103327,52790045780,2880088,104111111,2880088,0.310768976503496,0.0358763343342287,18329.3169444823,36.1485867792929
2009,439,2745,316989,106223,3115,4048314750,316989,9705450,316989,0.335099956149898,0.00982683941714066,12771.1521535448,30.6176239554054
2009,443,6322,718658,203557,7117,8212741200,718658,19513376,718658,0.283245994617746,0.00990318065060154,11427.8853084499,27.1525203921754
2009,444,8540,1008441,349006,10490,11485731870,1008441,29581710,1008441,0.346084699055274,0.0104021950714023,11389.5923212166,29.3341008546856
2009,445,2573,261855,88842,132,6569272890,261855,8987335,261855,0.339279372171622,0.000504095778197858,25087.4449218079,34.3218002329534
2009,446,6995,765323,235894,19961,18424887610,765323,27961396,765323,0.308228029211196,0.026081798142745,24074.6555506629,36.5354183789067
2009,447,26002,2888496,732557,126833,56866801860,2888496,103313512,2888496,0.253611914297268,0.0439097024887692,19687.3396605015,35.7672338822695
2009,448,2008,206528,19235,25520,6867525740,206528,8362362,206528,0.0931350712736288,0.123566780291292,33252.2744615742,40.4902095599628
2009,453,20508,2264334,355890,142107,47557743002,2264334,79292231,2264334,0.157172042640353,0.0627588509469009,21002.9717356185,35.0179041607819
2009,454,454,46237,10054,550,1619686580,46237,1864023,46237,0.217444903432316,0.0118952354175228,35030.0966758224,40.3145316521401
2009,455,617,64020,13687,8751,2000539400,64020,2717297,64020,0.213792564823493,0.136691658856607,31248.6629178382,42.4445017182131
2009,456,1536,176391,30038,72845,4890358810,176391,7367539,176391,0.170292135086257,0.41297458487111,27724.537022864,41.7682251362031
2009,457,644,77969,15049,42892,906523760,77969,3116378,77969,0.193012607574805,0.550116071772115,11626.7203632213,39.969449396555
2009,458,9189,985392,255300,396550,13797668220,985392,34495906,985392,0.259084709435433,0.402428678130125,14002.2125407959,35.0072925292675
2009,459,2485,267197,80169,6607,5311910850,267197,8076243,267197,0.300037051314199,0.0247270740315198,19880.1290807906,30.2257996908648
2009,461,385,40459,16188,7442,481805300,40459,1208146,40459,0.400108752069997,0.183939296571838,11908.4826614598,29.8609950814405
2009,462,342,39902,13320,263,304015000,39902,849389,39902,0.333817853741667,0.00659114831336775,7619.04165204752,21.2868778507343
2009,463,1750,186386,26050,1631,6673569060,186386,6850823,186386,0.139763716158939,0.00875065723820459,35805.0983442962,36.7561029261854
2009,464,615,80666,26929,246,2149619340,80666,3053323,80666,0.333833337465599,0.0030496119802643,26648.3938710237,37.8514243919371
2009,465,3070,315340,70627,1092,11656021630,315340,12205641,315340,0.22397095198833,0.00346292890213738,36963.346324602,38.7062884505613
2009,468,12773,1354237,410116,474301,12374455890,1354237,44145962,1354237,0.302839163307457,0.350234855494275,9137.58514203939,32.5984019045411
2009,469,4515,497169,157277,97690,5217217970,497169,13027691,497169,0.316345146217886,0.196492540765816,10493.8521307644,26.2037476190189
2009,473,5086,337384,30450,337384,1295802506,337384,18208780,337384,0.0902532425959737,1,3840.73490740521,53.9704905982501
2009,475,2365,179800,23134,93619,8707845040,179800,9250466,179800,0.128665183537264,0.520684093437152,48430.7288097887,51.4486429365962
2009,479,7546,768809,231589,26286,13881215010,768809,32016903,768809,0.301230864883216,0.0341905466767429,18055.4793323179,41.6448077480883
2009,485,1724,188552,30199,92493,5796268470,188552,8213128,188552,0.160162713734142,0.49054372268658,30740.954590776,43.5589545589546
2009,486,9850,1207759,335120,290980,18704412560,1207759,44330947,1207759,0.27747257524059,0.240925548888479,15486.8749146146,36.7051266022443
2009,487,1648,173521,57155,43725,2346946680,173521,5695275,173521,0.329383763348528,0.251986791224117,13525.4331176054,32.8218198373684
2009,488,522,57613,10595,242,963857820,57613,2240335,57613,0.183899467134154,0.0042004408727197,16729.8668703244,38.8859285230764
2009,489,153,14594,2384,247,571879100,14594,614468,14594,0.16335480334384,0.0169247636014801,39185.9051665068,42.1041523913937
2009,496,1541,134135,22543,28297,3782267030,134135,5983136,134135,0.168062027062288,0.21095910836098,28197.4654638983,44.6053304506654
2009,498,373,36191,7492,22795,664364200,36191,1820165,36191,0.207012793235887,0.629852725815811,18357.1661462795,50.2933049653229
2009,503,2853,272005,19522,8100,15484068900,272005,12251391,272005,0.0717707395084649,0.029778864359111,56925.6774691642,45.0410507159795
2009,505,7338,799522,192932,143674,24797964250,799522,33778434,799522,0.241309182236386,0.179699870672727,31015.9873649506,42.2482858507959
2009,507,2866,289002,59223,16048,11743091240,289002,12304656,289002,0.204922457284033,0.0555290274807787,40633.2525034429,42.5763697137044
2009,508,1352,139827,23691,2998,7252024800,139827,5923663,139827,0.169430796627261,0.0214407803929141,51864.2665579609,42.3642286539796
2009,509,461,48214,13532,9568,1238198000,48214,1996191,48214,0.280665366905878,0.198448583399013,25681.2958891608,41.4027253494836
2009,514,1549,174472,37466,32498,5482485400,174472,7261018,174472,0.214739327800449,0.186264844788849,31423.2965748086,41.6170961529644
2009,516,2851,282479,69001,11284,10815238800,282479,12111622,282479,0.244269485519278,0.039946332293728,38286.8772545924,42.8761854863547
2009,518,4071,385186,48245,10628,17455677130,385186,16397915,385186,0.125251177353279,0.027591864709517,45317.5274542689,42.5714200412268
2009,519,312,32449,6225,648,1264253700,32449,1368621,32449,0.191839501987735,0.0199697987611329,38961.2530432371,42.1776017750932
2009,523,676,80194,21190,13972,2865845120,80194,3504823,80194,0.26423423198743,0.174227498316582,35736.4032221862,43.7043045614385
2009,525,2388,252102,62241,26309,9792822860,252102,9912860,252102,0.246888164314444,0.104358553283988,38844.6853257808,39.3208304575132
2009,526,383,40092,5656,10087,1132274800,40092,1644018,40092,0.141075526289534,0.251596328444577,28241.9135987229,41.0061358874589
2009,527,3015,329011,69866,11619,15511293020,329011,13779838,329011,0.212351562713709,0.0353149286801961,47145.211011182,41.882605748744
2009,533,279,30456,6766,486,1492797480,30456,1263050,30456,0.222156553716837,0.0159574468085106,49014.889676911,41.4713028631468
2009,534,2988,325823,69712,47981,12355105150,325823,13219512,325823,0.213956657448983,0.147260936152451,37919.6838467512,40.5726790312532
2009,535,941,94211,11088,22433,3374637830,94211,3705085,94211,0.117693262994767,0.238114445234633,35819.9979832504,39.3275201409602
2009,536,228,24877,3445,7242,794166000,24877,1029197,24877,0.138481328134421,0.29111227238011,31923.7046267637,41.3714274229208
2009,539,182,18509,3742,200,852076520,18509,785724,18509,0.202171916365012,0.0108055540547842,46035.7944783619,42.4509157707062
2009,543,270,26555,2428,517,1885018100,26555,1102649,26555,0.0914328751647524,0.0194690265486726,70985.4302391264,41.5232159668612
2009,544,495,45788,4705,577,2315084800,45788,2025948,45788,0.102756180658688,0.0126015549925745,50560.9504673714,44.2462653970473
2009,549,6674,675157,105601,54408,25078061770,675157,27746373,675157,0.156409546224063,0.0805857008073678,37144.0446740536,41.0961791109327
2009,558,8992,866287,93579,226736,45079687770,866287,38521277,866287,0.108023091654382,0.26173312077868,52037.8209184716,44.4671073212457
2009,563,2646,326260,79797,107290,7591063340,326260,12689876,326260,0.244581009011218,0.328848157910869,23266.9139336725,38.894979464231
2009,567,10964,1245405,275669,425923,30471023380,1245405,49347063,1245405,0.221348878477282,0.341995575736407,24466.7585082764,39.623305671649
2009,573,1094,151617,44063,35893,3243030630,151617,5794120,151617,0.290620444936913,0.236734666956872,21389.6240527118,38.2155035385214
2009,575,7376,792257,173725,83433,33962425470,792257,32873771,792257,0.219278592678891,0.105310524236454,42867.9399109128,41.4938220804613
2009,577,1428,144362,34226,4711,8003197800,144362,6204077,144362,0.237084551336224,0.0326332414347266,55438.3965309431,42.9758315900306
2009,579,4236,526193,119751,185844,10268842740,526193,20015881,526193,0.227579994412697,0.353185998293402,19515.3541381204,38.0390484099941
2009,583,61,5651,204,2941,108450400,5651,216237,5651,0.0360998053441869,0.520438860378694,19191.3643602902,38.2652627853477
2009,584,295,42991,12457,8633,975677780,42991,1668376,42991,0.289758321509153,0.200809471749901,22694.9310320765,38.8075643739387
2009,585,4715,517001,111988,76545,20096337372,517001,21353792,517001,0.216610799592264,0.148055806468459,38870.9835609602,41.3031928371512
2009,588,572,72360,18513,10467,1934468420,72360,2792214,72360,0.255845771144279,0.144651741293532,26733.9472084024,38.5878109452736
2009,589,352,40901,9798,3689,1466291950,40901,1660966,40901,0.239554045133371,0.0901933938045524,35849.7824014083,40.6094227524999
2009,593,620,77564,21023,4530,2782871600,77564,3195809,77564,0.271040688979423,0.0584033830127379,35878.3920375432,41.2022201021092
2009,594,129,15640,4378,776,538401400,15640,654187,15640,0.279923273657289,0.049616368286445,34424.641943734,41.8278132992327
2009,595,1539,203383,66695,43821,4492140220,203383,7913661,203383,0.327928096251899,0.215460485881318,22087.0978400358,38.9101399822011
2009,596,1202,128870,28474,7539,4943640100,128870,5254571,128870,0.220951346317995,0.058500814774579,38361.4502987507,40.7741988049973
2009,597,920,99151,21579,5283,3960768720,99151,4179367,99151,0.217637744450384,0.0532823672983631,39946.8358362498,42.1515365452693
2009,598,256,24821,6332,4082,1034573500,24821,1134916,24821,0.255106562991016,0.164457515813223,41681.3786712864,45.7240240119254
2009,599,603,67207,17528,16443,1766174670,67207,2729275,67207,0.260806166024373,0.244662014373503,26279.6236999122,40.6099811031589
2009,614,325,35412,15242,2152,2192443400,35412,2031031,35412,0.430419066982944,0.0607703603298317,61912.4421100192,57.3543149214955
2009,615,89,7952,1265,375,354127900,7952,363806,7952,0.159079476861167,0.0471579476861167,44533.1866197183,45.7502515090543
2009,616,564,54589,13909,772,3113201100,54589,2701197,54589,0.254794922053894,0.0141420432687904,57029.8246899559,49.4824415175219
2009,617,606,61489,24594,1588,2832369360,61489,3275804,61489,0.39997397908569,0.0258257574525525,46063.02525655,53.2746344874693
2009,628,9077,860602,78526,31792,45177468190,860602,38055505,860602,0.0912454305242145,0.0369415827525383,52495.1931206295,44.2196334658762
2009,634,673,63746,4815,2247,3077023740,63746,2658841,63746,0.0755341511624259,0.0352492705424654,48270.0677689581,41.709926897374
2009,637,3439,343004,49983,9518,14365326420,343004,14519955,343004,0.145721332695829,0.0277489475341395,41880.929726767,42.3317366561323
2009,643,190,17746,3202,415,894276120,17746,800585,17746,0.180435027611856,0.0233855516736166,50393.1094331117,45.1135467147526
2009,644,78,7133,1018,715,263534500,7133,298636,7133,0.142716949390158,0.100238328893874,36945.8152250105,41.8668162063648
2009,645,49,4554,594,278,204572100,4554,186414,4554,0.130434782608696,0.0610452349582784,44921.4097496706,40.9341238471673
2009,649,95,9008,1792,1147,229973900,9008,337868,9008,0.198934280639432,0.127331261101243,25529.9622557726,37.5075488454707
2009,657,588,59152,9832,17206,1410815600,59152,2437040,59152,0.166215850689748,0.29087773870706,23850.682986205,41.1996213145794
2009,658,125,13266,2226,2622,315486200,13266,532134,13266,0.167797376752601,0.197648123021257,23781.561887532,40.112618724559
2009,666,681,69222,6400,27683,1432156020,69222,2560322,69222,0.0924561555574817,0.399916211609026,20689.3187137037,36.9871139233192
2009,668,329,33885,3948,12134,643501900,33885,1336902,33885,0.11651173085436,0.35809355171905,18990.7599232699,39.4540947321824
2009,669,66,6210,611,2323,119373940,6210,257293,6210,0.0983896940418679,0.374074074074074,19222.8566827697,41.4320450885668
2009,675,291,31204,6250,7064,824422450,31204,1260808,31204,0.200294833995642,0.226381233175234,26420.4092424048,40.4053326496603
2009,677,529,50188,8632,3195,1646451020,50188,1891012,50188,0.171993305172551,0.0636606360086076,32805.6710767514,37.6785685821312
2009,678,5234,565678,207618,11738,15621324684,565678,20527901,565678,0.367025056657675,0.0207503208539134,27615.2240037619,36.2890213160137
2009,679,275,30173,6346,748,860116200,30173,1175677,30173,0.210320485202002,0.024790375501276,28506.1545089981,38.9645378318364
2009,686,2078,242623,61186,4527,6280155880,242623,9698361,242623,0.25218548942186,0.018658577298937,25884.4210153201,39.9729662892636
2009,687,1589,187097,49404,12905,3649521360,187097,6864042,187097,0.264055543381241,0.0689749167544108,19506.0388996082,36.6870767569763
2009,688,768,83616,19399,2114,1929843840,83616,3172888,83616,0.232001052430157,0.0252822426329889,23079.8392652124,37.9459433601225
2009,694,899,79249,7906,135,3643662740,79249,3299803,79249,0.099761511186261,0.00170349152670696,45977.3970649472,41.6384181503868
2009,695,506,42636,5001,72,3055422000,42636,1852907,42636,0.117295243456234,0.00168871376301717,71662.9608781312,43.4587437845952
2009,696,918,90904,8915,411,4794993270,90904,3903008,90904,0.0980704919475491,0.00452125319017865,52747.8798512717,42.9354923875737
2009,699,410,38468,4975,496,2395299140,38468,1772760,38468,0.129328272850161,0.0128938338359156,62267.3167307892,46.0840178849953
2009,703,99,9523,1041,0,357012300,9523,388962,9523,0.109314291714796,0,37489.478105639,40.8444817809514
2009,706,810,81933,12893,199,2506596060,81933,3280771,81933,0.157360282181783,0.00242881378687464,30593.2415510234,40.0421197807965
2009,707,108,11190,2198,0,409220040,11190,456902,11190,0.196425379803396,0,36570.1554959786,40.8312779267203
2009,708,48,3854,131,65,127940100,3854,162742,3854,0.0339906590555267,0.0168655941878568,33196.7047223664,42.2267773741567
2009,709,405,41052,8150,1586,1346861200,41052,1688863,41052,0.198528695313261,0.0386339277014518,32808.6621845464,41.1396034297964
2009,713,77,7421,971,85,266504100,7421,309234,7421,0.130844899609217,0.0114539819431343,35912.1546961326,41.6701253200377
2009,719,374,38433,7952,706,1261076500,38433,1558414,38433,0.206905523898733,0.0183696302656571,32812.3357531288,40.5488512476257
2009,723,159,18098,3760,151,587459700,18098,740287,18098,0.207757763288761,0.0083434633661178,32459.9237484805,40.9043540722732
2009,724,71,7438,1264,158,289083600,7438,324607,7438,0.169938155418123,0.0212422694272654,38865.7703683786,43.6417047593439
2009,726,3480,360256,59249,3383,11708493510,360256,14762716,360256,0.16446360365962,0.00939054450168769,32500.48162973,40.9784042458696
2009,727,319,29177,5659,1144,728562700,29177,1136873,29177,0.193954141961134,0.0392089659663434,24970.4458991672,38.9646982212016
2009,729,221,21704,3814,1058,511391120,21704,836544,21704,0.175727976409878,0.0487467747880575,23562.0678215997,38.5433099889421
2009,733,256,23610,5120,7317,553515000,23610,923357,23610,0.216857263871241,0.309911054637865,23444.0914866582,39.1087251164761
2009,734,404,42426,5957,3752,1318303870,42426,1701734,42426,0.140409183048131,0.0884363362089285,31073.018196389,40.1106397020695
2009,736,1827,192615,36676,8596,6426878960,192615,7545019,192615,0.190410923344496,0.0446278846403447,33366.4510032967,39.1715027386237
2009,738,81,9168,1096,39,210255100,9168,360657,9168,0.119546247818499,0.00425392670157068,22933.5842059337,39.3386780104712
2009,739,110,10846,1033,941,235067500,10846,429309,10846,0.0952424857090172,0.0867600958878849,21673.197492163,39.5822423013092
2009,743,116,12607,1286,162,287587130,12607,480952,12607,0.102006821607044,0.0128500039660506,22811.7022289204,38.1495994288887
2009,744,1783,192422,25980,14756,3429508560,192422,7284236,192422,0.135015746640197,0.07668561806862,17822.8506095977,37.8555258754197
2009,745,47,4461,969,137,107318700,4461,169792,4461,0.217215870880968,0.0307106030038108,24057.0948217888,38.0614212060076
2009,747,435,52598,7396,1619,898708170,52598,1867527,52598,0.140613711547968,0.030780638047074,17086.3563253356,35.5056656146622
2009,748,1586,191399,33201,24158,3408653700,191399,6942783,191399,0.173464856138224,0.126218005318732,17809.1510404966,36.2738729042472
2009,749,245,26850,4975,2292,801360580,26850,1028753,26850,0.185288640595903,0.0853631284916201,29845.8316573557,38.3148230912477
2009,753,114,12515,2050,32,378730100,12515,506546,12515,0.163803435876948,0.00255693168198162,30262.0934878146,40.4751098681582
2009,754,2067,237610,51082,1339,5656934510,237610,9392560,237610,0.214982534405118,0.00563528471023947,23807.6449223518,39.5293127393628
2009,755,391,40838,4492,215,1393940620,40838,1681802,40838,0.109995592340467,0.00526470444194133,34133.4203437974,41.1822812086782
2009,756,852,85690,16060,2657,2945948140,85690,3547735,85690,0.187419768934531,0.031007118683627,34379.1357217878,41.4019722254639
2009,757,530,50653,9304,1064,2448143700,50653,2142381,50653,0.183681124513849,0.0210056660020137,48331.6624879079,42.2952441118986
2009,759,1356,149150,34533,9039,4460915180,149150,6062778,149150,0.231532014750251,0.0606034193764667,29908.918404291,40.6488635601743
2009,763,93,8952,1610,171,209182930,8952,345894,8952,0.179848078641644,0.0191018766756032,23367.1726988383,38.6387399463807
2009,764,82,7918,1640,109,198716600,7918,313344,7918,0.207123010861329,0.0137661025511493,25096.8173781258,39.5736297044708
2009,765,280,27964,5325,72,1070606980,27964,1127885,27964,0.190423401516235,0.00257473895007867,38285.1873837791,40.3334644542984
2009,766,332,34159,8031,579,1361474600,34159,1432808,34159,0.235106414122193,0.0169501449105653,39856.9805907667,41.9452560086654
2009,769,694,77570,17753,2316,1863971060,77570,2914180,77570,0.228864251643677,0.0298569034420523,24029.535387392,37.5683898414335
2009,773,54,5184,2537,131,82746600,5184,165336,5184,0.489390432098765,0.0252700617283951,15961.9212962963,31.8935185185185
2009,774,420,46492,21189,1333,1155942800,46492,1671008,46492,0.455755828959821,0.0286715994149531,24863.2624967736,35.9418394562505
2009,779,10588,1107008,227363,16025,35319269380,1107008,44329445,1107008,0.205385146268139,0.0144759568133202,31905.1618235821,40.0443763730705
2009,783,5317,539259,127732,32785,19373440760,539259,22895407,539259,0.236865773218435,0.0607963891191431,35926.0406594976,42.4571625137457
2009,785,9509,1013717,194176,21525,28901277370,1013717,39760696,1013717,0.191548528830038,0.0212337368318771,28510.2029165931,39.2226785187582
2009,799,7087,716478,118232,11102,27922077610,716478,29722663,716478,0.165018325754594,0.0154952420032436,38971.2979463431,41.4844042664255
2009,803,2135,224308,37286,8274,10635872940,224308,9960328,224308,0.166226795299321,0.0368867806765697,47416.3781051055,44.4046935463737
2009,804,31870,3399334,531785,328263,113323584690,3399334,151226354,3399334,0.156437996383998,0.0965668569196201,33336.9962145526,44.4870536405072
2009,808,5001,512899,34080,6697,13334761740,512899,18028534,512899,0.0664458304656472,0.0130571516029472,25998.8062756995,35.1502615524694
2009,809,2684,331860,41381,77449,6909349460,331860,13879471,331860,0.124694148134756,0.233378533116374,20820.0731031158,41.8232718616284
2009,813,523,65099,26292,682,1124376770,65099,2232486,65099,0.403877171692345,0.0104763514032474,17271.7978770795,34.2937065085485
2009,823,473,44940,7221,0,2630479200,44940,2186507,44940,0.16068090787717,0,58533.1375166889,48.6539163328883
2009,824,603,61878,7419,55,3788135500,61878,3023901,61878,0.119897217104625,0.000888845793335273,61219.4237047093,48.8687578784059
2009,825,64,6913,1184,308,335460800,6913,278086,6913,0.171271517430927,0.0445537393316939,48526.0812961088,40.2265297266021
2009,829,616,63504,16436,4851,3335987900,63504,3524302,63504,0.258818342151675,0.0763888888888889,52531.9334215168,55.4973230032754
2009,844,3413,319750,50903,20735,12508025600,319750,13938737,319750,0.159196247068022,0.0648475371383894,39118.1410476935,43.5926098514464
2009,848,720,76333,14270,1411,3738980320,76333,3394188,76333,0.186944047790602,0.0184847968768423,48982.488831829,44.465539150826
2009,853,432,39044,5387,9570,1327160100,39044,1736888,39044,0.137972543796742,0.245108083188198,33991.396885565,44.4854010859543
2009,859,249,22454,3510,2064,1049345500,22454,1041278,22454,0.156319586710608,0.0919212612452124,46733.1210474748,46.3738309432618
2009,865,200,23072,8161,719,527713700,23072,842353,23072,0.35371879334258,0.0311633148404993,22872.4731276006,36.5097520804438
2009,866,512,65377,25109,4302,1394166870,65377,2537972,65377,0.384064732245285,0.0658029582268994,21325.0358688836,38.8205638068434
2009,869,13649,1615426,440571,330252,39858531260,1615426,63103858,1615426,0.272727441554116,0.20443647681788,24673.6967586259,39.0632922832739
2009,874,377,45461,15799,307,1087033240,45461,1736038,45461,0.347528650931568,0.00675304106816832,23911.3358703064,38.187413387299
2009,875,712,85678,21737,10572,2323498590,85678,3222975,85678,0.253705735427998,0.123392236046593,27118.9639113892,37.6172996568547
2009,878,304,33162,7249,735,844124480,33162,1247469,33162,0.218593570954707,0.0221639225619685,25454.5708943972,37.6174235570834
2009,883,195,20822,5503,0,691905300,20822,816942,20822,0.264287772548266,0,33229.5312650082,39.2345596004226
2009,885,969,107649,44819,1886,1845408840,107649,3894352,107649,0.416343858280151,0.0175199026465643,17142.8330964524,36.176388076062
2009,887,2613,319533,100494,25871,5961502890,319533,11663164,319533,0.314502727417825,0.0809650333455386,18656.9239796829,36.500655644331
2009,888,3284,392499,99366,4120,7504133530,392499,14526722,392499,0.253162428439308,0.0104968420301708,19118.8602518733,37.0108509830598
2009,889,17546,1908065,553514,33703,44692045490,1908065,68529100,1908065,0.290091794566747,0.0176634443795154,23422.7059822386,35.9154955412945
2009,905,11454,1305891,674802,0,55618896550,1305891,65188710,1305891,0.516736848634381,0,42590.764887728,49.9189518880213
2010,4,9686,931237,23816,256353,127521642230,931237,45278245,931237,0.0255745852022632,0.275282232127804,136937.903272744,48.6216129728522
2010,7,10334,1027764,145660,34068,84405599910,1027764,45419772,1027764,0.141725143126243,0.0331476876014338,82125.4684051981,44.192803017035
2010,8,4383,417748,40443,17794,30996025650,417748,18509638,417748,0.0968119536179706,0.0425950573072762,74197.9031617147,44.3081427080441
2010,13,10264,1031813,173176,59487,85494033290,1031813,46240618,1031813,0.167836613805021,0.0576528886532734,82858.0695242258,44.8149209207482
2010,14,8695,817857,70394,28011,52993252920,817857,35755983,817857,0.0860712814098308,0.0342492636243255,64795.2550629267,43.7191134880548
2010,15,5485,539462,43246,22567,39716499450,539462,23726186,539462,0.0801650533309112,0.0418324182240825,73622.4228027183,43.9811997879369
2010,17,9064,1036359,265121,220081,38195207470,1036359,47325300,1036359,0.255819653228273,0.21235980967985,36855.1896302343,45.6649674485386
2010,18,4519,469597,61219,110874,23979497300,469597,19262421,469597,0.13036497251899,0.236104574773689,51063.9916779707,41.0190461182674
2010,19,361,34659,4089,7585,1724873500,34659,1623313,34659,0.117978014368562,0.218846475662887,49766.9725035344,46.8366946536253
2010,21,4230,411952,70926,19374,23053998990,411952,17179888,411952,0.172170544141065,0.047029751038956,55962.8281693013,41.7036159552569
2010,22,56686,5597226,517565,881087,436844865902,5597226,253806149,5597226,0.092468126175359,0.157414940901082,78046.6727450348,45.3449885711244
2010,23,20290,1953496,347164,153856,124387666426,1953496,80979046,1953496,0.177714210830224,0.0787593115112598,63674.3901323576,41.4533973962578
2010,24,981,99715,16972,554,6285018730,99715,4169475,99715,0.170205084490799,0.0055558341272627,63029.8222935366,41.8139196710625
2010,25,9022,902998,152484,112601,67154860720,902998,38791718,902998,0.168864161382417,0.124696843182377,74368.7812376107,42.9588083251569
2010,26,6260,613531,78198,174391,44070712660,613531,26143921,613531,0.127455662387068,0.284241546066947,71831.2728452189,42.6122249731472
2010,27,7682,783616,144237,22592,43657130800,783616,32611589,783616,0.18406592004247,0.0288304475661549,55712.4035241751,41.6167982787488
2010,28,99,9041,1950,2070,369063500,9041,404187,9041,0.215684105740515,0.228956973786086,40821.0927994691,44.7060059727906
2010,29,2020,209406,44030,18942,8660318400,209406,8248279,209406,0.210261406072414,0.0904558608635856,41356.5915016762,39.3889334594042
2010,33,4318,415495,40450,8442,25818238650,415495,17765751,415495,0.0973537587696603,0.0203179340304937,62138.5062395456,42.7580380028641
2010,34,326,39684,11454,10981,2020519600,39684,1625152,39684,0.288630178409435,0.276711017034573,50915.2202398952,40.9523233545006
2010,35,916,89327,7415,12291,4222797620,89327,3659474,89327,0.0830096163533982,0.137595575805747,47273.474089581,40.9671655826346
2010,36,2108,201993,24043,1177,13849654620,201993,8399564,201993,0.11902887723832,0.00582693459674345,68565.0226492997,41.583441010332
2010,37,2205,218513,37615,4292,12440219400,218513,8999971,218513,0.172140787962272,0.0196418519721939,56931.255348652,41.1873481211644
2010,43,1607,151897,17582,40229,9800050640,151897,6439386,151897,0.11574948813999,0.264843940301652,64517.7366241598,42.3931084879886
2010,44,1398,128551,18244,884,12092116580,128551,5518813,128551,0.1419203273409,0.00687664817854392,94064.7414644771,42.9309223576635
2010,45,338,33236,5094,646,2566446900,33236,1500906,33236,0.153267541220363,0.0194367553255506,77218.8861475509,45.1590444096763
2010,47,332,32578,6984,932,3613014000,32578,1543513,32578,0.21437780096998,0.0286082632451348,110903.49315489,47.3789980968752
2010,48,578,57670,11265,406,5454517700,57670,2566684,57670,0.195335529738165,0.00704005548812207,94581.544997399,44.5063984740766
2010,53,2834,280638,55255,17378,22115772700,280638,12101094,280638,0.19689065629031,0.0619231893043708,78805.3389063491,43.1199409915977
2010,55,2808,283291,38768,8085,23931609620,283291,12287869,283291,0.136848682097207,0.0285395582634111,84477.1264177118,43.3754302113375
2010,56,1757,166040,21786,2137,12361867000,166040,7405347,166040,0.131209347145266,0.0128703926764635,74451.1382799326,44.5997771621296
2010,57,2039,205431,36966,4091,15199508500,205431,9118197,205431,0.179943630708121,0.0199142291085571,73988.3878285166,44.3856915460666
2010,59,4637,446346,74667,16500,37216425130,446346,19221370,446346,0.167285021037491,0.036966837386243,83380.2142956361,43.0638338867157
2010,64,18464,1898608,355726,104410,118460113680,1898608,78382188,1898608,0.187361477461382,0.0549929211295855,62393.1394368927,41.2840291413499
2010,65,2046,205410,37491,3120,13749308040,205410,8745721,205410,0.182517891047174,0.0151891339272674,66935.9234701329,42.576899858819
2010,66,256,25353,7273,892,3125268500,25353,1088750,25353,0.286869404015304,0.0351832130319883,123270.165266438,42.9436358616337
2010,68,398,39981,6775,619,3158219800,39981,1650551,39981,0.169455491358395,0.0154823541182061,78993.0166829244,41.2833846076887
2010,69,117,12225,2297,294,1033121200,12225,540187,12225,0.187893660531697,0.0240490797546012,84508.8916155419,44.1870756646217
2010,73,802,79872,14825,1196,5648416900,79872,3357175,79872,0.185609475160256,0.0149739583333333,70718.3606270032,42.0319386017628
2010,74,76,7896,1461,0,592527000,7896,320766,7896,0.185030395136778,0,75041.4133738602,40.6238601823708
2010,75,735,68484,9981,4831,5273372400,68484,2844382,68484,0.145742071140704,0.0705420244144618,77001.5244436657,41.5335260790842
2010,76,1895,179810,39592,3078,12561156550,179810,7665841,179810,0.220187976197097,0.0171180690729103,69857.9419943274,42.633007063011
2010,77,336,30280,7806,3556,1527407000,30280,1274986,30280,0.25779392338177,0.117437252311757,50442.7675033025,42.1065389696169
2010,78,811,78283,15821,2198,4333237950,78283,3261128,78283,0.202100072812744,0.0280776158297459,55353.498843938,41.6581888788115
2010,79,315,24876,5705,1604,1271694050,24876,1052350,24876,0.229337514069786,0.0644798199067374,51121.3237658788,42.3038269818299
2010,83,1314,127630,18366,1827,10096267300,127630,5587728,127630,0.143900336911384,0.0143148162657682,79105.753349526,43.780678523858
2010,84,8082,778861,66047,182109,133399966250,778861,41132064,778861,0.084799469995288,0.233814506054354,171275.704201392,52.8105323029398
2010,85,1541,144722,7160,93673,16913726180,144722,5613135,144722,0.0494741642597532,0.64726164646702,116870.456323158,38.7856372908058
2010,86,840,71593,6692,27563,5408734100,71593,3162663,71593,0.0934728255555711,0.384995739806964,75548.3650636236,44.1755897922981
2010,87,357,32355,3432,16790,2351046000,32355,1304592,32355,0.106073249884098,0.518930613506413,72664.0704682429,40.3211868335651
2010,88,89,8260,583,4780,667709000,8260,362885,8260,0.0705811138014528,0.578692493946731,80836.4406779661,43.932808716707
2010,89,722,70071,4240,52806,3286413400,70071,2711702,70071,0.0605100540879965,0.753607055700647,46901.1916484708,38.6993478043699
2010,95,28473,2705442,363605,27777,158794684710,2705442,102122232,2705442,0.134397632623431,0.0102670838997842,58694.5440744987,37.746967778278
2010,96,2569,242243,47540,9551,22677347430,242243,9234960,242243,0.196249220823718,0.0394273518739448,93614.0463501525,38.1227114921793
2010,97,855,82486,15113,7716,3223353300,82486,2972104,82486,0.183218970491962,0.0935431467158063,39077.5804378925,36.0316174866038
2010,98,1070,101420,14924,459,5231672400,101420,3824267,101420,0.147150463419444,0.00452573456911852,51584.2279629265,37.7072273713272
2010,99,1052,99851,16084,6901,4977362780,99851,3604339,99851,0.161080009213728,0.0691129783377232,49847.9011727474,36.0971747904378
2010,103,2692,257946,54215,18443,13570370740,257946,9596117,257946,0.210179650004264,0.0714994611275228,52609.3474603212,37.2020384111403
2010,104,1438,130462,24265,12368,6840582300,130462,4825435,130462,0.185992856157349,0.0948015514096059,52433.5231714982,36.9872836534776
2010,105,1645,159466,33077,18924,6394666820,159466,5834808,159466,0.207423526018085,0.118671064678364,40100.5030539425,36.5896680170068
2010,106,1033,109003,23536,3327,7380378120,109003,4546558,109003,0.215920662734053,0.0305220957221361,67708.0274854821,41.7103932919278
2010,154,12866,1243092,270124,319,63539796060,1243092,46869640,1243092,0.217300087201913,0.000256618174680555,51114.3149984072,37.7040798267546
2010,155,5268,556413,158233,13098,12443463970,556413,19687698,556413,0.284380487156123,0.0235400682586496,22363.718982123,35.3832458982806
2010,156,37102,3351230,579726,10126,151093053310,3351230,136445147,3351230,0.172989021941198,0.00302157715226947,45085.8500640064,40.7149455573028
2010,157,8266,792876,149017,3349,38063318860,792876,33220886,792876,0.18794489932852,0.00422386350450764,48006.6477734223,41.8992200545861
2010,158,2273,234372,42774,857,10227876160,234372,9422908,234372,0.182504736060622,0.00365658013755909,43639.4968682266,40.2049220896694
2010,159,18785,1859503,412597,153807,41612834450,1859503,59611177,1859503,0.221885632881474,0.0827140370303248,22378.4712635581,32.0575858172856
2010,163,6404,659252,136476,38358,24464728820,659252,25108310,659252,0.207016436810203,0.0581841238251837,37109.8287453053,38.0860581386177
2010,164,1765,154974,16775,208,6518983310,154974,5569971,154974,0.108243963503555,0.00134216062049118,42065.0129053906,35.9413256417206
2010,165,426,42326,8615,1686,1759505910,42326,1561776,42326,0.203539195766196,0.0398336719746728,41570.3328923121,36.8987383641261
2010,166,2395,241276,58956,26255,17268713990,241276,10201581,241276,0.244350867885741,0.108817288085015,71572.4481092193,42.2817893201147
2010,167,1779,168130,15506,53232,8175593840,168130,6367961,168130,0.0922262534943199,0.316612145363707,48626.6213049426,37.8752215547493
2010,169,518,52351,14034,2905,2786228180,52351,2105696,52351,0.268075108402896,0.0554908215697885,53222.0622337682,40.2226509522263
2010,173,214,19899,1473,472,1337430500,19899,819748,19899,0.074023820292477,0.0237197849138148,67210.9402482537,41.195436956631
2010,174,7611,754929,141846,15897,30427395720,754929,29898599,754929,0.18789316611231,0.0210576093910818,40304.9766534336,39.6045177758438
2010,175,3494,360325,108576,54579,6680196430,360325,10943449,360325,0.301327967806841,0.151471588149587,18539.3642683688,30.3710511343926
2010,176,5250,473917,46149,1458,18164815930,473917,20312506,473917,0.0973778108824963,0.00307648807702615,38329.108113868,42.8608933631839
2010,178,10277,957727,88127,275212,113480023030,957727,44413387,957727,0.0920168273422384,0.2873595502685,118488.904489484,46.3737442924758
2010,183,1747,171788,29613,65988,7091204710,171788,6289220,171788,0.172381074347452,0.384124618716092,41278.812897292,36.6103569515915
2010,184,629,59790,7471,5750,3494081060,59790,2402621,59790,0.12495400568657,0.096169928081619,58439.2216089647,40.1843284830239
2010,185,6797,694008,145984,179360,27338756320,694008,26852367,694008,0.210349160240228,0.258440824889627,39392.5665410197,38.6917254556144
2010,186,1516,157626,33807,74160,3344603660,157626,4646077,157626,0.214476038217045,0.470480758250542,21218.6039105224,29.4753213302374
2010,187,1584,170449,38298,39437,9500911630,170449,7170882,170449,0.224688909879201,0.231371260611679,55740.4949867702,42.070543095002
2010,188,1691,163697,26505,85734,5104980240,163697,6312710,163697,0.161915001496668,0.523735926742701,31185.5454895325,38.5633823466527
2010,189,1237,133246,34092,68090,2860564330,133246,4734260,133246,0.255857586719301,0.511009711360941,21468.2942077061,35.5302222956036
2010,193,156,22417,11743,6539,480308260,22417,665605,22417,0.523843511620645,0.291698264709819,21426.0721773654,29.6919748405228
2010,194,1117,120759,31560,35936,3218614730,120759,3881392,120759,0.261346980349291,0.297584445051715,26653.2078768456,32.1416374762958
2010,195,2700,268045,67351,44875,12752719740,268045,10574308,268045,0.251267511052249,0.16741591896883,47576.7865097278,39.4497491092914
2010,198,456,49408,10705,12656,1812629566,49408,1647811,49408,0.216665317357513,0.256152849740933,36686.9649854275,33.351096988342
2010,199,2208,239257,79895,34770,6722735220,239257,7353058,239257,0.333929623793661,0.145324901674768,28098.3846658614,30.7328855582073
2010,203,3234,333112,78498,1904,14592155640,333112,12872367,333112,0.23565047191335,0.00571579528807128,43805.5538077283,38.6427597925022
2010,204,1546,147773,26465,3309,6414144130,147773,4554627,147773,0.179092256366183,0.0223924532898432,43405.3861666204,30.8217807041882
2010,205,966,101231,19668,827,3260989990,101231,3857508,101231,0.194288310892908,0.00816943426420761,32213.3535181911,38.1059951990991
2010,206,3096,300470,57119,3307,14847037670,300470,11318238,300470,0.19009884514261,0.011006090458282,49412.7123173695,37.6684461011083
2010,207,6269,614928,96361,8790,22772766280,614928,23170675,614928,0.156702898550725,0.014294356412458,37033.223857102,37.6803056618011
2010,208,3654,374919,103789,9024,16483461320,374919,16139434,374919,0.276830462046469,0.0240691989469726,43965.3933783031,43.0477889890883
2010,214,5477,554856,132850,9107,24780339300,554856,21762467,554856,0.239431492134896,0.016413267586545,44660.8476793979,39.2218287267327
2010,217,1630,156783,32522,11938,7282961790,156783,6299236,156783,0.20743320385501,0.0761434594311883,46452.4966992595,40.1780550187201
2010,218,993,94882,17765,8892,4413364080,94882,3855611,94882,0.18723256255138,0.0937164056406905,46514.2395817963,40.6358529541957
2010,223,514,49082,14914,635,1954219300,49082,1940606,49082,0.303858848457683,0.0129375331078603,39815.3966831018,39.5380383847439
2010,224,655,65370,13565,495,3212513900,65370,2709094,65370,0.207511090714395,0.00757228086278109,49143.5505583601,41.44246596298
2010,225,185,16026,4388,293,1030310000,16026,720439,16026,0.273805066766504,0.0182827904654936,64289.9039061525,44.9543866217397
2010,226,1253,121182,8590,2940,12038147500,121182,5313249,121182,0.0708851149510653,0.0242610288656731,99339.4027165751,43.8451997821459
2010,227,343,34173,6786,70,2901158200,34173,1402420,34173,0.198577824598367,0.00204840078424487,84896.2104585492,41.0388318262956
2010,228,756,80169,22869,12158,3241999550,80169,3214816,80169,0.285259888485574,0.151654629594981,40439.5657922638,40.1004877196922
2010,229,12831,1300380,230558,53503,104701620040,1300380,54956622,1300380,0.177300481397745,0.0411441271013088,80516.1722265799,42.2619711161353
2010,233,667,61814,9927,685,2503053600,61814,2660129,61814,0.160594687287669,0.0110816319927525,40493.3121946485,43.0344096806549
2010,234,5592,568119,120085,39420,25561351090,568119,22155101,568119,0.211372969395496,0.0693868714125034,44992.9523392106,38.997289300305
2010,243,37826,3929064,705321,694901,188102533764,3929064,174585049,3929064,0.179513746785494,0.176861715665614,47874.6423484066,44.4342594063115
2010,253,4881,487856,80073,121166,26430797610,487856,20391125,487856,0.164132448919353,0.248364271424355,54177.4573029747,41.7974258797678
2010,254,7222,729233,65994,380194,27381938310,729233,30204173,729233,0.0904978244264865,0.521361485286596,37548.9566572001,41.4190978740677
2010,255,2654,276634,55748,40107,28072254350,276634,12474457,276634,0.201522589414172,0.14498217861868,101477.961313505,45.0937231142954
2010,256,1922,208193,46121,20222,12480978440,208193,8744645,208193,0.221530022623239,0.0971310274600971,59949.078211083,42.0025889439126
2010,258,338,32199,2973,1505,3041218000,32199,1502215,32199,0.0923320600018634,0.0467405820056524,94450.697226622,46.6540886362931
2010,274,24372,2490128,469295,218496,142721880450,2490128,104632240,2490128,0.188462199533518,0.0877448870098244,57315.0779598479,42.0188199160846
2010,275,28838,3157106,1060399,214491,80006708136,3157106,106980413,3157106,0.335876907522269,0.0679391189272707,25341.7871100939,33.8855942752635
2010,276,28210,3180765,1172453,46379,42997340674,3180765,93054441,3180765,0.368607237567063,0.0145810834814895,13517.9243590771,29.2553649829522
2010,277,1415,152661,29814,73562,1922583380,152661,4383006,152661,0.195295458565056,0.481865047392589,12593.8083727999,28.7107119696583
2010,283,454,49991,14548,8856,790329470,49991,1207829,49991,0.291012382228801,0.177151887339721,15809.4350983177,24.1609289672141
2010,303,13205,1325601,166489,39316,63838592340,1325601,55069852,1325601,0.125595107426745,0.0296589999554919,48158.2258462388,41.5433090349208
2010,308,1241,124613,18816,3059,4885281340,124613,4829268,124613,0.15099548201231,0.0245480006098882,39203.6251434441,38.7541267765
2010,313,35737,3366443,516761,123273,104893259250,3366443,123613909,3366443,0.153503564444727,0.0366181753263014,31158.4836725291,36.7194421530381
2010,315,3162,282316,58530,16687,7262225930,282316,9871047,282316,0.207320874481078,0.0591075249011746,25723.7490259142,34.9645326513552
2010,316,2341,243198,59470,3051,6739827640,243198,8697384,243198,0.244533260964317,0.0125453334320184,27713.3349780837,35.7625638368737
2010,317,1170,132512,65423,719,2261672370,132512,4665605,132512,0.493713776865492,0.00542592368992997,17067.6796818401,35.2089244747646
2010,318,1646,169499,27439,12764,5751845450,169499,6621755,169499,0.161882960961422,0.0753042790812925,33934.3916483283,39.0666316615437
2010,319,10210,1110379,373563,14720,23165923350,1110379,37582626,1110379,0.336428372654742,0.013256734862601,20863.0776968945,33.8466649675471
2010,326,1283,133254,34261,4273,3562273610,133254,4978053,133254,0.257110480736038,0.0320665796148708,26732.9581851202,37.3576252870458
2010,328,541,54819,12096,608,2071741090,54819,2114446,54819,0.220653423083238,0.0110910450756125,37792.3911417574,38.5714077235995
2010,329,1651,165475,52072,305,2703586030,165475,4296132,165475,0.314681976129325,0.00184317872790452,16338.3352772322,25.9624233267865
2010,335,3331,336480,95489,4465,8345571130,336480,11255500,336480,0.283788040893961,0.0132697337137423,24802.5770625297,33.4507251545411
2010,336,1066,103603,17762,2087,3492664050,103603,3956981,103603,0.171442911884791,0.0201442043184078,33711.9972394622,38.1936913023754
2010,337,13013,1242416,152319,104312,39473672234,1242416,45362272,1242416,0.12259903285212,0.0839589960206565,31771.7030640301,36.5113391971771
2010,338,1621,157283,21493,4400,5467861050,157283,6037556,157283,0.136651767832506,0.0279750513405772,34764.4758174755,38.3865770617295
2010,344,4603,471551,84154,15841,14395254850,471551,17968216,471551,0.17846213877184,0.0335933971086903,30527.4611865949,38.1045019520688
2010,346,766,75999,4965,0,3486608700,75999,2982047,75999,0.0653298069711444,0,45877.0339083409,39.2379768154844
2010,347,377,39777,9188,233,941285340,39777,1410857,39777,0.230987756743847,0.00585765643462302,23664.0606380572,35.46916559821
2010,348,762,82104,24446,2031,2077104600,82104,3007533,82104,0.297744324271656,0.0247369190295235,25298.4580532008,36.630773165741
2010,349,85,9014,2094,0,517678300,9014,375479,9014,0.232305302862214,0,57430.4748169514,41.6550920789882
2010,354,1298,122233,4589,0,5725548380,122233,4831814,122233,0.0375430530216881,0,46841.2652884246,39.5295378498442
2010,355,3337,308039,20671,0,14415166980,308039,12229465,308039,0.0671051392843114,0,46796.5646557741,39.7010281165697
2010,356,894,94499,22643,575,2246524460,94499,3375876,94499,0.239611001174616,0.00608472047323252,23772.9971745733,35.7239335865988
2010,357,2382,256930,42563,35528,8351116110,256930,10135291,256930,0.165659907367766,0.138278908652162,32503.4682987584,39.4476744638618
2010,359,2490,255623,57172,6311,9101903600,255623,10581410,255623,0.223657495608768,0.0246887017208937,35606.7474366548,41.3945928183301
2010,364,5183,565995,134610,3439,15737357510,565995,21963616,565995,0.237828956086185,0.00607602540658486,27804.76419403,38.8053180681808
2010,365,13156,1442524,459710,9529,30723392720,1442524,49521496,1442524,0.318684472494045,0.00660578264209122,21298.3581001079,34.3297553454917
2010,366,367,37079,10946,0,1323475100,37079,1486633,37079,0.295207529868659,0,35693.3870924243,40.0936648776936
2010,368,731,73452,16208,775,2361512800,73452,2925927,73452,0.220661112018733,0.01055110820672,32150.4220443283,39.8345450089855
2010,373,4801,494643,81083,9603,24410387650,494643,21052280,494643,0.163922263127144,0.0194140016132847,49349.5059062799,42.5605537731253
2010,375,5534,569756,115082,12007,24007958270,569756,23022780,569756,0.201984709243957,0.0210739334030708,42137.2627405416,40.4081396246814
2010,376,21041,2296894,733830,29909,65655644690,2296894,84836430,2296894,0.319487969405641,0.0130214977269304,28584.5340229022,36.9352830387471
2010,377,687,67974,8477,0,2871865900,67974,2752384,67974,0.124709447730014,0,42249.4762703387,40.491717421367
2010,378,1855,216285,64032,4529,6634531270,216285,8623948,216285,0.296053817879187,0.0209399634741198,30674.9486557089,39.8730748780544
2010,379,10978,1147187,280782,27795,31597683470,1147187,40272845,1147187,0.244756957671243,0.0242288310449822,27543.6205867047,35.1057369025277
2010,383,3977,402788,194648,586,8208704230,402788,14092906,402788,0.483251735404233,0.00145485962839012,20379.7139686386,34.9883958807114
2010,384,117,11184,1873,1929,259807320,11184,363413,11184,0.16747138769671,0.172478540772532,23230.2682403433,32.4940092989986
2010,385,3617,374189,90430,7666,9864050548,374189,13448444,374189,0.241669316842558,0.020486973160622,26361.1451646093,35.940244101243
2010,386,236,23877,5792,380,857533500,23877,883917,23877,0.24257653809105,0.0159148971813879,35914.6249528835,37.0196004523181
2010,389,6400,660853,137118,22018,24161840770,660853,25548156,660853,0.207486385020572,0.033317545656901,36561.5965577821,38.6593629748219
2010,405,11751,1373668,201772,351921,16817140296,1373668,43521475,1373668,0.146885564779845,0.256190724396288,12242.5071385517,31.6826736882566
2010,415,806,82190,10476,2257,4310037000,82190,3567557,82190,0.127460761649836,0.0274607616498358,52439.9196982601,43.4062173013749
2010,417,3455,340785,61872,522,21649347420,340785,17678116,340785,0.181557286852414,0.00153175755975175,63527.8765790748,51.8746893202459
2010,418,9414,964419,159355,8683,60268905650,964419,41885299,964419,0.165234197999003,0.00900334812980665,62492.4494954994,43.4306032958704
2010,423,5215,513140,97734,0,22768024270,513140,21536704,513140,0.190462641774175,0,44370.0048135012,41.9704252250848
2010,425,415,43739,6293,38,826481160,43739,1151491,43739,0.143876174581038,0.000868789867166602,18895.7488740026,26.326413498251
2010,426,7589,862046,246259,6205,25957286200,862046,32821137,862046,0.285668050196857,0.00719799175450034,30111.2541558107,38.0735331989244
2010,427,1763,180474,55339,1011,2199754780,180474,4648217,180474,0.306631426133404,0.00560191495727917,12188.7628134801,25.7556046854395
2010,434,3250,388871,173847,7176,7440780570,388871,12829751,388871,0.447055707419684,0.0184534202859046,19134.3159299614,32.9923059317872
2010,435,16991,2028106,1012723,12775,28113686210,2028106,59814499,2028106,0.499344215736258,0.00629898042804469,13862.0398588634,29.4927873592406
2010,436,25109,2941867,930451,103159,54632507670,2941867,106231264,2941867,0.316279083996659,0.0350658272450794,18570.6925805959,36.110151818556
2010,439,2865,326045,107535,2347,4059609100,326045,10002732,326045,0.329816436381481,0.00719839285988131,12451.0699443328,30.6789921636584
2010,443,6378,735782,227610,5724,8399069280,735782,20146734,735782,0.309344343840975,0.00777947816065085,11415.1600338144,27.3813901400143
2010,444,8843,1033243,365487,9698,11982713160,1033243,30295110,1033243,0.353728019449442,0.00938598180679666,11597.1878444858,29.3204115585588
2010,445,2520,261153,85085,75,6773648840,261153,8960499,261153,0.325805179339315,0.000287187970270301,25937.4728224451,34.3113002722542
2010,446,7354,795004,245312,17037,19678521442,795004,28889644,795004,0.30856700092075,0.0214300808549391,24752.7326176975,36.3389920050717
2010,447,27766,3038351,738226,143450,60223427580,3038351,107821592,3038351,0.242969294857638,0.0472131100060526,19821.0896568566,35.4868782441528
2010,448,2012,212515,20714,39800,6569958420,212515,8599741,212515,0.0974707667694045,0.187280897818977,30915.2691339435,40.4665129520269
2010,453,20443,2217490,368273,134760,46630344670,2217490,77130924,2217490,0.166076509927891,0.0607714127233945,21028.4351541608,34.782986169047
2010,454,503,52617,11810,1217,1843837350,52617,2182890,52617,0.224452173251991,0.0231294068456963,35042.616454758,41.4864017332801
2010,455,602,63420,12648,10685,2009806200,63420,2696929,63420,0.199432355723746,0.168479974771366,31690.4162724693,42.5248975086724
2010,456,1556,173347,36805,67617,4676428440,173347,7289151,173347,0.212319797862092,0.390067321615027,26977.2677923471,42.0494787910953
2010,457,659,74441,14491,43636,835672760,74441,2934038,74441,0.194664230733064,0.586182345750326,11225.9743958303,39.4142743918002
2010,458,9194,999396,242039,399518,14010717600,999396,35123625,999396,0.242185279909065,0.399759454710645,14019.1851878535,35.1448524909045
2010,459,2334,253157,78855,4554,5393158990,253157,7810079,253157,0.311486547873454,0.0179888369667835,21303.6139233756,30.8507329443784
2010,461,413,44246,16603,6839,614868210,44246,1363461,44246,0.375242959815577,0.154567644532839,13896.5829679519,30.8154635447272
2010,462,321,34870,11580,270,236890160,34870,725470,34870,0.332090622311442,0.00774304559793519,6793.52337252653,20.8049899627187
2010,463,1587,166269,19091,1438,6668006450,166269,6114894,166269,0.114819960425575,0.00864863564464813,40103.726190691,36.777114194468
2010,464,610,76910,23455,641,1910763530,76910,2842568,76910,0.304966844363542,0.00833441685086465,24844.1493953972,36.9596671434144
2010,465,3203,326265,63324,1785,12995677700,326265,12667220,326265,0.194087628155027,0.00547101282699646,39831.6635250487,38.824942914502
2010,468,12386,1327055,432718,436643,12660280254,1327055,42900867,1327055,0.32607390047888,0.329031577440272,9540.13228841307,32.3278741272969
2010,469,4514,488383,162431,87221,5423325050,488383,12818070,488383,0.332589381694285,0.178591392411284,11104.6556698329,26.2459381264295
2010,473,7471,517935,54368,425793,10125233480,517935,27516791,517935,0.104970700956684,0.822097367430276,19549.2358693658,53.1278847731858
2010,479,7834,786259,223823,27829,14274333402,786259,32700060,786259,0.284668283606293,0.0353941894464801,18154.7472296025,41.589425367468
2010,485,1714,185207,31325,92273,5414092036,185207,8129588,185207,0.16913507588806,0.498215510212897,29232.6533878309,43.8946044155998
2010,486,9985,1197465,342791,298333,18979627870,1197465,43442605,1197465,0.286263899153629,0.249137135532145,15849.8393439474,36.2788098190761
2010,487,1694,177915,60752,47798,2390162800,177915,5918209,177915,0.341466430598882,0.268656380856027,13434.2961526572,33.2642497821994
2010,488,531,60856,15517,302,1027204910,60856,2362041,60856,0.254978966741159,0.00496253450769029,16879.270901801,38.8136091757592
2010,489,175,16504,1899,0,678657700,16504,690780,16504,0.11506301502666,0,41120.8010179351,41.8553078041687
2010,496,1546,134143,23229,29935,3597874540,134143,6025025,134143,0.173165949770022,0.223157376829205,26821.1873895768,44.9149415176342
2010,498,354,32343,4670,19650,539299172,32343,1536088,32343,0.144389821599728,0.607550320007421,16674.3707139103,47.4936771480691
2010,503,2827,273836,20444,7610,15783529500,273836,12504508,273836,0.0746578243912415,0.027790356271637,57638.621291576,45.6642223812793
2010,505,7439,794601,192712,143604,24251866160,794601,33559613,794601,0.242526752420397,0.180724665586879,30520.8100165995,42.2345466466818
2010,507,2682,268703,54090,15770,10717904980,268703,11573064,268703,0.201300320428131,0.0586893335764766,39887.5523533418,43.070095979576
2010,508,1317,138327,27793,1939,7245061680,138327,5927498,138327,0.20092245187129,0.0140175092353626,52376.337808237,42.8513450013374
2010,509,451,42858,10297,8519,1118336640,42858,1774932,42858,0.24025852816277,0.198772691212842,26093.9997200056,41.4142517149657
2010,514,1597,173814,33986,36045,5339902310,173814,7218085,173814,0.195530854821821,0.207376851116711,30721.9344241546,41.5276387402626
2010,516,2725,267847,61499,14665,10295315830,267847,11517227,267847,0.229604961041191,0.0547514065865961,38437.3012578076,42.9992757059067
2010,518,3692,348511,34059,9643,15539914970,348511,15024101,348511,0.0977271879510259,0.027669141002723,44589.4533314587,43.1094025726591
2010,519,263,24581,4029,136,993639000,24581,1036980,24581,0.163907082706155,0.00553272853016558,40423.0503234205,42.186241405964
2010,523,685,78417,20658,9058,2926779210,78417,3330318,78417,0.263437774972264,0.115510667329788,37323.274417537,42.4693370060063
2010,525,2230,243440,56016,29591,9389105740,243440,9599744,243440,0.230101873151495,0.121553565560302,38568.4593328952,39.4337167269142
2010,526,331,35732,5190,8974,1120180300,35732,1485305,35732,0.145247957013321,0.251147430874286,31349.499048472,41.567922310534
2010,527,2999,315960,59586,10299,14834064590,315960,13277558,315960,0.188587162932017,0.0325958982149639,46949.1853082669,42.0229079630333
2010,533,275,31933,9029,1698,1596607600,31933,1349986,31933,0.282748254157142,0.0531738327122413,49998.6722199605,42.2755769893214
2010,534,2983,307011,62829,43379,11645606190,307011,12569052,307011,0.20464739048438,0.141294611593721,37932.2115168512,40.940070551218
2010,535,947,93106,11507,22445,3346747120,93106,3746651,93106,0.12359031641355,0.241069318840891,35945.5579661891,40.2407041436642
2010,536,237,25133,3553,8910,739421600,25133,1016754,25133,0.141367922651494,0.354513985596626,29420.3477499702,40.454939720686
2010,539,198,21175,4964,375,953521300,21175,859402,21175,0.234427390791027,0.0177095631641086,45030.5218417946,40.5856906729634
2010,543,249,26640,2872,933,1885328100,26640,1133222,26640,0.107807807807808,0.0350225225225225,70770.5743243243,42.5383633633634
2010,544,476,42963,3993,1629,2123959700,42963,1926030,42963,0.0929404371203128,0.0379163466238391,49436.9503991807,44.8299699741638
2010,549,7076,718122,115582,56468,26627009170,718122,29584495,718122,0.160950367764809,0.0786328785359591,37078.6707133328,41.1970319806384
2010,558,8058,763280,71467,201215,37439068082,763280,33749273,763280,0.0936314327638612,0.263618855465884,49050.241172309,44.2161107326276
2010,563,2466,298917,67807,96870,6620748830,298917,11435643,298917,0.226842233797342,0.324069892311244,22149.1210938153,38.2569174720742
2010,567,10253,1146246,233796,420109,27027750540,1146246,44880634,1146246,0.203966687779063,0.366508585417092,23579.3630163159,39.1544520111739
2010,573,970,123052,33488,32620,2491327550,123052,4651236,123052,0.27214510938465,0.265091180964145,20246.1361863277,37.7989467867243
2010,575,6915,718056,147970,79170,30919404620,718056,29566988,718056,0.20607027864122,0.110256024599753,43059.8792016222,41.1764374923404
2010,577,1404,136050,28663,2232,7830080900,136050,5799256,136050,0.210679897096656,0.0164057331863286,57552.9650863653,42.6259169423006
2010,579,4201,519868,113618,190330,9671699690,519868,19798652,519868,0.21855163233744,0.366112166934683,18604.1450714412,38.0839982457085
2010,583,54,4441,399,2629,65129900,4441,144714,4441,0.0898446295879307,0.591983787435262,14665.5933348345,32.5859040756586
2010,584,225,30195,8043,4047,670508300,30195,1144406,30195,0.266368604073522,0.134028812717337,22205.9380692168,37.9005133300215
2010,585,4337,469888,91681,74003,18179033050,469888,19275755,469888,0.195112452329066,0.157490721193135,38688.0129945859,41.0220201409698
2010,588,474,58401,12584,9695,1518765610,58401,2244941,58401,0.215475762401329,0.1660074313796,26005.8151401517,38.4401123268437
2010,589,364,37596,9684,4509,1337500200,37596,1503668,37596,0.257580593680179,0.119932971592723,35575.5984679221,39.9954250452176
2010,593,615,71924,15831,2828,2320733400,71924,2910367,71924,0.220107335520828,0.0393192814637673,32266.4673822368,40.4644763917468
2010,594,135,12239,2324,780,408711380,12239,551240,12239,0.189884794509355,0.0637306969523654,33394.1808971321,45.0396274205409
2010,595,1500,202770,63369,39226,4433293140,202770,7916978,202770,0.312516644474035,0.193450707698377,21863.6540908418,39.0441288158998
2010,596,1110,114161,24749,8206,4271345580,114161,4634810,114161,0.216790322439362,0.0718809400758578,37415.1030562101,40.5988910398472
2010,597,803,85649,16813,4554,3329863600,85649,3573196,85649,0.196301182734183,0.0531704981961261,38878.0207591449,41.7190626860792
2010,598,255,23881,5021,2906,1074096100,23881,1129746,23881,0.210250827017294,0.121686696536996,44977.0152003685,47.307315439052
2010,599,600,67417,18031,15185,1755667340,67417,2700082,67417,0.267454796268004,0.225239924648086,26041.9084207247,40.0504620496314
2010,614,359,35959,11708,771,1724156400,35959,2120375,35959,0.325593036513807,0.0214410856809144,47947.8405962346,58.9664618037209
2010,615,74,8545,1112,67,390267000,8545,385033,8545,0.130134581626682,0.00784084259801053,45671.9719133997,45.0594499707431
2010,616,655,60944,13186,883,3339008500,60944,3015730,60944,0.216362562352323,0.0144887109477553,54788.1415725912,49.4836243108427
2010,617,658,71169,24917,1830,3129483500,71169,3688966,71169,0.350110300833228,0.0257134426505923,43972.5653023086,51.8338883502649
2010,628,8774,826522,72142,35052,44040940370,826522,36917355,826522,0.0872838230561316,0.0424090344842606,53284.6559075258,44.6659072595769
2010,634,599,54171,3047,937,2537762340,54171,2329003,54171,0.0562478078676783,0.0172970777722398,46847.2492662126,42.9935389784202
2010,637,3349,326430,41295,8065,13502749400,326430,13892681,326430,0.126504916827497,0.0247066752443097,41364.9156021199,42.5594491927825
2010,643,189,19118,3565,334,942396500,19118,904047,19118,0.186473480489591,0.0174704466994455,49293.6761167486,47.2877393032744
2010,644,71,6141,349,790,183630200,6141,254057,6141,0.0568311349943006,0.128643543396841,29902.3286109754,41.3706236769256
2010,645,45,4771,525,189,246755100,4771,196009,4771,0.110039823936282,0.0396143366170614,51719.7862083421,41.0834206665269
2010,649,89,8826,1416,2198,213848800,8826,323261,8826,0.16043507817811,0.249036936324496,24229.413097666,36.6259913890777
2010,657,539,54762,7140,14206,1424202200,54762,2218726,54762,0.130382381943684,0.259413461889632,26007.1253789124,40.5157956247033
2010,658,132,12497,2714,3340,270384420,12497,503512,12497,0.217172121309114,0.267264143394415,21635.9462270945,40.2906297511403
2010,666,683,69905,5482,26589,1209350640,69905,2523857,69905,0.0784207138259066,0.380359058722552,17299.9161719476,36.1040984192833
2010,668,295,33168,3815,9160,752293370,33168,1323583,33168,0.115020501688374,0.276169802219006,22681.3003497347,39.9054208876025
2010,669,86,8091,784,4362,93226190,8091,362269,8091,0.0968977876653071,0.539117538005191,11522.2086268694,44.774317142504
2010,675,317,35946,5454,6701,970959980,35946,1467486,35946,0.151727591387081,0.186418516663885,27011.6279975519,40.8247371056585
2010,677,475,48624,8540,2024,1661242790,48624,1829185,48624,0.175633432050016,0.0416255347153669,34165.0787676867,37.6189741691346
2010,678,5638,594995,212400,10065,17537322650,594995,21725281,594995,0.356977789729326,0.0169161085387272,29474.7395356264,36.5133841460853
2010,679,237,25675,4812,87,691053200,25675,962291,25675,0.187419668938656,0.00338851022395326,26915.41187926,37.479688412853
2010,686,2178,247699,63757,5102,6367148930,247699,9844897,247699,0.257397082749628,0.0205975801274935,25705.1862542844,39.7454047049039
2010,687,1546,177381,44198,13696,3654789560,177381,6503350,177381,0.249169865994667,0.0772123282651468,20604.1772230397,36.6631713655916
2010,688,741,80759,23778,868,1740986150,80759,2990561,80759,0.294431580381134,0.0107480280835573,21557.7972733689,37.0306838866256
2010,694,865,76224,7698,0,3466830340,76224,3181635,76224,0.100991813602015,0,45482.1360726281,41.7405935138539
2010,695,520,45104,4111,82,3283760900,45104,1952934,45104,0.0911449095423909,0.00181802057467187,72804.2058354026,43.2984657680028
2010,696,874,88369,6256,546,4926430300,88369,3795932,88369,0.0707940567393543,0.00617863730493725,55748.3993255554,42.9554708098994
2010,699,407,39330,4236,325,2250745800,39330,1770526,39330,0.107704042715484,0.00826341215357234,57227.2006102212,45.0171878972794
2010,703,98,9108,2360,122,277942700,9108,386798,9108,0.25911286780852,0.0133948177426438,30516.3263065437,42.4679402722881
2010,706,795,79817,13391,637,2289066100,79817,3312542,79817,0.16777127679567,0.00798075597930266,28678.9293007755,41.5017101619956
2010,707,83,7670,981,0,259844500,7670,331228,7670,0.127900912646675,0,33878.0312907432,43.1848761408083
2010,708,39,3411,188,91,105859300,3411,140965,3411,0.0551158018176488,0.0266783934330108,31034.6819114629,41.3265904426854
2010,709,411,40257,7959,751,1195924100,40257,1666751,40257,0.197704747000522,0.0186551407208684,29707.2335246044,41.4027622525275
2010,713,69,6760,1544,75,238609580,6760,279181,6760,0.228402366863905,0.011094674556213,35297.275147929,41.2989644970414
2010,719,404,39341,5550,567,1214131800,39341,1636349,39341,0.141074197402201,0.0144124450319006,30861.742202791,41.593985917999
2010,723,158,16513,2889,264,481876800,16513,677028,16513,0.174953067280325,0.0159874038636226,29181.6629322352,40.9996972082602
2010,724,71,7299,1978,0,267568400,7299,321473,7299,0.270996026852994,0,36658.2271544047,44.0434306069325
2010,726,3363,339951,52879,2759,10805623030,339951,14132842,339951,0.155548887927966,0.00811587552323717,31785.8251042062,41.5731737809273
2010,727,344,28786,7816,2644,646556710,28786,1136569,28786,0.271520878204683,0.0918502049607448,22460.8042103801,39.4833947057597
2010,729,196,19088,4845,1470,457772620,19088,752997,19088,0.253824392288349,0.0770117351215423,23982.2202430847,39.4487112321878
2010,733,287,27873,2682,9186,581975700,27873,1090987,27873,0.096222150468195,0.329566246905608,20879.5501022495,39.1413554335737
2010,736,2227,232482,37066,12405,7511025080,232482,9137295,232482,0.159435999346186,0.0533589697266885,32307.9854784456,39.3032363795907
2010,738,112,10897,2378,0,235591840,10897,433426,10897,0.218225199596219,0,21619.8807011104,39.7748004037809
2010,739,95,8263,943,662,179994100,8263,315429,8263,0.114123199806366,0.0801161805639598,21783.1417160838,38.1736657388358
2010,743,99,11125,3122,96,248912000,11125,401382,11125,0.280629213483146,0.00862921348314607,22374.1123595506,36.0792808988764
2010,744,1787,183356,23234,14936,3302391410,183356,6969401,183356,0.126715242479112,0.0814590196121207,18010.817262593,38.0102151006785
2010,745,39,4452,439,101,91939600,4452,168698,4452,0.098607367475292,0.0226864330637916,20651.3027852651,37.892632524708
2010,747,366,42479,6727,1589,769165860,42479,1579156,42479,0.15836060170908,0.0374067186139033,18106.967207326,37.1749805786389
2010,748,1587,186851,32783,20857,3228869920,186851,6757025,186851,0.17544995745273,0.111623700167513,17280.4529812524,36.1626376096462
2010,749,192,22261,3591,698,738952950,22261,889682,22261,0.161313507928664,0.0313552850276268,33194.9575490769,39.9659494182651
2010,753,126,13019,2578,0,433330600,13019,508116,13019,0.198018280973961,0,33284.476534296,39.028804055611
2010,754,2175,246501,53285,564,5646475680,246501,9704825,246501,0.216165451661454,0.00228802317231979,22906.5021237236,39.3703270980645
2010,755,381,40999,8461,273,1286103320,40999,1701562,40999,0.206370887094807,0.00665869899265836,31369.1387594819,41.5025244518159
2010,756,848,89857,19471,3855,2936569080,89857,3785263,89857,0.21668873877383,0.0429014990484882,32680.4709705421,42.1254103742613
2010,757,534,54251,7205,1048,2736442600,54251,2359818,54251,0.132808611822824,0.019317616265138,50440.4084717332,43.4981474995853
2010,759,1254,133858,29372,9070,4218975090,133858,5508387,133858,0.219426556500172,0.0677583708108593,31518.2887089304,41.1509734195939
2010,763,87,8797,1841,151,236847800,8797,333168,8797,0.209275889507787,0.0171649425940662,26923.7012617938,37.872911219734
2010,764,65,6952,1301,123,208699800,6952,289355,6952,0.187140391254315,0.017692750287687,30020.1093210587,41.621835443038
2010,765,258,25110,3475,291,896508840,25110,1009416,25110,0.138391079251294,0.0115890083632019,35703.2592592593,40.199761051374
2010,766,323,32729,6268,328,1379132640,32729,1389866,32729,0.191512114638394,0.0100216932995203,42137.9400531639,42.4658865226558
2010,769,718,77958,13431,1301,1970579200,77958,3014171,77958,0.172285076579697,0.0166884732804844,25277.4468303445,38.6640370455887
2010,773,76,9706,6024,53,178437420,9706,305100,9706,0.620647022460334,0.00546053987224397,18384.2386152895,31.4341644343705
2010,774,440,51760,22509,2133,1252038860,51760,1800977,51760,0.434872488408037,0.04120942812983,24189.3133693972,34.7947642967543
2010,779,11546,1206450,238430,16434,37349132730,1206450,48733783,1206450,0.197629408595466,0.0136217829168221,30957.8786771105,40.3943661154627
2010,783,5087,518232,103032,29632,18060148730,518232,21965769,518232,0.19881443060251,0.0571790240664413,34849.5436985752,42.3859757791877
2010,785,9115,961780,184797,18565,26942736170,961780,38183325,961780,0.192140614277693,0.0193027511489114,28013.4086485475,39.7006851878808
2010,799,6674,686999,117757,10863,25403674310,686999,28361259,686999,0.171407818643113,0.0158122500906115,36977.7456881306,41.282824283587
2010,803,2088,212117,35561,8663,9799484100,212117,9291388,212117,0.16764804329686,0.0408406681218384,46198.4852699218,43.8031275192465
2010,804,31319,3250102,484444,304674,107240336452,3250102,144676627,3250102,0.149055014273398,0.0937429040688569,32995.9910341276,44.5144881606793
2010,808,5010,515811,36356,7648,13843138050,515811,18102498,515811,0.0704831808550031,0.0148271362960464,26837.6169759854,35.0952151078593
2010,809,2892,345414,45712,82491,7193568130,345414,14391200,345414,0.132339743032998,0.238817766506279,20825.9309987435,41.6636268362024
2010,813,544,72985,27779,436,1333245830,72985,2478902,72985,0.380612454613962,0.00597383023909022,18267.3950811811,33.9645406590395
2010,823,387,38120,5995,0,2186057600,38120,1808504,38120,0.157266526757608,0,57346.7366211962,47.4423924449108
2010,824,565,57633,4493,340,3591445400,57633,2825978,57633,0.0779588083216213,0.00589939791438933,62315.780889421,49.0340256450298
2010,825,55,5368,759,0,261222600,5368,238479,5368,0.141393442622951,0,48662.9284649777,44.426043219076
2010,829,673,68180,17486,4198,3885451270,68180,3702871,68180,0.2564681724846,0.0615723085948959,56988.138310355,54.3102229392784
2010,844,3256,305323,41272,23481,11898659350,305323,13188528,305323,0.135174880372589,0.0769054411230074,38970.7272298517,43.1953308463496
2010,848,730,76146,10717,1982,3568003890,76146,3454101,76146,0.140742783599926,0.0260289443962913,46857.4040658735,45.361555432984
2010,853,435,39634,5471,11461,1246919600,39634,1692479,39634,0.138038048140485,0.289170913861836,31460.8568400868,42.7027047484483
2010,859,227,20335,4485,1390,965812800,20335,941415,20335,0.220555692156381,0.0683550528645193,47495.0971231866,46.2953036636341
2010,865,194,21294,6994,569,474064600,21294,786799,21294,0.328449328449328,0.0267211421057575,22262.8252089791,36.9493284493285
2010,866,480,56341,23488,2518,1196234800,56341,2112947,56341,0.416890009052023,0.0446921424894837,21232.0477094833,37.502830975666
2010,869,13467,1542642,380381,321451,38329380150,1542642,59864817,1542642,0.246577624620618,0.208376927375243,24846.5814816399,38.8066816539418
2010,874,387,49451,17301,1796,1017467210,49451,1824666,49451,0.349861479039858,0.0363187802066692,20575.2605609593,36.8984651473175
2010,875,779,84854,17396,11641,2120860140,84854,3225224,84854,0.205010960001886,0.137188582742122,24994.2270252434,38.0090979800599
2010,878,342,35419,8131,558,910990420,35419,1330102,35419,0.229566052118919,0.0157542561901804,25720.3879273836,37.5533470736046
2010,883,203,20380,4537,62,726291300,20380,842776,20380,0.222620215897939,0.00304219823356232,35637.4533856722,41.353091265947
2010,885,1006,109400,43322,1342,2113000920,109400,3915572,109400,0.39599634369287,0.0122669104204753,19314.4508226691,35.7913345521024
2010,887,2675,329898,113352,24797,6056841410,329898,11942832,329898,0.343597111834567,0.0751656572637603,18359.7397074247,36.2015895822345
2010,888,3445,405650,106513,3408,7588863240,405650,15012093,405650,0.262573647232836,0.00840133119684457,18707.9088869715,37.0075015407371
2010,889,18080,1919374,544680,40288,44286522408,1919374,68987778,1919374,0.283780024112028,0.0209901770056279,23073.4199838072,35.942853242776
2010,905,9731,1059148,551320,0,45188569880,1059148,53051589,1059148,0.520531597095024,0,42665.0193174136,50.0889290259718
2011,4,9144,946379,30241,257804,128675248354,946379,45825429,946379,0.0319544284055331,0.272410947411132,135965.874511163,48.4218574165319
2011,7,9644,1015478,144442,29775,87124025570,1015478,44938807,1015478,0.14224040304172,0.0293211669775219,85796.0739375939,44.2538459720447
2011,8,3801,373783,39601,15863,28835047860,373783,16446327,373783,0.105946498369375,0.0424390622366453,77143.8183652012,43.9996655813667
2011,13,9060,978717,172714,57596,83363460880,978717,44036160,978717,0.176469806900258,0.0588484720302192,85176.2673786192,44.9937622417921
2011,14,8318,801605,78027,22640,51422200410,801605,35080809,801605,0.0973384647051852,0.0282433368055339,64149.0514779723,43.7632113073147
2011,15,5635,572340,42175,25509,42974414120,572340,25278095,572340,0.073688716497187,0.0445696613900828,75085.4633958836,44.166221127302
2011,17,8449,989131,247612,198991,37164975602,989131,45097823,989131,0.250332867941658,0.201177599327086,37573.360456805,45.5933774191689
2011,18,4419,482105,56314,109842,24944918660,482105,19798700,482105,0.116808579043984,0.22783833397289,51741.6717520042,41.0671949056741
2011,19,324,30799,6468,6674,1367588700,30799,1334934,30799,0.210006818403195,0.216695347251534,44403.6721971493,43.3434202409169
2011,21,4372,434172,75671,17880,24171644560,434172,17950367,434172,0.174288070165741,0.0411818357701556,55672.9696065154,41.3439074836701
2011,22,54187,5671182,492366,884539,448936819320,5671182,257535909,5671182,0.0868189382742434,0.155970836414702,79161.0671849361,45.4113285378604
2011,23,19192,1955249,330825,145725,127909233740,1955249,81186132,1955249,0.169198398771717,0.0745301493569361,65418.3859651635,41.5221447498503
2011,24,927,103079,12431,638,6729745200,103079,4272238,103079,0.120596823795341,0.00618942752646029,65287.2573463072,41.4462499636201
2011,25,8350,904640,152743,98819,70929037770,904640,38775472,904640,0.168843960028299,0.109235718075699,78405.8164242129,42.8628758401132
2011,26,6079,639537,81174,178694,49075163780,639537,27214875,639537,0.12692619817149,0.279411511765543,76735.456713216,42.5540273666731
2011,27,7266,785000,137395,27899,45806674260,785000,32790025,785000,0.175025477707006,0.035540127388535,58352.4512866242,41.7707324840764
2011,28,113,11762,2184,644,703901500,11762,506797,11762,0.185682707022615,0.0547525930964122,59845.3919401462,43.087655160687
2011,29,1868,201652,47511,19084,8477726570,201652,8014465,201652,0.235608870727789,0.0946382877432408,42041.3711245115,39.7440392359114
2011,33,4009,417707,45394,6249,26445151880,417707,17935308,417707,0.108674262102383,0.0149602472546546,63310.2913764912,42.9375327681844
2011,34,343,37105,12227,9641,1959539150,37105,1493481,37105,0.329524322867538,0.259830211561784,52810.6495081526,40.2501280150923
2011,35,848,81014,7356,11492,3779823500,81014,3298239,81014,0.0907991211395561,0.141852025575826,46656.4235811095,40.7119633643568
2011,36,2122,213292,21443,2170,14765763930,213292,8976292,213292,0.100533540873544,0.0101738461826979,69227.9313335709,42.0845226262588
2011,37,2258,229496,36938,6472,13474177240,229496,9373680,229496,0.160952696343291,0.0282009272492767,58712.0352424443,40.8446334576638
2011,43,1552,158634,20804,38861,10074979800,158634,6685173,158634,0.131144647427412,0.244972704464365,63510.847611483,42.1421195960513
2011,44,1268,126891,14964,1085,12317000100,126891,5484723,126891,0.117927985436319,0.00855064582988549,97067.5627113034,43.2238929474904
2011,45,320,32401,7235,207,2481223300,32401,1443107,32401,0.223295577296997,0.00638869170704608,76578.6025122682,44.538964846764
2011,47,310,31929,7924,242,3612900500,31929,1524159,31929,0.248175639700586,0.00757931660872561,113154.201509599,47.735882739829
2011,48,484,50077,8271,372,4811631700,50077,2281464,50077,0.165165644906843,0.00742856001757294,96084.6636180282,45.5591189568065
2011,53,2710,280728,51275,18173,22711664000,280728,12143710,280728,0.182650109714742,0.0647352597532131,80902.7385939415,43.2579222592688
2011,55,2529,271347,38414,5121,23644127260,271347,11707366,271347,0.14156780800967,0.0188725137923028,87136.1292367338,43.145367370931
2011,56,1581,160023,25444,1740,12105854400,160023,7161863,160023,0.15900214344188,0.0108734369434394,75650.7152096886,44.7552101885354
2011,57,1864,193271,34619,2830,14862329970,193271,8560468,193271,0.179121544359992,0.014642652027464,76898.9138049682,44.2925632919579
2011,59,4668,473467,75157,18169,40123210580,473467,20502811,473467,0.158737567771355,0.0383743745604234,84743.4152327406,43.3035692033447
2011,64,17836,1966964,363368,96481,127236527210,1966964,81156331,1966964,0.184735460333794,0.0490507197894827,64686.7594983945,41.2596931108043
2011,65,2191,241887,42551,2984,16083820320,241887,10273363,241887,0.17591271957567,0.012336338868976,66493.1158764216,42.4717450710456
2011,66,217,23431,7644,713,2946266600,23431,972991,23431,0.326234475694593,0.0304297725235799,125742.247449959,41.5257991549657
2011,68,477,51618,12267,1312,3949389750,51618,2144835,51618,0.237649657096362,0.0254174900228602,76511.8708590027,41.5520748576078
2011,69,112,11452,1806,448,968254300,11452,507604,11452,0.157701711491443,0.039119804400978,84548.9259517988,44.3244848061474
2011,73,820,83904,16694,1174,5597924760,83904,3507942,83904,0.198965484363082,0.0139921815408085,66718.210812357,41.8089959954233
2011,74,89,9877,3254,227,783950000,9877,421703,9877,0.329452262832844,0.0229826870507239,79371.2665789207,42.6954540852486
2011,75,690,65268,10619,4280,5371371600,65268,2744622,65268,0.162698412698413,0.0655757798614941,82297.1685971686,42.0515719801434
2011,76,1962,189764,45726,4100,13564155480,189764,8051018,189764,0.240962458632828,0.021605784026475,71479.0765371725,42.4264770978689
2011,77,342,28247,4209,4679,1631035280,28247,1227921,28247,0.14900697419195,0.165645909300103,57741.8940064432,43.4708464615711
2011,78,772,73187,13243,1170,4139410100,73187,3030393,73187,0.180947436020058,0.0159864456802438,56559.363001626,41.4061650293085
2011,79,306,25249,3399,2041,1332422600,25249,1077648,25249,0.13461919283932,0.0808348845498832,52771.301833736,42.6808190423383
2011,83,1209,126880,19614,1517,10128371350,126880,5574700,126880,0.154587011349306,0.0119561790668348,79826.3820145019,43.9367906683481
2011,84,8065,809729,57469,188920,139519315676,809729,42454142,809729,0.070973128046544,0.23331262681712,172303.716028449,52.4300624035943
2011,85,1501,149332,10425,93889,18207059400,149332,5814771,149332,0.0698108911686712,0.628726595773177,121923.361369298,38.9385463263065
2011,86,739,65658,5986,23224,5330239900,65658,2891197,65658,0.0911693929148009,0.3537116573761,81181.8803496908,44.0341923299522
2011,87,330,31139,2289,16815,2353396600,31139,1223935,31139,0.0735091043386107,0.53999807315585,75577.1412055622,39.3055332541186
2011,88,78,7168,620,4318,524444400,7168,305959,7168,0.0864955357142857,0.602399553571429,73164.6763392857,42.6840122767857
2011,89,686,70263,5335,49869,3425025060,70263,2677445,70263,0.0759290095782987,0.709747662354297,48745.7845523248,38.1060444330587
2011,95,27987,2802748,394150,25692,165864997280,2802748,106146736,2802748,0.140629839000866,0.00916671780695232,59179.4186562616,37.8723795360839
2011,96,2411,246480,43900,10522,23819040450,246480,9574986,246480,0.178107757221681,0.0426890619928595,96636.8080574489,38.8469084712756
2011,97,780,77099,17675,6043,3344833600,77099,2859585,77099,0.229250703640774,0.0783797455219912,43383.6184645715,37.089780671604
2011,98,987,98958,16493,44,5331080500,98958,3763844,98958,0.166666666666667,0.000444633076658785,53872.1528325148,38.034762222357
2011,99,1044,107751,17507,5718,5582371900,107751,3892420,107751,0.162476450334568,0.0530667928835927,51808.075099071,36.1242123042942
2011,103,2683,276012,52036,22952,14943945140,276012,10234026,276012,0.18852803501297,0.0831558048200803,54142.3747518224,37.0781922525108
2011,104,1411,136880,25441,11435,7344674400,136880,5051790,136880,0.185863530099357,0.0835403272939801,53657.7615429573,36.906706604325
2011,105,1597,163429,33723,20870,7142500730,163429,5998036,163429,0.206346486853618,0.127700714071554,43703.9982500046,36.7011729864345
2011,106,1033,116491,23121,3137,8098497620,116491,4813400,116491,0.198478852443536,0.026929118987733,69520.371702535,41.3199302950443
2011,154,13237,1273627,284590,207,65077264310,1273627,48421728,1273627,0.223448466466242,0.000162527961483229,51096.0150106742,38.0187668760163
2011,155,5176,561372,164115,10067,12796561030,561372,20028960,561372,0.292346251683376,0.0179328502312192,22795.1537126896,35.6785874607212
2011,156,34603,3242763,522025,9088,146936276490,3242763,133002828,3242763,0.160981545675709,0.00280254832067592,45312.0615012568,41.0152786373842
2011,157,7544,749439,127359,2680,36072393730,749439,31590151,749439,0.169939114457614,0.00357600818745755,48132.5281043554,42.1517308279927
2011,158,2231,236548,39452,1614,10030531140,236548,9416618,236548,0.166782217562609,0.00682313948965961,42403.787561087,39.8084870723912
2011,159,18926,1868895,421322,166091,42502901630,1868895,59646438,1868895,0.225439096364429,0.0888712313960924,22742.2630110306,31.9153499795334
2011,163,6404,656732,145697,38499,24692017820,656732,25060166,656732,0.221851531522752,0.0586220863304971,37598.3168476639,38.1588928208158
2011,164,1808,158691,16930,542,6598973800,158691,5656982,158691,0.106685319268263,0.00341544258968688,41583.7936618964,35.6477809075499
2011,165,445,40633,7986,1496,1622883520,40633,1458215,40633,0.196539758324515,0.0368173651957768,39940.0369158074,35.8874560086629
2011,166,2739,296921,66843,27011,22174076100,296921,12590515,296921,0.225120486594077,0.0909703254401002,74680.0532801654,42.4035854654942
2011,167,1652,166899,13713,50504,8601276130,166899,6520923,166899,0.0821634641310014,0.302602172571435,51535.8158527013,39.0710729243435
2011,169,484,49124,13809,3626,2536603400,49124,1961155,49124,0.28110495887957,0.0738132073935347,51636.7437505089,39.9225429525283
2011,173,216,19571,3012,122,1400314500,19571,786731,19571,0.153901180317817,0.00623371314700322,71550.4828572889,40.1988145725819
2011,174,7409,752892,134006,12319,30654234690,752892,29809423,752892,0.177988343613692,0.0163622405338349,40715.3146666454,39.5932258544386
2011,175,3553,378129,116526,60663,6811322230,378129,11192457,378129,0.308164673960474,0.160429377276009,18013.2236088742,29.5995731615401
2011,176,5469,481801,57905,1234,18441003364,481801,20401443,481801,0.120184474502959,0.00256122340966499,38275.1454729235,42.3441275547373
2011,178,9921,971518,89926,271091,118170769410,971518,45589520,971518,0.0925623611708687,0.279038576742788,121635.182683182,46.9260682766557
2011,183,1759,172438,32132,66248,7241895990,172438,6478055,172438,0.186339437942913,0.384184460501746,41997.100349111,37.5674445307879
2011,184,537,49093,6683,2884,2942620500,49093,1975210,49093,0.136129387081661,0.0587456460187807,59939.7164565213,40.2340455869472
2011,185,6642,703173,152866,166313,28801332620,703173,27068147,703173,0.217394581418797,0.23651789815593,40959.0991406098,38.4942923007567
2011,186,1500,160664,31683,74479,3150516900,160664,4531691,160664,0.197200368470846,0.463569934770702,19609.3518149679,28.20601379276
2011,187,1508,170746,42326,39540,9837289610,170746,7336740,170746,0.247888676747918,0.231572042683284,57613.5874925328,42.9687371885725
2011,188,1655,163678,24896,83185,5249455320,163678,6316762,163678,0.152103520326495,0.508223463141045,32071.8442307457,38.5926147680201
2011,189,1266,140437,35146,71533,2922485100,140437,5002282,140437,0.250261683174662,0.509360068927704,20809.9368400066,35.6194022942672
2011,193,129,18458,9827,3965,321488850,18458,524566,18458,0.532397876259616,0.214812005634413,17417.3176942247,28.4194387257558
2011,194,1118,125772,29160,36239,3618775890,125772,4219388,125772,0.231848106096747,0.288132493718793,28772.5081099132,33.5479120949019
2011,195,2699,269536,70543,46576,12722416820,269536,10687745,269536,0.261720141279829,0.172800664846254,47201.1783954648,39.652384097115
2011,198,431,55051,13067,18079,1932443160,55051,1833754,55051,0.237361719133167,0.328404570307533,35102.7803309658,33.3100942762166
2011,199,2411,258542,91832,39105,7801638130,258542,8061345,258542,0.355191806360282,0.151252020948241,30175.5155061847,31.1800210410688
2011,203,3210,340003,84931,1676,14888218220,340003,13086726,340003,0.249794854751282,0.00492936827027997,43788.490748611,38.490030970315
2011,204,1614,159965,23570,2725,7028929300,159965,4994141,159965,0.147344731660051,0.0170349764010877,43940.4200918951,31.2202106710843
2011,205,1003,106642,22273,414,3449627390,106642,4017284,106642,0.208857673336959,0.00388214774666642,32347.7371954765,37.670748860674
2011,206,3012,301130,52738,3889,15307393370,301130,11382724,301130,0.175133663201939,0.0129146880085013,50833.1729485604,37.8000332082489
2011,207,6374,635108,110149,9019,22772682670,635108,23904501,635108,0.173433494775692,0.0142007343632894,35856.3939833855,37.6384819589739
2011,208,3658,392671,109323,10375,18086043110,392671,16861578,392671,0.278408642349448,0.0264216099482773,46059.0242467613,42.9407264605739
2011,214,5624,561513,143508,10351,25527661200,561513,22113129,561513,0.255573780126195,0.0184341235198473,45462.2799472141,39.3813304411474
2011,217,1575,159626,31352,9642,7447526700,159626,6441347,159626,0.196409106285943,0.0604036936338692,46656.100509942,40.3527432874344
2011,218,1019,102589,17456,9833,4789586240,102589,4252699,102589,0.170154694947801,0.095848482780805,46687.1325385763,41.4537523516167
2011,223,535,52706,13989,832,2192377100,52706,2154442,52706,0.265415702197093,0.0157856790498236,41596.3476644025,40.8765984897355
2011,224,675,69218,14305,197,3253647550,69218,2866973,69218,0.20666589615418,0.00284608049929209,47005.8012366726,41.4194718136901
2011,225,200,20371,4343,1011,1311098900,20371,938292,20371,0.213195228511119,0.0496293750920426,64361.0475676206,46.0601835943253
2011,226,1112,113269,11992,3206,11635384780,113269,4851437,113269,0.105871862557275,0.028304302147984,102723.470499431,42.8311100124482
2011,227,284,34869,8447,154,2981573700,34869,1443713,34869,0.242249562648771,0.00441653044251341,85507.8637184892,41.4039117841062
2011,228,823,90859,23699,13342,3925794170,90859,3534824,90859,0.260832718828074,0.146842910443654,43207.5432263177,38.9045003797092
2011,229,11983,1323974,224323,57228,110426067720,1323974,55936905,1323974,0.169431574940293,0.0432244137724759,83405.0122736549,42.2492473417152
2011,233,750,70717,13269,792,2934482400,70717,3071564,70717,0.187635222082385,0.0111995701175106,41496.1381280315,43.434591399522
2011,234,5206,552774,112202,31551,25332638060,552774,21668048,552774,0.202979879661489,0.0570775760075546,45828.2011454953,39.198746684902
2011,243,35701,3860344,722153,677826,185869536936,3860344,171256770,3860344,0.187069597942567,0.175586942510823,48148.4388272133,44.3630852587231
2011,253,4824,512273,78252,133193,27835457170,512273,21604677,512273,0.152754488329465,0.260003943209968,54337.1545445495,42.1741473784486
2011,254,6414,694754,63934,354724,27884998606,694754,28854211,694754,0.0920239394087691,0.51057496610311,40136.5067433941,41.5315507359439
2011,255,2404,266985,56307,32794,27442022050,266985,11986404,266985,0.210899488735322,0.122830870648164,102784.88323314,44.8954210910725
2011,256,1765,199426,45824,18630,11679523410,199426,8234569,199426,0.229779467070492,0.0934181099756301,58565.7006107529,41.2913511778805
2011,258,276,29799,3196,1142,2903337100,29799,1358304,29799,0.10725192120541,0.0383234336722709,97430.6889492936,45.5822007449914
2011,274,22509,2418155,449327,206074,143922919100,2418155,102510631,2418155,0.185813978012162,0.0852195165322322,59517.6566845384,42.3920844610871
2011,275,28454,3216680,1096846,213425,84984142660,3216680,109820885,3216680,0.340986980364848,0.0663494659089496,26419.8312110623,34.1410662546476
2011,276,29003,3243564,1208813,50460,42999242980,3243564,94610598,3243564,0.372680483566842,0.0155569614165159,13256.7888224188,29.1687162639615
2011,277,1391,149630,27584,76090,1793837260,149630,4349748,149630,0.18434805854441,0.50852101851233,11988.4866671122,29.0700260642919
2011,283,497,56396,17353,5961,921548120,56396,1352801,56396,0.307699127597702,0.10569898574367,16340.6645861409,23.9875345769204
2011,303,12452,1295201,166419,34622,64641058550,1295201,53894414,1295201,0.128488937238313,0.0267309861558167,49908.1289699437,41.6108495901408
2011,308,1146,127839,23166,2860,5276675230,127839,4982236,127839,0.181212306103771,0.0223718896424409,41275.9426309655,38.9727391484602
2011,313,33575,3178989,493812,110050,99790594046,3178989,116731740,3178989,0.155336177633833,0.0346179241261923,31390.6698154665,36.719768454688
2011,315,3061,276835,67285,11727,7272183890,276835,9725059,276835,0.243050914804848,0.0423609731428468,26269.0190546716,35.1294417252154
2011,316,1855,203213,57687,1843,6302670500,203213,7557076,203213,0.283874555269594,0.00906930166869246,31015.0949988436,37.1879554949733
2011,317,1212,140201,70711,1021,2544850670,140201,5030615,140201,0.504354462521665,0.00728240169470974,18151.4444975428,35.8814487771129
2011,318,1605,178682,31615,12361,6588438510,178682,6988243,178682,0.176934442193394,0.069178764509016,36872.4242509038,39.1099439227231
2011,319,10197,1121210,378745,12337,23223502208,1121210,37605299,1121210,0.337800233676118,0.0110032910873075,20712.892507202,33.5399247241819
2011,326,1302,136373,31571,3863,3974614420,136373,5157971,136373,0.231504770005793,0.0283267215651192,29145.1711115837,37.8225235200516
2011,328,396,41745,8974,570,1445553860,41745,1584041,41745,0.214971852916517,0.0136543298598635,34628.1916397173,37.9456461851719
2011,329,1816,157831,48950,491,2553085080,157831,4087279,157831,0.310141860597728,0.00311092244235923,16176.0685796833,25.8965539089279
2011,335,3357,336731,89820,5318,8364750880,336731,11258625,336731,0.266741107887305,0.0157930217295111,24841.0478393733,33.4350713180551
2011,336,1039,107280,20174,3134,3625826540,107280,4132513,107280,0.188049962714392,0.0292132736763609,33797.7865398956,38.5208146905295
2011,337,12609,1226651,153892,104628,39675104606,1226651,45163945,1226651,0.125457037087158,0.0852956545912407,32344.248368933,36.8189036653457
2011,338,1667,168457,22311,4569,6211732940,168457,6545247,168457,0.132443294134408,0.0271226485097087,36874.2939741299,38.854111138154
2011,344,4423,463167,84450,9009,14558913590,463167,17673391,463167,0.182331642798386,0.0194508676136253,31433.4000263404,38.1577076950646
2011,346,716,69172,4626,0,3200431770,69172,2710489,69172,0.0668767709477823,0,46267.7350662118,39.1847712947435
2011,347,381,40745,12809,758,1060466170,40745,1457342,40745,0.314369861332679,0.0186035096330838,26026.9031783041,35.7673825009204
2011,348,718,77261,18380,598,1968739350,77261,2825669,77261,0.237894927583127,0.00773999818796029,25481.6705711808,36.5730316718655
2011,349,92,11220,3480,0,472172300,11220,426459,11220,0.310160427807487,0,42083.0926916221,38.0088235294118
2011,354,1103,102940,4943,0,4935349900,102940,4051300,102940,0.0480182630658636,0,47943.9469593938,39.3559354964057
2011,355,3347,315890,14102,0,15240521130,315890,12808586,315890,0.044642122257748,0,48246.2918420969,40.5476146759948
2011,356,912,96559,25840,397,2303975530,96559,3371394,96559,0.267608405223749,0.00411147588521008,23860.8056214335,34.9153781625742
2011,357,2286,252585,39898,36561,8529285530,252585,10078347,252585,0.157958706969931,0.144747312785795,33767.9811944494,39.9008135875052
2011,359,2472,262460,57538,6823,9142972870,262460,10824675,262460,0.219225786786558,0.025996342299779,34835.681132363,41.2431418120857
2011,364,5160,569639,133615,4730,15864293690,569639,22289023,569639,0.234560835897823,0.00830350450021856,27849.7323568084,39.1283303987262
2011,365,13272,1451705,498870,8711,30973643490,1451705,49993759,1451705,0.343644197684791,0.00600053041079283,21336.0451951326,34.4379601916367
2011,366,320,33717,9144,0,1147526140,33717,1317455,33717,0.271198505205089,0,34034.0522585046,39.073909303912
2011,368,743,71287,14662,1027,2264733620,71287,2852347,71287,0.205675649136589,0.014406553789611,31769.2373083451,40.0121621052927
2011,373,4621,495317,83341,8288,24378602560,495317,21177218,495317,0.16825790352441,0.0167327186428085,49218.182618404,42.7548781891193
2011,375,5152,558944,112388,9808,23620300210,558944,22588311,558944,0.201072021526307,0.0175473750500945,42258.7955322895,40.4124760262209
2011,376,20797,2368207,749039,33779,69682880370,2368207,87355287,2368207,0.316289496652953,0.01426353355091,29424.3199053123,36.8866771359092
2011,377,677,63462,8001,144,2702085040,63462,2549259,63462,0.126075446724024,0.00226907440673159,42578.0000630298,40.1698496738206
2011,378,1730,205380,55333,4619,6282282390,205380,8160749,205380,0.269417664816438,0.0224900185022884,30588.5791703184,39.7348768137112
2011,379,11288,1138715,276490,27868,30898000290,1138715,39514405,1138715,0.242808780072274,0.0244732000544473,27134.0943870942,34.7008733528583
2011,383,3911,398742,184822,145,8115494260,398742,14003651,398742,0.463512747591174,0.000363643659308525,20352.7450331292,35.1195785746172
2011,384,124,12918,2499,1996,330974300,12918,438238,12918,0.193450998606595,0.154513082520514,25621.1720080508,33.9246013314755
2011,385,3543,369287,91699,5951,10079938756,369287,13370011,369287,0.248313642234901,0.016114837511204,27295.6772266557,36.2049327487835
2011,386,247,22723,3222,740,956718550,22723,842359,22723,0.14179465739559,0.032566122431017,42103.5316639528,37.0707653038771
2011,389,6566,685701,140454,16435,26080647170,685701,26564658,685701,0.204832718633924,0.0239681727166797,38035.0140513139,38.7408768544891
2011,405,12443,1427443,219302,374817,17648380630,1427443,45161008,1427443,0.15363275451279,0.262579311398073,12363.6324742914,31.6376962162412
2011,415,777,82416,9968,1367,4285210050,82416,3508107,82416,0.120947388856533,0.0165865851291011,51994.8802417006,42.5658488642982
2011,417,3367,343121,64406,704,21915760600,343121,17867657,343121,0.187706377633546,0.00205175433739118,63871.8137333477,52.0739243590454
2011,418,8615,954387,140268,8982,61252636800,954387,41344344,954387,0.146971825894527,0.00941127655762285,64180.0829223365,43.3203134577483
2011,423,5082,491136,90439,662,22247774240,491136,20680330,491136,0.184142477847277,0.00134789549126922,45298.6020979932,42.1071352945009
2011,425,384,38921,3349,200,638088280,38921,1044813,38921,0.0860460933686185,0.00513861411577298,16394.4472135865,26.8444541507156
2011,426,8011,906089,270915,5797,27529865510,906089,34490417,906089,0.298993807451586,0.00639782626210008,30383.1803608696,38.0651536438474
2011,427,1899,183548,55055,588,2317163000,183548,4808195,183548,0.299948787238216,0.0032035216945976,12624.2890143178,26.1958452284961
2011,434,3225,404818,186261,8926,7888955610,404818,13443804,404818,0.460110469396124,0.0220494147987491,19487.6601583922,33.2095015537847
2011,435,17007,2073047,1040711,11431,28920354690,2073047,61278632,2073047,0.502019973497948,0.00551410556538274,13950.6507522502,29.5596925684753
2011,436,25486,2989804,928852,94114,55331480350,2989804,107924611,2989804,0.310673208009622,0.0314783176422267,18506.7249726069,36.0975538864755
2011,439,2948,337873,128139,3346,4028143880,337873,10260320,337873,0.379251967455227,0.0099031292823043,11922.065036271,30.3673865624066
2011,443,6443,728857,236285,4457,8316559050,728857,19921241,728857,0.324185677025809,0.00611505411898356,11410.4125363411,27.332166666438
2011,444,9276,1090636,398471,9865,13038549630,1090636,32125588,1090636,0.365356544254912,0.00904518097697123,11954.9965616393,29.4558294426371
2011,445,2579,286110,95873,174,7496810370,286110,9903373,286110,0.335091398413198,0.000608157701583307,26202.5457691098,34.6138652965643
2011,446,7429,815338,250919,17938,20705482340,815338,29872127,815338,0.307748442977023,0.0220006917376597,25394.967902882,36.6377220244856
2011,447,29100,3146329,785215,144211,62551620510,3146329,111062901,3146329,0.249565445953046,0.0458346854381726,19880.8263566843,35.299201386759
2011,448,2215,237740,19164,49461,7803599880,237740,9759119,237740,0.080609068730546,0.208046605535459,32824.0930428199,41.0495457222176
2011,453,21900,2297640,378248,135860,48207598386,2297640,79502223,2297640,0.164624571299246,0.059130237983322,20981.354078968,34.6016882540346
2011,454,525,52187,11998,1237,1861977780,52187,2191791,52187,0.229903999080231,0.0237032211087052,35678.9579780405,41.9987928028053
2011,455,631,68766,14541,12809,2031135560,68766,2894370,68766,0.211456242910741,0.186269377308554,29536.9159177501,42.0901317511561
2011,456,1456,174880,33182,70033,4893661140,174880,7349507,174880,0.18974153705398,0.400463174748399,27982.9662625801,42.0260006861848
2011,457,744,86344,17272,47430,1148815590,86344,3441351,86344,0.200037061058093,0.549314370425276,13305.1004123043,39.8562841656629
2011,458,9036,1000358,244752,395606,13894210810,1000358,34833255,1000358,0.244664410141169,0.395464423736302,13889.2384626304,34.8207891574816
2011,459,2428,264838,87758,7224,5098649430,264838,8110568,264838,0.331364834351566,0.0272770523867421,19251.9556483586,30.6246384582273
2011,461,573,48532,16931,7090,683746690,48532,1454004,48532,0.348862606115553,0.146089178274128,14088.5743427017,29.9596966949642
2011,462,327,36579,11414,269,330880970,36579,805023,36579,0.312036961097898,0.00735394625331474,9045.6537904262,22.0077913556959
2011,463,1528,158228,19515,1355,6217978430,158228,5999977,158228,0.123334681598706,0.00856359177895189,39297.5859519175,37.9198182369745
2011,464,610,75723,19975,976,1893488750,75723,2836849,75723,0.263790393935792,0.0128890825772883,25005.4639937668,37.4635051437476
2011,465,3136,314202,69958,1541,11888149240,314202,12039233,314202,0.222652943011184,0.00490448819549207,37836.0075365529,38.3168566718226
2011,468,12840,1325990,423491,436823,13068861334,1325990,42143000,1325990,0.319377220039367,0.329431594506746,9855.92752132369,31.7822909675035
2011,469,4707,538428,170678,99905,6055405480,538428,14155442,538428,0.316993172717615,0.185549414220657,11246.4535276769,26.2903155110804
2011,473,7734,512960,57755,428972,9947358908,512960,27169915,512960,0.112591625077979,0.836267935121647,19392.0752261385,52.9669272457891
2011,479,8681,810340,226897,22896,14867879690,810340,33730474,810340,0.280002221289829,0.0282548066243799,18347.7055186712,41.6250882345682
2011,485,1599,176572,27982,87828,5135700414,176572,7778969,176572,0.158473597172825,0.497406157261627,29085.5878281947,44.0555071019188
2011,486,10160,1200761,327993,295444,19000806040,1200761,43936784,1200761,0.273154274664151,0.246047298338304,15823.9699990256,36.5907820124071
2011,487,1707,179432,58721,48310,2513767820,179432,6024940,179432,0.327260466360515,0.269238485888805,14009.5848009274,33.5778456462615
2011,488,558,60002,14017,1281,1056659630,60002,2374576,60002,0.23360887970401,0.0213492883570548,17610.4068197727,39.5749475017499
2011,489,174,17689,1745,0,793466800,17689,721883,17689,0.0986488778336819,0,44856.5096952909,40.8097122505512
2011,496,1592,128646,18938,23768,3878290150,128646,5826322,128646,0.147210173654836,0.184755064284937,30146.9936881053,45.289569827278
2011,498,442,43859,8190,26708,826822100,43859,2126967,43859,0.186734763674502,0.608951412480905,18851.8228869787,48.495565334367
2011,503,2624,261498,20400,5537,14857418310,261498,11861018,261498,0.0780120689259574,0.0211741581197562,56816.5657481128,45.3579683209814
2011,505,7320,796138,187934,136631,24900583090,796138,33829523,796138,0.236057065483622,0.171617232188389,31276.7172148547,42.4920340443491
2011,507,2827,283391,59249,16399,11433862790,283391,12263797,283391,0.209071565434329,0.0578670458836025,40346.5981276752,43.2751816395016
2011,508,1387,151719,28317,1848,8188896700,151719,6598330,151719,0.186641093073379,0.0121804124730587,53974.1014638905,43.4904659271416
2011,509,416,39730,7570,9728,961053340,39730,1616297,39730,0.190536118801913,0.2448527561037,24189.6133903851,40.6820286936824
2011,514,1588,168883,35942,35746,5570518220,168883,7241333,168883,0.212821894447635,0.211661327664715,32984.481682585,42.8778088972839
2011,516,2870,280063,64247,13845,10616603490,280063,12025759,280063,0.229401955988474,0.0494353056276623,37907.9117555693,42.9394779031861
2011,518,3674,356344,41780,9267,16266931730,356344,15486850,356344,0.117246256426375,0.0260057697056777,45649.5176851582,43.4603922052848
2011,519,271,28120,4385,213,1109238000,28120,1213970,28120,0.155938833570413,0.007574679943101,39446.586059744,43.1710526315789
2011,523,612,71562,17360,10709,2559553690,71562,3096061,71562,0.242586847768369,0.149646460411951,35766.9390179145,43.2640367792963
2011,525,2233,250793,58617,30556,9550450180,250793,9762463,250793,0.233726619164012,0.121837531350556,38081.0077633746,38.9263775304733
2011,526,338,34942,6809,8586,951425400,34942,1391673,34942,0.194865777574266,0.245721481311888,27228.7047106634,39.8280865434148
2011,527,2839,315105,56810,11137,15140784960,315105,13347009,315105,0.180289109979213,0.0353437742974564,48049.9673442186,42.3573380301804
2011,533,295,33857,7162,1809,1507570400,33857,1464543,33857,0.211536757539061,0.053430605192427,44527.5836606906,43.2567268216322
2011,534,3152,336514,65668,53358,12877894850,336514,13861872,336514,0.195141955460991,0.158561010834616,38268.5262723096,41.1925566246872
2011,535,964,96865,11179,22472,3721708560,96865,3842442,96865,0.115408042120477,0.231992979920508,38421.6028493264,39.6680121819027
2011,536,236,25750,4199,7720,780960200,25750,1056160,25750,0.163067961165049,0.299805825242718,30328.5514563107,41.0159223300971
2011,539,195,20505,3410,328,912198800,20505,869004,20505,0.166300902218971,0.0159960985125579,44486.6520360888,42.3801024140454
2011,543,232,23658,3468,494,1678091800,23658,975467,23658,0.146588891706822,0.0208808859582382,70931.2621523375,41.232014540536
2011,544,487,44703,3518,1159,2322773310,44703,2032293,44703,0.0786971791602353,0.0259266715880366,51960.1214683578,45.4621166364674
2011,549,7107,737453,121719,60830,27403348370,737453,30521873,737453,0.165053230510961,0.0824866127061657,37159.4506632965,41.3882281311487
2011,558,7763,746044,69601,181122,37740142060,746044,33364446,746044,0.0932934250526779,0.242776565457265,50587.0190766228,44.7218206969026
2011,563,2318,284209,59442,92411,6106268580,284209,10898120,284209,0.209148900984839,0.325151560999124,21485.1344609073,38.3454429662678
2011,567,9752,1117645,218209,394805,26262287160,1117645,44119367,1117645,0.195239991231563,0.353247229665949,23497.8791655669,39.4752958229134
2011,573,988,123511,28546,32178,2695463900,123511,4730895,123511,0.231121114718527,0.260527402417598,21823.674814389,38.3034304636834
2011,575,6626,696886,134491,78016,30248816920,696886,28974630,696886,0.192988523230485,0.111949443667974,43405.6889075114,41.5772881073806
2011,577,1424,135286,27880,3247,7753653590,135286,5876286,135286,0.206081930133199,0.024001005277708,57313.0522744408,43.4360244223349
2011,579,4069,497603,110119,161114,9484268340,497603,18843761,497603,0.221298906959966,0.323780202289777,19059.9098880031,37.8690663038607
2011,583,34,3826,41,2269,87397500,3826,134850,3826,0.0107161526398327,0.593047569262938,22843.0475692629,35.2456874019864
2011,584,214,29456,5471,5152,791933500,29456,1120414,29456,0.185734655078762,0.174904942965779,26885.3035035307,38.0368685497013
2011,585,4317,467602,81979,69009,17950586000,467602,19132667,467602,0.175317898554754,0.147580634813367,38388.5997065881,40.9165636588381
2011,588,455,55551,16857,5834,1465007800,55551,2193093,55551,0.303450882972404,0.105020611690159,26372.3029288402,39.4789112707242
2011,589,310,36249,8199,3714,1256044950,36249,1464478,36249,0.226185549946205,0.102457998841347,34650.4717371514,40.4005076002097
2011,593,636,73063,16959,2711,2620874980,73063,2940658,73063,0.232114750284002,0.0371049642089703,35871.4394426728,40.2482515089717
2011,594,151,17271,4934,568,602655800,17271,761877,17271,0.285681199698917,0.0328874992762434,34894.088356204,44.1130797290255
2011,595,1592,208177,58715,42759,4611314698,208177,8135687,208177,0.282043645551622,0.205397330156549,22150.9326102307,39.0806237000245
2011,596,1115,119649,23333,5824,4419767240,119649,4942944,119649,0.195012076991868,0.0486757097844529,36939.4415331511,41.3120377103026
2011,597,837,86972,15707,4601,3464682960,86972,3655666,86972,0.180598353493078,0.0529020834291496,39836.7630961689,42.0326771834614
2011,598,287,28164,7091,2383,1204812900,28164,1382922,28164,0.251775316006249,0.0846115608578327,42778.4725181082,49.1024712398807
2011,599,669,73707,16760,15903,2331775920,73707,2972219,73707,0.227386815363534,0.215759697179372,31635.7458586023,40.3247859769086
2011,614,413,41598,16234,918,2279913900,41598,2589125,41598,0.390259147074379,0.0220683686715708,54808.2576085389,62.2415741141401
2011,615,101,10990,1798,223,576081300,10990,523534,10990,0.163603275705187,0.0202911737943585,52418.6806187443,47.6373066424022
2011,616,751,64594,14139,1098,3636388600,64594,3297661,64594,0.218890299408614,0.0169984828312227,56296.0739387559,51.0521255844196
2011,617,712,66436,22429,1340,3012325900,66436,3532478,66436,0.337603106749353,0.0201697874646276,45341.771027756,53.1711421518454
2011,628,8491,826242,79459,25414,44817697190,826242,37105544,826242,0.096169161093239,0.0307585428966332,54242.8213404789,44.908808799359
2011,634,592,53638,2454,246,2680348200,53638,2332195,53638,0.0457511465751892,0.00458630075692606,49971.0690182334,43.4802751780454
2011,637,3477,343605,51162,11397,14087869850,343605,14850094,343605,0.14889771685511,0.0331689003361418,41000.188734157,43.2185038052415
2011,643,198,19838,2470,1126,1013327110,19838,922738,19838,0.124508519003932,0.0567597540074604,51080.1043451961,46.5136606512753
2011,644,65,5102,1334,800,149108500,5102,201288,5102,0.261466091728734,0.156801254410035,29225.4998039984,39.452763622109
2011,645,64,6672,509,386,302444140,6672,280159,6672,0.07628896882494,0.0578537170263789,45330.3567146283,41.990257793765
2011,649,94,10458,2581,1390,278011400,10458,387389,10458,0.246796710652132,0.132912602792121,26583.6106330082,37.0423599158539
2011,657,513,50948,7905,14836,1224538600,50948,2032902,50948,0.155158200518175,0.291198869435503,24035.067127267,39.9015074193295
2011,658,151,14464,3479,3169,316493000,14464,539282,14464,0.240528207964602,0.219095685840708,21881.4297566372,37.2844303097345
2011,666,674,72266,4896,26807,1268954190,72266,2659341,72266,0.0677497024880303,0.37094899399441,17559.491185343,36.7993385547837
2011,668,307,30525,4335,10014,626276000,30525,1218081,30525,0.142014742014742,0.328058968058968,20516.8222768223,39.9043734643735
2011,669,67,7437,963,2073,188771750,7437,295469,7437,0.129487696651876,0.278741427995159,25382.7820357671,39.7295952669087
2011,675,270,29506,6061,3922,791146070,29506,1152670,29506,0.205415847624212,0.132922117535417,26813.057344269,39.0656137734698
2011,677,466,47589,9538,1799,1595554400,47589,1814391,47589,0.200424467839207,0.037802853600622,33527.7984408162,38.1262686755343
2011,678,5661,615507,217217,12748,17307444000,615507,22284810,615507,0.352907440532764,0.0207113810240988,28119.0043330133,36.2056158581462
2011,679,230,23350,3013,620,647153730,23350,885496,23350,0.129036402569593,0.0265524625267666,27715.3631691649,37.9227408993576
2011,686,2219,254692,65760,5120,6555428260,254692,10193373,254692,0.258194211047069,0.0201027122956355,25738.6500557536,40.0223524884959
2011,687,1720,195781,50850,12823,3832024420,195781,7102845,195781,0.259728982894152,0.0654966518712235,19573.0148482233,36.2795419371645
2011,688,779,87409,22748,2809,1962104940,87409,3235876,87409,0.260247800569735,0.0321362788728849,22447.401754968,37.0199407383679
2011,694,894,78959,8675,354,3637980140,78959,3243485,78959,0.109867146240454,0.00448333945465368,46074.2934940919,41.0780911612356
2011,695,511,45567,4161,53,3470142440,45567,1962349,45567,0.0913160840081638,0.00116312243509557,76154.7268856848,43.0651348563654
2011,696,777,76174,8784,318,3966134350,76174,3274330,76174,0.115314936855095,0.00417465276866122,52066.7727833644,42.9848767295928
2011,699,421,35375,3557,344,2192938600,35375,1575368,35375,0.100551236749117,0.0097243816254417,61991.1971731449,44.533371024735
2011,703,109,10402,1693,271,348574700,10402,443912,10402,0.162757162084215,0.0260526821765045,33510.3537781196,42.6756393001346
2011,706,900,90212,18513,580,2786333890,90212,3802993,90212,0.205216600895668,0.006429299871414,30886.5105529198,42.1561765618765
2011,707,93,9050,2478,18,325052700,9050,391470,9050,0.273812154696133,0.00198895027624309,35917.4254143646,43.2563535911602
2011,708,45,5741,1648,305,154142600,5741,246040,5741,0.287058003832085,0.0531266329907682,26849.4338965337,42.8566451837659
2011,709,497,50657,9836,2568,1489646840,50657,2150204,50657,0.194168624277,0.0506938823854551,29406.5349310066,42.4463351560495
2011,713,80,7223,1645,29,277184400,7223,309437,7223,0.227744704416447,0.00401495223591306,38375.2457427662,42.8405094835941
2011,719,449,45846,8198,577,1344071400,45846,1945524,45846,0.178816036295424,0.0125856127033983,29317.0920036644,42.4360685774113
2011,723,157,16370,3112,177,555259700,16370,688692,16370,0.19010384850336,0.0108124618204032,33919.3463653024,42.070372632865
2011,724,80,7141,1080,0,305211700,7141,323665,7141,0.151239322223778,0,42740.7505951547,45.3248844699622
2011,726,3616,377494,64942,2686,12333267450,377494,15950851,377494,0.172034522403005,0.00711534487965372,32671.4264332678,42.2545815297727
2011,727,345,29583,5452,2716,696285670,29583,1203181,29583,0.184295034310246,0.0918094851772978,23536.6822161377,40.6713653111584
2011,729,160,16281,2974,477,466998300,16281,667417,16281,0.182666912351821,0.029297954671089,28683.637368712,40.9936121859837
2011,733,252,23329,3585,7830,523004970,23329,910507,23329,0.153671396116422,0.335633760555532,22418.6621801192,39.028976809979
2011,736,2030,218601,36293,10879,7278914010,218601,8575623,218601,0.166023943165859,0.0497664695037992,33297.7159756817,39.2295689406727
2011,738,130,14199,2347,0,333141250,14199,570506,14199,0.165293330516234,0,23462.303683358,40.1793084020001
2011,739,102,10947,1048,871,259730500,10947,432075,10947,0.0957339910477756,0.0795651776742487,23726.1806887732,39.4697177308852
2011,743,107,11273,2540,621,271764850,11273,448518,11273,0.225317129424288,0.0550873769183004,24107.5889293001,39.7869245098909
2011,744,1842,184901,19912,12863,3511144430,184901,6944301,184901,0.107690061167868,0.0695669574529072,18989.3209339052,37.5568601575979
2011,745,42,3392,465,60,75895400,3392,129552,3392,0.137087264150943,0.017688679245283,22374.8231132076,38.1933962264151
2011,747,409,47494,6758,1839,829082960,47494,1691176,47494,0.142291657893629,0.0387206805070114,17456.5831473449,35.6082031414494
2011,748,1676,190005,35748,23742,3457392640,190005,6990000,190005,0.188142417304808,0.124954606457725,18196.3245177758,36.788505565643
2011,749,200,24093,2666,2208,700320700,24093,967702,24093,0.110654546963848,0.0916448761050928,29067.3930187191,40.1652762213091
2011,753,121,12710,3190,110,384175470,12710,527260,12710,0.250983477576711,0.00865460267505901,30226.2368214005,41.4838709677419
2011,754,2251,252771,57593,1706,5875011820,252771,10049081,252771,0.227846548852519,0.00674919195635575,23242.4282057673,39.7556721301099
2011,755,448,44190,6980,414,1412441240,44190,1795256,44190,0.15795428830052,0.00936863543788187,31962.9155917628,40.6258429508939
2011,756,849,87998,18582,1201,2984597800,87998,3653241,87998,0.211163890088411,0.0136480374553967,33916.6549239756,41.5150457964954
2011,757,488,46443,5628,648,2395275080,46443,2011592,46443,0.121180802273755,0.0139525870421807,51574.5124130655,43.3131365329544
2011,759,1259,133217,30612,8180,4239965210,133217,5597587,133217,0.229790492204448,0.061403574618855,31827.5085762328,42.0185636968255
2011,763,104,11031,2673,863,263122810,11031,415434,11031,0.242317106336688,0.078234067627595,23853.0332698758,37.6605928746261
2011,764,68,7633,898,38,181242640,7633,308941,7633,0.117647058823529,0.00497838333551684,23744.6141752915,40.4743875278396
2011,765,301,29460,4964,291,1088830660,29460,1196197,29460,0.168499660556687,0.00987780040733198,36959.6286490156,40.6041072640869
2011,766,350,32807,6569,555,1290146100,32807,1441709,32807,0.200231657877892,0.0169171213460542,39325.3299600695,43.945164141799
2011,769,854,88701,17361,2659,2190964060,88701,3304068,88701,0.195724963641898,0.0299771141249817,24700.5564762517,37.2495011330199
2011,773,73,9182,6736,148,136403970,9182,267494,9182,0.733609235460684,0.0161184927031148,14855.5837508168,29.1324330211283
2011,774,436,53975,22448,1912,1577069230,53975,1928013,53975,0.415896248263085,0.0354238073182029,29218.5128300139,35.7204817044928
2011,779,11890,1196445,237501,14538,37393328040,1196445,48506061,1196445,0.198505572759299,0.0121509973295889,31253.6957737297,40.5418226495994
2011,783,5263,525412,111833,27319,19028468320,525412,22857169,525412,0.212848202934078,0.0519953864776594,36216.280404711,43.5033250097067
2011,785,10066,1040211,205009,16078,30040940800,1040211,42033490,1040211,0.197084053139219,0.0154564795027163,28879.660761134,40.4086190205641
2011,799,6718,689862,114137,12257,25892377010,689862,28808625,689862,0.165449031835353,0.0177673215802581,37532.6906105859,41.7599824312689
2011,803,2005,209378,26593,7749,10109097000,209378,9440098,209378,0.127009523445634,0.0370096189666536,48281.5625328354,45.0863892099457
2011,804,32174,3387824,517708,313941,111860777214,3387824,151862137,3387824,0.152814313848653,0.0926674467150596,33018.4735730073,44.8258637402651
2011,808,4919,505089,26355,8423,13034853680,505089,17499654,505089,0.0521789229224949,0.0166762689347818,25807.0432735617,34.6466741504963
2011,809,2901,341540,37954,86094,6995205480,341540,14072371,341540,0.111126076008667,0.252075891550038,20481.3652280846,41.2027024653042
2011,813,632,80439,34542,975,1427322970,80439,2737350,80439,0.429418565621154,0.0121209860888375,17744.1660139982,34.0301346361839
2011,823,460,48799,9288,0,2806195940,48799,2354290,48799,0.190331769093629,0,57505.1935490481,48.2446361605771
2011,824,548,56420,4438,323,3642224600,56420,2701472,56420,0.0786600496277916,0.00572492024104927,64555.5583126551,47.8814604750089
2011,825,64,7024,2035,0,403370600,7024,312517,7024,0.289720956719818,0,57427.4772209567,44.4927391799544
2011,829,589,56605,11192,7037,3132976100,56605,3167344,56605,0.197721049377263,0.124317639784471,55348.0452256868,55.9551983040368
2011,844,3319,299033,42269,20767,11786447120,299033,13039922,299033,0.141352292221929,0.0694471847588728,39415.2054121117,43.6069664552073
2011,848,770,75251,13594,2726,3563932760,75251,3468546,75251,0.180648762142696,0.0362254322201698,47360.6033142417,46.0930220196409
2011,853,387,32710,4836,7568,1212129100,32710,1428160,32710,0.147844695811678,0.231366554570468,37056.8358300214,43.6612656679914
2011,859,275,24136,7017,1276,1256321500,24136,1145177,24136,0.290727543917799,0.0528670865097779,52051.7691415313,47.4468428902884
2011,865,192,21823,6796,1096,421741440,21823,763784,21823,0.311414562617422,0.0502222425880951,19325.548274756,34.9990377125052
2011,866,461,57577,17195,5866,1366732060,57577,2216415,57577,0.298643555586432,0.101880959410876,23737.4656546885,38.4947982701426
2011,869,13467,1528657,364290,327595,37789853570,1528657,59654543,1528657,0.238307219997684,0.214302489047576,24720.9502000776,39.024151918972
2011,874,394,44906,16332,965,964633790,44906,1714474,44906,0.363693047699639,0.02148933327395,21481.1782389881,38.1791742751525
2011,875,896,93775,19451,12862,2396008240,93775,3532035,93775,0.207422020794455,0.137158091175686,25550.6077312717,37.6649960010664
2011,878,326,35044,7538,487,805559210,35044,1349696,35044,0.215101015865769,0.0138968154320283,22987.0793859149,38.5143248487616
2011,883,204,25896,4763,50,967243000,25896,1041309,25896,0.183928019771393,0.00193080012357121,37351.0580784677,40.2111909175162
2011,885,1018,118498,45890,1386,2155482800,118498,4224362,118498,0.387263920066161,0.0116963999392395,18190.035274857,35.6492261472768
2011,887,2816,325214,107707,22416,5847901750,325214,11537543,325214,0.331188079233981,0.0689269219652291,17981.7035859465,35.4767722176782
2011,888,3789,434007,112963,2643,8350471186,434007,16208503,434007,0.260279212086441,0.00608976352915967,19240.406689293,37.346178748269
2011,889,18181,1954062,573871,35964,45629490912,1954062,70410086,1954062,0.29368106027342,0.0184047384371632,23351.0967983616,36.0326775711313
2011,905,11175,1019872,539957,0,43301020700,1019872,51313387,1019872,0.529436046876471,0,42457.3090544696,50.3135560148725
2012,4,9242,940385,29167,257481,134588561170,940385,45621155,940385,0.0310160200343476,0.273803814395168,143120.701808302,48.5132738187019
2012,7,9872,1035115,147035,33292,90710465900,1035115,45872338,1035115,0.142047018930264,0.0321626099515513,87633.2251972003,44.3161754974085
2012,8,3809,376034,40298,14878,28783904720,376034,16748600,376034,0.107165841386683,0.0395655711983491,76546.0163708601,44.5401213720036
2012,13,9663,1020355,176519,60973,88665948190,1020355,45870102,1020355,0.172997633176689,0.0597566533216381,86897.1565680572,44.9550421176943
2012,14,8250,793692,68091,27995,52310537820,793692,34705297,793692,0.0857902057725163,0.0352718686845779,65907.8557173312,43.7264039451072
2012,15,5468,556217,36083,21395,42108307420,556217,24411808,556217,0.0648721632024911,0.0384652033289166,75704.8191982625,43.8890001564138
2012,17,8387,997742,248711,198359,37855306704,997742,45557032,997742,0.249273860376731,0.198807908256844,37940.9774310393,45.6601325793642
2012,18,4399,472948,54673,109200,25160232030,472948,19365423,472948,0.115600446560721,0.230892191107691,53198.7280419835,40.9461991593156
2012,19,348,35072,3416,8797,1690644700,35072,1536237,35072,0.0973996350364964,0.250826870437956,48204.9697764599,43.8023779653285
2012,21,4487,453137,81106,16662,24924341350,453137,18708024,453137,0.178987811633126,0.0367703365648799,55003.9863220174,41.2855802991148
2012,22,56583,5856082,517568,864763,481967524178,5856082,266216022,5856082,0.0883812760818582,0.147669209550003,82302.0449812691,45.4597497097889
2012,23,19915,2002819,350162,142850,131787097950,2002819,83414172,2002819,0.174834570672637,0.0713244681621255,65800.802743533,41.6483826047187
2012,24,926,98264,14795,810,6611442600,98264,4114556,98264,0.150563787348368,0.00824310021981601,67282.4493201987,41.8724660099324
2012,25,8537,922475,163076,96470,73915543990,922475,39640954,922475,0.176780942572969,0.104577359820049,80127.4224125315,42.9723884116101
2012,26,6530,676303,93186,172536,52658502750,676303,28836526,676303,0.13778735271025,0.255116419711283,77862.2936021281,42.6384712177826
2012,27,7323,777973,141160,21967,45890467500,777973,32556306,777973,0.181445885654129,0.0282361984284802,58987.2238496709,41.8476039656903
2012,28,80,7384,1758,932,304212800,7384,317391,7384,0.238082340195016,0.126218851570964,41198.9165763814,42.9836132177682
2012,29,1955,206474,47334,17164,8381973880,206474,7957540,206474,0.229249203289518,0.0831291106870599,40595.783875936,38.540155176923
2012,33,4115,420611,45604,5824,27579752550,420611,18017441,420611,0.108423222407403,0.013846523272097,65570.6877613757,42.8363523540754
2012,34,351,42843,11957,11096,2086321800,42843,1723423,42843,0.279088765959433,0.25899213407091,48696.9119809537,40.2264780710968
2012,35,790,77031,6781,11148,3486212500,77031,3091100,77031,0.0880294946190495,0.144720956498033,45257.2665550233,40.1280004154172
2012,36,1942,193328,22019,1550,13578821100,193328,8146374,193328,0.113894521228172,0.00801746255069105,70237.2191301829,42.1375796573699
2012,37,2286,239581,44250,6663,14670720420,239581,9856878,239581,0.184697450966479,0.0278110534641729,61234.9076930141,41.1421523409619
2012,43,1556,158472,20526,35809,11194655560,158472,6782767,158472,0.129524458579434,0.225964208188197,70641.2209096875,42.8010437175022
2012,44,1312,129186,22446,1361,12080224440,129186,5538951,129186,0.173749477497562,0.0105351973124023,93510.321861502,42.8757837536575
2012,45,316,32373,7258,259,2405961100,32373,1424791,32373,0.224199178327619,0.00800049423902635,74319.9919686158,44.0117072869367
2012,47,335,38235,10088,1505,4620928700,38235,1901617,38235,0.263842029554074,0.0393618412449327,120855.987969138,49.7349810383157
2012,48,516,52755,10945,1222,4983016400,52755,2328095,52755,0.207468486399393,0.0231636811676618,94455.8127191736,44.1303194010046
2012,53,2739,274672,55042,14939,22828191300,274672,11926612,274672,0.200391739966214,0.0543885070192812,83110.7331653754,43.4212879361566
2012,55,2489,256530,36320,6290,23782281500,256530,11241543,256530,0.141581881261451,0.024519549370444,92707.6033992126,43.8215530347328
2012,56,1637,164624,24672,2091,12397140300,164624,7390450,164624,0.149868791913694,0.0127016716882107,75305.7895568083,44.8929074740014
2012,57,2020,209497,44007,4225,16262003300,209497,9291837,209497,0.210060287259483,0.0201673532317885,77624.0390077185,44.3530790417047
2012,59,5000,494524,82812,17795,42984566820,494524,21470220,494524,0.167458000016177,0.0359840978395386,86921.0934555249,43.4159312793717
2012,64,18647,2022981,372952,106085,132559969010,2022981,83920314,2022981,0.184357638554193,0.0524399388822732,65527.0459831308,41.4834909472704
2012,65,2087,222652,36407,2035,15348649100,222652,9421777,222652,0.163515261484289,0.00913982358119397,68935.5995005659,42.3161570522609
2012,66,218,21166,5871,620,2665806900,21166,912754,21166,0.27737881508079,0.0292922611735803,125947.599924407,43.1235944439195
2012,68,418,41162,6922,1465,3273708300,41162,1671059,41162,0.168164812205432,0.035591079150673,79532.294349157,40.597128419416
2012,69,104,10493,1986,161,921947400,10493,466534,10493,0.189269036500524,0.0153435623749166,87863.0896788335,44.4614504908034
2012,73,750,78753,15905,484,5539573400,78753,3353651,78753,0.201960560232626,0.00614579762040811,70341.1095450332,42.5844221807423
2012,74,92,10757,3279,0,749499360,10757,436420,10757,0.304824765269127,0,69675.5006042577,40.5707911127638
2012,75,732,71148,11441,3976,5416543200,71148,3004882,71148,0.160805644571878,0.055883510428965,76130.6459773992,42.2342441108675
2012,76,1907,185476,42799,3515,13384022400,185476,7849823,185476,0.230752226703185,0.0189512389743147,72160.4002674201,42.3225808190817
2012,77,314,28772,8034,2955,1454081100,28772,1183324,28772,0.279229806756569,0.102704017795079,50538.0613096066,41.1276240789657
2012,78,735,73368,15548,1883,4445893500,73368,3060059,73368,0.211918002398866,0.0256651401155817,60597.1745175008,41.7083605931741
2012,79,317,23721,4987,1490,1204539500,23721,990517,23721,0.210235656169639,0.062813540744488,50779.4570212048,41.7569664010792
2012,83,1159,124981,15319,2243,10789917700,124981,5565412,124981,0.122570630735872,0.0179467279026412,86332.4641345485,44.5300645698146
2012,84,8077,805724,58269,181287,146287147130,805724,41982017,805724,0.0723188089221619,0.224998882992191,181559.873021035,52.1047120353868
2012,85,1488,145163,9606,91008,17560083400,145163,5714705,145163,0.0661738872853275,0.626936616079855,120968.038687544,39.3675041160626
2012,86,786,71904,7597,22745,5752044000,71904,3284637,71904,0.105654761904762,0.316324543836226,79996.1615487317,45.6808661548732
2012,87,346,31778,2755,15006,2957682100,31778,1259453,31778,0.0866951979356788,0.472213481024608,93073.2613757946,39.6328592107747
2012,88,93,10427,51,5523,902998700,10427,465221,10427,0.00489114798120265,0.529682554905534,86601.9660496787,44.6169559796682
2012,89,731,75625,5524,56340,3725656500,75625,2903835,75625,0.0730446280991736,0.74499173553719,49264.879338843,38.3978181818182
2012,95,28840,2882274,421083,29633,172409085250,2882274,109219224,2882274,0.146094021595449,0.0102811183114444,59817.0351777798,37.8934216524869
2012,96,2582,264817,55030,10673,25460860580,264817,10261945,264817,0.207803879660294,0.0403033037909198,96145.1137200406,38.7510809351363
2012,97,790,81219,17868,5766,3326145360,81219,2991126,81219,0.219997783769808,0.0709932404979131,40952.7987293614,36.8279097255568
2012,98,1070,108222,16626,384,5784157000,108222,4087470,108222,0.153628652214892,0.00354826190608194,53447.145682024,37.7693075345124
2012,99,1138,112417,18637,7612,6182232500,112417,4175358,112417,0.165784534367578,0.0677121787629985,54993.7509451418,37.1416956510136
2012,103,2740,276618,62215,21767,15290734680,276618,10262814,276618,0.224913056995568,0.0786897454250989,55277.4392121988,37.1010346398282
2012,104,1471,140404,23583,10170,7550091600,140404,5174661,140404,0.167965300133899,0.072433833793909,53774.0491723883,36.8555098145352
2012,105,1664,175741,43974,20424,7366166090,175741,6399196,175741,0.250220494932884,0.116216477657462,41914.8980033117,36.4126527105229
2012,106,1093,113275,24076,3632,7641930100,113275,4618425,113275,0.212544692120945,0.0320635621275657,67463.5188700066,40.7717943058927
2012,154,13009,1281894,295736,119,65055528640,1281894,48134358,1281894,0.230702382568294,9.28313885547479e-05,50749.5382925577,37.5494058011037
2012,155,5136,551153,159413,12366,12318881520,551153,19557853,551153,0.289235475448741,0.0224366010889898,22351.1103450403,35.4853425455364
2012,156,35955,3372388,540842,19587,153190932770,3372388,137893175,3372388,0.160373598767402,0.00580805055646029,45425.061638815,40.8888820029012
2012,157,7130,712602,137461,3218,34380353040,712602,30053585,712602,0.192900104125445,0.00451584474924292,48246.2202463647,42.1744325724598
2012,158,2098,224884,38183,832,9762429660,224884,9038160,224884,0.169789758275378,0.0036996851710215,43410.9570267338,40.1903203429324
2012,159,18355,1816485,426011,157390,40737154190,1816485,57634755,1816485,0.234524920381946,0.0866453617838848,22426.364208898,31.7287260836175
2012,163,6244,653823,136089,42965,24503084180,653823,24919574,653823,0.208143488375294,0.0657135035017122,37476.6323301566,38.1136393182864
2012,164,1763,159876,19454,515,6569250090,159876,5708265,159876,0.121681803397633,0.00322124646601116,41089.657547099,35.7043271035052
2012,165,461,43242,8630,1064,1819395670,43242,1620153,43242,0.199574487766523,0.0246057074140882,42074.7345173674,37.467115304565
2012,166,2562,275116,69242,25684,20969668080,275116,11629030,275116,0.251682926474651,0.0933569839631283,76221.186990215,42.2695517527152
2012,167,1699,163164,14435,52138,8398065100,163164,6350585,163164,0.088469270182148,0.319543526758354,51470.085925817,38.9214839057635
2012,169,460,46356,13222,2559,2523212760,46356,1846115,46356,0.285227370782639,0.0552032099404608,54431.2011390111,39.8247260333075
2012,173,240,21445,2036,485,1484563500,21445,884378,21445,0.0949405455817207,0.02261599440429,69226.5563068314,41.2393564933551
2012,174,7395,755853,134651,13884,31401197730,755853,29958293,755853,0.178144427554035,0.0183686510472274,41544.053843803,39.6350785139438
2012,175,3596,381521,117668,61402,6881270140,381521,11505899,381521,0.308418147362793,0.16094002689236,18036.4125172664,30.1579703345294
2012,176,5225,461359,50410,1109,18095733370,461359,19432741,461359,0.109264152211185,0.00240376799845673,39222.673384501,42.1206500794392
2012,178,9921,976863,94693,281997,117534229710,976863,45372650,976863,0.0969358036899749,0.288676098900255,120318.027922032,46.4473012080507
2012,183,1885,192982,37082,74091,8163122160,192982,7027865,192982,0.19215263599714,0.383926998372905,42299.9148107077,36.417204713393
2012,184,529,51483,6782,4036,3110998500,51483,2129693,51483,0.131732805003593,0.0783948099372609,60427.6848668493,41.3669172348154
2012,185,6923,748913,174927,177581,31342480170,748913,29441234,748913,0.233574527348303,0.237118330166521,41850.6290717346,39.3119547931469
2012,186,1462,158896,34588,73356,3381962380,158896,4498813,158896,0.217676971100594,0.461660457154365,21284.1253398449,28.3129405397241
2012,187,1537,175451,39279,45447,9728698380,175451,7341258,175451,0.223874472074824,0.259029586608227,55449.6604750044,41.8422123555865
2012,188,1631,165566,26550,82802,5557658450,165566,6440704,165566,0.160359010908037,0.500114757860914,33567.6313373519,38.9011270429919
2012,189,1402,150481,43679,83820,3282253550,150481,5261943,150481,0.290262558063809,0.557013842279092,21811.7473302277,34.967490912474
2012,193,171,24384,14919,7489,577590130,24384,790048,24384,0.61183562992126,0.307127624671916,23687.2592683727,32.4002624671916
2012,194,1133,133999,32602,42689,3382384710,133999,4375939,133999,0.24330032313674,0.318577004306002,25241.8653124277,32.6565048992903
2012,195,2697,271021,64937,52636,12370552900,271021,10741350,271021,0.239601359304261,0.194213732515193,45644.2596699149,39.6329066751285
2012,198,442,48559,10835,14819,1736062360,48559,1677978,48559,0.223130624601001,0.305175147758397,35751.6085586606,34.5554480116971
2012,199,2245,246278,88017,38989,6562379430,246278,7348553,246278,0.357388804521719,0.158312963399086,26646.2267437611,29.8384467958973
2012,203,3101,328610,73240,1480,14333225910,328610,12702608,328610,0.222878183865372,0.00450381911688628,43617.7411216944,38.6555734761572
2012,204,1558,152817,28646,3081,6556539100,152817,4837743,152817,0.187452966620206,0.0201613694811441,42904.5138957053,31.6570996682306
2012,205,1070,110751,19953,783,3526435400,110751,4255394,110751,0.180160901481702,0.00706991358994501,31841.1156558406,38.42307518668
2012,206,3227,321754,58595,3447,16632703950,321754,12159774,321754,0.182111178105012,0.0107131535272289,51693.8529124735,37.7921455521921
2012,207,6331,636387,111534,8496,22836385180,636387,24114102,636387,0.175261279693017,0.0133503669936689,35884.4306687597,37.8921976721712
2012,208,3468,371665,101460,7871,16867404790,371665,15792964,371665,0.272987771245611,0.0211776734424818,45383.3554141498,42.4924703698223
2012,214,5407,557170,142462,8029,26079945120,557170,21982280,557170,0.255688569018432,0.0144103235996195,46807.8775239155,39.45345226771
2012,217,1565,157564,31898,9327,7691206500,157564,6381235,157564,0.202444720875327,0.0591949937803052,48813.221928867,40.499320910868
2012,218,965,93009,16504,10088,4071226850,93009,3847805,93009,0.1774451934759,0.108462621896806,43772.3967573031,41.3702437398531
2012,223,520,54127,16174,1237,2121331540,54127,2180973,54127,0.298815748147874,0.0228536589871968,39191.7442311601,40.2936242540691
2012,224,699,72761,19438,570,3538241600,72761,3045135,72761,0.26714860983219,0.00783386704415827,48628.2706394909,41.8511977570402
2012,225,180,19259,3829,1350,1295573500,19259,958204,19259,0.198816137909549,0.0700970974609274,67271.0680720702,49.7535697595929
2012,226,1217,121525,11465,2588,13006845300,121525,5337487,121525,0.0943427278337791,0.0212960296235343,107030.202016046,43.9208969347871
2012,227,325,37577,8043,0,3498726900,37577,1541987,37577,0.214040503499481,0,93108.2018255848,41.0353939910051
2012,228,850,91301,24930,14406,3929838310,91301,3592272,91301,0.27305286908139,0.157785785478801,43042.664483412,39.3453740922882
2012,229,13185,1423488,262419,62384,120731069820,1423488,60244546,1423488,0.184349288508228,0.0438247459760813,84813.5494082142,42.3217800220304
2012,233,796,75504,15718,587,3083730170,75504,3316320,75504,0.20817440135622,0.00777442254714982,40841.9444002967,43.9224411951685
2012,234,5257,564791,120871,34670,25427503820,564791,22172292,564791,0.214010138263535,0.0613855390755164,45021.0853572384,39.257516497253
2012,243,35973,3882635,720143,630821,190544491898,3882635,172594856,3882635,0.18547790353716,0.162472393104168,49076.0764012069,44.4530212085349
2012,253,4661,479677,72304,117247,26614760620,479677,19990233,479677,0.150734765269129,0.244429063724131,55484.7545744324,41.6743621228452
2012,254,6666,700748,66576,352415,28517906440,700748,29122304,700748,0.0950070496098455,0.502912601962474,40696.3793546325,41.5588827938146
2012,255,2419,265454,57521,35156,28295240730,265454,11945036,265454,0.216689143881803,0.132437258432723,106591.879308656,44.9985157503748
2012,256,1725,191525,45780,17770,11826583340,191525,7992146,191525,0.239028847408954,0.092781621198277,61749.5540529957,41.7289962145934
2012,258,267,26591,2668,1052,2834945800,26591,1225632,26591,0.100334699710428,0.0395622579068106,106612.98183596,46.0919860103042
2012,274,22998,2471169,456038,202498,152964933974,2471169,104806876,2471169,0.184543428636407,0.081944213447158,61899.8271562973,42.411860945164
2012,275,28640,3247160,1126761,219587,85705232428,3247160,110668787,3247160,0.346998915975807,0.0676243240246862,26393.9049594107,34.0817166385395
2012,276,29330,3346502,1306396,53262,45102638010,3346502,97751967,3346502,0.390376578289808,0.0159157233433597,13477.5470057989,29.2101923142434
2012,277,1313,147515,26235,73215,2001523110,147515,4334737,147515,0.177846320713148,0.496322407890723,13568.2683794868,29.3850591465275
2012,283,486,58192,21992,9589,951081010,58192,1457228,58192,0.377921363761342,0.164782100632389,16343.8446865549,25.041723948309
2012,303,12454,1275163,162864,36941,65571709360,1275163,53116954,1275163,0.127720142444535,0.0289696297649791,51422.2176772695,41.6550307686155
2012,308,1012,104176,19781,1311,4414025810,104176,4017888,104176,0.189880586699432,0.0125844724312702,42370.8513477192,38.5682690830902
2012,313,34096,3253667,478462,121216,103997441930,3253667,119585582,3253667,0.147053155716304,0.037255195445631,31963.1486350631,36.7540937655882
2012,315,3293,307334,74429,14909,8437316660,307334,10917129,307334,0.24217626425973,0.0485107407576122,27453.2484528233,35.5220346593608
2012,316,1781,188945,50533,2003,6205545450,188945,7035247,188945,0.267448199211411,0.0106009685358173,32843.1313345153,37.2343644976051
2012,317,1162,137064,65693,650,2576758750,137064,4812055,137064,0.479287048386155,0.0047423101616763,18799.6756989436,35.1080881923773
2012,318,1580,177780,28465,11976,6314109390,177780,6906558,177780,0.160113623579705,0.0673641579480257,35516.421363483,38.8489031387108
2012,319,9971,1078352,376549,11930,22985110440,1078352,36251969,1078352,0.349189318515661,0.0110631778862561,21315.0348309272,33.6179364437586
2012,326,1217,121699,30351,4158,3528868820,121699,4572289,121699,0.2493939966639,0.0341662626644426,28996.6952891971,37.5704730523669
2012,328,682,71986,17088,804,2751394660,71986,2766198,71986,0.237379490456478,0.0111688383852416,38221.2466312894,38.4268885616648
2012,329,1627,149069,41505,206,2490223810,149069,3861883,149069,0.278428110472332,0.00138191039049031,16705.1755227445,25.9066807988247
2012,335,3204,319352,85504,7428,8084814330,319352,10713912,319352,0.267742177910268,0.0232596006914001,25316.310309627,33.5489115458804
2012,336,1147,119155,19435,1158,4121972830,119155,4596981,119155,0.163106877596408,0.00971843397255675,34593.3685535647,38.5798413830725
2012,337,12318,1180363,141726,96872,39908725682,1180363,43309875,1180363,0.120069842921203,0.0820696683986198,33810.5529248206,36.6919964451614
2012,338,1597,157311,19082,3879,5855277700,157311,6098364,157311,0.121301116895831,0.0246581612220379,37221.0315871109,38.7662909777447
2012,344,4520,476716,80669,13073,15223202220,476716,18246472,476716,0.169218150848723,0.0274230359375393,31933.4828703043,38.2753505231626
2012,346,711,73057,7159,0,3347622230,73057,2857559,73057,0.0979919788658171,0,45822.0598984355,39.1141026869431
2012,347,328,35352,8695,203,887993910,35352,1271428,35352,0.245954967187146,0.00574224937768726,25118.632892057,35.9648110432225
2012,348,594,63207,16299,962,1627216540,63207,2317033,63207,0.257867008400968,0.0152198332463177,25744.2457322765,36.657854351575
2012,349,70,8879,2408,68,364080000,8879,356704,8879,0.271201711904494,0.00765852010361527,41004.6176371213,40.1738934564703
2012,354,1102,105575,4679,0,4974990960,105575,4118511,105575,0.0443192043570921,0,47122.8127871182,39.0102865261662
2012,355,3251,300523,18171,0,14506041350,300523,12040362,300523,0.060464590064654,0,48269.3216492581,40.0646938836628
2012,356,773,81929,18875,174,2157637930,81929,2971003,81929,0.230382404276874,0.00212379011094972,26335.4603376094,36.2631424770228
2012,357,1779,196240,37014,23590,5958046920,196240,7616571,196240,0.188615980432124,0.120209947003669,30361.0218100285,38.8125305748064
2012,359,2596,272790,60673,8871,10101050650,272790,11488484,272790,0.222416510869167,0.0325195205102826,37028.6691227684,42.1147549396972
2012,364,5227,567880,143343,3821,15872349146,567880,22334317,567880,0.252417764316405,0.00672853419736564,27950.1816334437,39.3292896386561
2012,365,13403,1537387,537239,9951,33312166490,1537387,53236393,1537387,0.349449422949459,0.00647267083694607,21668.0422626183,34.6278412657321
2012,366,300,27692,6895,0,1036925100,27692,1116428,27692,0.248988877654196,0,37444.9335548173,40.315903510039
2012,368,730,78288,18786,1240,2468888680,78288,3151916,78288,0.239960147148988,0.015838953607194,31535.9784385857,40.260525240139
2012,373,4650,499267,81827,9226,24659320520,499267,21243368,499267,0.163894268998352,0.0184790903464479,49391.0483168325,42.5491129996575
2012,375,5720,604656,108634,10302,26491566170,604656,24528142,604656,0.179662485777037,0.0170377867746289,43812.6243186208,40.565448784102
2012,376,22137,2504002,795215,28249,73489971550,2504002,91961540,2504002,0.317577621743114,0.0112815405099517,29349.0067300266,36.7258252988616
2012,377,698,69394,8226,0,2897494680,69394,2773806,69394,0.118540507824884,0,41754.2536818745,39.9718419459896
2012,378,1644,196935,48831,4693,6404034890,196935,7757238,196935,0.24795490898012,0.0238301977809937,32518.5207809683,39.3898392870744
2012,379,10918,1151219,280193,29085,31719177490,1151219,40136799,1151219,0.243388095575212,0.0252645239524365,27552.6876206873,34.8646078634908
2012,383,3722,385411,179807,548,8226556930,385411,13590995,385411,0.466533129568175,0.00142185874300422,21344.893970333,35.2636406329866
2012,384,102,9954,1534,786,285936720,9954,339225,9954,0.154108900944344,0.078963230861965,28725.810729355,34.0792646172393
2012,385,3678,377155,95167,8686,10067905930,377155,13738596,377155,0.252328618207368,0.0230303190995745,26694.3456403866,36.4269226180218
2012,386,255,24187,6752,75,1045118700,24187,905957,24187,0.279158225493033,0.00310083929383553,43209.9350890975,37.4563608550048
2012,389,6751,705752,144014,19056,27108607180,705752,27388876,705752,0.204057515954613,0.027000986182115,38410.9533943935,38.8080742243734
2012,405,12407,1453213,217340,386778,18648180560,1453213,46318555,1453213,0.149558254708704,0.266153688413192,12832.379396551,31.8732044098147
2012,415,730,78240,8591,1069,3903431430,78240,3303619,78240,0.109803169734151,0.0136630879345603,49890.4835122699,42.2241692229039
2012,417,3417,345260,57186,592,21941298260,345260,17869908,345260,0.165631697850895,0.00171464982911429,63550.0731622545,51.7578288825813
2012,418,9128,971863,141242,7813,63123928270,971863,42248841,971863,0.145331183510433,0.00803919894059142,64951.4677171577,43.4720130306432
2012,423,4998,498466,96988,0,22800952990,498466,20966167,498466,0.194572949810017,0,45742.2431820826,42.061378308651
2012,425,420,44319,7343,0,636992570,44319,1188892,44319,0.165685146325504,0,14372.9003361989,26.8257857803651
2012,426,8155,935660,277121,8329,28662851620,935660,35608036,935660,0.296177030117778,0.00890173781074322,30633.8323963833,38.0565974819913
2012,427,1867,180447,58352,1039,2012572590,180447,4573722,180447,0.323374730530294,0.00575792337916397,11153.2615671083,25.3466225539909
2012,434,3243,408772,179378,6098,8285973060,408772,13685450,408772,0.43882164140401,0.0149178515162487,20270.4027183858,33.4794212910865
2012,435,17856,2205503,1114240,18251,30883141740,2205503,64925643,2205503,0.505209015811813,0.00827520978207692,14002.7656910918,29.438020714549
2012,436,25988,3075135,974031,103003,56848963890,3075135,111417680,3075135,0.316744142940066,0.0334954400375919,18486.6563224054,36.2318012054755
2012,439,2909,333781,129206,3172,4477134070,333781,10085466,333781,0.38709812721515,0.00950323715250419,13413.3880298759,30.2158181562162
2012,443,5637,648625,203099,5828,7427375130,648625,17696709,648625,0.313122374253228,0.00898516091732511,11450.9541414531,27.2834210830603
2012,444,9520,1107625,412191,10078,13071565650,1107625,32659259,1107625,0.372139487642478,0.00909874731971561,11801.4360907347,29.4858449384945
2012,445,2485,273869,91727,0,7069111080,273869,9377061,273869,0.334930203856588,0,25812.0162559472,34.2392202111228
2012,446,7033,785162,248591,17129,19535663090,785162,28831391,785162,0.316611094270991,0.0218158800349482,24881.0603289512,36.7203086751524
2012,447,30431,3333101,846113,161680,68929374110,3333101,118323885,3333101,0.253851593456064,0.0485073809644532,20680.2536466792,35.4996398248958
2012,448,1974,218371,21130,47728,7657966900,218371,9071597,218371,0.0967619326742104,0.218563820287492,35068.6075532007,41.542132426009
2012,453,21300,2283280,381195,139337,49043493350,2283280,79245590,2283280,0.166950614904874,0.0610249290494377,21479.4039057847,34.7069084825339
2012,454,453,47506,12144,824,1746751150,47506,1977682,47506,0.255630867679872,0.0173451774512693,36769.0639077169,41.6301519808024
2012,455,605,66756,13287,13435,2102615300,66756,2822671,66756,0.199038288693151,0.201255317874049,31497.0234885254,42.2834052369825
2012,456,1105,122763,29014,37206,3730613630,122763,5162454,122763,0.2363415687137,0.303071772439579,30388.746039116,42.0521981378754
2012,457,689,87707,17687,47888,1129581830,87707,3495360,87707,0.201660072742198,0.545999749164833,12879.0385031981,39.8526913473269
2012,458,9513,1074931,268709,429386,16101997790,1074931,37953759,1074931,0.249977905558589,0.399454476612918,14979.5640743452,35.3080886121993
2012,459,2428,259473,88787,7445,5035524360,259473,8043353,259473,0.342182038208214,0.02869277342922,19406.7373483946,30.9988052706833
2012,461,559,51225,18080,8785,767559240,51225,1543435,51225,0.352952659834065,0.171498291849683,14984.0749633968,30.1305026842362
2012,462,343,37329,15067,108,419925610,37329,802388,37329,0.403627206729353,0.00289319295989713,11249.3131345603,21.4950306732031
2012,463,1399,151617,16908,566,6265835260,151617,5681973,151617,0.111517837709492,0.0037330906164876,41326.7328861539,37.4758305467065
2012,464,624,74723,25519,510,1855221140,74723,2667638,74723,0.34151466081394,0.00682520776735409,24827.9798723285,35.7003599962528
2012,465,2962,305935,61742,2397,11493931830,305935,11790305,305935,0.201814110840538,0.00783499763021557,37569.8492490235,38.5385947995489
2012,468,12582,1330230,411871,446916,12977297750,1330230,42441811,1330230,0.30962389962638,0.33596896777249,9755.67965690144,31.9056185772385
2012,469,4827,552878,181238,107278,6411650730,552878,14873959,552878,0.327808304906327,0.194035573851736,11596.8635576022,26.9027868716064
2012,473,7797,531863,61634,413931,12097830970,531863,27658451,531863,0.115883225567486,0.778266207651218,22746.1413371489,52.0029612889034
2012,479,7716,766390,219580,22723,14283362704,766390,32107064,766390,0.286512089145213,0.0296493952165347,18637.198689962,41.8938973629614
2012,485,1385,154300,23038,62821,5060752250,154300,6740165,154300,0.149306545690214,0.407135450421257,32798.1351263772,43.6822099805574
2012,486,10464,1256767,331726,319492,20674445998,1256767,46084825,1256767,0.263951870155725,0.254217368851983,16450.5003695991,36.6693468240334
2012,487,1825,191666,62954,50708,2770523020,191666,6387156,191666,0.328456794632329,0.264564398484864,14454.9529911408,33.3244080848977
2012,488,522,63067,12662,476,1181697040,63067,2550178,63067,0.200770609034836,0.00754752881855804,18737.1690424469,40.4360124946486
2012,489,169,14683,794,114,700002200,14683,657552,14683,0.0540761424776953,0.0077640809098958,47674.3308588163,44.783218688279
2012,496,1509,129671,24173,23722,3857147000,129671,5829501,129671,0.186417934619152,0.182939901751355,29745.6408911784,44.956088871066
2012,498,444,39112,6570,26215,842260650,39112,1867034,39112,0.167979136837799,0.670254653303334,21534.584015136,47.7355798731847
2012,503,2584,256407,19261,6420,15142977100,256407,11678840,256407,0.0751188540094459,0.0250383179866384,59058.3607311813,45.5480544602917
2012,505,7330,801265,188827,146742,25209673760,801265,33991605,801265,0.235661110868439,0.183137913174792,31462.3423711257,42.4224257892208
2012,507,2932,293290,67792,14050,11629363280,293290,12741526,293290,0.231143237069113,0.0479048041187903,39651.4142316479,43.4434382351938
2012,508,1491,170578,39567,2400,9049390330,170578,7330683,170578,0.231958400262636,0.0140698097058237,53051.3332903423,42.9755478432154
2012,509,451,46174,9912,12286,1300807392,46174,1914602,46174,0.214666262398753,0.26608047819119,28171.8584484775,41.4649369775198
2012,514,1447,157199,29115,30785,5398099710,157199,6715856,157199,0.185211101851793,0.195834579100376,34339.2751226153,42.7220020483591
2012,516,2877,282098,66783,14649,10992003934,282098,12103806,282098,0.236736878673369,0.0519287623450007,38965.196258038,42.906387142057
2012,518,3867,385386,44680,12151,18161595420,385386,16881204,385386,0.115935711209022,0.0315294276387829,47125.726985412,43.8033659759306
2012,519,348,33365,8225,60,1495788600,33365,1423637,33365,0.246515809980519,0.00179829162295819,44831.0684849393,42.6685748538888
2012,523,509,58344,14504,7448,2370353100,58344,2460534,58344,0.24859454271219,0.127656657068422,40627.1955985191,42.1728712464007
2012,525,2322,261407,59505,35089,10121793450,261407,10198061,261407,0.227633536974909,0.134231294494792,38720.4376699935,39.0121955418179
2012,526,338,35737,4110,9605,1172278940,35737,1465049,35737,0.115006855639813,0.268769062876011,32802.9476452976,40.9952989898425
2012,527,2776,303036,53957,8318,14741063940,303036,12890537,303036,0.178054752570652,0.0274488839609815,48644.5964835861,42.5379723861191
2012,533,259,31551,6615,2546,1437207900,31551,1336949,31551,0.209660549586384,0.0806947481854775,45551.896928782,42.3742195176064
2012,534,3127,336530,59803,53443,13226018540,336530,13794083,336530,0.177704810863816,0.158806049980685,39301.1575193891,40.989162927525
2012,535,885,95816,11490,25005,3588181620,95816,3840927,95816,0.119917341571345,0.260968940469233,37448.6684896051,40.0864886866494
2012,536,270,27985,4229,9232,831373800,27985,1170498,27985,0.151116669644452,0.329891013042702,29707.8363408969,41.8259067357513
2012,539,194,18436,2495,335,852559600,18436,775122,18436,0.135333044044261,0.0181709698416142,46244.2829247125,42.043935777826
2012,543,226,24129,2900,112,1794215200,24129,993592,24129,0.120187326453645,0.00464171743545112,74359.2855070662,41.1783331261138
2012,544,511,47662,4724,1270,2653759200,47662,2207721,47662,0.0991145986320339,0.026645965339264,55678.7209936637,46.3203600352482
2012,549,7007,726161,122286,56925,27452005400,726161,30175982,726161,0.168400671476436,0.0783917065223828,37804.296016999,41.5554980231657
2012,558,7549,738675,69663,167566,39825375590,738675,33661601,738675,0.0943080515788405,0.226846718787017,53914.611419095,45.5702453717806
2012,563,2294,281286,57508,89821,6578496090,281286,10913435,281286,0.204446719708766,0.319322682252227,23387.2147565112,38.7983582545879
2012,567,9669,1080080,197135,382842,26314857020,1080080,42974168,1080080,0.182518887489816,0.354457077253537,24363.8036256574,39.7879490408118
2012,573,957,122701,25898,31188,2503943680,122701,4748076,122701,0.211065924483093,0.254178857548023,20406.8726416248,38.6963105435164
2012,575,7236,774314,147586,84576,34469950330,774314,31970347,774314,0.190602262131383,0.109227006098301,44516.7597770414,41.2886077224485
2012,577,1353,130242,27019,2413,7657477500,130242,5638440,130242,0.207452281138189,0.0185270496460435,58794.2253650896,43.2920256138573
2012,579,4300,542038,102713,179079,11427162920,542038,20669249,542038,0.189494094509979,0.330380895804353,21081.8483574952,38.1324722620923
2012,584,204,28485,6900,7358,596336970,28485,1076930,28485,0.242232754081095,0.258311391960681,20935.1226961559,37.80691592066
2012,585,4404,483129,89930,65948,19082952710,483129,20053706,483129,0.186140761577136,0.136501845262859,39498.6695271863,41.5079740607581
2012,588,439,54115,10717,8555,1498302100,54115,2159769,54115,0.198041208537374,0.158089254365703,27687.3713388155,39.9107271551326
2012,589,329,35602,4980,6368,1100800400,35602,1417400,35602,0.139879782034717,0.178866355822707,30919.6224931184,39.8123700915679
2012,593,634,74850,20833,2634,2650484200,74850,3081672,74850,0.278329993319973,0.035190380761523,35410.6105544422,41.1713026052104
2012,594,119,11821,1408,1256,347455500,11821,501714,11821,0.119110058370696,0.106251586160223,29393.0716521445,42.4426021487184
2012,595,1542,209594,58557,41832,4878597410,209594,8241147,209594,0.279382997604893,0.199585866007615,23276.4173115643,39.3195749878336
2012,596,1026,107597,20695,5523,4378285400,107597,4416086,107597,0.192338076340418,0.051330427428274,40691.5192802773,41.0428357667965
2012,597,779,83779,14220,4242,3370656640,83779,3530161,83779,0.169732271810358,0.0506332135738073,40232.7151195407,42.1365855405293
2012,598,272,26121,6083,2919,1197633700,26121,1378403,26121,0.232877761188316,0.111749167336626,45849.4582902645,52.7699169250794
2012,599,670,75853,21145,15667,1981965910,75853,3037108,75853,0.278762870288585,0.206544236879227,26129.0378758915,40.0393919818597
2012,614,419,41993,15284,651,2524233400,41993,2545403,41993,0.363965422808563,0.0155025837639607,60110.8137070464,60.6149358226371
2012,615,95,9198,1426,331,530837900,9198,439106,9198,0.155033702978908,0.0359860839312894,57712.3178951946,47.7392911502501
2012,616,698,62667,18108,1285,3498776800,62667,3182020,62667,0.28895590980899,0.0205052100786698,55831.2477061292,50.7766448050808
2012,617,828,88443,35122,1714,4441840510,88443,4879832,88443,0.397114525739742,0.0193797134877831,50222.6350304716,55.1748809968002
2012,628,8561,833105,78632,24215,45750154980,833105,37518769,833105,0.0943842612875928,0.0290659640741563,54915.2327497734,45.0348623522845
2012,634,590,56048,4412,672,2840838700,56048,2469748,56048,0.0787182415072795,0.0119897230944904,50685.8175135598,44.0648729660291
2012,637,3573,350628,50992,8920,15018147900,350628,15286933,350628,0.145430484730255,0.025440067535964,42832.1409014682,43.5987228629773
2012,643,132,13304,2021,118,639398800,13304,663455,13304,0.151909200240529,0.00886951292844258,48060.6434155141,49.8688364401684
2012,649,96,9311,2038,1821,197064800,9311,343170,9311,0.218880893566749,0.195575126194823,21164.7298893782,36.856406401031
2012,657,529,54688,9776,14995,1459386600,54688,2284738,54688,0.178759508484494,0.274191778818022,26685.6824166179,41.7776843183148
2012,658,125,14641,1150,3553,344337400,14641,561152,14641,0.0785465473669831,0.24267468069121,23518.7077385425,38.327436650502
2012,666,612,64934,6141,23081,1340832120,64934,2367600,64934,0.0945729509963963,0.355453229432963,20649.153294114,36.4616379708627
2012,668,305,33508,5048,11010,796409600,33508,1373177,33508,0.150650590903665,0.328578249970156,23767.7450161156,40.9805718037484
2012,669,126,13077,1653,3632,247104220,13077,501691,13077,0.126405138793301,0.277739542708572,18896.09390533,38.3643802095282
2012,675,271,29738,7108,4854,871091800,29738,1180167,29738,0.239020781491694,0.163225502723788,29292.2119846661,39.6854865828233
2012,677,465,50021,10536,2757,1800266500,50021,1871277,50021,0.210631534755403,0.0551168509226125,35990.2141100738,37.4098278722936
2012,678,5500,597707,206511,11556,17924714140,597707,21776246,597707,0.345505406495156,0.019333887674061,29989.1320329191,36.432978031042
2012,679,224,24841,4752,1124,712934980,24841,916232,24841,0.191296646672839,0.0452477758544342,28699.9307596313,36.8838613582384
2012,686,2377,277473,72284,4706,7043272470,277473,11008387,277473,0.26050822962955,0.0169602087410307,25383.631812825,39.673723209105
2012,687,1685,198754,59479,13084,3990414330,198754,7240935,198754,0.299259385974622,0.0658301216579289,20077.1523088844,36.431644143011
2012,688,743,85898,22541,1798,1979480650,85898,3238998,85898,0.262415888612075,0.0209318028359217,23044.5487671424,37.7074902791683
2012,694,919,80674,6279,339,3686507400,80674,3326842,80674,0.0778317673599921,0.00420209732999479,45696.3507449736,41.238094057565
2012,695,494,46270,6588,0,3676087200,46270,2039711,46270,0.142381672790145,0,79448.6103306678,44.082796628485
2012,696,864,89521,6455,343,5237856380,89521,3890214,89521,0.0721059863048894,0.00383150322270752,58509.8064141375,43.4558818601222
2012,699,442,39616,6285,359,2529583300,39616,1848667,39616,0.158648021001616,0.00906199515347335,63852.5671445881,46.6646556946688
2012,706,1429,155573,29452,2327,4814968640,155573,6561144,155573,0.189313055607335,0.0149576083253521,30949.8990184672,42.1740533383042
2012,707,84,8616,2719,92,311467900,8616,381241,8616,0.315575673166202,0.010677808727948,36149.9419684308,44.2480269266481
2012,713,90,9081,1380,770,328948600,9081,393406,9081,0.15196564255038,0.0847924237418786,36223.8299746724,43.3218808501266
2012,719,459,47129,7941,901,1614627800,47129,2025973,47129,0.168494981858304,0.019117740669227,34259.7508964756,42.9878206624371
2012,726,3773,398842,66639,4998,13329180930,398842,16905725,398842,0.167081200074215,0.0125312780499546,33419.7023633419,42.3870229313864
2012,727,348,31898,6998,3082,697744140,31898,1317849,31898,0.219386795410371,0.0966204777729011,21874.2284782745,41.3144711267164
2012,729,188,19292,4220,1973,418959410,19292,789081,19292,0.218743520630313,0.102270371138296,21716.7432096206,40.9019800953763
2012,733,263,25290,3995,9577,587093650,25290,1020458,25290,0.157967576117042,0.37868722815342,23214.4582839067,40.3502570185844
2012,736,2016,223405,41179,8914,7296394380,223405,8852513,223405,0.18432443320427,0.0399006289026656,32659.9421678118,39.6254022962781
2012,738,114,11858,923,0,327468000,11858,470782,11858,0.0778377466689155,0,27615.786810592,39.7016360263114
2012,739,95,10140,928,349,243195700,10140,394143,10140,0.0915187376725838,0.0344181459566075,23983.7968441815,38.8701183431953
2012,743,83,8644,2328,346,205960200,8644,330354,8644,0.269319759370662,0.0400277649236465,23826.9551133734,38.217723276261
2012,744,1752,175657,20987,13394,3476984940,175657,6695625,175657,0.119477162879931,0.0762508752853573,19794.1723927882,38.1176098874511
2012,747,405,48040,6337,1063,919378590,48040,1754586,48040,0.131910907577019,0.0221273938384679,19137.7724812656,36.5234388009992
2012,748,1616,181108,34402,20699,3453021890,181108,6627883,181108,0.189952956247101,0.114290920334828,19066.0925525101,36.5963016542615
2012,749,184,21396,4001,1769,532279900,21396,835776,21396,0.186997569639185,0.0826790054215741,24877.5425313143,39.0622546270331
2012,753,111,11970,3190,123,282004260,11970,449303,11970,0.266499582289056,0.0102756892230576,23559.2531328321,37.5357560568087
2012,754,2078,236929,50964,917,5772606140,236929,9284890,236929,0.215102414647426,0.00387035778650988,24364.2869382811,39.1884910669441
2012,755,385,39097,6824,179,1327566500,39097,1646575,39097,0.174540246054685,0.00457835639563138,33955.7127145305,42.1151239225516
2012,756,820,88383,22830,1957,2980541100,88383,3685124,88383,0.258307593089169,0.0221422671780772,33723.0134754421,41.6949413348721
2012,757,505,53361,9827,880,2672307190,53361,2328870,53361,0.184160716628249,0.0164914450628736,50079.7809261446,43.6436723449711
2012,759,1231,139394,33392,7463,4638460060,139394,5776854,139394,0.23955120019513,0.0535388897657001,33275.8946583067,41.4426302423347
2012,763,103,11392,3091,296,319295130,11392,415342,11392,0.271330758426966,0.0259831460674157,28028.0135182584,36.4590941011236
2012,765,240,25529,3646,56,887708050,25529,981958,25529,0.142817971718438,0.00219358376748012,34772.535156097,38.4644130204865
2012,766,294,28410,4825,261,1260506600,28410,1234919,28410,0.169834565293911,0.00918690601900739,44368.412530799,43.4677578317494
2012,769,721,72085,17900,688,1751068650,72085,2776273,72085,0.24831795796629,0.00954428799334119,24291.7201914407,38.513879447874
2012,773,63,7716,4939,265,132079930,7716,254121,7716,0.640098496630379,0.0343442198030067,17117.6684810783,32.9342923794712
2012,774,352,42399,18304,1473,1098112710,42399,1509448,42399,0.431708295006958,0.0347413854100333,25899.4955069695,35.6010283261398
2012,779,11721,1235674,260912,11288,39914657110,1235674,50209560,1235674,0.211149542678732,0.00913509550253546,32301.9316664428,40.6333385666446
2012,783,5680,582034,141404,31702,21220104320,582034,25507361,582034,0.242948006473849,0.0544676084215011,36458.5304638561,43.8245205606545
2012,785,9853,1046683,224686,18601,30860337030,1046683,42276324,1046683,0.214664803001482,0.0177713787268925,29483.9383366311,40.3907620549871
2012,799,7086,750699,137874,10729,29004027470,750699,31377024,750699,0.183660828108203,0.0142920131770523,38636.0278487117,41.7970771241203
2012,803,1890,199229,31338,6553,9976525940,199229,8893564,199229,0.157296377535399,0.0328917978808306,50075.6714132983,44.6399068408716
2012,804,33745,3583427,544599,316808,124164275320,3583427,160133266,3583427,0.151977143667221,0.0884092239077286,34649.5897139805,44.6871852000892
2012,808,4989,515185,33280,4971,13887876970,515185,18066980,515185,0.0645981540611625,0.00964896105282568,26957.0677911818,35.0689169909838
2012,809,2634,320411,33821,84775,7151727200,320411,13517028,320411,0.105555052729151,0.264582052426415,22320.4796339701,42.1865291765888
2012,813,632,78139,30184,1437,1372092810,78139,2748282,78139,0.386285977552823,0.0183903044574412,17559.6412802826,35.171706830136
2012,823,444,48003,9601,104,2906905200,48003,2293547,48003,0.200008332812533,0.00216653125846301,60556.7402037373,47.7792429639814
2012,824,590,57804,5115,0,3897077680,57804,2814244,57804,0.0884886859040897,0,67418.8236108228,48.6859732890457
2012,829,575,55572,10226,3764,3645171490,55572,3194050,55572,0.18401353199453,0.0677319513424027,65593.6710933564,57.4758871374073
2012,844,3439,323484,48975,20510,13944953340,323484,14195361,323484,0.151398523574582,0.0634034449926426,43108.633935527,43.8827299031791
2012,848,686,67188,11484,893,3400182460,67188,3135745,67188,0.170923379174853,0.0132910638804548,50606.9902363517,46.6712061677681
2012,853,366,33899,5791,8432,1124898800,33899,1473639,33899,0.170830997964542,0.248738900852533,33183.8343313962,43.4714593350836
2012,859,274,22818,6384,3092,1197221600,22818,1148861,22818,0.27977912174599,0.135507055833114,52468.2969585415,50.3488912262249
2012,865,164,20983,8393,1523,424877560,20983,782726,20983,0.399990468474479,0.0725825668398227,20248.6565314779,37.302864223419
2012,866,384,47702,18211,3431,993189360,47702,1829557,47702,0.38176596369125,0.0719257054211564,20820.7068886001,38.3538845331433
2012,869,13980,1632034,366528,360281,41579979530,1632034,63913742,1632034,0.224583556470025,0.220755817587134,25477.3978544565,39.162016232505
2012,874,369,42186,13407,955,971664770,42186,1559570,42186,0.317806855354857,0.0226378419380837,23032.8727539942,36.96889963495
2012,875,874,100687,21039,13699,2633491380,100687,3895395,100687,0.208954482703825,0.136055300088393,26155.2273878455,38.6881623248284
2012,878,278,29079,8612,327,732430540,29079,1117591,29079,0.296158739984181,0.0112452285154235,25187.6109907493,38.4329241033048
2012,883,190,20971,3677,170,744894620,20971,804381,20971,0.175337370654714,0.0081064326927662,35520.2241190215,38.3568260931763
2012,885,996,113619,50190,1125,2227493630,113619,4090163,113619,0.441739497795263,0.00990151295117894,19604.9395787676,35.9989350372737
2012,887,2796,350285,114405,25151,6707464860,350285,12847696,350285,0.326605478396163,0.0718015330373838,19148.5928886478,36.6778366187533
2012,888,3886,443697,115228,2686,8849858044,443697,16339590,443697,0.259699750054654,0.00605368077764781,19945.7243208766,36.826009641715
2012,889,18413,1998134,600391,34924,47722883240,1998134,72311294,1998134,0.300475843962417,0.0174783072606742,23883.7251355515,36.1894117211358
2012,905,11154,1041022,558682,0,44307969060,1041022,52343921,1041022,0.536666852381602,0,42561.9910626288,50.2812822399527
2013,4,10655,1043844,36104,287539,155233372560,1043844,50923623,1043844,0.0345875437325884,0.275461659021846,148713.191396416,48.7847063354294
2013,7,10334,1041018,146014,33699,96516281934,1041018,46347724,1041018,0.140260783194911,0.0323711981925385,92713.3651233696,44.5215394930731
2013,8,4114,387518,42233,19709,29481461320,387518,17145218,387518,0.108983324645565,0.0508595729746747,76077.6565733721,44.2436686811968
2013,13,10321,1060570,181008,60309,93571420980,1060570,47677072,1060570,0.170670488510895,0.0568647048285356,88227.4823726864,44.9541963283895
2013,14,8691,805932,75609,21390,53372463910,805932,35141339,805932,0.0938156072720776,0.0265407007042778,66224.5250343702,43.6033548736122
2013,15,5795,579183,44910,24159,45416749270,579183,25681337,579183,0.0775402592962846,0.0417122049507669,78415.1973901168,44.3406263650694
2013,17,8493,991207,269992,185785,39023350638,991207,45079368,991207,0.272387099768262,0.187433099241632,39369.5268879255,45.4792671964585
2013,18,4373,466790,55660,101493,24261302770,466790,19246603,466790,0.119239915165278,0.217427537008076,51974.769746567,41.2318237322993
2013,19,321,27250,3983,4944,1395551550,27250,1223649,27250,0.146165137614679,0.18143119266055,51212.9009174312,44.9045504587156
2013,21,4865,481376,86980,21474,26547105510,481376,19880314,481376,0.180690354317623,0.0446096190919365,55148.377796151,41.2989305657116
2013,22,60651,6075790,564408,869486,509016118542,6075790,277081119,6075790,0.092894586547593,0.143106657735044,83777.7669310493,45.604130327085
2013,23,19570,1943697,340155,133601,131335388290,1943697,81216875,1943697,0.175004128729941,0.0687355076434239,67569.887842601,41.7847406257251
2013,24,994,103951,14673,1233,7054240000,103951,4344720,103951,0.141153043260767,0.0118613577550962,67861.2038364229,41.7958461198065
2013,25,8759,902973,145262,94895,76708393930,902973,38698758,902973,0.160870812305573,0.105091735854782,84950.9275803374,42.8570488818603
2013,26,7224,727932,102456,193087,60459918280,727932,31099875,727932,0.140749410659237,0.265254172092998,83057.0963771341,42.7235991823412
2013,27,7872,821128,147044,25729,49982640300,821128,34200600,821128,0.179075613059109,0.031333726288715,60870.7050545104,41.6507535974903
2013,28,73,7380,1278,512,393997080,7380,322402,7380,0.173170731707317,0.0693766937669377,53387.1382113821,43.6859078590786
2013,29,2201,232434,59628,19189,9707886200,232434,8994308,232434,0.256537339631896,0.0825567688031872,41766.2054604748,38.6961804211088
2013,33,4279,423385,49913,5340,27280213120,423385,18088228,423385,0.117890336218808,0.0126126338911393,64433.5843735607,42.7228834276132
2013,34,347,37393,11622,12441,1727607900,37393,1477484,37393,0.310806835503971,0.332709330623379,46201.3719145295,39.5123151391972
2013,35,805,79974,10156,10221,3972999100,79974,3309192,79974,0.126991272163453,0.127804036311801,49678.6343061495,41.378347963088
2013,36,2224,215945,24498,1299,15588107130,215945,9100495,215945,0.113445553265878,0.0060154205932066,72185.5432170229,42.142652064183
2013,37,2595,262540,47818,6755,16657051850,262540,10837449,262540,0.182136055458216,0.0257294126609279,63445.7676925421,41.2792298316447
2013,43,1755,171316,24585,39862,11664218660,171316,7397147,171316,0.143506736090032,0.232681127273576,68085.9853136893,43.1783779681991
2013,44,1300,123746,18873,1504,12254464600,123746,5314028,123746,0.152514020655213,0.0121539282077805,99029.177508768,42.943028461526
2013,45,317,29565,5143,313,2469336200,29565,1324772,29565,0.173955690850668,0.0105868425503129,83522.279722645,44.8087941823102
2013,47,323,35389,10193,715,4496266100,35389,1787075,35389,0.288027353132329,0.0202040181977451,127052.646302523,50.4980361129165
2013,48,563,56177,12844,486,5538685900,56177,2488138,56177,0.228634494544031,0.00865122737063211,98593.4795378892,44.2910443775923
2013,53,2857,278921,54262,17321,23689071500,278921,11995572,278921,0.194542540719415,0.062100021152943,84931.1149035031,43.0070593465533
2013,55,2431,250527,37001,5915,23706327100,250527,10920997,250527,0.147692663864573,0.0236102296359275,94625.8371353188,43.5920958619231
2013,56,1860,187725,35756,1645,14205867900,187725,8369910,187725,0.190470102543614,0.00876281795179118,75673.8202157411,44.5860167798642
2013,57,2213,222893,46412,3241,17746396500,222893,9881811,222893,0.208225471414535,0.0145406091712167,79618.4559407429,44.3343263359549
2013,59,5425,531146,88836,18843,48032176430,531146,23141595,531146,0.167253448204449,0.0354761214430684,90431.211813701,43.5691787192222
2013,64,20688,2140795,414613,104910,143293112532,2140795,88759708,2140795,0.193672444115387,0.0490051592982981,66934.5325133887,41.4610964618284
2013,65,2382,243106,41714,2744,16627038760,243106,10259191,243106,0.17158770248369,0.0112872574103477,68394.1933148503,42.2004845622897
2013,66,261,25810,6403,1481,3630317100,25810,1103412,25810,0.248082138705928,0.0573808601317319,140655.447500969,42.751336691205
2013,68,452,45672,9461,1282,3649164350,45672,1852424,45672,0.207150989665441,0.0280697144858995,79899.3770800491,40.5592923454195
2013,69,98,9724,2126,368,915561600,9724,411461,9724,0.218634306869601,0.0378445084327437,94154.8334018922,42.3139654463184
2013,73,811,77734,16278,791,5472455050,77734,3244506,77734,0.209406437337587,0.0101757274808964,70399.761365683,41.7385699951115
2013,74,97,11468,3731,40,754040600,11468,473036,11468,0.325340076735263,0.00348796651552145,65751.7091035926,41.2483432159051
2013,75,793,73400,10295,4219,5997822170,73400,3076896,73400,0.140258855585831,0.0574795640326976,81714.1985013624,41.9195640326976
2013,76,2082,197079,43243,3637,15082872600,197079,8407553,197079,0.219419623602718,0.0184545283870935,76532.1145327508,42.660826369121
2013,77,310,27959,5821,1450,1627430200,27959,1187527,27959,0.208197718087199,0.0518616545656139,58207.7399048607,42.4738724560964
2013,78,762,71610,12952,1525,3911766940,71610,2958904,71610,0.18086859377182,0.0212959083926826,54625.9871526323,41.319703951962
2013,79,278,22129,2931,1530,1326054300,22129,928682,22129,0.132450630394505,0.069140042478196,59923.8239414343,41.9667404762981
2013,83,1308,129955,17351,1762,10777609700,129955,5679575,129955,0.133515447654957,0.0135585394944404,82933.3977145935,43.7041668269786
2013,84,8293,811098,66147,162721,156471131230,811098,42667221,811098,0.0815524141349134,0.200618174375969,192912.732160602,52.6042734663382
2013,85,1523,142753,9479,87582,18825592700,142753,5517891,142753,0.0664014066254299,0.61352125699635,131875.285983482,38.6534153397827
2013,86,777,68864,8199,21848,5576039280,68864,3101474,68864,0.119060757434944,0.317263011152416,80971.7599907063,45.0376684479554
2013,87,361,34100,3056,17464,3207894700,34100,1355776,34100,0.0896187683284457,0.512140762463343,94073.1583577713,39.7588269794721
2013,88,92,9940,201,6019,1220769200,9940,445097,9940,0.0202213279678068,0.605533199195171,122813.802816901,44.778370221328
2013,89,712,67732,5162,49523,3365317980,67732,2609582,67732,0.0762121301600425,0.731161046477293,49685.7907635977,38.5280517333018
2013,95,29298,2870170,432435,25125,174984280140,2870170,108971801,2870170,0.150665291602936,0.00875383688074226,60966.5211956086,37.9670197235704
2013,96,2678,265862,61191,10399,25052418670,265862,10271716,265862,0.230160760093582,0.0391142773318489,94230.9117888228,38.6355176745831
2013,97,898,86240,19087,5664,3687387240,86240,3195058,86240,0.221324211502783,0.0656771799628943,42757.2731910946,37.0484461966605
2013,98,1030,103865,14500,72,5516511400,103865,4009735,103865,0.139604294035527,0.000693207529003996,53112.3227266163,38.6052568237616
2013,99,1166,111018,21412,5542,5873548610,111018,3989806,111018,0.192869624745537,0.0499198328199031,52906.2729467294,35.938370354357
2013,103,2760,267827,57025,18683,14753371850,267827,9913174,267827,0.212917293626109,0.0697577167350566,55085.4538564073,37.0133481687806
2013,104,1649,154797,29099,13056,8267372360,154797,5676388,154797,0.18798167923151,0.0843427198201516,53407.8332267421,36.6698837832775
2013,105,1785,180674,39084,22460,7705580120,180674,6631546,180674,0.21632332266956,0.124312297286826,42649.0813288022,36.7044843198247
2013,106,1168,134032,28485,3901,9932675460,134032,5578300,134032,0.212523874895547,0.0291049898531694,74106.7465978274,41.6191655724006
2013,154,13640,1305201,300034,0,69385425040,1305201,48985086,1305201,0.229875704968047,0,53160.7201036469,37.5306837797397
2013,155,5020,533859,160544,13138,12028170990,533859,18844269,533859,0.300723599302438,0.0246094942672129,22530.6138699544,35.2982135732469
2013,156,36592,3388997,562525,18138,152965376780,3388997,139520471,3388997,0.16598568839099,0.00535202598290881,45135.8843870325,41.1686617013824
2013,157,7765,755633,139025,2452,37066143870,755633,32125592,755633,0.183984818026741,0.00324496150909238,49053.103649523,42.5148081145212
2013,158,2441,246550,42928,1307,10720434270,246550,9932312,246550,0.174114784019469,0.00530115595213953,43481.7857229771,40.285183532752
2013,159,18919,1848770,443277,154443,43029069584,1848770,58697882,1848770,0.239768602908961,0.083538244346241,23274.4308832359,31.7496941209561
2013,163,6438,660696,132267,40679,25364996540,660696,25002850,660696,0.200193432380399,0.0615699202053592,38391.3275394433,37.8431986874448
2013,164,1746,157287,18496,480,6417909570,157287,5630438,157287,0.117593952456338,0.00305174617101223,40803.8144919796,35.7972241825453
2013,165,450,41329,7515,1373,1777923090,41329,1544776,41329,0.181833579326865,0.0332212248058264,43018.7783396646,37.3775315154008
2013,166,3047,312566,80201,30354,23586204350,312566,13096053,312566,0.256589008401426,0.0971122898843764,75459.9167855749,41.8985206324424
2013,167,1759,166310,17096,53929,8210928220,166310,6379311,166310,0.102795983404486,0.324267933377428,49371.223738801,38.3579520173171
2013,169,460,44732,12831,3270,2688299340,44732,1733503,44732,0.286841634623983,0.0731020298667621,60097.9017258339,38.7530850397925
2013,173,192,17301,1567,290,1215578000,17301,725534,17301,0.0905727992601584,0.0167620368764811,70260.5629732386,41.9359574591064
2013,174,7342,753993,129535,13396,31858827500,753993,30212708,753993,0.171798677176048,0.0177667431925761,42253.4791437056,40.0702765145035
2013,175,3738,385209,115926,56218,7468226300,385209,11687943,385209,0.300943124381829,0.145941553805856,19387.4657653378,30.3418222315678
2013,176,5325,476498,50303,955,19044254380,476498,20033763,476498,0.105568124105453,0.00200420568396929,39967.1234296891,42.043750445962
2013,178,10366,985792,90077,266486,127060266214,985792,45820151,985792,0.0913752596896708,0.270326803220152,128891.557462426,46.4805466061806
2013,183,1983,189259,40189,73823,7751498504,189259,6993787,189259,0.212349214568396,0.390063352337273,40957.0932108909,36.9535240067844
2013,184,553,53514,6181,4115,3612042130,53514,2127175,53514,0.115502485330941,0.0768957655940502,67497.1433643533,39.7498785364578
2013,185,7257,753750,173713,176334,32458235520,753750,29536168,753750,0.230465008291874,0.233942288557214,43062.3356815921,39.1856291873964
2013,186,1601,165786,34062,76020,3845216300,165786,4638318,165786,0.205457638160038,0.458542940899714,23193.8541251975,27.977742390793
2013,187,1642,179737,39565,40570,11504201620,179737,7764662,179737,0.220127185832633,0.225718688973333,64005.7507357973,43.2001313029593
2013,188,1824,175837,30591,90038,6012048640,175837,6641659,175837,0.173973623298851,0.512053777077635,34191.0328315429,37.7716805905469
2013,189,1390,149070,36165,80120,3470614790,149070,5407156,149070,0.242604145703361,0.53746562017844,23281.7789629033,36.2725967666197
2013,193,145,17653,10825,3296,371192300,17653,553027,17653,0.613210219226194,0.186710474140373,21027.1511924319,31.3276496912706
2013,194,1180,131243,33339,38726,3568683960,131243,4378080,131243,0.254024976570179,0.295070975213916,27191.4232378108,33.35857912422
2013,195,2813,274603,75166,43247,13587616338,274603,10823786,274603,0.273726069999235,0.157489175282135,49480.946449966,39.416124368634
2013,198,418,47866,11763,14582,1961192010,47866,1585295,47866,0.245748548029917,0.304642125934902,40972.5485730999,33.1194375966239
2013,199,2560,275615,99200,42942,8401015880,275615,8591754,275615,0.359922355459609,0.155804292219219,30480.9820945885,31.1730275928378
2013,203,2989,310507,66190,1306,13738286010,310507,11964019,310507,0.213167497029053,0.00420602434083612,44244.6901680155,38.5305935131897
2013,204,1717,168576,28154,2921,7427498860,168576,5329789,168576,0.167010725132878,0.0173274962034928,44060.2390613136,31.6165349753227
2013,205,1109,111740,16666,1058,3737061540,111740,4268528,111740,0.149149812063719,0.00946840880615715,33444.2593520673,38.2005369608019
2013,206,3118,312646,56257,1959,16233966860,312646,11779475,312646,0.179938332810911,0.0062658725843286,51924.4348560353,37.6767174376132
2013,207,6011,614449,101060,8681,22640225020,614449,23199902,614449,0.164472559968362,0.0141281050176662,36846.3859815868,37.7572459227698
2013,208,3816,403929,124500,7203,18556607460,403929,17261365,403929,0.308222484644579,0.017832341822449,45940.2703445408,42.7336611137106
2013,214,5913,583507,144356,9216,27899297650,583507,23350343,583507,0.247393775910143,0.0157941549972837,47813.1327473364,40.0172457228448
2013,217,1527,144912,26961,7804,7142941000,144912,5880129,144912,0.186050844650547,0.0538533730815944,49291.5769570498,40.5772399801259
2013,218,1000,95051,17670,8313,4585892130,95051,3974134,95051,0.185900200944756,0.0874583118536365,48246.647904809,41.8105438133213
2013,223,489,47547,14031,955,2168861690,47547,1950575,47547,0.295097482491009,0.0200853891938503,45615.1111531748,41.0241445306749
2013,224,609,61209,14492,143,3065506300,61209,2522506,61209,0.236762567596269,0.00233625773987486,50082.607132938,41.2113578068585
2013,225,202,22797,5111,374,1497019500,22797,1120266,22797,0.224196166162214,0.0164056674123788,65667.3904461113,49.1409395973154
2013,226,1192,118082,9698,3532,13081811400,118082,5174597,118082,0.0821293677275114,0.0299114174895412,110785.821717112,43.8220643281787
2013,227,307,34700,8461,88,2888241400,34700,1435770,34700,0.243832853025937,0.00253602305475504,83234.6224783862,41.3766570605187
2013,228,915,99613,25079,14972,4452436730,99613,3909954,99613,0.251764327949163,0.150301667453043,44697.3460291327,39.2514430847379
2013,229,14234,1451602,267937,64765,128253693330,1451602,61376432,1451602,0.184580208624678,0.0446162240063048,88353.2079247618,42.2818596281901
2013,233,823,81834,14269,624,3460303280,81834,3599174,81834,0.174365178287753,0.00762519246279053,42284.4206564509,43.9814013735122
2013,234,5390,560249,103863,36590,26816343530,560249,21895817,560249,0.185387211757629,0.0653102459799125,47865.0448818293,39.0822955507283
2013,243,37429,3983354,763541,614516,203579927078,3983354,176815156,3983354,0.191682938548771,0.154270998761345,51107.6663229028,44.3885117918217
2013,253,4689,491471,77490,109318,28644397858,491471,20640037,491471,0.157669526787949,0.222430214600658,58282.9869066537,41.9964494344529
2013,254,6783,708827,69907,340679,33548371848,708827,29884457,708827,0.0986235005156406,0.480623621842847,47329.4214921271,42.1604383015884
2013,255,2353,252499,56177,27237,29422743506,252499,11506643,252499,0.22248404944178,0.107869734137561,116526.178345261,45.5710438457182
2013,256,1747,189807,43880,17566,11897382280,189807,7945338,189807,0.231182200867197,0.0925466394811572,62681.472653801,41.8600894592929
2013,258,333,32210,2375,1324,3373241700,32210,1493424,32210,0.0737348649487737,0.0411052468177585,104726.535237504,46.3652281900031
2013,274,23283,2435994,446598,193772,154800216640,2435994,103429949,2435994,0.183332963874295,0.079545351917944,63547.0434820447,42.4590327398179
2013,275,28229,3217619,1154403,196473,83537465694,3217619,108974051,3217619,0.358775541790374,0.0610616110857128,25962.5100715778,33.8679163070581
2013,276,29406,3410713,1310130,55729,45924852326,3410713,98494159,3410713,0.384122029616681,0.0163393988295116,13464.8832446471,28.8778794932321
2013,277,1324,142811,29210,67821,2758442090,142811,4292488,142811,0.204536065149043,0.474900392826883,19315.3334827149,30.0571244511977
2013,283,448,47156,16486,7360,968344040,47156,1198712,47156,0.349605564509288,0.156077699550428,20534.9062685554,25.4201374162355
2013,303,12383,1242280,153907,38611,63626533630,1242280,52304907,1242280,0.123890749267476,0.0310807547412822,51217.5464710049,42.1039596548282
2013,308,914,93844,19023,1385,3742322240,93844,3629351,93844,0.202708750692639,0.014758535441797,39878.1194322493,38.674299901965
2013,313,34142,3168900,472229,114080,101552584640,3168900,116553239,3168900,0.149019849159014,0.0359998737732336,32046.6359430717,36.7803461769068
2013,315,3509,315824,72107,14051,8738671790,315824,11266341,315824,0.228313871016769,0.0444899690967121,27669.4354767212,35.6728462688079
2013,316,1665,184156,49183,2502,6009175610,184156,6812930,184156,0.267072482026108,0.013586307261235,32630.8977714546,36.9954277894828
2013,317,1221,140860,65924,767,2559561710,140860,4944863,140860,0.468010790856169,0.0054451228169814,18170.962019026,35.1048061905438
2013,318,1661,175272,31405,12049,6410397280,175272,6706984,175272,0.179178648044183,0.0687445798530284,36573.9951618057,38.2661463325574
2013,319,10101,1110197,383474,12037,24109078580,1110197,37564223,1110197,0.345410769440018,0.010842219894307,21716.0365052329,33.8356372787893
2013,326,1185,117331,25894,3631,3524225740,117331,4448888,117331,0.220691888759152,0.0309466381433722,30036.612148537,37.9174131303748
2013,328,638,67559,13163,472,2660452650,67559,2595491,67559,0.194837105344958,0.0069864858864104,39379.6925650172,38.4181382199263
2013,329,1652,147811,40363,961,2461796030,147811,3825817,147811,0.273071692905129,0.00650154589306615,16655.025877641,25.883168370419
2013,335,2963,291900,76572,4485,7262069090,291900,9757611,291900,0.262322713257965,0.0153648509763618,24878.6196985269,33.427923946557
2013,336,1176,119642,21383,1026,4323455080,119642,4660658,119642,0.178724862506478,0.00857558382507815,36136.5998562378,38.9550325136658
2013,337,12142,1162307,147317,97168,39561213078,1162307,42833841,1162307,0.126745343528001,0.0835992556183521,34036.8018759244,36.8524331351356
2013,338,1661,166323,21619,3904,6341358870,166323,6452410,166323,0.129982022931284,0.0234724000889835,38126.7706210205,38.7944541644872
2013,344,4595,493968,84605,14911,15526300890,493968,18806641,493968,0.171276277005798,0.0301861659054838,31431.794954329,38.0725897224112
2013,346,725,75747,10515,0,3253365050,75747,2972652,75747,0.138817378906095,0,42950.4145378695,39.2444849300962
2013,347,362,34127,6887,454,916936770,34127,1255570,34127,0.201805022416269,0.0133032496263955,26868.367275178,36.7911038180912
2013,348,616,67114,19216,547,1634624100,67114,2398412,67114,0.286318800846321,0.00815031141043597,24355.9331883065,35.7363888309444
2013,349,66,6983,2470,0,224890300,6983,259550,6983,0.353716167836174,0,32205.3988257196,37.1688386080481
2013,354,1127,108040,9862,0,4907370780,108040,4254698,108040,0.0912810070344317,0,45421.7954461311,39.3807663828212
2013,355,3111,287460,18837,0,14140584070,287460,11850348,287460,0.0655291170945523,0,49191.4842760732,41.2243372991025
2013,356,738,78574,19808,821,1890615780,78574,2788653,78574,0.252093567846871,0.0104487489500344,24061.5951841576,35.4907857561025
2013,357,1793,194723,32766,23129,6463833270,194723,7775458,194723,0.168269798637038,0.118778983479096,33195.0168701181,39.930865896684
2013,359,2621,278826,64352,7156,10277126220,278826,11662219,278826,0.230796267206071,0.0256647514937631,36858.5649114502,41.8261532281782
2013,364,5287,594498,145888,3691,17195601780,594498,23503622,594498,0.245396956760157,0.00620859952430454,28924.5746495363,39.5352414978688
2013,365,13571,1517119,531717,9399,33521963450,1517119,52018644,1517119,0.35047811015484,0.00619529516142109,22095.8035922034,34.2877809848799
2013,366,279,28490,8303,0,1034361100,28490,1124398,28490,0.291435591435591,0,36306.1109161109,39.4664092664093
2013,368,796,79505,16955,1026,2564304400,79505,3239402,79505,0.213257027859883,0.0129048487516508,32253.3727438526,40.7446324130558
2013,373,4905,497471,83614,9286,25274084230,497471,21378393,497471,0.168078139228216,0.0186664147256825,50805.1408624824,42.9741492468908
2013,375,5855,622607,109708,13807,27354186890,622607,25417295,622607,0.176207463134851,0.0221761078818581,43934.9170343411,40.8239788502217
2013,376,23222,2614596,844113,32256,75891744460,2614596,94999741,2614596,0.322846435931211,0.0123368964077051,29026.1839534674,36.3343862684713
2013,377,745,75573,9867,56,3332415200,75573,3020166,75573,0.130562502481045,0.000741005385521284,44095.3144641605,39.9635584137192
2013,378,1498,170813,48175,2510,5643158590,170813,6758774,170813,0.282033568873564,0.0146944319226288,33037.055669065,39.5682647105314
2013,379,10575,1078873,247649,29808,30222776374,1078873,37773933,1078873,0.229544163214762,0.0276288311969991,28013.2845793713,35.0123999766423
2013,383,3674,374995,174044,860,8002686000,374995,13214198,374995,0.464123521646955,0.00229336391151882,21340.7805437406,35.238331177749
2013,384,107,9888,2295,1650,227576600,9888,321988,9888,0.232099514563107,0.166868932038835,23015.4328478964,32.5635113268608
2013,385,3477,345555,95666,7410,9238331660,345555,12481554,345555,0.276847390429888,0.0214437643790424,26734.7648275962,36.1203108043582
2013,386,241,22154,5075,324,907339400,22154,838437,22154,0.22907827028979,0.0146248984382053,40956.0079443893,37.8458517649183
2013,389,7059,736403,152104,21727,30109211430,736403,28734326,736403,0.206549946157199,0.0295042252679579,40886.8668785977,39.019838322223
2013,405,12019,1455602,203491,376501,18733957960,1455602,46467157,1455602,0.139798516352684,0.258656555844249,12870.2474714929,31.9229823811729
2013,415,762,77180,8110,2632,4174212900,77180,3331190,77180,0.105079036019694,0.0341020989893755,54084.126716766,43.1613112205235
2013,417,3395,343444,54204,368,22910378990,343444,17964157,343444,0.157824856454036,0.00107149928372602,66707.7572762954,52.305927603918
2013,418,9393,972956,153611,10350,63379335000,972956,42216950,972956,0.157880726363782,0.0106376855685149,65141.008432036,43.3903999769774
2013,423,4808,482496,103825,313,22007129940,482496,20401065,482496,0.215183131051864,0.000648710041119512,45611.0101223637,42.2823505272583
2013,425,355,36547,5072,42,624310270,36547,980282,36547,0.138780200837278,0.00114920513311626,17082.3944509809,26.8225025309875
2013,426,8237,931335,270197,7204,28426866150,931335,35443311,931335,0.290117948965732,0.00773513290062115,30522.7078870653,38.056457665609
2013,427,2052,198780,60870,627,2348357450,198780,5044495,198780,0.306217929369152,0.00315424086930275,11813.8517456485,25.3772763859543
2013,434,3267,410849,179605,6248,8675922090,410849,13763932,410849,0.437155743350963,0.0152075336680873,21117.0578241641,33.5011938692804
2013,435,17939,2181474,1099636,13532,31881481800,2181474,64143006,2181474,0.504079351851088,0.00620314521282399,14614.6512862404,29.4035161546734
2013,436,26315,3179212,1006004,107217,60364332170,3179212,114663464,3179212,0.316431870538989,0.0337243945984099,18987.1993972091,36.0666303473943
2013,439,2930,345621,138500,3530,4416295490,345621,10318131,345621,0.400727965025273,0.0102134997584059,12777.8563513212,29.8538890866006
2013,443,5841,674476,224426,5967,7657594990,674476,18305983,674476,0.33274126877754,0.00884686779069974,11353.3987717873,27.1410443069879
2013,444,10146,1208734,446570,10466,14526717212,1208734,35599382,1208734,0.369452667005313,0.00865864615374433,12018.125751406,29.4517917093422
2013,445,2539,276915,93758,171,7321616860,276915,9480818,276915,0.338580430818121,0.000617518010941986,26439.9431594533,34.237285809725
2013,446,7413,825247,257874,15036,21233517180,825247,30257522,825247,0.312480990539802,0.0182199995880021,25729.8932077305,36.664807021413
2013,447,30361,3426070,879456,160851,71472434560,3426070,120992449,3426070,0.25669528059847,0.0469491283015233,20861.3468376303,35.3152296946647
2013,448,1958,215505,18754,57133,7309045790,215505,8892925,215505,0.0870235029349667,0.265112178371732,33915.8988886569,41.2655158813021
2013,453,21581,2349779,396465,149411,51464997008,2349779,81570675,2349779,0.168724377909582,0.0635851286440129,21902.0584523055,34.7141901429879
2013,454,439,47504,12124,487,1804399010,47504,2047192,47504,0.25522061300101,0.0102517682721455,37984.1489137757,43.0951498821152
2013,455,569,61226,9950,8711,1904724530,61226,2621044,61226,0.162512658021102,0.142276157188123,31109.7332832457,42.8093293698755
2013,456,1122,128335,27411,42110,4123441100,128335,5528974,128335,0.213589433903456,0.328125608758328,32130.2925936027,43.0823547746133
2013,457,673,89892,23770,42436,1206496470,89892,3569692,89892,0.264428425221377,0.472077604236195,13421.6222800694,39.7108975214702
2013,458,9641,1109092,283984,438576,16883877410,1109092,38823998,1109092,0.256050895687644,0.395436988094766,15223.1531829641,35.0052096670069
2013,459,2525,267901,94580,6131,5362095900,267901,8256817,267901,0.353040862109511,0.0228853195770079,20015.2142022613,30.8204038058835
2013,461,547,48388,20781,5782,724392940,48388,1420626,48388,0.429465983301645,0.119492436141192,14970.5079771844,29.3590559642887
2013,462,377,38246,14955,0,339956580,38246,825345,38246,0.391021283271453,0,8888.68326099462,21.5799037807875
2013,463,1420,146636,18289,607,6085561340,146636,5417182,146636,0.124723805886685,0.00413950189585095,41501.1411931586,36.943056275403
2013,464,640,78750,25499,689,2289958980,78750,2935445,78750,0.323796825396825,0.00874920634920635,29078.8441904762,37.2754920634921
2013,465,2959,306969,63480,1086,12286617520,306969,11916313,306969,0.206796125993178,0.00353781652218954,40025.597112412,38.8192716528379
2013,468,12438,1295365,422873,409195,13339117776,1295365,41222332,1295365,0.326450845900576,0.315891659879648,10297.5746418963,31.82294720021
2013,469,4997,566801,180249,99533,6471682722,566801,14973613,566801,0.31801108325497,0.175604841911006,11417.9098519586,26.417760377981
2013,473,7293,524616,63314,404273,11900307540,524616,27425105,524616,0.120686368696342,0.770607453832899,22683.8440688046,52.2765317870595
2013,479,7561,788916,209449,22695,15598123370,788916,33317435,788916,0.26548960852613,0.0287673212357209,19771.589586217,42.2319169594735
2013,485,1285,137308,19684,54208,4431402460,137308,6086855,137308,0.143356541497946,0.394791272176421,32273.4469950768,44.3299370757713
2013,486,10303,1266061,333940,328209,21478035060,1266061,47040939,1266061,0.263762962448097,0.259236324316127,16964.4551565841,37.1553495447692
2013,487,1960,203606,73264,51600,3001301830,203606,6832812,203606,0.359832224983547,0.253430645462315,14740.7337210102,33.5589913853226
2013,488,507,54764,11516,244,965378600,54764,2129926,54764,0.210284128259441,0.00445548170330874,17627.9782338763,38.8928127967278
2013,489,165,14512,2877,121,592862970,14512,592393,14512,0.198249724366042,0.00833792723263506,40853.2917585447,40.8209068357222
2013,496,1473,143307,25244,26852,4524233320,143307,6407112,143307,0.176153293279463,0.187373959401844,31570.2186215607,44.7089953735686
2013,498,373,38493,8907,23778,804759350,38493,1950108,38493,0.231392720754423,0.617722702829086,20906.6414672798,50.6613670017925
2013,503,2633,250551,19406,6236,15454485700,250551,11494276,250551,0.0774532929423551,0.0248891443259057,61681.9956815179,45.8759933107431
2013,505,7352,813408,200307,147527,26185666030,813408,34362646,813408,0.246256491207365,0.18136900546835,32192.5356401707,42.245276663126
2013,507,2779,291231,68299,16498,11895449250,291231,12667046,291231,0.23451830333996,0.0566491891316515,40845.4087992006,43.4948408651552
2013,508,1369,152631,29942,1772,8356722800,152631,6580784,152631,0.196172468240397,0.0116096992092039,54751.1501595351,43.1156449214118
2013,509,380,36676,9042,8114,950828200,36676,1483343,36676,0.246537245064893,0.221234594830407,25925.079070782,40.4445141236776
2013,514,1435,152685,32030,28699,5217412710,152685,6375213,152685,0.209778301732325,0.187962144283983,34171.0889085372,41.7540229885057
2013,516,2781,282657,70084,13792,11735019890,282657,12333908,282657,0.247947158570281,0.0487941214970795,41516.8203511677,43.6356007457802
2013,518,3712,363681,42409,10481,17736285800,363681,16145368,363681,0.116610436068973,0.0288192124416728,48768.7995798516,44.3943125981286
2013,519,283,29269,4932,0,1293882580,29269,1278152,29269,0.168505927773412,0,44206.5864908265,43.6691379958318
2013,523,533,58307,13336,7469,2407489500,58307,2450774,58307,0.228720393777763,0.128097827019054,41289.8880065858,42.0322431268973
2013,525,2081,227572,56759,23926,8628001100,227572,8896266,227572,0.24941117536428,0.105135956971859,37913.2806320637,39.092093930712
2013,526,340,35153,5201,9588,1010078200,35153,1456654,35153,0.147953233009985,0.272750547606179,28733.7695218047,41.4375444485535
2013,527,2713,292418,53717,7686,14120579740,292418,12445513,292418,0.183699361872388,0.0262842916646718,48289.0237263096,42.5606939381297
2013,533,252,29313,7414,2098,1284408300,29313,1281732,29313,0.252925323235425,0.0715723399174428,43817.0197523283,43.7257189642821
2013,534,3078,332494,71046,42813,13210683152,332494,13856493,332494,0.213676036259301,0.128763225802571,39732.0948708849,41.6744151774167
2013,535,975,100153,17634,24403,3632183960,100153,3995750,100153,0.176070611963696,0.24365720447715,36266.3520813156,39.8964584186195
2013,536,227,21745,4305,5939,620031340,21745,901878,21745,0.19797654633249,0.273120257530467,28513.7429294091,41.4751896987813
2013,539,177,19563,3514,470,955669200,19563,836969,19563,0.179624801921996,0.0240249450493278,48850.8510964576,42.7832643255125
2013,543,221,23096,2641,665,1782689100,23096,972188,23096,0.114348804987877,0.0287928645652927,77186.0538621406,42.0933494977485
2013,544,466,43260,4175,462,2613149900,43260,2024862,43260,0.0965094775774388,0.0106796116504854,60405.684234859,46.8067961165049
2013,549,7367,761149,131684,66565,29034782812,761149,31665197,761149,0.173006861994169,0.0874533107184007,38145.9908795781,41.6018374851705
2013,558,7308,699394,62839,161199,38667099140,699394,31904344,699394,0.0898477825088577,0.230483818848889,55286.5754353054,45.6171256830914
2013,563,2320,292786,57118,84969,7233631340,292786,11505150,292786,0.195084464421113,0.290208548222934,24706.2063759879,39.2954239615282
2013,567,9118,1042660,186246,340958,26994885168,1042660,41963410,1042660,0.178625822415744,0.327007845318704,25890.4006751961,40.246494542804
2013,573,975,134094,25491,34429,3031402280,134094,5289466,134094,0.190097990961564,0.256752725699882,22606.5467507868,39.4459558220353
2013,575,7208,769453,148916,80715,35494363830,769453,32271468,769453,0.193534887770923,0.104899194622674,46129.3462108797,41.9407917052764
2013,577,1383,132786,27639,3521,8406345800,132786,5771327,132786,0.208146943201844,0.0265163496151703,63307.4706670884,43.4633696323408
2013,579,4365,560694,108750,178252,12229390510,560694,21691279,560694,0.193956061595095,0.317913157622518,21811.1670715221,38.6864831797736
2013,584,221,31346,6854,5200,746166880,31346,1234072,31346,0.218656287883622,0.165890384738085,23804.2136157724,39.3693613220188
2013,585,4570,502664,92537,76809,20584823920,502664,21030128,502664,0.184093151687807,0.15280386102844,40951.4584692757,41.8373466172234
2013,588,451,61049,13520,9296,1850034500,61049,2506544,61049,0.221461448999984,0.152271126472178,30304.0917951154,41.0579043063769
2013,589,337,40069,8516,3081,1383813700,40069,1610811,40069,0.212533379919639,0.0768923606778307,34535.7682996831,40.2009283985126
2013,593,611,70925,20322,1876,2692662390,70925,2957878,70925,0.286528022559041,0.0264504758547762,37964.9261896369,41.7043073669369
2013,594,112,11851,3543,1225,391508200,11851,524295,11851,0.298962112901865,0.103366804489073,33035.8788287908,44.2405704159987
2013,595,1474,201857,53527,31168,4785291320,201857,7949865,201857,0.265172869902951,0.154406337159474,23706.3432033568,39.3836478298994
2013,596,1137,123557,24044,7713,4926414340,123557,5045620,123557,0.194598444442646,0.0624246299278875,39871.5923824632,40.8363751143197
2013,597,806,85029,17135,4992,3503681870,85029,3584958,85029,0.201519481588634,0.0587093815051335,41205.7282809394,42.16159192746
2013,598,277,26843,6503,2584,1398914200,26843,1396460,26843,0.242260552099244,0.0962634578847372,52114.6742167418,52.0232462839474
2013,599,626,72593,16601,14076,2061663900,72593,2988464,72593,0.228685961456339,0.193902993401568,28400.3127023267,41.1673852850826
2013,614,483,52636,19454,1436,3714546650,52636,3085819,52636,0.369594954023862,0.0272817083364997,70570.4584314918,58.6256364465385
2013,615,87,11888,3490,129,577690100,11888,535716,11888,0.2935733512786,0.0108512786002692,48594.3893001346,45.0635935397039
2013,616,788,76030,18402,672,4893334900,76030,4005106,76030,0.242036038405892,0.00883861633565698,64360.580034197,52.6779692226753
2013,617,760,77186,26720,2167,3994124700,77186,4197164,77186,0.346176767807634,0.0280750395149379,51746.7507060866,54.377270489467
2013,628,8855,861368,85255,27636,48870982082,861368,38920881,861368,0.0989762795924622,0.0320838480185008,56736.4727758635,45.1849627569169
2013,634,588,51684,2873,1437,2863857700,51684,2338277,51684,0.0555878028016407,0.0278035755746459,55410.91440291,45.2417963005959
2013,637,3639,361752,57294,7412,16276512150,361752,15676406,361752,0.158379221123864,0.0204891749043544,44993.5650666755,43.3346767951525
2013,643,141,14131,2267,271,736307200,14131,675144,14131,0.160427429056684,0.0191776944306843,52105.8099214493,47.777510438044
2013,649,87,10094,3381,992,250501600,10094,366766,10094,0.33495145631068,0.0982762036853576,24816.8813156331,36.3350505250644
2013,657,509,52734,9516,15878,1249401060,52734,2185369,52734,0.180452838775742,0.301096067053514,23692.5145067698,41.4413661015664
2013,658,108,11261,1677,2887,204035900,11261,418541,11261,0.148921054968475,0.256371547819909,18118.808276352,37.1673030814315
2013,666,595,65009,5012,24676,1302897650,65009,2376416,65009,0.0770970173360612,0.379578212247535,20041.8042117245,36.5551846667385
2013,668,308,30064,4561,8337,661195600,30064,1166433,30064,0.151709686003193,0.277308408728047,21992.9350718467,38.7983302288451
2013,669,107,12491,2647,3045,244577360,12491,519730,12491,0.21191257705548,0.243775518373229,19580.2866063566,41.6083580177728
2013,675,256,28609,5890,5133,773084200,28609,1149931,28609,0.205879268761579,0.179419063930931,27022.4125275263,40.1947289314551
2013,677,474,48672,9384,3161,1645986800,48672,1827471,48672,0.192800788954635,0.0649449375410914,33817.9404996713,37.546659270217
2013,678,5701,621734,221760,13128,18600377690,621734,22646056,621734,0.356679866309386,0.0211151392717786,29916.9382565534,36.4240269954675
2013,679,215,23815,5423,744,626260000,23815,923733,23815,0.227713625866051,0.0312408146126391,26296.8717195045,38.787864791098
2013,686,2134,259908,66445,4260,6658372940,259908,10210661,259908,0.255648152423165,0.0163904150699478,25618.1915908706,39.2856741616264
2013,687,1802,207899,57137,14813,4176557910,207899,7535715,207899,0.274830566765593,0.0712509439679845,20089.3602662832,36.2469997450685
2013,688,771,84342,24277,3044,1961670000,84342,3196873,84342,0.287839984823694,0.0360911526878661,23258.5188873871,37.9036897393944
2013,694,934,85083,11903,264,3941241700,85083,3527352,85083,0.139898687164298,0.00310285250872677,46322.3170316044,41.4577765241
2013,695,560,48265,6433,0,3922300800,48265,2150014,48265,0.133284989122553,0,81265.9442660313,44.5460271418212
2013,696,860,87794,7090,633,5012885240,87794,3756290,87794,0.080757227145363,0.00721005991297811,57098.2668519489,42.7852700640135
2013,699,393,39318,5776,128,2479003000,39318,1819672,39318,0.146904725570985,0.00325550638384455,63050.0788442952,46.2808891601811
2013,706,1440,152647,29974,1623,4943829980,152647,6490850,152647,0.196361540023715,0.0106323740394505,32387.3379758528,42.521962436209
2013,707,99,11134,2225,0,418556300,11134,496318,11134,0.19983833303395,0,37592.6261900485,44.5767918088737
2013,713,75,7293,1122,372,289261800,7293,351986,7293,0.153846153846154,0.0510078157136981,39662.9370629371,48.2635403811874
2013,719,496,51338,11515,431,1767615180,51338,2154177,51338,0.224297791109899,0.0083953406833145,34430.9318633371,41.9606724064046
2013,726,3766,401085,80008,3510,13586955060,401085,16826225,401085,0.199478913447274,0.00875126220127903,33875.5003552863,41.9517683284092
2013,727,311,28434,7651,1266,721095120,28434,1189079,28434,0.269079271294929,0.0445241612154463,25360.3123021735,41.8189139762256
2013,729,215,24018,6164,1494,584236340,24018,979523,24018,0.256640852693813,0.062203347489383,24324.9371304855,40.7828711799484
2013,733,276,24977,4139,7615,669119250,24977,990569,24977,0.165712455459022,0.304880490050847,26789.4162629619,39.6592465067863
2013,736,1972,208441,33268,9305,6869698230,208441,8251694,208441,0.159603916695852,0.0446409295675995,32957.5190581508,39.58767229096
2013,738,102,10632,2340,0,264831400,10632,438842,10632,0.220090293453725,0,24908.8976674191,41.275583145222
2013,739,81,7532,1731,1019,170447860,7532,278919,7532,0.229819437068508,0.135289431757833,22629.8274030802,37.031200212427
2013,743,79,8602,2421,168,188849900,8602,316420,8602,0.281446175308068,0.0195303417809812,21954.1850732388,36.7844687282028
2013,744,1680,184786,19287,15178,3482412210,184786,7088463,184786,0.104374790297966,0.0821382572272791,18845.6496163129,38.3603898563744
2013,747,381,42909,5112,724,820539480,42909,1554114,42909,0.119135845626792,0.0168729171036379,19122.7826330141,36.2188352093966
2013,748,1492,169084,30031,17876,3149548580,169084,6116282,169084,0.177609945352606,0.105722599418041,18627.1236781718,36.1730382531759
2013,749,172,18297,3927,1429,530968650,18297,717235,18297,0.214625348417773,0.078100235011204,29019.4376127234,39.199595562114
2013,753,97,10868,999,0,336668300,10868,448765,10868,0.0919212366580788,0,30977.9444239971,41.2923260949577
2013,754,2172,257420,65511,1074,6221571970,257420,10225192,257420,0.254490715562116,0.00417216999456142,24168.9533447285,39.7218242560796
2013,755,396,40156,6769,164,1307224100,40156,1691499,40156,0.168567586412989,0.00408407211873693,32553.6432911645,42.123194541289
2013,756,803,84731,20073,2688,3156079536,84731,3625689,84731,0.236902668444843,0.0317239263079629,37248.2271659723,42.7905843197885
2013,757,554,57341,11508,1223,3098994200,57341,2562732,57341,0.200694093231719,0.0213285432761898,54044.9974712684,44.6928375856717
2013,759,1092,123659,30633,9957,3804203340,123659,5076607,123659,0.247721556862016,0.0805198165924033,30763.6592565038,41.0532755399931
2013,763,102,9661,1809,68,275568700,9661,362030,9661,0.187247696925784,0.00703860883966463,28523.8277611013,37.4733464444675
2013,765,281,31921,5883,117,1251182450,31921,1278230,31921,0.184298737508223,0.00366529870618088,39196.2172237712,40.043545001723
2013,766,344,33047,7314,675,1444321080,33047,1448843,33047,0.22132114866705,0.0204254546554907,43705.0588555693,43.8418918510001
2013,769,739,73861,15468,1716,1983221550,73861,2855858,73861,0.209420397774197,0.0232328292332896,26850.7270413344,38.665303746226
2013,773,49,4991,1976,635,131230600,4991,189485,4991,0.395912642756963,0.127229012222,26293.4482067722,37.9653376076939
2013,774,381,44444,17657,1611,1194312820,44444,1575951,44444,0.397286472864729,0.0362478624786248,26872.3071730717,35.4592520925209
2013,779,11881,1250406,266096,16043,40496132640,1250406,50944565,1250406,0.212807680065515,0.0128302327404059,32386.387013498,40.7424188623535
2013,783,5612,582823,139492,29390,21571770830,582823,25332665,582823,0.239338529879569,0.050426973540852,37012.5592675649,43.4654517752388
2013,785,10370,1139807,276259,18021,33511836170,1139807,46328087,1139807,0.242373489546915,0.0158105714388489,29401.3251103038,40.6455540280065
2013,799,7262,745447,151657,11579,28512067460,745447,31129746,745447,0.203444376327224,0.0155329621019335,38248.2825204206,41.7598380568974
2013,803,1984,211164,32651,6424,10628650420,211164,9375071,211164,0.154623894224394,0.030421852209657,50333.6289329621,44.3971084086303
2013,804,33767,3609505,560703,319772,126385983370,3609505,160966449,3609505,0.155340690759536,0.0885916489934215,35014.7688865925,44.5951588929784
2013,808,4868,513104,32589,7155,14352044136,513104,18065067,513104,0.0635134397704949,0.0139445414574823,27971.0236833079,35.2074179893355
2013,809,2699,322921,42671,81765,6925833660,322921,13404096,322921,0.132140678370252,0.253204344096544,21447.4551360859,41.5089015579662
2013,813,612,78272,32830,1564,1344937430,78272,2585459,78272,0.419434791496321,0.0199816026165168,17182.8678199101,33.0317227105478
2013,823,478,48354,10842,0,2887574800,48354,2249477,48354,0.224221367415312,0,59717.3925631799,46.5210117053398
2013,824,619,60851,6189,63,4093759500,60851,2845033,60851,0.101707449343478,0.00103531577131025,67275.1392746216,46.7540878539383
2013,829,562,58394,12259,4193,3454853276,58394,3379521,58394,0.209935952323869,0.0718053224646368,59164.5250539439,57.8744562797548
2013,844,3285,308541,49848,15833,13517624490,308541,13688396,308541,0.161560376092643,0.0513157084471756,43811.4366972299,44.3649174663983
2013,848,685,70947,12182,825,3800633500,70947,3354525,70947,0.171705639420976,0.0116283986637913,53570.0381975277,47.2821260941266
2013,853,347,33105,5467,6765,1218133700,33105,1439067,33105,0.165141217338771,0.204349796103308,36796.0640386649,43.4697779791572
2013,859,305,26954,5839,1435,1560441700,26954,1314682,26954,0.216628329746976,0.0532388513764191,57892.7691622765,48.7750241151592
2013,865,205,24589,8264,388,541498230,24589,915226,24589,0.336085241368091,0.0157794135589085,22021.9703932653,37.2209524584164
2013,866,375,45532,16802,2183,973554780,45532,1750143,45532,0.369015198102433,0.047944302907845,21381.7706228587,38.4376482473865
2013,869,14314,1708612,399007,387329,43886259886,1708612,66979094,1708612,0.233526979794125,0.22669219225898,25685.3281412047,39.2008800125482
2013,874,415,46444,16677,630,966745430,46444,1748178,46444,0.359077598828697,0.0135647231073982,20815.2921798295,37.6405563689605
2013,875,884,100335,21348,12808,2576001430,100335,3803411,100335,0.212767229780236,0.127652364578661,25674.0063786316,37.907121144167
2013,878,283,30334,8205,524,777121340,30334,1191063,30334,0.270488560690974,0.0172743456187776,25618.8217841366,39.2649502208743
2013,883,217,25074,5704,92,992597900,25074,1063039,25074,0.227486639546941,0.00366913934753131,39586.7392518146,42.3960676397862
2013,885,1015,114168,45073,2137,2282083210,114168,4182029,114168,0.394795389250928,0.0187180295704576,19988.8165685656,36.6304831476421
2013,887,2892,344219,120137,24763,6183283770,344219,12189974,344219,0.349013273526447,0.071939666317083,17963.2262309751,35.4134257551152
2013,888,3787,450481,126344,3160,8299427230,450481,16574455,450481,0.280464658886834,0.00701472426140059,18423.4789702562,36.7927948126558
2013,889,18390,2026376,622855,36709,49267359960,2026376,73876670,2026376,0.30737385361848,0.0181155915782658,24313.0396135762,36.4575330540828
2013,905,10565,986217,523938,0,43806470240,986217,49847370,986217,0.531260361563429,0,44418.6930868156,50.5440182028904
2014,4,10527,1030268,29224,294639,154310429616,1030268,49967823,1030268,0.0283654350130257,0.28598287047642,149776.97998579,48.4998301412836
2014,7,10542,1083292,150468,36940,102083374130,1083292,48009911,1083292,0.138898837986434,0.0340997625755567,94234.4022941183,44.3185318455227
2014,8,4352,415255,44219,18120,32895216030,415255,18371660,415255,0.106486375841351,0.043635838219889,79216.9053473167,44.2418754741063
2014,13,10134,1070615,193868,64142,96373353950,1070615,48148519,1070615,0.181080967481307,0.0599113593588732,90016.8164559622,44.97276705445
2014,14,8537,816661,79253,28349,55271589690,816661,35682510,816661,0.09704516317052,0.0347133020923002,67679.9671956908,43.6931725648709
2014,15,6014,599813,40560,30870,47969647400,599813,26503110,599813,0.0676210752351149,0.051466040249211,79974.3376685734,44.1856211852694
2014,17,8542,1042642,285412,196544,41678731780,1042642,46867589,1042642,0.273739212500552,0.188505738307108,39974.1539090119,44.9507971096503
2014,18,4694,497266,61071,109407,27479158644,497266,20360223,497266,0.122813544461113,0.220017053247155,55260.4816013964,40.9443295942212
2014,19,341,33643,5393,7204,1682700800,33643,1504654,33643,0.160300805516749,0.214130725559552,50016.3719050025,44.7241328062301
2014,21,4767,475346,90285,30716,25886858340,475346,19607733,475346,0.189935331316557,0.0646181939050713,54458.9800692548,41.2493909699461
2014,22,63542,6484253,637088,969539,541835348248,6484253,294504173,6484253,0.0982515642125624,0.149522080646761,83561.7222597576,45.4183655387907
2014,23,18320,1836161,332989,138311,121457733526,1836161,76122008,1836161,0.181350654980691,0.0753261832704213,66147.6491037551,41.457153267061
2014,24,1015,106381,18209,770,7273951800,106381,4409662,106381,0.171167783720777,0.0072381346293041,68376.4187213882,41.4515937996447
2014,25,10091,1056816,190474,99838,93455839860,1056816,45484133,1056816,0.18023383446125,0.094470560627394,88431.514908934,43.0388383597523
2014,26,7081,712385,108228,184189,57737011588,712385,30155661,712385,0.151923468349277,0.258552608491195,81047.4835769984,42.3305670388905
2014,27,8457,897089,175163,23885,54294079200,897089,37307237,897089,0.195257103810213,0.0266250059916017,60522.5113673225,41.5869963849741
2014,28,94,7917,1727,562,485745700,7917,344880,7917,0.218138183655425,0.0709864847795882,61354.7682202855,43.5619552860932
2014,29,1796,188996,43070,11327,7603526180,188996,7154493,188996,0.227888420918961,0.0599324853436052,40231.1487015598,37.8552614870156
2014,33,4516,443402,47338,8540,29897142910,443402,18991827,443402,0.106760907709032,0.0192601747398523,67426.7209214212,42.8320733781084
2014,34,380,41551,11337,8929,2375375700,41551,1710340,41551,0.272845418882819,0.214892541695747,57167.7143751053,41.1624268970663
2014,35,760,76583,8259,12730,3712390260,76583,3205929,76583,0.107843777339618,0.166224880195344,48475.3830484572,41.862149563219
2014,36,2175,215357,25273,2978,16396884850,215357,9149881,215357,0.117353975027512,0.0138282015444123,76138.1559457088,42.4870378023468
2014,37,2749,282820,48014,10514,18047199440,282820,11740397,282820,0.169768757513613,0.0371755887136695,63811.6096457111,41.5119050986493
2014,43,1685,166275,24080,35265,12147167580,166275,7212743,166275,0.14482032777026,0.212088407758232,73054.6839873703,43.3783972334987
2014,44,1155,109777,19430,524,10880010400,109777,4734746,109777,0.176995181139947,0.00477331317124717,99110.108674859,43.1305829089882
2014,45,322,29178,5587,167,2355222000,29178,1331336,29178,0.191479882102954,0.00572349030091165,80719.1034340942,45.6280759476318
2014,47,384,40111,9408,1233,5254160100,40111,1934982,40111,0.234549126174865,0.0307396973398818,130990.503851811,48.2406821071527
2014,48,524,54358,13464,423,5559032600,54358,2427905,54358,0.247691232201332,0.00778174325766217,102267.05544722,44.6650906950219
2014,53,2745,284445,58420,15290,23402828000,284445,12343179,284445,0.205382411362478,0.0537538012621069,82275.4064933467,43.3939039181564
2014,55,2390,247788,38729,9480,23102440860,247788,10697435,247788,0.15629893295882,0.0382585113080537,93234.7041018936,43.1717234087204
2014,56,1766,173066,32675,1684,13511222200,173066,7690382,173066,0.188800804317428,0.00973039187362047,78069.7664474825,44.4361226352952
2014,57,2262,235963,51997,3287,18511973680,235963,10389377,235963,0.220360819280989,0.0139301500659002,78452.8662544552,44.0296868576853
2014,59,5449,540667,87681,17781,48634440180,540667,23246301,540667,0.162171909881683,0.0328871560498421,89952.6699058755,42.9955980298409
2014,64,21970,2313561,440458,118908,156473574520,2313561,96079019,2313561,0.190380975474604,0.0513960945918435,67633.217589681,41.5286301074404
2014,65,2334,237259,44489,3658,15961159140,237259,10068256,237259,0.187512380984494,0.0154177502223309,67273.1451283197,42.4357179285085
2014,66,282,31023,7610,482,3841514000,31023,1331665,31023,0.245301872804049,0.0155368597492183,123827.9341134,42.9250878380556
2014,68,473,45695,9387,1741,3598263052,45695,1842548,45695,0.205427289637816,0.0381004486267644,78745.2249042565,40.3227486595908
2014,69,102,10644,2427,235,897148100,10644,461790,10644,0.228015783540023,0.0220781661029688,84286.7437053739,43.3850056369786
2014,73,759,81079,16871,1433,6007144400,81079,3457626,81079,0.208081007412524,0.0176741203024211,74090.0159104084,42.645148558813
2014,74,96,9887,2129,0,866663800,9887,415177,9887,0.215333265904723,0,87656.9030039446,41.9922119955497
2014,75,707,66716,11235,3508,6007335000,66716,2838114,66716,0.16840038371605,0.0525810899934049,90043.392889262,42.5402302296301
2014,76,2014,196457,43640,5260,14744901500,196457,8418404,196457,0.22213512371664,0.0267743068457729,75054.0907170526,42.8511277276961
2014,77,230,22115,5664,1605,1494678520,22115,959123,22115,0.256115758534931,0.0725751752204386,67586.638932851,43.3697942572914
2014,78,708,65250,11900,1339,4070183590,65250,2703703,65250,0.182375478927203,0.0205210727969349,62378.2925670498,41.436061302682
2014,79,219,17078,3328,846,917295980,17078,712855,17078,0.19487059374634,0.0495374165593161,53712.1431080923,41.7411289378147
2014,83,1309,132123,19072,1549,11393227010,132123,5796155,132123,0.144350340213286,0.0117239239193782,86231.9733127465,43.8693868592145
2014,84,7881,762417,60866,152250,151450848000,762417,40019920,762417,0.0798329523082513,0.199693868316158,198645.686022216,52.4908547422211
2014,85,1519,151313,9118,90648,19917177240,151313,5953863,151313,0.0602591978217338,0.599076087315697,131628.989181366,39.3479938934527
2014,86,841,75171,7746,24039,6069080700,75171,3430175,75171,0.103045057269426,0.319790876800894,80736.9956499182,45.6316265581142
2014,87,346,34495,2454,17297,3101026500,34495,1353520,34495,0.0711407450355124,0.501434990578345,89897.8547615597,39.2381504565879
2014,88,80,7859,504,4303,997924800,7859,354497,7859,0.0641302964753785,0.547525130423718,126978.597785978,45.1071383127624
2014,89,798,81724,5865,55395,4450468860,81724,3087013,81724,0.0717659439087661,0.677830257941364,54457.3058097988,37.7736405462288
2014,95,30420,3044220,446930,29957,186955017200,3044220,115565918,3044220,0.146812648231731,0.00984061598701802,61413.1098278048,37.9624067905736
2014,96,2655,267494,55292,9603,25495870950,267494,10249141,267494,0.206703701765273,0.0358998706513043,95313.8049825417,38.3154052053504
2014,97,891,91169,17371,7073,3917000210,91169,3351800,91169,0.19053625684169,0.0775811953624587,42964.1677543902,36.764689751999
2014,98,1097,110819,18349,426,6408431200,110819,4266957,110819,0.165576300092944,0.00384410615508171,57827.9103763795,38.5038395942934
2014,99,1248,120445,23592,6869,6532410040,120445,4365254,120445,0.19587363526921,0.0570301797500934,54235.6265515381,36.2427165926357
2014,103,3034,303456,63135,21703,17127044820,303456,11348573,303456,0.208053226826953,0.0715194295054308,56439.9610487188,37.39775453443
2014,104,1683,155805,31066,13286,8692194100,155805,5779717,155805,0.199390263470364,0.085273258239466,55788.9291101056,37.0958377459003
2014,105,1718,177765,38693,25193,7435366900,177765,6550566,177765,0.217663769583439,0.141720811183304,41826.9451241808,36.8495823137288
2014,106,924,98511,21531,2169,8445875100,98511,4104180,98511,0.218564424277492,0.0220178457228127,85735.3503669641,41.662149404635
2014,154,13534,1297502,299257,9988,69979281390,1297502,49114326,1297502,0.230640877624851,0.00769786867380551,53933.852425661,37.8529867391341
2014,155,5000,547052,157496,15784,12281268260,547052,19544832,547052,0.287899504983073,0.0288528330030783,22449.9101730731,35.72755789212
2014,156,36615,3384872,543441,22792,156287300720,3384872,139671656,3384872,0.160549941031744,0.00673348947907041,46172.2926952629,41.2634971130371
2014,157,7642,748005,144277,6470,36957719110,748005,32021299,748005,0.192882400518713,0.00864967480163903,49408.3851177465,42.8089371060354
2014,158,2513,265644,45592,2338,11456728330,265644,10621433,265644,0.171628194124467,0.00880125280450528,43128.1276068724,39.9837112827694
2014,159,19156,1900801,471815,160087,45680838080,1900801,61207417,1900801,0.248219040288805,0.0842208100690183,24032.4147977616,32.2008547975301
2014,163,6643,686644,141150,42518,26641855160,686644,26059665,686644,0.205565038069218,0.0619214614851364,38800.0989741409,37.952221238371
2014,164,1801,163527,21470,892,6873866780,163527,5942709,163527,0.131293303246559,0.00545475670684352,42035.0570853743,36.3408427966024
2014,165,459,40505,9161,1223,1810513200,40505,1525590,40505,0.226169608690285,0.0301938032341686,44698.5112949019,37.6642389828416
2014,166,2978,311097,80854,31739,23295921980,311097,13074982,311097,0.259899645448204,0.102022841750322,74883.145706966,42.0286341559064
2014,167,1644,154976,15196,45031,8369217900,154976,5938502,154976,0.0980538922155689,0.290567571753046,54003.3159973157,38.3188493702251
2014,169,518,53059,12477,4151,2809020260,53059,2097142,53059,0.23515331988918,0.0782336644113157,52941.4474452968,39.5247177670141
2014,173,254,23466,4071,343,1689341600,23466,953785,23466,0.173485042188699,0.0146168925253558,71991.0338361885,40.6454018580073
2014,174,7569,778812,147028,14257,33053966740,778812,30967621,778812,0.188784969928558,0.0183060867064195,42441.5221388474,39.7626397641536
2014,175,3861,408109,124038,64954,7916756370,408109,12368604,408109,0.303933507959883,0.159158460117273,19398.632154645,30.3071091301589
2014,176,5465,495664,66452,32105,19317997290,495664,20585057,495664,0.134066625778753,0.0647717001839956,38973.976907744,41.5302644533394
2014,178,10217,989874,86294,257416,128829265154,989874,45798361,989874,0.0871767517886115,0.260049258794554,130147.13504345,46.2668592164255
2014,183,1969,194678,36848,69739,8840782570,194678,7198115,194678,0.189276651701785,0.358227431964577,45412.3350866559,36.9744655276919
2014,184,563,53536,8205,3539,3417100480,53536,2185285,53536,0.153261356843993,0.0661050508069337,63828.0872683802,40.8189816198446
2014,185,7506,782982,189814,176547,34303595722,782982,30536531,782982,0.242424474636709,0.225480279240136,43811.4742382328,39.0002975802764
2014,186,1616,171183,40638,82460,4291484830,171183,5055921,171183,0.237395068435534,0.481706711530935,25069.5736726194,29.5351816477104
2014,187,1685,178634,42910,43155,10933559560,178634,7565290,178634,0.240211829774847,0.241583349194442,61206.4867830312,42.3507842851865
2014,188,1718,167076,27710,87629,5502197180,167076,6543685,167076,0.165852665852666,0.524485862721157,32932.3013478896,39.1659185041538
2014,189,1450,158820,42083,82615,3741737014,158820,5584915,158820,0.264972925324267,0.520180078075809,23559.6084498174,35.1650610754313
2014,193,139,18745,10061,5307,367821870,18745,600984,18745,0.536729794611897,0.283115497465991,19622.3990397439,32.0610296078954
2014,194,1108,127473,31653,39064,3743038930,127473,4271875,127473,0.248311407121508,0.306449208852071,29363.3862072753,33.5119986193155
2014,195,2903,293099,77535,49295,14574720030,293099,11526345,293099,0.264535191181137,0.168185493638668,49726.2700657457,39.3257738852743
2014,198,367,42070,10226,10568,1666763530,42070,1414743,42070,0.243071072022819,0.251200380318517,39618.8145947231,33.6283099595912
2014,199,2727,301102,103359,50347,8857550320,301102,9405486,301102,0.34326905832575,0.167209118504693,29417.1088866896,31.2368765401758
2014,203,2791,298149,70353,1987,13351237420,298149,11559687,298149,0.235965909662618,0.00666445300839513,44780.4199242661,38.7715102180453
2014,204,1643,158823,27452,3931,7704731600,158823,5052723,158823,0.172846502080933,0.0247508232434849,48511.4347418195,31.8135471562683
2014,205,1506,156148,25013,1462,5666712650,156148,6176418,156148,0.160187770576632,0.00936291210902477,36290.6514972974,39.5548966365243
2014,206,3311,327068,62317,2092,16997307760,327068,12365189,327068,0.190532244059339,0.00639622341531425,51968.7274817469,37.8061718052515
2014,207,7938,816162,159135,13680,28386516070,816162,30871856,816162,0.194979673153124,0.0167613782557875,34780.4921939517,37.8256473592253
2014,208,3890,420621,123141,10819,19733196000,420621,17927325,420621,0.292759990585349,0.0257214927452505,46914.4336588045,42.6210888186753
2014,214,5851,612411,157759,9737,29058597010,612411,24660723,612411,0.257603145599932,0.0158994531450284,47449.5020664227,40.2682561221141
2014,217,1480,147258,32601,8105,6956693900,147258,5961924,147258,0.221386953510166,0.0550394545627402,47241.5345855573,40.4862486248625
2014,218,1010,104728,20935,8016,5352291500,104728,4351674,104728,0.199898785425101,0.076541135131006,51106.5951798946,41.5521541517073
2014,223,605,58956,17333,1839,2565455000,58956,2408513,58956,0.293998914444671,0.0311927539181763,43514.739805957,40.8527206730443
2014,224,671,65865,13787,464,3358718180,65865,2761594,65865,0.209322098231231,0.00704471266985501,50993.9752524102,41.9280953465422
2014,225,180,17575,3412,109,1231444150,17575,808649,17575,0.194139402560455,0.00620199146514936,70067.945945946,46.0113229018492
2014,226,1215,118016,9737,3269,14256725300,118016,5167733,118016,0.0825057619305857,0.0276996339479393,120803.325820228,43.7884100460954
2014,227,318,35540,6627,0,3290080400,35540,1465617,35540,0.186465953854811,0,92574.0123804164,41.2385199774902
2014,228,952,102552,26565,14544,4698302080,102552,3978028,102552,0.259039316639363,0.141820734846712,45813.8513144551,38.7903502613308
2014,229,14627,1514646,269252,68801,137806805160,1514646,63860405,1514646,0.177765629724701,0.0454238152017039,90982.8469226473,42.1619342077291
2014,233,870,80516,12669,1137,3640791040,80516,3513676,80516,0.157347607928859,0.014121416861245,45218.2304138308,43.6394753837747
2014,234,5025,533004,108449,36493,25824489760,533004,20907112,533004,0.203467516191248,0.0684666531583253,48450.8366916571,39.2250564723717
2014,243,37590,4020836,793931,595989,207433888220,4020836,177418766,4020836,0.197454211014824,0.148225145218557,51589.7410936432,44.1248451814498
2014,253,4809,509022,77777,108268,30108203980,509022,21047292,509022,0.152796932156174,0.212698075918133,59149.1212167647,41.3484918137134
2014,254,7045,739699,77898,354341,35991682350,739699,30670329,739699,0.105310403285661,0.479034039521481,48657.2002260379,41.4632560000757
2014,255,2176,234045,43726,28417,28079965420,234045,10538236,234045,0.186827319532569,0.121416821551411,119976.779764575,45.026537631652
2014,256,1499,165801,45608,13866,10578266300,165801,6977857,165801,0.275076748632397,0.083630376173847,63800.9800905905,42.085735309196
2014,258,327,33046,3595,817,3547010400,33046,1568907,33046,0.108787750408521,0.0247231132360951,107335.544392665,47.476457059856
2014,274,24107,2545097,499221,192906,165022094612,2545097,107542883,2545097,0.196150087796261,0.0757951465111153,64839.2161917601,42.2549250578662
2014,275,28835,3287593,1153879,214687,85331572974,3287593,110855693,3287593,0.350979881025419,0.0653021830865317,25955.6377489549,33.7194090022701
2014,276,27801,3223445,1293687,37098,41842103420,3223445,92183610,3223445,0.40133676858144,0.0115088050207154,12980.5544751035,28.5978541591372
2014,277,1173,131750,23350,65155,1878752400,131750,3963222,131750,0.177229601518027,0.494535104364326,14259.9802656546,30.0813814041746
2014,283,443,51798,16439,9972,871624530,51798,1349876,51798,0.317367465925325,0.192517085601761,16827.3780840959,26.0603884319858
2014,303,12382,1251546,166163,39763,65909250660,1251546,52509936,1251546,0.132766194770308,0.0317711054967217,52662.2678351415,41.9560575480246
2014,308,721,76839,15649,2214,3172559580,76839,2982240,76839,0.203659599942737,0.0288134931480108,41288.4027642213,38.8115410143287
2014,313,31618,2990237,465490,112149,97770811110,2990237,109856326,2990237,0.155669935192428,0.0375050539472289,32696.6762534207,36.7383341186669
2014,315,3276,292313,70106,12136,8387151980,292313,10382945,292313,0.239831960945972,0.0415171408729684,28692.3673596453,35.5199563481611
2014,316,1570,178521,44688,3032,5785528920,178521,6612779,178521,0.250323491353958,0.0169839962805496,32408.1140033946,37.0420230673142
2014,317,1193,139188,67151,990,2648253630,139188,4961255,139188,0.482448199557433,0.00711268212776964,19026.4507716182,35.6442724947553
2014,318,1627,182625,34148,16175,6567794010,182625,7170864,182625,0.186984257357974,0.0885694729637235,35963.28,39.2655112936345
2014,319,9670,1076750,398978,12504,23486307480,1076750,36657153,1076750,0.370539122358951,0.0116127234734154,21812.2196238681,34.0442563269097
2014,326,1120,115772,30101,4970,3408013460,115772,4369764,115772,0.260002418546799,0.0429292056801299,29437.2858722316,37.7445669073697
2014,328,548,58612,14538,979,2266088940,58612,2284453,58612,0.248037944448236,0.0167030642189313,38662.542482768,38.975858186037
2014,329,1521,132086,38522,299,2124974350,132086,3420605,132086,0.291643323289372,0.00226367669548627,16087.8090789334,25.8968020834911
2014,335,2591,263532,76392,5506,6728322030,263532,8955172,263532,0.289877510131597,0.0208930983713553,25531.3283775784,33.981345718926
2014,336,998,101690,22150,1086,3630583370,101690,3910245,101690,0.21781886124496,0.0106795161766152,35702.4620906677,38.4526010423837
2014,337,11260,1067665,134517,89200,36391978800,1067665,39452903,1067665,0.125991767080498,0.0835468054118099,34085.5781541963,36.9525113214351
2014,338,1533,154374,17018,5747,5869961060,154374,6015538,154374,0.110238770777463,0.0372277715159288,38024.2855662223,38.9673001930377
2014,344,4359,463995,82545,10778,15019651150,463995,17871507,463995,0.177900623929137,0.0232286985851141,32370.2866410198,38.5165939288139
2014,346,602,61412,7773,51,2805823800,61412,2492515,61412,0.126571354132743,0.000830456588288934,45688.5266723116,40.5867745717449
2014,347,281,30119,7079,438,734963130,30119,1044599,30119,0.235034363690694,0.0145423154819217,24401.9764932435,34.6823931737442
2014,348,543,61024,17336,347,1732086060,61024,2275192,61024,0.284084950183534,0.00568628736234924,28383.6860907184,37.2835605663346
2014,349,74,9592,3124,0,455127900,9592,392610,9592,0.325688073394495,0,47448.6968306923,40.9309841534612
2014,354,1045,101431,4323,149,4979815100,101431,4074154,101431,0.0426201062791454,0.00146897891177254,49095.5930632647,40.1667537537834
2014,355,3104,289764,20623,4485,13799190260,289764,11878727,289764,0.0711717121519581,0.0154781132231747,47622.1692825886,40.9944886183239
2014,356,724,74911,16196,259,1869651680,74911,2699126,74911,0.216203227830359,0.00345743615757365,24958.306256758,36.0311035762438
2014,357,1743,192635,34582,23235,6487669270,192635,7702067,192635,0.179520855503932,0.120616710358969,33678.5592960781,39.9826978482623
2014,359,2578,283835,63804,8398,10751125530,283835,11915732,283835,0.224792573149893,0.0295876125213592,37878.082442264,41.9811932989237
2014,364,5471,614925,155517,5932,17905053370,614925,24498139,614925,0.252904012684474,0.00964670488270927,29117.4588283124,39.8392308005041
2014,365,13735,1567667,565120,11836,33908582816,1567667,53594179,1567667,0.360484720288174,0.00755007281520884,21629.9653025802,34.187221520897
2014,366,275,26974,6388,108,970974000,26974,1110262,26974,0.2368206420998,0.00400385556461778,35996.6634536962,41.1604508044784
2014,368,803,79122,13793,1183,2583142500,79122,3223859,79122,0.174325724830009,0.0149515937413109,32647.5885341624,40.7454184676828
2014,373,4934,523206,91695,8558,26517676160,523206,22281318,523206,0.175256017706219,0.0163568460606339,50683.0505766371,42.5861285994427
2014,375,5904,638216,130933,12190,28032466110,638216,25941530,638216,0.205154681173772,0.0191001165749527,43923.1641168507,40.646943981348
2014,376,23773,2702077,871003,37083,80766366210,2702077,98399715,2702077,0.322345736261402,0.0137238872171296,29890.4754416695,36.4163252934687
2014,377,714,70390,10056,370,3002555200,70390,2819465,70390,0.142861201875266,0.00525642846995312,42655.9909077994,40.0549083676659
2014,378,1384,166075,43999,3549,5493215300,166075,6630084,166075,0.264934517537257,0.0213698630136986,33076.7141351799,39.9222279090772
2014,379,11337,1179926,275641,33702,33708566320,1179926,41622331,1179926,0.233608717834847,0.028562808176106,28568.3732030653,35.275374048881
2014,383,3374,351509,161339,335,7923994380,351509,12500095,351509,0.458989670250264,0.000953033919472901,22542.7923040377,35.5612374078615
2014,384,98,10361,2983,851,291659600,10361,341684,10361,0.287906572724641,0.0821349290609015,28149.7538847602,32.9778978863044
2014,385,3242,330479,83048,6167,9247454560,330479,11998244,330479,0.251295846332142,0.0186607923650217,27981.9733175179,36.3056169983569
2014,386,175,16605,3724,152,690277600,16605,638715,16605,0.224269798253538,0.00915386931647094,41570.4667268895,38.4652213188799
2014,389,7215,769910,160930,21690,31425900970,769910,29972682,769910,0.20902443142705,0.0281721240144952,40817.6292943331,38.9301113117118
2014,405,12258,1512458,221114,414682,20075899000,1512458,48727110,1512458,0.146195134013639,0.274177530880196,13273.6902446217,32.2171656998079
2014,415,679,70099,7223,1577,4009429300,70099,2979947,70099,0.103039986305083,0.0224967545899371,57196.6689967047,42.5105493658968
2014,417,3539,367416,63540,28,24335004480,367416,19229659,367416,0.172937487752303,7.62078951379363e-05,66232.8381997518,52.337565593224
2014,418,9684,1039970,163188,6670,68195124990,1039970,45117410,1039970,0.156916064886487,0.00641364654749656,65574.1271286672,43.3833764435513
2014,423,4872,498347,101431,213,23602780180,498347,21064017,498347,0.203534886334221,0.000427413027468812,47362.1395934961,42.2677712517583
2014,425,338,33703,4941,296,646907140,33703,953523,33703,0.146604159867074,0.00878260095540456,19194.3488710204,28.2919324689197
2014,426,8048,941761,286783,9046,28659544750,941761,35683361,941761,0.304517812905822,0.00960540944039942,30431.8662059695,37.8900389801659
2014,427,1791,176385,54015,885,1969399810,176385,4423900,176385,0.306233523258781,0.00501743345522578,11165.34745018,25.080930918162
2014,434,3377,429796,184247,7619,9400069060,429796,14301908,429796,0.428684771379911,0.0177270146767304,21871.0017310538,33.2760379342758
2014,435,17605,2180773,1078329,13954,32866950380,2180773,64587994,2180773,0.494470997210622,0.00639864855260039,15071.2386754605,29.6170183691746
2014,436,26504,3228172,1032159,103495,61348565980,3228172,116417054,3228172,0.319734822060287,0.0320599398049422,19004.1193529961,36.0628411373372
2014,439,3270,388053,145379,2981,4708129230,388053,11671317,388053,0.374636969692284,0.00768194035350841,12132.6963842568,30.076605515226
2014,443,6052,704100,226751,5775,9075437390,704100,19596519,704100,0.322043743786394,0.0082019599488709,12889.4154097429,27.8320110779719
2014,444,10354,1247382,453551,10120,14981526160,1247382,36749360,1247382,0.363602328717265,0.00811299185013091,12010.37545836,29.4611915195185
2014,445,2562,284444,95828,6163,7680196600,284444,9935336,284444,0.336895838899748,0.021666830729423,27000.7333605209,34.9289702015159
2014,446,7651,871054,273546,15691,23629817890,871054,32244936,871054,0.314040231719273,0.0180138085583672,27127.8449900925,37.0182973730676
2014,447,27735,3178896,829996,164217,63746546276,3178896,112231499,3178896,0.261095675983109,0.0516585003095414,20053.04554663,35.3051811069
2014,448,1866,215592,23020,60473,6974732750,215592,8887010,215592,0.106775761623808,0.280497421054585,32351.5378585476,41.2214275112249
2014,453,21559,2386874,417895,159704,53098004380,2386874,82565393,2386874,0.175080460887336,0.0669092712895612,22245.8346691111,34.5914333978249
2014,454,430,47559,12120,358,1799752920,47559,1985687,47559,0.25484135494859,0.00752749216762337,37842.5307512774,41.7520763683004
2014,455,662,71094,17725,8837,2251405960,71094,3043399,71094,0.249317804596731,0.124300222240977,31668.0164289532,42.8080991363547
2014,456,696,80364,13786,32815,2372092630,80364,3406339,80364,0.171544472649445,0.408329600318551,29516.8561793838,42.3863794733961
2014,457,720,99180,19692,45015,1500243680,99180,3878029,99180,0.198548094373866,0.453871748336358,15126.4738858641,39.1009175236943
2014,458,9756,1131279,273339,444846,17240138956,1131279,39979739,1131279,0.241619441357967,0.393223952711931,15239.5111692164,35.3402997845801
2014,459,2598,283029,97005,6199,5804369650,283029,8658952,283029,0.342738729953468,0.0219023492292309,20508.0385755523,30.593868472842
2014,461,531,47616,16577,7517,679721500,47616,1403257,47616,0.348139280913979,0.157867103494624,14275.0651041667,29.4702830981183
2014,462,375,41622,13877,617,381028300,41622,894887,41622,0.333405410600163,0.0148238912113786,9154.49281629907,21.5003363605785
2014,463,1440,154762,21371,1177,6789846950,154762,5945148,154762,0.138089453483413,0.00760522608909164,43872.8302167199,38.4147788216746
2014,464,674,80807,21922,334,2136508980,80807,3010347,80807,0.271288378482062,0.00413330528295816,26439.652257849,37.2535423911295
2014,465,3422,354124,73913,5273,14098417690,354124,13780004,354124,0.208720674114152,0.0148902644271498,39812.0931933447,38.9129344523387
2014,468,12543,1331463,434051,421903,13742131350,1331463,42252381,1331463,0.325995540244077,0.31687174183586,10321.0764024235,31.7338003384247
2014,469,5271,596994,190532,104434,7089838078,596994,15824888,596994,0.319152286287634,0.174933081404503,11875.8950307708,26.507616491958
2014,473,6773,485164,62151,372458,11596020344,485164,25594346,485164,0.128103074424318,0.767695047447873,23901.2382287227,52.7540089536734
2014,479,8424,854525,232991,56556,16492871496,854525,35915019,854525,0.272655568883298,0.0661841373862672,19300.6307550979,42.0292197419619
2014,485,1288,143718,20527,65828,4388799306,143718,6325562,143718,0.142828316564383,0.458035875812355,30537.5757107669,44.0137073992123
2014,486,10307,1259352,335284,305233,21914709290,1259352,46970869,1259352,0.266235333727187,0.242373061701574,17401.5758024762,37.2976491084304
2014,487,1998,210378,78430,53695,3172093830,210378,7038259,210378,0.372805141221991,0.255231060281969,15078.0681915409,33.4552995085037
2014,488,515,56201,12975,225,989428200,56201,2221891,56201,0.230867778153414,0.00400348748242914,17605.1707264995,39.5347235814309
2014,489,122,11500,1388,65,554989700,11500,471179,11500,0.120695652173913,0.00565217391304348,48259.9739130435,40.9720869565217
2014,496,1385,127601,24503,23298,3962183870,127601,5690246,127601,0.192028275640473,0.182584775981379,31051.3543781005,44.5940549055258
2014,498,395,36731,6504,22182,728614850,36731,1722179,36731,0.17707113882007,0.603904059241513,19836.5100323977,46.8862541177752
2014,503,2587,253358,19398,6069,15467296260,253358,11571614,253358,0.0765635977549554,0.0239542465602033,61049.1725542513,45.6729765785963
2014,505,7336,838402,220450,137114,27179170442,838402,35711093,838402,0.262940689549882,0.163542071703073,32417.8263434486,42.5942364164208
2014,507,2664,271225,55937,16079,11426016210,271225,11886057,271225,0.206238362982763,0.0592828832150429,42127.4447783206,43.8236040188036
2014,508,1217,131014,23871,1699,7406442000,131014,5634701,131014,0.1822019020868,0.0129680797472026,56531.6836368632,43.0083884165051
2014,509,436,47122,9291,10558,1345625580,47122,1976732,47122,0.197169050549637,0.224056703875048,28556.2068672807,41.9492381477866
2014,514,1379,156609,27617,26895,5191612640,156609,6555565,156609,0.17634363286912,0.171733425282072,33150.1550996431,41.8594397512276
2014,516,2806,277606,67965,14244,11759161240,277606,12103199,277606,0.244825400027377,0.0513101301845061,42359.1753780538,43.5984776986088
2014,518,3616,358404,48254,7003,17318313000,358404,15609622,358404,0.134635774154306,0.0195394024620261,48320.6465329628,43.5531467282731
2014,519,297,30555,5480,357,1383832400,30555,1329744,30555,0.17934871543119,0.0116838487972509,45289.8838160694,43.5196858124693
2014,523,478,51844,14076,5225,2167147400,51844,2141727,51844,0.271506828176838,0.100783118586529,41801.3154849163,41.3109906643006
2014,525,1754,193336,42448,26843,7413286480,193336,7540444,193336,0.219555592336657,0.138841188397401,38344.0563578433,39.0017585964332
2014,526,325,34832,5524,10445,996413200,34832,1438750,34832,0.158589802480478,0.299867937528709,28606.2586127699,41.3054088194763
2014,527,2645,289902,54224,12063,14679019750,289902,12358767,289902,0.187042517816366,0.0416106132417162,50634.4204248332,42.6308442163214
2014,533,247,27131,6820,747,1420438300,27131,1136171,27131,0.251372968191368,0.0275330802403155,52354.8081530353,41.8772253142162
2014,534,3035,330067,64687,40146,13140837530,330067,13734488,330067,0.195981421953725,0.121629850909058,39812.6366162022,41.6112122690242
2014,535,871,89086,15346,20009,3266457250,89086,3593320,89086,0.172260512313944,0.224603192420807,36666.3364613969,40.3354062366702
2014,536,219,22233,3199,5181,888835010,22233,913737,22233,0.1438852156704,0.233031979489947,39978.1860297756,41.0982323573067
2014,539,165,16808,3553,854,843230500,16808,709359,16808,0.211387434554974,0.0508091385054736,50168.4019514517,42.2036530223703
2014,543,214,21186,2679,103,1882940700,21186,882295,21186,0.126451430189748,0.00486170112338337,88876.6496743132,41.6451902199566
2014,544,467,43477,4080,963,2570319000,43477,2009569,43477,0.0938427214389217,0.0221496423396279,59119.0514524921,46.2214274213952
2014,549,7561,782131,124719,58910,31352489546,782131,32643393,782131,0.159460499583829,0.0753198632965577,40085.9824581816,41.7364776488849
2014,558,7152,692662,65424,145502,40537873760,692662,31869854,692662,0.0944529943897601,0.210062050466173,58524.7548732282,46.0106863087624
2014,563,2347,296744,56891,83969,7554817700,296744,11852841,296744,0.191717439948238,0.282967810638126,25459.0411263581,39.9429845253821
2014,567,9761,1145430,189863,368359,29914678500,1145430,46427353,1145430,0.165756964633369,0.321590145185651,26116.5488069983,40.5326846686397
2014,573,1041,142962,28534,32621,3675968580,142962,5699781,142962,0.199591499839118,0.228179516235083,25712.9067864188,39.8692030049943
2014,575,7126,767785,144126,71614,35558275050,767785,32417177,767785,0.187716613374838,0.0932735075574542,46312.802477256,42.2216857583829
2014,577,1315,131184,27680,5196,8389098700,131184,5756865,131184,0.211001341627028,0.0396084888401025,63949.0997377729,43.8838959019393
2014,579,4301,556895,98707,167553,12633493810,556895,21755981,556895,0.177245261674104,0.300870002424155,22685.5938911285,39.0665762845779
2014,584,205,27706,5700,4151,761861400,27706,1079058,27706,0.205731610481484,0.149823143001516,27498.0654009962,38.9467263408648
2014,585,4556,512546,102640,72531,21447191540,512546,21745223,512546,0.200255196606744,0.141511200945866,41844.4228225369,42.4258954318247
2014,588,431,51035,6782,7225,1520237050,51035,2115575,51035,0.132889193690604,0.14156951111982,29788.1267757421,41.4534143235035
2014,589,343,41407,7299,4162,1485248700,41407,1675010,41407,0.176274542951675,0.100514405776801,35869.5075711836,40.4523389765016
2014,593,583,74559,19362,3646,3020278300,74559,3142415,74559,0.259686959320806,0.0489008704515887,40508.5677114768,42.1466891991577
2014,594,98,11436,1490,812,454078700,11436,522789,11436,0.130290311297657,0.0710038474991256,39706.0772997552,45.7143231899266
2014,595,1474,196274,53108,32034,4872865110,196274,7931771,196274,0.270580922587811,0.163210613733862,24826.8497610483,40.4117254450411
2014,596,1115,124218,24190,7353,4779066450,124218,5202584,124218,0.19473828269655,0.0591943196638168,38473.2200647249,41.8826901093239
2014,597,797,89219,16489,4098,3721085000,89219,3743193,89219,0.184814893688564,0.0459319203308712,41707.3157062957,41.9551104585346
2014,598,271,28696,6139,3678,1495623200,28696,1457403,28696,0.213932255366602,0.128171173682743,52119.5706718707,50.787670755506
2014,599,591,70440,20815,11708,2019447700,70440,2906158,70440,0.295499716070415,0.166212379329926,28669.0474162408,41.2572118114708
2014,614,500,52600,12863,1285,3800647600,52600,3161288,52600,0.244543726235741,0.0244296577946768,72255.6577946768,60.1005323193916
2014,615,91,8165,1850,130,468853800,8165,386275,8165,0.226576852418861,0.0159216166564605,57422.3882424985,47.3086344151868
2014,616,672,65836,13483,492,4083740800,65836,3508118,65836,0.204796767725864,0.00747311501306276,62028.9932559694,53.2857099459262
2014,617,823,86801,30333,2045,4848903300,86801,4848102,86801,0.349454499372127,0.0235596364097188,55862.2976693817,55.8530662089147
2014,628,8738,856088,95484,22485,48026388150,856088,38849453,856088,0.11153526273,0.0262648232424704,56099.8263613087,45.3802097447926
2014,634,558,52252,5514,1223,2779233600,52252,2320650,52252,0.105527061165123,0.0234058026487024,53189.0377401822,44.4126540610886
2014,637,3532,357621,58681,11139,16085349950,357621,15507418,357621,0.164087120163525,0.031147499727365,44978.7622930421,43.36271639529
2014,643,118,12833,1980,365,670961300,12833,597548,12833,0.154289721810956,0.0284422972025247,52284.0567287462,46.5633912569158
2014,649,80,7621,880,755,235007000,7621,295816,7621,0.115470410707256,0.0990683637317937,30836.7668285002,38.8159034247474
2014,657,497,52154,9198,11721,1456370350,52154,2212045,52154,0.1763623116156,0.224738275108333,27924.4228630594,42.4137170686812
2014,658,120,12057,2306,1745,302282300,12057,490321,12057,0.191258190262918,0.144729202952642,25071.1039230323,40.6669154847806
2014,666,585,60902,7111,18920,1275385850,60902,2252468,60902,0.116761354306919,0.310663032412729,20941.6086499622,36.9851236412597
2014,668,293,30711,2585,9524,690421340,30711,1245503,30711,0.0841717951222689,0.310116896226108,22481.2392953665,40.5555989710527
2014,669,109,13106,583,2600,277886300,13106,545237,13106,0.0444834426980009,0.198382420265527,21202.9833663971,41.6020906455059
2014,675,306,32375,5215,6171,918756980,32375,1303825,32375,0.161081081081081,0.190610038610039,28378.593976834,40.2725868725869
2014,677,527,56513,9191,3353,2095164300,56513,2104577,56513,0.162635145895635,0.0593314812521013,37074.0236759684,37.2405818130342
2014,678,6380,697389,239750,18215,29043253920,697389,26137296,697389,0.343782308008873,0.0261188518889744,41645.7012083643,37.4787901730598
2014,679,191,18753,2639,796,501679000,18753,698732,18753,0.140724150802538,0.0424465418866315,26751.9330240495,37.2597451074495
2014,686,2131,249423,69477,3852,6822719690,249423,9814840,249423,0.278550895466737,0.0154436439301909,27354.0118192789,39.3501802159384
2014,687,1871,222787,63285,12527,4540575100,222787,8018964,222787,0.28406056008654,0.0562285950257421,20380.7901717784,35.9938596058118
2014,688,766,85931,23229,2811,2041777200,85931,3203832,85931,0.270321537047166,0.0327122924206631,23760.6591334908,37.2837741909206
2014,694,931,86020,11884,651,4077095000,86020,3608909,86020,0.13815391769356,0.0075680074401302,47397.0588235294,41.9543013252732
2014,695,505,44715,4142,625,3662499000,44715,1969142,44715,0.0926311081292631,0.0139774125013977,81907.6148943308,44.0376160125238
2014,696,765,74940,6621,670,4459832930,74940,3218278,74940,0.0883506805444356,0.00894048572191086,59512.0487056312,42.9447291166266
2014,699,443,40640,4841,515,2617427600,40640,1882061,40640,0.119119094488189,0.0126722440944882,64405.2066929134,46.3105561023622
2014,706,1399,145903,34347,992,4743974090,145903,6160195,145903,0.235409827076894,0.00679903771683927,32514.5753685668,42.2211674879886
2014,707,76,8518,1313,0,360678500,8518,385082,8518,0.154144165297018,0,42343.09697112,45.2080300540033
2014,713,90,8348,1412,311,313861000,8348,351362,8348,0.169142309535218,0.0372544321993292,37597.1490177288,42.08936272161
2014,719,400,39926,7525,432,1421954900,39926,1707912,39926,0.188473676301157,0.0108200170315083,35614.7598056404,42.776937334068
2014,726,3873,405805,78596,3253,13913614060,405805,17382644,405805,0.193679230172127,0.00801616539963776,34286.4530008255,42.8349675336677
2014,727,355,34818,10049,3390,832158960,34818,1413891,34818,0.288615084151876,0.0973634327072204,23900.2515940031,40.6080475616061
2014,729,184,19130,5276,687,468197530,19130,772184,19130,0.275797177208573,0.0359121798222687,24474.5180345008,40.3650810245687
2014,733,301,25320,3279,6198,658393780,25320,1020587,25320,0.129502369668246,0.24478672985782,26002.9139020537,40.3075434439179
2014,736,1946,207986,34605,7808,7221190860,207986,8231636,207986,0.166381391055167,0.0375409883357534,34719.6006461973,39.577836969796
2014,738,106,12262,3376,64,337016600,12262,507586,12262,0.275322133420323,0.00521937693687816,27484.6354591421,41.39504159191
2014,739,66,6435,1062,936,168849000,6435,254705,6435,0.165034965034965,0.145454545454545,26239.1608391608,39.5811965811966
2014,743,107,11584,3205,292,275400400,11584,440586,11584,0.276674723756906,0.025207182320442,23774.205801105,38.0340124309392
2014,744,1720,181430,19826,15465,3824545490,181430,6903662,181430,0.109276304910985,0.0852394863032574,21080.0060078267,38.0513806977898
2014,747,386,45268,5967,1746,877240670,45268,1616121,45268,0.131814968631263,0.0385702924803393,19378.8254396041,35.7011796412477
2014,748,1599,194470,35991,17874,3749329584,194470,7110985,194470,0.185072247647452,0.0919113487941585,19279.7325242968,36.5659741862498
2014,749,176,17957,4054,833,562985100,17957,715936,17957,0.225761541460155,0.0463885949768892,31351.8460767389,39.8694659464276
2014,753,74,8101,2085,0,230670350,8101,319197,8101,0.257375632637946,0,28474.3056412789,39.4021725712875
2014,754,2184,260386,57098,1113,6406274010,260386,10441433,260386,0.21928214266512,0.00427442335609441,24602.9894464372,40.0998248753773
2014,755,395,42299,8236,635,1498407900,42299,1823679,42299,0.194709094777654,0.0150121752287288,35424.1920612781,43.113997966855
2014,756,844,88630,21849,2068,3187410090,88630,3820365,88630,0.246519237278574,0.0233329572379555,35963.1060588965,43.1046485388695
2014,757,526,55102,11764,1179,2864291720,55102,2406779,55102,0.213494972959239,0.0213966825160611,51981.6289789844,43.6786142063809
2014,759,1192,135800,32444,7984,4644495830,135800,5728579,135800,0.238910162002946,0.0587923416789396,34201.0002209131,42.1839396170839
2014,763,87,8096,2165,188,224135870,8096,326971,8096,0.267416007905138,0.0232213438735178,27684.7665513834,40.3867341897233
2014,765,263,27371,5154,17,944577820,27371,1098104,27371,0.188301486975266,0.00062109531986409,34510.1684264367,40.1192503014139
2014,766,351,37421,10118,269,1565529190,37421,1627245,37421,0.270382940060394,0.00718847705833623,41835.5786857647,43.4848079955105
2014,769,739,74462,19064,1235,1827094000,74462,2826199,74462,0.256023206467729,0.016585640998093,24537.2673309876,37.9549166017566
2014,773,41,4157,2283,523,56732170,4157,106956,4157,0.549194130382487,0.125811883569882,13647.3827279288,25.7291315852778
2014,774,299,35179,13617,1585,1091163410,35179,1306867,35179,0.387077517837346,0.045055288666534,31017.4652491543,37.1490662042696
2014,779,12358,1314559,289729,19251,43090399320,1314559,54022563,1314559,0.220400149403716,0.0146444549084522,32779.3574270915,41.0955788214907
2014,783,5674,604031,143421,27188,23288092390,604031,26325688,604031,0.237439800275151,0.0450109348692368,38554.4655655091,43.5833392656999
2014,785,10411,1131792,270314,21378,33501333250,1131792,46119281,1131792,0.238837171494409,0.0188886297128801,29600.2562750046,40.7489017416628
2014,799,7266,762586,150534,11683,30728956490,762586,32359166,762586,0.197399375283575,0.0153202392910439,40295.7259771357,42.4334645535061
2014,803,1936,205673,32306,6068,10312859400,205673,9132561,205673,0.157074579551035,0.029503143339184,50142.0186412412,44.403305246678
2014,804,34446,3745439,599453,326782,134914517362,3745439,168059936,3745439,0.160048795348155,0.0872479834807082,36021.0157906723,44.8705574967314
2014,808,4653,483060,31714,6194,13274109050,483060,17127704,483060,0.0656522999213348,0.0128224237154805,27479.2138657724,35.4566803295657
2014,809,3128,386388,53482,108847,8269672660,386388,15965158,386388,0.138415271695808,0.281703883143369,21402.5090323716,41.3189798855037
2014,813,684,85406,34669,1007,1674987920,85406,2969367,85406,0.40593166756434,0.0117907406973749,19612.0637894293,34.7676626934876
2014,823,491,50577,10017,0,3325609700,50577,2519495,50577,0.19805445162821,0,65753.3997666924,49.8150345018487
2014,824,620,65004,6787,88,4712947140,65004,3269828,65004,0.104408959448649,0.00135376284536336,72502.4173896991,50.3019506491908
2014,829,597,60322,14313,4515,3908774400,60322,3336696,60322,0.237276615496834,0.0748483140479427,64798.4881137893,55.314744206094
2014,844,3385,322802,49747,19466,15058383980,322802,14507403,322802,0.15410994975248,0.0603032199304837,46648.9798080557,44.9421100241015
2014,848,723,77016,14359,1273,4111835200,77016,3591498,77016,0.186441778331775,0.0165290329282227,53389.363249195,46.6331411654721
2014,853,329,30186,6001,5330,1107630430,30186,1360863,30186,0.19880076856821,0.176571920757967,36693.5145431657,45.082587954681
2014,859,307,27447,7576,2013,1547376840,27447,1440399,27447,0.276022880460524,0.0733413487812876,56376.9023937042,52.4792873538092
2014,865,202,25310,7784,1323,509863280,25310,976288,25310,0.307546424338206,0.0522718293164757,20144.7364677993,38.5732121691031
2014,866,415,51762,20199,2200,1246540300,51762,1962762,51762,0.390228352845717,0.0425022217070438,24082.1509988022,37.918975310073
2014,869,14933,1786344,431834,379228,48317864650,1786344,71146434,1786344,0.241741792174408,0.212292817060992,27048.4658330087,39.8279581088525
2014,874,399,46358,16660,770,1043692530,46358,1762270,46358,0.359377022304672,0.016609862375426,22513.7523189094,38.0143664523923
2014,875,780,89139,24202,10561,2337925230,89139,3439154,89139,0.271508542837591,0.118477882857111,26227.8601958739,38.5819226152414
2014,878,250,24670,7632,288,585868240,24670,957491,24670,0.309363599513579,0.011674098094852,23748.2059181192,38.8119578435347
2014,883,218,21990,6296,260,821593200,21990,890145,21990,0.28631195998181,0.0118235561618918,37362.1282401091,40.4795361527967
2014,885,810,94913,42404,961,1901633880,94913,3413172,94913,0.446767039288612,0.0101250618987915,20035.5470799574,35.961059075153
2014,887,2927,363982,116918,27963,7272607870,363982,13068081,363982,0.3212191811683,0.0768252276211461,19980.6800061542,35.903096856438
2014,888,3723,456128,123744,3388,8761013090,456128,16843769,456128,0.271292268836818,0.00742773958187176,19207.3564657289,36.9277242353024
2014,889,19515,2194467,680001,47481,53634686690,2194467,80151963,2194467,0.309870688417734,0.021636689000108,24440.8718335705,36.5245697474603
2014,905,10508,996208,520416,0,43875553402,996208,50245914,996208,0.522396929155357,0,44042.5628001381,50.4371717552961
2015,4,10665,1036473,31776,283704,165909735820,1036473,50120832,1036473,0.0306578174250559,0.273720588958902,160071.449830338,48.3571033688287
2015,7,11006,1126131,145535,34845,111668415510,1126131,50017726,1126131,0.129234520672995,0.0309422260820455,99161.1238035362,44.4155484575063
2015,8,4638,447363,51954,19775,36154345150,447363,19821732,447363,0.116133877857579,0.0442034768186015,80816.5743479009,44.3079378491292
2015,13,10948,1140025,211917,64904,104991362110,1140025,50958572,1140025,0.185888028771299,0.0569320848227013,92095.6664195961,44.6995215017215
2015,14,8787,834448,84082,31860,56502559660,834448,36680696,834448,0.100763618583782,0.0381809291891166,67712.4993528656,43.9580369298027
2015,15,6179,622376,55001,25429,50820066840,622376,27346166,622376,0.0883726236230189,0.0408579379667596,81654.9269894726,43.9383363111688
2015,17,8967,1081195,292009,187720,43642185970,1081195,48776578,1081195,0.27007986533419,0.173622704507513,40364.7685847604,45.1135808064225
2015,18,4847,521238,58031,112278,30151685360,521238,21432204,521238,0.111333018697793,0.21540639784513,57846.2916364502,41.1178847282815
2015,19,317,30815,3994,4778,1769666500,30815,1360459,30815,0.129612201849749,0.155054356644491,57428.7360051923,44.1492454973227
2015,21,4837,494399,100645,27599,26903625440,494399,20175966,494399,0.203570395571188,0.0558233329759971,54416.8281893774,40.8090752610746
2015,22,65848,6711014,670215,985287,574826141562,6711014,304397913,6711014,0.0998679186185575,0.146816412542129,85654.1413208198,45.3579612559294
2015,23,18784,1867111,318727,134227,126470922250,1867111,77374068,1867111,0.170705973024635,0.071890208991324,67736.156152473,41.4405292454493
2015,24,987,107193,18981,431,7337074600,107193,4505950,107193,0.177073129775265,0.00402078493931507,68447.3295830885,42.0358605505957
2015,25,10081,1062261,200971,91533,97345210260,1062261,45863319,1062261,0.189191733481696,0.0861680886335844,91639.6349484731,43.1751885835967
2015,26,7380,742480,115164,190562,60832013690,742480,31364120,742480,0.15510720827497,0.256656071544015,81930.844857774,42.2423768990411
2015,27,8664,911798,184012,27878,56173310020,911798,38065081,911798,0.201812243501302,0.0305747544960616,61607.1871401341,41.7472740672824
2015,28,94,10188,1499,1936,480103400,10188,448317,10188,0.147133882999607,0.190027483313702,47124.4012563801,44.0044169611307
2015,29,1810,196707,48410,13111,7738359070,196707,7560246,196707,0.246102070592302,0.066652432297783,39339.5205559538,38.4340465768885
2015,33,4521,444758,53751,12812,29657701800,444758,19101721,444758,0.120854487159309,0.0288066768894545,66682.7843456442,42.9485720324311
2015,34,337,39735,10929,11299,2173422530,39735,1627972,39735,0.275047187617969,0.284358877563861,54697.937083176,40.9707310934944
2015,35,827,80354,7036,11239,4042068350,80354,3279344,80354,0.0875625357791771,0.139868581526744,50303.2624387087,40.8112103940065
2015,36,2268,227499,31503,1705,17113237320,227499,9653228,227499,0.138475333957512,0.00749453843753159,75223.3518389092,42.4319579426723
2015,37,2764,283288,48385,10996,20317294490,283288,11887576,283288,0.170797915901838,0.0388156222642682,71719.5733317331,41.9628646465787
2015,43,1697,162223,21503,35249,13005261280,162223,7021520,162223,0.13255210420224,0.21728731437589,80169.034477232,43.2831349438736
2015,44,1150,114636,22247,1467,11715296800,114636,4915733,114636,0.194066436372518,0.012797027111902,102195.617432569,42.8812327715552
2015,45,401,41845,11053,962,3486527600,41845,1827672,41845,0.264141474489186,0.0229896044927709,83320.0525749791,43.6771896283905
2015,47,384,47157,14172,710,6343735700,47157,2350543,47157,0.300528023411158,0.0150560892338359,134523.733486015,49.8450495154484
2015,48,612,64402,14676,148,7052509800,64402,2839513,64402,0.227881121704295,0.00229806527747586,109507.620881339,44.0904475016304
2015,53,2997,295368,61426,16703,25010658260,295368,12681952,295368,0.207964302158663,0.0565497955093307,84676.262357466,42.9361068226754
2015,55,2433,255993,39444,5926,24635328700,255993,11231322,255993,0.154082338188935,0.023149070482396,96234.3841433164,43.8735512299165
2015,56,1915,191122,39316,2638,14661684400,191122,8462906,191122,0.205711535040445,0.0138027019390756,76713.7451470788,44.2801247370789
2015,57,2327,240506,56318,2480,20007281210,240506,10614302,240506,0.234164636225292,0.0103115930579694,83188.2830781768,44.1332108138674
2015,59,5676,566771,102450,16024,52797498520,566771,24516812,566771,0.180760836387183,0.0282724416033989,93154.9047498902,43.256997976255
2015,64,22645,2360615,457013,105073,164438071660,2360615,97800926,2360615,0.193599125651578,0.0445108583991884,69658.9963462911,41.4302738904904
2015,65,2518,265880,52489,3280,18167443400,265880,11302940,265880,0.19741612757635,0.0123363923574545,68329.4847299534,42.511433729502
2015,66,257,27065,8127,923,3429552900,27065,1134688,27065,0.300277110659523,0.0341030851653427,126715.422131905,41.9245520044338
2015,68,494,49967,13442,907,4461742400,49967,2078658,49967,0.269017551584045,0.0181519803070026,89293.7818960514,41.6006164068285
2015,69,80,7639,964,204,883522200,7639,347604,7639,0.126194528079592,0.0267050661081293,115659.405681372,45.5038617620107
2015,73,772,82149,19318,846,6307422500,82149,3496172,82149,0.235158066440249,0.0102983602965343,76780.2712145005,42.5589112466372
2015,74,86,9151,2341,0,769921000,9151,380655,9151,0.25581903617091,0,84135.1764834444,41.5970932138564
2015,75,696,66507,12542,3223,6269524900,66507,2763830,66507,0.188581653059076,0.0484610642488761,94268.6469093479,41.5569789646203
2015,76,2148,210867,43469,3687,16386769700,210867,9007830,210867,0.206144157217583,0.0174849549716172,77711.3996025931,42.7180639929434
2015,77,240,20894,5823,1030,1195662600,20894,940576,20894,0.27869244759261,0.0492964487412654,57225.165119173,45.0165597779267
2015,78,764,72460,16049,1274,4538148700,72460,3032208,72460,0.221487717361303,0.017582114269942,62629.7088048579,41.8466464256141
2015,79,221,19039,3418,831,1101919700,19039,806177,19039,0.179526235621619,0.0436472503807973,57876.9735805452,42.3434529124429
2015,83,1400,146002,21011,1872,12932340500,146002,6482319,146002,0.143908987548116,0.0128217421679155,88576.4612813523,44.3988370022328
2015,84,8293,809801,63495,152592,169112560900,809801,42175527,809801,0.0784081521262631,0.188431478844803,208832.245082434,52.0813471457803
2015,85,1406,138873,8511,76236,19561979050,138873,5496848,138873,0.0612862111425547,0.548962001252943,140862.36381442,39.5818337617824
2015,86,765,68540,9330,20209,6036263470,68540,3105004,68540,0.136124890574847,0.294849722789612,88069.2073241903,45.3020717829005
2015,87,347,33654,3228,14324,3176231900,33654,1343369,33654,0.0959172758067392,0.425625482854936,94379.030724431,39.91706780769
2015,88,78,6934,118,3727,921553000,6934,303739,6934,0.017017594462071,0.537496394577445,132903.518892414,43.8042976636862
2015,89,782,76036,5550,53962,4033899710,76036,2875584,76036,0.0729917407543795,0.709690146772581,53052.4976327003,37.8187174496291
2015,95,30941,3113789,493018,28654,195358521200,3113789,118838062,3113789,0.158333785622597,0.0092022934116602,62739.8070967558,38.1650978919895
2015,96,2809,280818,61921,10277,27561499710,280818,10665883,280818,0.220502247006958,0.0365966569094574,98147.1975087067,37.9814791074646
2015,97,869,88384,17555,4938,3949873120,88384,3195317,88384,0.198621922519913,0.0558698406951485,44689.9112961622,36.152663377987
2015,98,983,99204,15053,35,5474008200,99204,3766553,99204,0.151737833151889,0.000352808354501835,55179.3093020443,37.9677533163985
2015,99,1307,128706,25024,8253,6939495200,128706,4657874,128706,0.194427610212422,0.0641228847139994,53917.4179913912,36.1900299908318
2015,103,3214,319004,72716,20504,18084601470,319004,11932158,319004,0.227946984990784,0.0642750561121491,56690.8298015072,37.4044149916616
2015,104,1710,159945,29929,13007,8730058200,159945,5899862,159945,0.187120572696865,0.0813217043358655,54581.6261840008,36.8868173434618
2015,105,1736,182970,45375,24041,7682869120,182970,6734892,182970,0.247991474012133,0.131393124555938,41989.7749357818,36.808722741433
2015,106,896,92667,19289,847,8213560960,92667,3854063,92667,0.208153927503858,0.00914025489116946,88635.231096291,41.5904583077039
2015,154,13939,1338845,311570,10222,73395934770,1338845,50821614,1338845,0.232715512251232,0.00763493907061684,54820.3375073291,37.959296259089
2015,155,5134,563477,170059,10394,13019893110,563477,20008440,563477,0.301802912984913,0.0184461832514903,23106.3434887316,35.5088850121655
2015,156,35858,3373822,564548,22143,157346253800,3373822,139491365,3373822,0.16733188650735,0.00656317968167852,46637.3904136021,41.345205822951
2015,157,7599,767334,149095,3630,38669063780,767334,32624484,767334,0.194302611379139,0.00473066487344494,50394.0445490491,42.516666796988
2015,158,2370,252158,45774,1724,11237265370,252158,10257911,252158,0.181529041315366,0.00683698316135122,44564.3817368475,40.6804900102317
2015,159,18888,1867134,467689,161210,44364672732,1867134,59328269,1867134,0.250484967870544,0.0863408839429843,23760.8402674902,31.7750461402342
2015,163,7205,751739,153628,49174,30306290420,751739,28588813,751739,0.204363482538487,0.0654136608583564,40314.9103877809,38.0302378884161
2015,164,1682,150421,21864,167,6415998550,150421,5377616,150421,0.145352045259638,0.00111021732337905,42653.6092035022,35.7504337825171
2015,165,459,41626,10693,1936,1789986180,41626,1592185,41626,0.256882717532312,0.0465093931677317,43001.6379186086,38.2497717772546
2015,166,2935,301990,81995,30912,23523230860,301990,12599566,301990,0.271515613099772,0.102361005331302,77894.0721878208,41.7217987350575
2015,167,1768,165994,15061,52599,9210287800,165994,6483150,165994,0.0907321951395834,0.316872899020447,55485.6669518175,39.0565321638132
2015,169,356,35340,10096,4038,1892683050,35340,1391398,35340,0.28568194680249,0.114261460101868,53556.396434635,39.3717600452745
2015,173,223,21076,3843,475,1475642900,21076,867373,21076,0.18234010248624,0.0225374833934333,70015.3207439742,41.1545359650788
2015,174,7721,802709,148813,13336,34285770670,802709,32108671,802709,0.185388478265474,0.0166137417171104,42712.5778706854,40.0003874380379
2015,175,3835,404442,126985,75096,7897097570,404442,12117277,404442,0.313975798754828,0.185678045306867,19525.9087087889,29.9604813545576
2015,176,5275,466320,53682,26403,18737188500,466320,19442268,466320,0.115118373648996,0.0566199176531137,40180.9669325785,41.6929747812661
2015,178,10165,999059,89792,247866,133861716760,999059,46359961,999059,0.0898765738559985,0.248099461593359,133987.799279122,46.4036268128309
2015,183,2068,206524,40270,86584,9321899970,206524,7595760,206524,0.194989444326083,0.419244252483973,45137.1267746122,36.7790668396893
2015,184,550,53563,11197,3823,3463607490,53563,2120531,53563,0.209043556186173,0.0713738961596625,64664.1803110356,39.5894740772548
2015,185,7737,812938,184422,185755,37575419220,812938,31844404,812938,0.226858628825323,0.228498360268557,46221.7527289904,39.171995896366
2015,186,1612,173249,39704,87594,4086161930,173249,5160961,173249,0.229173039959827,0.505595991896057,23585.4863808738,29.7892686249271
2015,187,1779,193254,46868,53215,12062352430,193254,7988823,193254,0.242520206567523,0.275362993780206,62417.0906164944,41.3384612996367
2015,188,1824,184984,37988,95548,6547956290,184984,7021426,184984,0.205358301258487,0.516520347705748,35397.4197227868,37.9569368161571
2015,189,1504,162988,41153,95675,3569674900,162988,5505608,162988,0.252490980931112,0.587006405379537,21901.4583895747,33.779223010283
2015,193,174,21121,12786,4937,524562960,21121,669292,21121,0.605369063964774,0.233748402064296,24836.0854126225,31.6884617205625
2015,194,1277,140311,33850,45792,4008157794,140311,4574165,140311,0.241249795098032,0.326360727241628,28566.2406653791,32.6001881534591
2015,195,3028,309589,84312,51811,15317054630,309589,12302131,309589,0.272335257389636,0.167354137259399,49475.4485139976,39.7369770889793
2015,198,410,47315,9695,14390,1818240800,47315,1622350,47315,0.204903307619148,0.304131882066998,38428.4222762338,34.2882806720913
2015,199,2559,268255,90441,39602,8374425930,268255,8315490,268255,0.337145626362976,0.147628189595721,31218.1541070996,30.99845296453
2015,203,2928,307839,63645,1031,13938492100,307839,11910190,307839,0.20674768304211,0.00334915329116844,45278.5127940255,38.6896721987792
2015,204,1777,175503,28809,5053,8518413880,175503,5522465,175503,0.16415104015316,0.0287915306291061,48537.1411314906,31.4664991481627
2015,205,1633,169184,23408,2438,6593541460,169184,6650601,169184,0.138358237185549,0.0144103461320219,38972.606511254,39.3098697276338
2015,206,3305,333139,62971,6537,17816203320,333139,12854907,333139,0.189023200525907,0.0196224398824515,53479.7886767986,38.5872173477137
2015,207,7588,791296,159121,9699,28544092630,791296,29911924,791296,0.201089099401488,0.0122571073277257,36072.5855179351,37.8011818586218
2015,208,4188,448981,125424,11944,21038425720,448981,19148316,448981,0.279352578394186,0.0266024620195509,46858.1648666647,42.648388239146
2015,214,5699,570528,158309,10631,26784794688,570528,22458067,570528,0.277478055415335,0.0186336165797297,46947.3797745247,39.363654369286
2015,217,1533,148485,31385,11132,7163430800,148485,6019667,148485,0.211368151665151,0.0749705357443513,48243.4643229956,40.5405731218642
2015,218,892,90032,18068,7476,4557693000,90032,3779901,90032,0.200684201172916,0.0830371423493869,50623.0340323441,41.9839723653812
2015,223,624,57407,14152,1236,2813805510,57407,2354437,57407,0.246520459177452,0.0215304753775672,49015.0244743672,41.0130646088456
2015,224,680,68033,16588,26,3741682000,68033,2888338,68033,0.243822850675408,0.000382167477547661,54998.0450663649,42.4549556832714
2015,225,194,20969,4543,794,1562409200,20969,977669,20969,0.216653154656874,0.0378654203824694,74510.4296819114,46.6244932996328
2015,226,1268,121907,10104,3361,15328597900,121907,5430534,121907,0.0828828533226148,0.0275701969534153,125740.09613886,44.5465313722756
2015,227,310,36094,6332,0,3383955500,36094,1503775,36094,0.175430819526791,0,93753.9618773203,41.6627417299274
2015,228,974,101506,29997,17743,4539974660,101506,3972851,101506,0.295519476681181,0.174797548913365,44726.1704726814,39.1390755226292
2015,229,15321,1600071,301121,71099,148698662710,1600071,67509839,1600071,0.188192273967843,0.0444349032011704,92932.5403122736,42.1917771148905
2015,233,919,91203,16661,1205,4054490790,91203,3954522,91203,0.182680394285276,0.0132122846836179,44455.6734975823,43.3595605407717
2015,234,5082,546428,107376,32830,27180813264,546428,21514180,546428,0.196505303534958,0.0600811085815515,49742.7168153901,39.3723967293038
2015,243,37736,4055432,790599,619505,216693938600,4055432,178797533,4055432,0.194948158420607,0.152759311461763,53433.0099974553,44.0884061180165
2015,253,4720,506167,86532,104351,29554909040,506167,21055554,506167,0.170955435656611,0.206159232032116,58389.6402570693,41.5980378017532
2015,254,7314,776695,76939,380177,39210756720,776695,32805183,776695,0.0990594763710337,0.489480426679713,50484.1111633267,42.2368922163784
2015,255,2113,227499,39207,23931,29503910080,227499,10256443,227499,0.17233921907349,0.105191671172181,129688.08689269,45.0834641031389
2015,256,1447,154883,36593,14700,10612164720,154883,6474466,154883,0.236262210830111,0.0949103516848201,68517.2983477851,41.8023023830892
2015,258,328,32963,4288,616,3626078700,32963,1502600,32963,0.130085247095228,0.018687619452113,110004.511118527,45.584443163547
2015,274,24344,2574858,505055,201754,172723270974,2574858,108633625,2574858,0.196148680820457,0.0783553889185345,67080.6976439089,42.1901421359935
2015,275,28625,3262659,1156094,199126,86590421696,3262659,110469930,3262659,0.354341045141402,0.0610318148479507,26539.8319885713,33.8588648093472
2015,276,27758,3255064,1243695,35542,43685344610,3255064,94150279,3255064,0.382080045123537,0.010918986539128,13420.7329287535,28.9242481868252
2015,277,1218,137164,21847,65959,2071570160,137164,3990719,137164,0.159276486541658,0.480876906476918,15102.8707240967,29.0945073051238
2015,283,371,43123,13653,6911,838203020,43123,1098718,43123,0.316605987524059,0.160262504927765,19437.4932170767,25.4787004614707
2015,303,12776,1290511,172836,38625,68027993240,1290511,53691453,1290511,0.133928343113697,0.0299300044710971,52713.9971995589,41.6048007339728
2015,308,842,87833,16617,3140,3643439060,87833,3471245,87833,0.189188573770678,0.0357496612890372,41481.4370453019,39.5209659239694
2015,313,31505,2992321,476709,111930,101629038860,2992321,110995745,2992321,0.159310782499605,0.0374057462417969,33963.280964843,37.0935287357205
2015,315,3178,283259,66262,11495,8476714350,283259,10171118,283259,0.233927253856012,0.0405812348416114,29925.6664395483,35.9074839634398
2015,316,1746,190225,57288,2531,6497112990,190225,7104017,190225,0.301159153633855,0.0133052963595742,34154.8849520305,37.3453384150348
2015,317,1163,136453,65585,462,2645329540,136453,4859347,136453,0.480641686148344,0.00338578118473027,19386.3787531238,35.6118736854448
2015,318,1687,189020,42817,15998,6517960480,189020,7301100,189020,0.226521003068458,0.0846365463972067,34482.9144005925,38.6260713152047
2015,319,9676,1096319,400604,10876,24768759600,1096319,37796734,1096319,0.365408243403608,0.00992047022809967,22592.6574290877,34.4760366280252
2015,326,1210,134974,38279,7325,4139668980,134974,5171747,134974,0.283602767940492,0.0542697112036392,30670.1215048824,38.3166165335546
2015,328,454,46252,10160,704,1719098050,46252,1765530,46252,0.219666176597769,0.0152209634177982,37168.0802992303,38.1719709417971
2015,329,1575,140085,42643,440,2430488040,140085,3588693,140085,0.304408037976943,0.00314095013741657,17350.0948709712,25.6179676624906
2015,335,2387,232520,61950,5000,6097867510,232520,7917688,232520,0.266428694305866,0.0215035265783589,26225.1312145192,34.0516428694306
2015,336,918,89312,19441,1580,3242638390,89312,3396155,89312,0.217675116445718,0.017690791830885,36306.8612280545,38.0257412217843
2015,337,11379,1073624,143132,87364,37242583280,1073624,39535526,1073624,0.133316691877231,0.0813729946424447,34688.6650074887,36.8243686802829
2015,338,1544,155929,18569,4060,6258251330,155929,6152843,155929,0.11908625079363,0.0260374914223781,40135.2623950644,39.4592603043693
2015,344,4324,464107,77256,11475,15654327520,464107,17899123,464107,0.16646161337795,0.0247249018006623,33729.9965740659,38.5668024830481
2015,346,596,63967,9872,220,2833314270,63967,2610556,63967,0.154329576187722,0.00343927337533416,44293.3742398424,40.8109806619038
2015,347,339,38511,11939,1002,922852090,38511,1346547,38511,0.310015320298097,0.0260185401573576,23963.3374879904,34.9652566799096
2015,348,557,60090,20736,1078,1613434150,60090,2213277,60090,0.345082376435347,0.01793975703112,26850.2937260776,36.8327009485771
2015,349,73,8059,2579,286,458336500,8059,321000,8059,0.320014890184886,0.0354882739794019,56872.6268767837,39.8312445712868
2015,354,1089,104025,10390,462,5111661380,104025,4170574,104025,0.0998798365777457,0.00444124008651766,49138.7779860611,40.092035568373
2015,355,3267,311545,32880,4360,14935198100,311545,12780247,311545,0.105538525734645,0.0139947680110417,47939.1359193696,41.0221541029386
2015,356,697,75600,18294,880,1864774940,75600,2634390,75600,0.241984126984127,0.0116402116402116,24666.3351851852,34.8464285714286
2015,357,1737,198440,39709,23400,6609240700,198440,7803692,198440,0.20010582543842,0.117919774239065,33305.9902237452,39.3251965329571
2015,359,2579,271982,57031,8454,10502403510,271982,11440849,271982,0.209686670441426,0.0310829393121604,38614.3329705642,42.0647285482128
2015,364,5496,616761,161567,5864,18047141190,616761,24327713,616761,0.261960467669,0.00950773476273629,29261.1581958003,39.4443114918096
2015,365,14072,1613579,580234,9548,35953427250,1613579,55844372,1613579,0.35959441713111,0.00591728077769976,22281.7892709313,34.6090101569245
2015,366,265,26251,6050,25,1116496200,26251,1033134,26251,0.230467410765304,0.000952344672583902,42531.5683212068,39.3559864386119
2015,368,695,75451,12828,395,2675134040,75451,3019286,75451,0.170017627334296,0.00523518574969185,35455.2496322116,40.0165140289724
2015,373,5090,538489,94913,10305,27810003360,538489,23087353,538489,0.176258010841447,0.0191368811619179,51644.5152268663,42.8743261236534
2015,375,6141,658800,126522,13083,29801792660,658800,26745820,658800,0.192049180327869,0.0198588342440801,45236.4794474803,40.5977838494232
2015,376,24253,2778747,915125,31836,83477484820,2778747,101242084,2778747,0.329330090144947,0.0114569624366666,30041.4124855555,36.4344375360549
2015,377,711,70645,11749,0,2960111000,70645,2823583,70645,0.166310425366268,0,41901.2102767358,39.9686177365702
2015,378,1381,164742,41754,4309,5453331100,164742,6569241,164742,0.253450850420658,0.0261560500661641,33102.2513991575,39.8759332774884
2015,379,12133,1275929,322142,36487,36754524510,1275929,44649849,1275929,0.252476430898584,0.028596418766248,28806.0891397562,34.9939918286989
2015,383,3195,335358,147403,296,7917920940,335358,12061541,335358,0.439539238664353,0.000882638851615289,23610.3535326427,35.9661645167254
2015,384,109,10692,1638,1125,269498470,10692,340224,10692,0.153198653198653,0.105218855218855,25205.6182192293,31.8204264870932
2015,385,3330,336435,85476,7033,9375595440,336435,12161321,336435,0.254063935084043,0.0209044837784416,27867.4794239601,36.1476094936615
2015,386,189,18088,3586,62,895186000,18088,717701,18088,0.198252985404688,0.00342768686421937,49490.6015037594,39.6782950022114
2015,389,7619,790630,180670,21939,33815601260,790630,30827454,790630,0.228513969872127,0.0277487573201118,42770.4504762025,38.9909995826113
2015,405,12025,1487025,217488,411553,20143599110,1487025,48171524,1487025,0.14625712412367,0.276762663707739,13546.2410584893,32.3945622972042
2015,415,681,68523,7025,1131,3890059700,68523,2888702,68523,0.102520321643828,0.016505406943654,56770.1311968244,42.1566773200239
2015,417,3387,337809,58380,743,23280368840,337809,17832329,337809,0.172819551876948,0.00219946774656685,68915.7744169042,52.7881998407384
2015,418,9477,996853,158569,7968,67496104430,996853,43568413,996853,0.159069592006043,0.00799315445707642,67709.1852359375,43.7059556424067
2015,423,4704,484465,108558,388,23130811130,484465,20560579,484465,0.224078106777579,0.000800883448752748,47745.0613150589,42.4397613862715
2015,425,426,47583,7965,185,896067710,47583,1287918,47583,0.167391715528655,0.00388794317298195,18831.6774898598,27.0667675430301
2015,426,8016,958043,299087,8827,29701726400,958043,36601026,958043,0.312185361199863,0.00921357392100355,31002.4982177209,38.2039490920554
2015,427,1649,165346,49531,285,2008131660,165346,4081101,165346,0.299559711151162,0.00172365826811656,12145.0271551776,24.6821876549781
2015,434,3349,415820,178648,5906,9591239410,415820,14007911,415820,0.429628204511568,0.0142032610264057,23065.8443797797,33.6874392766101
2015,435,17921,2214858,1057213,16497,34748611630,2214858,66239409,2214858,0.477327666152864,0.00744833303083087,15688.8665684211,29.9068423348133
2015,436,26709,3260230,1029467,104075,64545397530,3260230,118149810,3260230,0.315765145403852,0.0319225944181852,19797.8049186714,36.2397162163406
2015,439,3198,376482,134503,5499,4835731230,376482,11335396,376482,0.35726276422246,0.0146062759972588,12844.5217301226,30.1087329540323
2015,443,6114,723906,234710,5250,9150471990,723906,20225783,723906,0.324227178666844,0.00725232281539316,12640.4146256558,27.939791906684
2015,444,10712,1296840,478822,11805,16485456470,1296840,39100753,1296840,0.369222109126801,0.0091028962709355,12712.0203494649,30.1507919249869
2015,445,2689,305096,105585,4653,8735892350,305096,10670283,305096,0.346071400477227,0.0152509374098644,28633.2575648321,34.9735263654719
2015,446,7878,922468,307188,12315,25144627330,922468,34229482,922468,0.333006673402221,0.0133500565873288,27257.9941309617,37.1064166995495
2015,447,27596,3248882,850059,159275,66841396740,3248882,115019834,3248882,0.261646621822522,0.0490245567552161,20573.6609516751,35.4028967503283
2015,448,1914,219372,22299,54518,7309210800,219372,8968322,219372,0.101649253323122,0.248518498258666,33318.7954707073,40.881798953376
2015,453,20877,2285506,384300,151748,51395796730,2285506,79390045,2285506,0.168146572356406,0.0663958003173039,22487.7102619726,34.7363100337518
2015,454,478,54573,14115,803,2040950850,54573,2283192,54573,0.258644384585784,0.014714235977498,37398.5459842779,41.8373921169809
2015,455,642,70131,14486,11665,2241352000,70131,3007004,70131,0.206556301778101,0.166331579472701,31959.5043561335,42.8769588341817
2015,456,704,80049,15238,31730,2519791748,80049,3417803,80049,0.190358405476646,0.396382215892766,31478.1165036415,42.6963859635973
2015,457,736,85772,17597,44648,1159675650,85772,3434724,85772,0.205160192137294,0.520542834491443,13520.4454833745,40.0448164902299
2015,458,9522,1121777,270341,435077,18051080740,1121777,39660936,1121777,0.240993530799794,0.387846247516218,16091.5054774701,35.3554547829025
2015,459,2624,292023,104936,8021,5865647240,292023,8728454,292023,0.359341558712841,0.0274670145844677,20086.2508774994,29.8896114347158
2015,461,531,49409,22679,7414,909484240,49409,1496793,49409,0.459005444352244,0.150053633953328,18407.258596612,30.293934303467
2015,462,342,38842,11733,0,358612030,38842,873365,38842,0.302069924308738,0,9232.58405849338,22.4850677102106
2015,463,1548,167990,23472,1133,7306682830,167990,6178223,167990,0.139722602535865,0.00674444907434966,43494.7486755164,36.7773260313114
2015,464,609,76504,23485,775,2278003320,76504,2912171,76504,0.306977412945728,0.0101301892711492,29776.264247621,38.0656044128412
2015,465,3326,347984,74378,3902,14208709050,347984,13528022,347984,0.213739712170675,0.0112131592257115,40831.5010172882,38.8754138121293
2015,468,12156,1304804,418299,400377,14151618914,1304804,41043520,1304804,0.3205837811656,0.306848384891524,10845.7813694624,31.4556975607064
2015,469,5494,617094,185801,100411,8024636030,617094,17285495,617094,0.301090271498346,0.162715890933958,13003.9119323798,28.0111214823025
2015,473,6925,480167,60725,367604,11848824610,480167,25263519,480167,0.126466416892456,0.76557531025664,24676.4659170664,52.6140259534704
2015,479,8221,857374,233991,50401,17619372200,857374,36305513,857374,0.272915903677975,0.0587853142269301,20550.3924774952,42.345012794883
2015,485,1349,151780,23427,69046,5038084940,151780,6763125,151780,0.154348398998551,0.454908420081697,33193.3386480432,44.5587363288971
2015,486,10236,1234614,308954,322938,21819131040,1234614,46365697,1234614,0.250243395911597,0.261570012975715,17672.8362386948,37.5548122733097
2015,487,2110,225644,88906,53693,3598366530,225644,7577193,225644,0.394010033504104,0.237954476963713,15947.09600078,33.5802990551488
2015,488,445,50428,11654,378,984233800,50428,2005910,50428,0.231101768858571,0.00749583564686285,19517.6052986436,39.7777028634885
2015,489,124,13506,2777,98,588687900,13506,589319,13506,0.20561232045017,0.00725603435510144,43587.1390493114,43.6338664297349
2015,496,1441,127594,20016,27610,3997225860,127594,5779443,127594,0.156872580215371,0.216389485399,31327.6945624402,45.2955703246234
2015,498,408,36502,6602,24483,722812400,36502,1720130,36502,0.180866801819078,0.670730370938579,19801.9944112651,47.1242671634431
2015,503,2604,255265,19184,4896,15683136300,255265,11600050,255265,0.075153272089789,0.0191800677727068,61438.6472881124,45.4431669049811
2015,505,7405,816481,197909,143508,27662044240,816481,34764277,816481,0.242392658249243,0.175764041049332,33879.5933279525,42.5781824684224
2015,507,2867,298948,71091,16312,12718922920,298948,12999892,298948,0.237803899005847,0.0545646734549152,42545.6029811205,43.485462354657
2015,508,1357,155293,32171,2558,8971511730,155293,6700724,155293,0.207163233371755,0.0164720882460897,57771.5140411995,43.148912056564
2015,509,485,46544,9541,9603,1263649100,46544,1909861,46544,0.204988827775868,0.206320900653145,27149.5595565486,41.0334522172568
2015,514,1449,156834,29964,27513,5681730740,156834,6719528,156834,0.191055510922377,0.175427522093424,36227.6721884285,42.8448423173547
2015,516,2689,269604,62423,14449,12040735590,269604,11799566,269604,0.23153588225694,0.0535934184952746,44660.8195353185,43.7662868503435
2015,518,3850,384213,49927,7926,19027111470,384213,16854436,384213,0.129946149661776,0.0206291822504704,49522.3000523147,43.8674277028627
2015,519,319,33443,4246,136,1680369200,33443,1489793,33443,0.126962294052567,0.00406662081751039,50245.7674251712,44.5472296145681
2015,523,458,51029,12385,6226,2164981750,51029,2223892,51029,0.242705128456368,0.122009053675361,42426.4976777911,43.5809441690019
2015,525,1764,200270,52899,24282,8018536320,200270,7931918,200270,0.264138413142258,0.121246317471414,40038.6294502422,39.6061217356569
2015,526,336,35568,5390,10309,1215301500,35568,1462261,35568,0.151540710751237,0.28983918128655,34168.3957489879,41.1117015294647
2015,527,2774,307287,62225,12509,15278814450,307287,13085856,307287,0.202497990477957,0.0407078724449782,49721.6427964737,42.5851272588818
2015,533,256,28403,5674,1319,1499346900,28403,1250680,28403,0.199767630179911,0.046438756469387,52788.3286976728,44.0333767559765
2015,534,3260,364160,71527,42296,15008990900,364160,15298715,364160,0.196416410369069,0.116146748681898,41215.3748352373,42.0109704525483
2015,535,939,99701,16824,22093,3881382310,99701,3972596,99701,0.168744546193117,0.221592561759661,38930.2244711688,39.8450968395503
2015,536,223,21492,1867,6040,701213900,21492,869315,21492,0.0868695328494323,0.281034803647869,32626.7401823935,40.4483063465476
2015,539,194,19469,2954,441,1124080100,19469,845015,19469,0.15172838872053,0.0226513945246289,57736.920232164,43.4031023678669
2015,543,219,24024,2453,523,1857380400,24024,1005783,24024,0.102106227106227,0.0217698967698968,77313.5364635365,41.8657592407592
2015,544,437,43130,6241,644,2517140490,43130,1995400,43130,0.144702063528866,0.014931602133086,58361.7085555298,46.2647808949687
2015,549,7410,766101,133634,62534,30946204040,766101,31920303,766101,0.174433919287405,0.0816263129796202,40394.4180206004,41.6659200288213
2015,558,7308,721945,73495,137522,43697719270,721945,33393248,721945,0.101801383761921,0.190488195084113,60527.7677246882,46.2545595578611
2015,563,2216,285325,55569,79336,8116091380,285325,11571091,285325,0.194756856216595,0.278054849732761,28445.0762463857,40.5540734250416
2015,567,10050,1177527,207376,370106,33134447912,1177527,47994376,1177527,0.176111460713852,0.314307867250602,28139.0132982089,40.7586203968147
2015,573,1061,149200,31795,31748,3918484830,149200,5982174,149200,0.213103217158177,0.212788203753351,26263.3031501341,40.095
2015,575,7575,826146,158534,77824,40051753110,826146,35156182,826146,0.191895863443023,0.0942012670883839,48480.2360720744,42.5544419509385
2015,577,1365,136195,23375,4151,9256951770,136195,6053573,136195,0.171628914424171,0.0304783582363523,67968.3671940967,44.4478358236352
2015,579,4291,567246,108391,174927,12873266150,567246,21991780,567246,0.191082881148567,0.308379433261759,22694.3268881579,38.7693875320408
2015,584,264,35154,6804,5804,947645100,35154,1392461,35154,0.193548387096774,0.165102122091369,26956.9636456733,39.610314615691
2015,585,4707,535314,113509,73892,23122275830,535314,22637371,535314,0.212041904377618,0.138034872990432,43193.8559985354,42.2880234778093
2015,588,439,55185,11558,6471,1848393000,55185,2258221,55185,0.209440971278427,0.117260125033977,33494.482196249,40.9209205400018
2015,589,308,38036,10703,4310,1391616700,38036,1560109,38036,0.281391313492481,0.113313702807866,36586.8308970449,41.0166421285098
2015,593,581,71115,15694,1683,2770729480,71115,3046209,71115,0.220684806299655,0.0236658932714617,38961.2526189974,42.8349715249947
2015,594,105,13211,4487,987,387091700,13211,605341,13211,0.339641208084172,0.0747104685489365,29300.7115282719,45.8209825145712
2015,595,1488,213276,51523,38487,5479981930,213276,8725483,213276,0.241578986852717,0.180456310133348,25694.3206455485,40.9116965809561
2015,596,1151,125443,28970,10762,5019225500,125443,5212076,125443,0.230941543171002,0.085791953317443,40012.0014668017,41.5493570785138
2015,597,741,85987,19089,3526,3768081100,85987,3675464,85987,0.221998674218196,0.041006198611418,43821.5206949888,42.7444148534081
2015,598,258,25464,4971,2771,1481623100,25464,1294701,25464,0.195216776625825,0.108820295318882,58185.0102104932,50.8443685202639
2015,599,754,92810,21209,19036,2671853200,92810,3755177,92810,0.228520633552419,0.20510720827497,28788.419351363,40.4609093847646
2015,614,387,39494,11420,1694,3124974050,39494,2348578,39494,0.289157846761533,0.0428925912796881,79125.2861194106,59.4667038031093
2015,615,69,8194,2898,421,421760900,8194,397127,8194,0.353673419575299,0.0513790578472053,51471.9184769343,48.4655845740786
2015,616,612,63891,15444,748,4045073760,63891,3301623,63891,0.241724186505142,0.0117074392324428,63312.1059304127,51.6758698408227
2015,617,686,69463,21785,1729,4145823000,69463,3869001,69463,0.313620200682378,0.0248909491383902,59683.9036609418,55.6987316988901
2015,628,8695,852573,91693,23959,49671342960,852573,38673366,852573,0.107548561824032,0.0281019924393571,58260.5160613813,45.3607679342414
2015,634,572,51101,5415,448,2806348740,51101,2298531,51101,0.105966615134733,0.00876695172305826,54917.6873251013,44.9801569440911
2015,637,3324,334180,50960,7634,15009649180,334180,14406794,334180,0.152492668621701,0.0228439763001975,44914.8637859836,43.1108803638758
2015,643,132,15096,3193,71,876011890,15096,753661,15096,0.211512983571807,0.00470323264440912,58029.4044780074,49.9245495495496
2015,649,90,8973,2423,1424,260805480,8973,359566,8973,0.270032319179762,0.158698317173743,29065.5834169174,40.0719937590549
2015,657,468,44455,9081,10540,1168778100,44455,1841500,44455,0.204273984928579,0.237093690248566,26291.2630750197,41.4239118209425
2015,658,116,14457,2941,4551,311192300,14457,552435,14457,0.203430863941343,0.314795600747043,21525.3717922114,38.2122847063706
2015,666,582,60919,7118,24028,1216344750,60919,2178447,60919,0.116843677670349,0.394425384526995,19966.5908829758,35.7597301334559
2015,668,283,29827,5202,9289,732763760,29827,1185231,29827,0.174405739765984,0.311429241961981,24567.129111208,39.7368491635096
2015,669,118,11273,1791,3092,226887800,11273,478309,11273,0.158875188503504,0.274283686685,20126.6566131465,42.4296105739377
2015,675,290,29872,6444,5345,973600800,29872,1235083,29872,0.215720407070166,0.178930101767542,32592.4209962507,41.3458422603107
2015,677,531,52784,11116,3428,2019924020,52784,1957627,52784,0.21059411943013,0.0649439224007275,38267.7330251591,37.087507578054
2015,678,6172,694997,251363,8306,21535445990,694997,25714796,694997,0.361674942481766,0.0119511307243053,30986.38697721,36.9998661864727
2015,679,192,21385,3094,130,602560650,21385,811039,21385,0.14468085106383,0.0060790273556231,28176.7898059387,37.925602057517
2015,686,2078,250702,61355,4520,7006270280,250702,9933571,250702,0.244732790324768,0.0180293735191582,27946.6070474109,39.6230225526721
2015,687,1870,228803,65683,16098,4719426520,228803,8457247,228803,0.287072284891369,0.0703574690891291,20626.5937072503,36.9630074780488
2015,688,803,90622,28248,1315,2050419140,90622,3417787,90622,0.311712387720421,0.0145108251859372,22626.0636490036,37.7147602127519
2015,694,860,80310,9757,512,4091901200,80310,3309692,80310,0.121491719586602,0.00637529572904993,50951.3286016685,41.2114556095131
2015,695,527,45863,6497,43,4038198300,45863,2092184,45863,0.141661033948935,0.000937574951485947,88049.1529119334,45.6181235418529
2015,696,864,91248,8542,205,5487356440,91248,3915258,91248,0.0936130106961249,0.00224662458355252,60136.7311064352,42.90787743293
2015,699,448,45382,8435,289,2872639000,45382,2126942,45382,0.185866643162487,0.00636816358908819,63299.0833370059,46.8675245692125
2015,706,1395,143226,30859,3089,4721953700,143226,6023241,143226,0.215456690824292,0.0215673131973245,32968.5511010571,42.0541033052658
2015,707,89,8504,1812,227,370851380,8504,378162,8504,0.21307619943556,0.0266933207902164,43609.0522107244,44.4687206020696
2015,713,79,7575,1944,0,306582100,7575,325110,7575,0.256633663366337,0,40472.8844884489,42.9188118811881
2015,719,418,47421,10135,820,1781364120,47421,2019693,47421,0.213723877606967,0.0172919170831488,37564.8788511419,42.5906876700196
2015,726,3875,417982,86766,2878,14786312070,417982,17852026,417982,0.207583101664665,0.00688546396734788,35375.4756664163,42.7100353603744
2015,727,344,33633,8719,3081,837681860,33633,1349385,33633,0.259239437457259,0.0916064579430916,24906.5459518925,40.1208634376951
2015,729,168,15241,4636,398,371625030,15241,618960,15241,0.304179515779804,0.0261137720622006,24383.24453776,40.6115084312053
2015,733,293,29651,4957,9362,781417500,29651,1181936,29651,0.167178172742909,0.315739772688948,26353.8329230043,39.8615898283363
2015,736,1857,200226,37100,9528,6587338570,200226,7981152,200226,0.185290621597595,0.047586227562854,32899.516396472,39.86071738935
2015,738,88,12032,1152,0,304125200,12032,501442,12032,0.0957446808510638,0,25276.3630319149,41.6756981382979
2015,739,77,7867,1156,857,191319100,7867,302493,7867,0.146942926147197,0.10893606203127,24319.1941019448,38.4508707258167
2015,743,84,11122,3262,609,266372300,11122,426201,11122,0.293292573278187,0.0547563387879878,23950.0359647545,38.3205358748427
2015,744,1622,175268,17811,13892,3596331510,175268,6726883,175268,0.1016215167629,0.0792614738571787,20519.0423237556,38.380554351051
2015,747,319,40399,7797,1383,790832380,40399,1442442,40399,0.192999826728384,0.0342335206316988,19575.5434540459,35.7048936854873
2015,748,1515,176391,30818,17749,3455434870,176391,6401356,176391,0.174714129405695,0.100623047661162,19589.6325209336,36.2907177803856
2015,749,156,17170,4195,1110,511531100,17170,675361,17170,0.244321490972627,0.0646476412347117,29792.1432731508,39.3337798485731
2015,753,75,7902,2613,0,235825600,7902,333249,7902,0.330675778283979,0,29843.7863831941,42.1727410782081
2015,754,2210,254145,59152,1937,6507156530,254145,10163843,254145,0.232749021228039,0.00762163331956167,25604.1099765882,39.9922996714474
2015,755,361,37491,10326,75,1412047800,37491,1598590,37491,0.275426102264544,0.00200048011522765,37663.6472753461,42.6393000986904
2015,756,825,90792,24498,1096,3466244470,90792,3858562,90792,0.269825535289453,0.0120715481540224,38177.8622565865,42.4989206097454
2015,757,525,52401,11096,965,2719968100,52401,2275551,52401,0.211751684128166,0.0184156790900937,51906.7975801989,43.4257170664682
2015,759,1334,149902,37185,11138,5132259460,149902,6349642,149902,0.248062067217249,0.0743018772264546,34237.4315219277,42.3586209656976
2015,763,88,9180,2160,316,287697100,9180,394197,9180,0.235294117647059,0.0344226579520697,31339.5533769063,42.9408496732026
2015,765,212,21635,4732,80,799224440,21635,904346,21635,0.218719667205916,0.00369771204067483,36941.27293737,41.8001386642015
2015,766,354,37496,5687,989,1501739800,37496,1645939,37496,0.151669511414551,0.0263761467889908,40050.6667377854,43.8963889481545
2015,769,702,74909,15793,1802,2009932120,74909,2946662,74909,0.210829139355752,0.0240558544367166,26831.650669479,39.336555020091
2015,773,37,2773,931,177,38259900,2773,78343,2773,0.335737468445727,0.0638297872340426,13797.2953479986,28.2520735665344
2015,774,237,26980,10079,753,928552200,26980,1008098,26980,0.373573017049666,0.0279095626389918,34416.3157894737,37.3646404744255
2015,779,13027,1392366,307687,18626,47940980760,1392366,57100247,1392366,0.220981408623882,0.0133772298375571,34431.3066822947,41.0095097122452
2015,783,5706,611546,157207,28155,24379578710,611546,26557314,611546,0.257064881464354,0.0460390551160501,39865.4863411747,43.4265190190108
2015,785,10468,1168653,287516,16569,36546806430,1168653,47813230,1168653,0.246023413280075,0.014177861178639,31272.5902641759,40.9131110774541
2015,799,7223,758153,155589,14597,31489170470,758153,32051768,758153,0.205221109723235,0.0192533697024215,41534.0577297722,42.2761210468072
2015,803,2017,211246,31822,8278,10526053500,211246,9460875,211246,0.150639538736828,0.0391865408102402,49828.4156859775,44.7860551205703
2015,804,34824,3853193,635401,347971,143070053418,3853193,172696350,3853193,0.164902458817921,0.090307181602375,37130.2588315716,44.8190241184389
2015,808,4767,514298,34295,7524,14426909990,514298,18318109,514298,0.0666831292363571,0.0146296505139044,28051.6548576895,35.6176944106335
2015,809,3430,425784,58271,132082,8825177900,425784,17406491,425784,0.13685577663792,0.310208932228548,20726.8894556865,40.8810359243184
2015,813,615,74411,27905,381,1612437040,74411,2527381,74411,0.375011759014124,0.00512021072153311,21669.3370603809,33.9651530015724
2015,823,502,52856,9845,279,3541725400,52856,2563476,52856,0.186260784016952,0.00527849250794612,67007.0644770698,48.4992432268806
2015,824,636,61849,7179,589,4511675300,61849,3017762,61849,0.116073016540284,0.00952319358437485,72946.616760174,48.7924137819528
2015,829,673,69479,15357,4080,4470105200,69479,3834290,69479,0.221030815066423,0.0587227795448985,64337.5005397314,55.1863152895119
2015,844,3430,320847,47653,15628,15250279230,320847,14488907,320847,0.148522504495912,0.0487085744918918,47531.3131492581,45.158305983849
2015,848,707,71540,11400,735,4165054100,71540,3342728,71540,0.159351411797596,0.0102739726027397,58219.9343024881,46.7253005311714
2015,853,352,32811,5576,6210,1182590500,32811,1488180,32811,0.169943006918412,0.189265795007772,36042.5009905215,45.3561305659687
2015,859,292,26867,4902,1869,1410548800,26867,1291397,26867,0.182454311981241,0.0695648937358097,52501.1649979529,48.0662895001303
2015,865,195,22860,8103,1106,521980040,22860,892754,22860,0.354461942257218,0.0483814523184602,22833.772528434,39.0531058617673
2015,866,371,44363,16920,1936,1172618370,44363,1742755,44363,0.381398913509005,0.0436399702454748,26432.3506074882,39.2839753848928
2015,869,15379,1869471,421870,409475,52168410580,1869471,74655813,1869471,0.225662767702735,0.219032549849663,27905.4398704232,39.934191544025
2015,874,384,46832,13581,1720,1102994520,46832,1784330,46832,0.289994021182098,0.0367270242569183,23552.1549367954,38.1006576699693
2015,875,873,95612,22390,11892,2501028660,95612,3662693,95612,0.234175626490399,0.124377693176589,26158.1042128603,38.3078797640464
2015,878,241,27823,9711,379,620299820,27823,1057510,27823,0.349027782769651,0.0136218236710635,22294.4980771304,38.0084821909931
2015,883,248,27904,6775,686,1136327380,27904,1138098,27904,0.242796731651376,0.0245842889908257,40722.7415424312,40.7861955275229
2015,885,781,93421,39323,1092,1799946590,93421,3328261,93421,0.420922490660558,0.0116890206698708,19267.0447757999,35.6264758459019
2015,887,2921,358225,122112,24129,6961174440,358225,13054975,358225,0.340880731383907,0.0673571079628725,19432.4082350478,36.4435061762859
2015,888,3785,464689,135585,2597,9311487670,464689,17141123,464689,0.291775789829327,0.00558868404459757,20038.1064970335,36.8873009690352
2015,889,19587,2208523,695633,39061,55713820780,2208523,81128348,2208523,0.314976570314187,0.0176864809648802,25226.7333326391,36.7342101485925
2015,905,10510,1020239,540747,0,45737200280,1020239,50990795,1020239,0.530019926703449,0,44829.8881732614,49.9792646624958
2016,4,10948,1065953,31179,288606,173871111460,1065953,51630485,1065953,0.0292498824995098,0.270749273185591,163113.299986022,48.4359863896438
2016,7,10981,1118308,142689,34782,112451842980,1118308,49758349,1118308,0.12759365040758,0.0311023438981032,100555.341623238,44.494315519517
2016,8,4833,470984,55453,20715,38510488840,470984,20927407,470984,0.117738606831655,0.0439823858135308,81766.0235591867,44.4333714096445
2016,13,11269,1163593,225846,57604,110383411530,1163593,52160875,1163593,0.194093639270776,0.0495052823452874,94864.279460258,44.8274224750407
2016,14,8988,847691,82843,33932,58586790010,847691,36949738,847691,0.097727827710805,0.0400287368864362,69113.3797692791,43.5886873872673
2016,15,6269,634825,47435,28520,52486784140,634825,28044143,634825,0.0747213799078486,0.0449257669436459,82679.1385657465,44.1761792620013
2016,17,9018,1073130,283921,187417,43848807310,1073130,48147761,1073130,0.26457279174005,0.174645196760877,40860.6667505335,44.8666620073989
2016,18,4987,534634,55184,125909,32215459770,534634,22037625,534634,0.10321827642836,0.235505037090795,60257.0352240972,41.2200215474512
2016,19,323,31716,4605,4649,1672067400,31716,1460217,31716,0.145194854332198,0.146582166729726,52719.9962164207,46.0403897086644
2016,21,5026,505905,94282,24820,29137758630,505905,20740793,505905,0.186363052351726,0.0490605943803679,57595.316571293,40.9974066277266
2016,22,67662,6830024,698812,1003626,599283914180,6830024,309417843,6830024,0.102314721002445,0.146943261107135,87742.5780905016,45.3025996687567
2016,23,18851,1862891,322575,139897,131119372140,1862891,77366484,1862891,0.173158279255201,0.075096717950755,70384.8867915514,41.5303332293731
2016,24,1025,105393,15069,1529,7652093540,105393,4394980,105393,0.142979135236686,0.0145076048693936,72605.3299554999,41.7008719744196
2016,25,10357,1089340,205583,105135,103020548720,1089340,46981334,1089340,0.188722529237887,0.0965125672425505,94571.5283749793,43.1282556410304
2016,26,7585,757662,112800,194466,65898660870,757662,32307675,757662,0.148879051608765,0.256665901153813,86976.3309628832,42.6412767170585
2016,27,8933,948227,180697,26764,60207689180,948227,39575284,948227,0.190563019192662,0.028225308918645,63495.0166784958,41.736086401252
2016,28,104,9295,2382,463,532881600,9295,395737,9295,0.256266810112964,0.0498117267348037,57329.9193114578,42.5752555137171
2016,29,1823,196485,48083,16162,7790672590,196485,7539847,196485,0.244715881619462,0.0822556429243963,39650.2154871873,38.3736519327175
2016,33,4548,457007,53105,10392,30857281450,457007,19600790,457007,0.116201721199019,0.0227392578231843,67520.3693816506,42.8894743406556
2016,34,400,47633,14536,10924,2855104000,47633,1974130,47633,0.305166586190246,0.229336804316335,59939.6216908446,41.4445867360863
2016,35,816,81927,7411,13971,4409171600,81927,3410731,81927,0.090458578978847,0.170529861950273,53818.2967763985,41.6313425366485
2016,36,2486,250607,30750,2360,19881541190,250607,10586500,250607,0.122702079351335,0.00941713519574473,79333.5429177956,42.24343294481
2016,37,2698,275623,50051,11771,18860373040,275623,11431543,275623,0.181592247381387,0.0427068858549541,68428.1538188032,41.4752868955058
2016,43,1778,176475,29475,39905,13102405400,176475,7556144,176475,0.167020824479388,0.226122680266327,74245.1078056382,42.8170789063607
2016,44,1223,123049,21130,1397,12863397000,123049,5311677,123049,0.171720209022422,0.0113532007574218,104538.817869304,43.1671691765069
2016,45,340,33968,7365,726,2801078300,33968,1487167,33968,0.216821714554875,0.0213730569948187,82462.2674281677,43.7814119170984
2016,47,322,36861,8377,1555,5480439000,36861,1775566,36861,0.227259162800792,0.0421855077181845,148678.522015138,48.1692303518624
2016,48,621,65874,19038,257,6858850000,65874,2915888,65874,0.289006284725385,0.00390138749734341,104120.745665968,44.264626407991
2016,53,3255,331714,76146,20291,29138699300,331714,14388377,331714,0.229553169296442,0.0611701646599179,87842.8384089909,43.3758508835925
2016,55,2437,249046,42084,6065,23939922820,249046,10719511,249046,0.168980830850526,0.0243529307838713,96126.5100423215,43.0422933915823
2016,56,1969,199853,43969,1727,16327937900,199853,8830906,199853,0.220006704928122,0.00864135139327406,81699.7388080239,44.1870074504761
2016,57,2581,268815,62710,4831,22670231300,268815,11886725,268815,0.233283112921526,0.0179714673660324,84333.9519744062,44.2189795956327
2016,59,5712,561677,105442,15650,53548530104,561677,24116472,561677,0.187727110065037,0.0278629888708279,95336.8752930955,42.9365489418296
2016,64,24012,2509013,503352,114994,177240998040,2509013,103431981,2509013,0.200617533667622,0.0458323651571355,70641.7216809957,41.2241710186436
2016,65,2508,259700,47967,3812,17840422300,259700,10944105,259700,0.184701578744705,0.0146784751636504,68696.2737774355,42.1413361571044
2016,66,281,28183,8938,292,4176634520,28183,1202026,28183,0.317141539225774,0.0103608558350779,148196.945676472,42.6507469041621
2016,68,616,62073,16659,1065,5237847950,62073,2547661,62073,0.268377555458895,0.0171572181141559,84382.0654712999,41.0429816506372
2016,69,107,10223,2419,533,955337800,10223,466139,10223,0.236623300401056,0.052137337376504,93449.8483811015,45.5970850044018
2016,73,778,79974,18574,1489,6194181600,79974,3452516,79974,0.232250481406457,0.0186185510290845,77452.4420436642,43.170480406132
2016,74,104,9099,1546,128,863834100,9099,380631,9099,0.169908781184746,0.0140674799428509,94937.2568414111,41.8321793603693
2016,75,766,71570,13719,2978,6087579900,71570,2959790,71570,0.191686460807601,0.0416096129663267,85057.7043453961,41.3551767500349
2016,76,2318,233124,58474,3197,18331717740,233124,9868559,233124,0.250827885588785,0.013713731747911,78635.0514747516,42.3318019594722
2016,77,235,24496,5738,1952,1601367200,24496,1087694,24496,0.234242325277596,0.0796864794252123,65372.5996080993,44.402922926192
2016,78,793,78857,19348,1075,4843801600,78857,3310771,78857,0.2453555169484,0.0136322710729548,61425.1315672673,41.9844909139328
2016,79,260,21234,4383,1699,1158928900,21234,887565,21234,0.206414241311105,0.0800131863991711,54578.9253084676,41.7992370726194
2016,83,1314,132256,22273,1275,11458602820,132256,5763364,132256,0.168408238567626,0.00964039438664408,86639.5688664408,43.577334865715
2016,84,8391,820780,65370,151221,178747838820,820780,42901037,820780,0.0796437535027657,0.184240600404493,217778.014595872,52.2686188747289
2016,85,1465,144574,10805,81723,20290936500,144574,5589161,144574,0.0747368129815873,0.565267613817146,140349.831228298,38.6595169255883
2016,86,860,77408,7258,24023,7225779700,77408,3506608,77408,0.093762918561389,0.310342600248036,93346.6786378669,45.3003307151716
2016,87,374,34786,3767,16025,3394133140,34786,1346592,34786,0.108290691657563,0.460673834301156,97571.814523084,38.710745702294
2016,88,79,6800,0,4181,763165200,6800,310507,6800,0,0.614852941176471,112230.176470588,45.6627941176471
2016,89,836,84593,3713,61853,4656508480,84593,3249241,84593,0.0438925206577376,0.731183431253177,55046.0260305226,38.410282174648
2016,95,31622,3210412,536603,31836,206088595432,3210412,122693340,3210412,0.167144590787724,0.00991648423940603,64193.8154454942,38.2173191478228
2016,96,2925,291001,62824,9381,29039505320,291001,11148343,291001,0.215889292476658,0.0322370026219841,99791.7715746681,38.3103253940708
2016,97,966,103476,22681,7433,4382238280,103476,3831784,103476,0.219190923499169,0.0718330820673393,42350.2868297963,37.0306544512737
2016,98,1074,113550,16552,75,6104323060,113550,4273128,113550,0.145768383971819,0.000660501981505945,53758.8996917657,37.6321268163805
2016,99,1365,134255,23694,6985,7523319600,134255,4905311,134255,0.176485047111839,0.0520278574354773,56037.53752188,36.537268630591
2016,103,3425,344996,75834,20646,20117122650,344996,12942355,344996,0.219811244188338,0.0598441721063433,58311.1765063943,37.5145074145787
2016,104,1655,160751,33060,13570,9084135890,160751,5989890,160751,0.205659684854216,0.0844162711273958,56510.602671212,37.2619143893351
2016,105,1765,190371,48116,27007,8473854480,190371,6984692,190371,0.252748580403528,0.141865094998713,44512.3179475866,36.6898949945107
2016,106,958,102572,19084,1920,9806391850,102572,4239125,102572,0.186054673790118,0.0187185586709823,95604.9589556604,41.3282864719417
2016,154,14041,1356110,322611,15518,74940738570,1356110,51224084,1356110,0.237894418594362,0.0114430245334081,55261.5485248247,37.7728089904211
2016,155,5141,573110,167262,16289,13352443730,573110,20620997,573110,0.29184973216311,0.0284221179180262,23298.2215107048,35.9808710369737
2016,156,37061,3488739,603340,18659,166241662204,3488739,144649174,3488739,0.172939276913521,0.00534835079379684,47650.9312401988,41.4617356013161
2016,157,7396,739764,138598,4066,37981484970,739764,31386646,739764,0.187354345439897,0.00549634748379213,51342.7052005775,42.4279175520842
2016,158,2533,261012,42275,1435,11952044140,261012,10547207,261012,0.161965733376243,0.00549783151732487,45791.1672260279,40.4088969089544
2016,159,18853,1860190,465181,157410,45581678720,1860190,59913915,1860190,0.250071766862525,0.084620388239911,24503.7758078476,32.2084921432757
2016,163,7157,753446,169430,48837,29904835780,753446,28804697,753446,0.224873448130324,0.0648181820594973,39690.7486137029,38.2306057766582
2016,164,1792,161618,22921,71,7128548200,161618,5859276,161618,0.141822074273905,0.000439307502877155,44107.3902659357,36.2538578623668
2016,165,485,45287,9714,2251,1976299200,45287,1694711,45287,0.214498641994391,0.0497052134166538,43639.4373661316,37.4215779362731
2016,166,3085,322276,86650,34611,26229360670,322276,13574336,322276,0.268868919807867,0.10739552433318,81387.8807916196,42.1202199357073
2016,167,1766,170693,17705,51857,9869701200,170693,6599696,170693,0.103724230050441,0.303802733562595,57821.3588137768,38.6641279958756
2016,169,348,34991,10211,2762,1946533000,34991,1392845,34991,0.291817896030408,0.0789345831785316,55629.5333085651,39.8058072075677
2016,173,240,23820,2443,668,1717928400,23820,985828,23820,0.102560873215785,0.0280436607892527,72121.2594458438,41.3865659109992
2016,174,7811,823047,162049,15016,36130447280,823047,33017405,823047,0.196889120548401,0.0182444015955346,43898.4010390658,40.1160626306882
2016,175,4049,433597,131422,75413,8569316820,433597,13082784,433597,0.303097115524323,0.173924173829616,19763.321286817,30.1726810840481
2016,176,5458,491867,59695,24788,20027190620,491867,20499468,491867,0.12136410859033,0.0503957370590017,40716.6787363251,41.6768516692521
2016,178,10376,999634,90714,244974,137140092250,999634,46099269,999634,0.0907472134801337,0.245063693311752,137190.303901228,46.1161475099887
2016,183,2099,202616,43345,79434,8639879610,202616,7438943,202616,0.213926836972401,0.392042089469736,42641.6453290954,36.7144894776326
2016,184,602,58492,6882,3270,4064062200,58492,2356836,58492,0.117657115502975,0.055905081036723,69480.6503453464,40.2933050673596
2016,185,8180,853224,203382,184642,40174709520,853224,33390954,853224,0.238368822255351,0.216405070649677,47085.770583106,39.1350383955444
2016,186,1537,162620,34849,78370,4288198790,162620,4851561,162620,0.21429713442381,0.48192104292215,26369.4428114623,29.8337289386299
2016,187,1805,193317,51456,47781,12444742210,193317,8057110,193317,0.266174211269573,0.247163984543522,64374.7948188726,41.6782279882266
2016,188,1950,191447,37418,96150,6321662380,191447,7226862,191447,0.195448348629125,0.502227770610143,33020.4306152617,37.7486301691852
2016,189,1508,155917,41950,90579,3558645220,155917,5513060,155917,0.269053406620189,0.580943707228846,22823.9718568213,35.3589409750059
2016,193,139,16267,8905,4434,418116910,16267,553431,16267,0.547427306817483,0.272576381631524,25703.3816929981,34.0217003749923
2016,194,1291,139711,32974,42260,4109489380,139711,4617635,139711,0.236015775422121,0.302481551202124,29414.2149150747,33.0513345405874
2016,195,3053,310182,91941,61619,15263284520,310182,12089872,310182,0.296409849701143,0.198654338420669,49207.512105796,38.9767039995873
2016,198,418,48074,11944,13585,2142157230,48074,1640593,48074,0.248450305778591,0.282585181179016,44559.5796064401,34.1264092856846
2016,199,2731,296177,103385,47235,9385050040,296177,9314712,296177,0.349064917262313,0.159482336575764,31687.3019849617,31.4498154819584
2016,203,2746,292553,63831,1393,13546503750,292553,11455303,292553,0.218186106449088,0.00476153038936535,46304.4431265446,39.1563340659641
2016,204,1709,174522,33995,6172,8537475280,174522,5570120,174522,0.194789195631496,0.0353651688612324,48919.1923081331,31.9164346042333
2016,205,1700,173208,23528,1468,6763099200,173208,6757630,173208,0.135836681908457,0.00847535910581497,39046.1133434945,39.0145374347605
2016,206,3424,340520,67231,5560,18849816000,340520,13140485,340520,0.197436273933983,0.0163279689886057,55355.9732174322,38.5894661106543
2016,207,7653,813002,173564,8852,28877179310,813002,30763932,813002,0.213485329679386,0.0108880420958374,35519.1983660557,37.8399216730094
2016,208,4287,458264,134838,12803,22142019460,458264,19786519,458264,0.294236509959325,0.0279380444459962,48317.1697100361,43.1771184295515
2016,214,5461,564839,156736,9284,27202121710,564839,22271419,564839,0.277487921336877,0.0164365420942959,48159.0713636983,39.4296764210687
2016,217,1613,157480,31702,12191,7818445320,157480,6281989,157480,0.201308102616205,0.0774130048260097,49647.2270764542,39.8907099314199
2016,218,915,93994,19315,7447,4778982960,93994,3979937,93994,0.205491839904675,0.0792284613911526,50843.4895844416,42.3424580292359
2016,223,586,53698,15699,995,2279570960,53698,2204210,53698,0.292357257253529,0.0185295541733398,42451.69205557,41.0482699541882
2016,224,610,65530,14720,240,3472172810,65530,2768497,65530,0.224629940485274,0.00366244468182512,52986.0035098428,42.2477796429116
2016,225,171,16315,2642,160,1278071300,16315,774430,16315,0.161936867912964,0.0098069261415875,78337.192767392,47.467361323935
2016,226,1459,146089,11795,3743,18914246600,146089,6160161,146089,0.08073845395615,0.0256213677963433,129470.710320421,42.1671789114855
2016,227,271,30706,6880,201,2981097900,30706,1282356,30706,0.224060444212857,0.00654595193121866,97085.1918191884,41.7623917149743
2016,228,971,102437,25864,17449,4745270710,102437,4104799,102437,0.252486894383865,0.170338842410457,46323.7961869247,40.0714487929166
2016,229,16206,1672412,340943,65886,164198787370,1672412,70238096,1672412,0.203863043317077,0.0393957948161099,98180.8234872747,41.9980818123764
2016,233,928,91204,17614,729,4001641600,91204,3990656,91204,0.19312749440814,0.00799307047936494,43875.7247489145,43.755273891496
2016,234,5146,539150,108626,34053,26024191310,539150,21094286,539150,0.201476398033942,0.0631605304646202,48268.9257349532,39.1250783640916
2016,243,38418,4164026,826519,591993,229195491474,4164026,182617033,4164026,0.198490355247542,0.142168420658276,55041.8012457175,43.8558820237914
2016,253,4723,493393,85011,100273,31274484390,493393,20400139,493393,0.172298755758594,0.20323150105494,63386.5587675545,41.3466324005408
2016,254,7633,805361,86069,413561,42056627880,805361,33398404,805361,0.106870086830626,0.513510090505997,52220.8399463098,41.4701034691275
2016,255,2019,217052,35966,23190,29224568380,217052,9911127,217052,0.165702228037521,0.106840757053609,134643.16560087,45.6624541584505
2016,256,1576,173097,43071,13639,13009808580,173097,7314148,173097,0.248825802873533,0.0787939710104739,75159.0644551899,42.2546202418297
2016,258,355,37096,4306,1520,4636326700,37096,1714859,37096,0.116077205089498,0.0409747681690748,124981.849795126,46.2275986629286
2016,274,23675,2485536,489451,182149,174539914800,2485536,105367881,2485536,0.196919698608268,0.0732835895356173,70222.2437333436,42.3924179734271
2016,275,27996,3219484,1166258,206683,88298349206,3219484,109218633,3219484,0.362249975461906,0.0641975546391906,27426.2425922912,33.9242664352424
2016,276,28243,3322968,1248533,37879,46453392740,3322968,95669658,3322968,0.375728264611636,0.0113991467868484,13979.4884392507,28.79042410279
2016,277,1125,124309,19234,65555,2070040630,124309,3690909,124309,0.154727332695139,0.527355219654249,16652.3793932861,29.6914060928814
2016,283,401,44616,13707,8486,842983260,44616,1237611,44616,0.307221624529317,0.190200824816209,18894.1917697687,27.7391742872512
2016,303,12816,1305483,181842,39023,72069470630,1305483,54552562,1305483,0.139290975064401,0.0298916186576156,55205.2157170948,41.7872634113198
2016,308,851,89977,18837,2969,3940819650,89977,3470166,89977,0.209353501450371,0.0329973215377263,43798.0778421152,38.5672560765529
2016,313,31111,2928962,472545,111948,100344544070,2928962,108089259,2928962,0.161335312646596,0.0382210489586413,34259.4216210384,36.9036057825264
2016,315,3157,286018,70118,12024,8514754270,286018,10210356,286018,0.245152402995616,0.0420393122111196,29769.9944409093,35.6982987084729
2016,316,1647,176368,47753,2205,6316938390,176368,6590987,176368,0.270757733829266,0.012502267985122,35816.8057130545,37.3706511385285
2016,317,1207,148634,65931,561,2960795738,148634,5321157,148634,0.443579530928321,0.00377437194719916,19920.043449009,35.8004023305569
2016,318,1723,189839,39690,16001,7447167580,189839,7356547,189839,0.209071897766002,0.0842872117952581,39228.8601393813,38.7515052228467
2016,319,9824,1093785,404955,12933,24883925410,1093785,37370658,1093785,0.370232723981404,0.0118240787723364,22750.28950845,34.1663654191637
2016,326,1255,133742,34116,11322,4440087030,133742,5121772,133742,0.255088154805521,0.0846555307981038,33198.8981023164,38.2959130265736
2016,328,458,51282,13990,155,2069323850,51282,1992432,51282,0.272805272805273,0.00302250302250302,40351.8554268554,38.8524628524629
2016,329,1434,132086,33647,434,2242356150,132086,3502950,132086,0.254735551080357,0.00328573807973593,16976.4861529609,26.520221673758
2016,335,2157,214234,58176,4049,5560663620,214234,7189934,214234,0.271553534919761,0.0188998945078746,25956.0276146643,33.56112475144
2016,336,1077,115195,26212,1374,4172294720,115195,4335781,115195,0.227544598289856,0.01192760102435,36219.4081340336,37.6386214679457
2016,337,11189,1067085,129105,94284,38062619380,1067085,39510195,1067085,0.120988487327626,0.0883565976468604,35669.716451829,37.0262865657375
2016,338,1464,146306,18609,3267,5878227710,146306,5757651,146306,0.127192322939592,0.022329911281834,40177.6257296352,39.3534851612374
2016,344,4539,477730,76114,12946,16553085590,477730,18513553,477730,0.159324304523476,0.0270989889686643,34649.458041153,38.7531722939736
2016,346,568,59182,10672,157,2755755650,59182,2383882,59182,0.180325098847623,0.00265283363184752,46564.0845189416,40.2805244837958
2016,347,378,43727,14309,385,1070480520,43727,1487259,43727,0.327234889198893,0.00880462871909804,24480.9961808494,34.0123722185378
2016,348,500,57214,15620,683,1640668490,57214,2083927,57214,0.273010102422484,0.0119376376411368,28675.9969587863,36.42337539763
2016,349,77,9459,2875,61,364131500,9459,388830,9459,0.303943334390528,0.00644888466011206,38495.7712231737,41.1068823342848
2016,354,1150,107457,10582,488,5093711550,107457,4326553,107457,0.0984765999423025,0.00454135142429065,47402.3241854882,40.2631098951208
2016,355,3273,317035,40247,2816,15414088290,317035,12999373,317035,0.1269481287555,0.0088823000615074,48619.5161102087,41.0029586638699
2016,356,698,74864,20639,139,1856879180,74864,2723331,74864,0.275686578328703,0.00185670014960462,24803.3658367172,36.3770437059201
2016,357,1793,202578,43703,31484,6386909980,202578,7847063,202578,0.215734186338102,0.155416679007592,31528.1520204563,38.7360078587013
2016,359,2596,281201,61002,7882,10960270460,281201,11759973,281201,0.216933794687786,0.0280297722981071,38976.6411214754,41.8205233978542
2016,364,5356,607514,152969,7103,18248513630,607514,24188795,607514,0.251795020361671,0.0116919116267279,30038.013329734,39.8160289310205
2016,365,14123,1653857,577774,8850,37619351030,1653857,57237481,1653857,0.349349429847925,0.00535112769725557,22746.4351694252,34.6084824746033
2016,366,245,26476,6102,41,1068024610,26476,1093433,26476,0.230472881099864,0.00154857229188699,40339.3492219369,41.2990255325578
2016,368,701,73089,16280,441,2755513180,73089,2885774,73089,0.22274213629958,0.00603373968723064,37700.7919112315,39.4830138598148
2016,373,5332,561903,102784,11718,30926997670,561903,24027206,561903,0.182921251532738,0.0208541331866888,55039.7447068266,42.7604159436771
2016,375,6177,656452,124464,12063,30648405990,656452,26711920,656452,0.18960106755711,0.0183760579600641,46687.9619378112,40.6913529092759
2016,376,24836,2849314,920518,35148,89608021160,2849314,104083094,2849314,0.323066534611489,0.0123356007796964,31448.9807581755,36.5291764965181
2016,377,786,81468,9453,45,3738860420,81468,3270427,81468,0.116033289144204,0.000552364118426867,45893.6075514312,40.1437005940983
2016,378,1276,143718,41096,3314,4980459080,143718,5745984,143718,0.285948872096745,0.0230590461876731,34654.3862285865,39.9809627186574
2016,379,11935,1241003,306422,33328,37206186000,1241003,43584885,1241003,0.246914793920724,0.0268556965615716,29980.7381609875,35.1206926977614
2016,383,3054,315764,142212,744,7227772810,315764,11281755,315764,0.450374330195969,0.00235619006599866,22889.7936750231,35.7284395941273
2016,384,103,9611,1217,2559,259532820,9611,336679,9611,0.12662574133805,0.266257413380502,27003.7269795027,35.0305899490168
2016,385,3139,320427,81505,5484,9311480090,320427,11636142,320427,0.254363708426568,0.0171146626220637,29059.5988789958,36.3144866069339
2016,386,176,15998,3562,36,802831160,15998,632955,15998,0.22265283160395,0.00225028128516065,50183.2204025503,39.5646330791349
2016,389,7286,742509,164808,22160,33781279930,742509,29232677,742509,0.221960945927928,0.0298447560904986,45496.1218382538,39.3701315404931
2016,405,12076,1513228,224167,431648,21310655360,1513228,49078104,1513228,0.148138284514957,0.285249810339222,14082.9110748678,32.4327226300333
2016,415,667,70425,9536,1467,4034557400,70425,3048615,70425,0.135406460773873,0.0208306709265176,57288.7099751509,43.2888178913738
2016,417,3473,346057,56170,168,24880845770,346057,18317336,346057,0.162314300823275,0.000485469156815207,71898.1143857804,52.9315575179811
2016,418,9644,1004216,163861,8037,69662173340,1004216,43893041,1004216,0.163173062369052,0.00800325826316251,69369.710639942,43.7087648474034
2016,423,4619,471153,108637,19,23020674680,471153,20144878,471153,0.230576903893215,4.0326603035532e-05,48860.2952331833,42.7565525423801
2016,425,368,36972,5608,305,696721170,36972,1025428,36972,0.151682354214,0.00824948609758736,18844.5626419994,27.735259115006
2016,426,7595,908339,281827,8100,28751682010,908339,35041177,908339,0.310266321274326,0.00891737556132677,31653.0304324707,38.5772019036945
2016,427,1713,167855,52702,1403,1948281500,167855,4189194,167855,0.313973369872807,0.00835840457537756,11606.9315778499,24.957219028328
2016,434,3560,451688,194356,7004,10954476690,451688,15473824,451688,0.430288163511096,0.0155062786702326,24252.3084297125,34.2577708506757
2016,435,17908,2232839,1076316,14989,36707253220,2232839,67063946,2232839,0.482039233460182,0.00671297840999732,16439.7223534702,30.0352806449547
2016,436,27229,3333283,1016582,108554,69592978940,3333283,121614554,3333283,0.304979205185998,0.0325666917570455,20878.208942955,36.4849171222486
2016,439,3309,399901,156720,3681,5731517780,399901,12199810,399901,0.39189699450614,0.00920477818260019,14332.3417045719,30.5070755011865
2016,443,6132,711905,228321,5962,9247138380,711905,19367469,711905,0.320718354274798,0.00837471291815622,12989.2870256565,27.2051313026317
2016,444,11110,1345037,499005,11629,17348157030,1345037,40031528,1345037,0.370997229072509,0.00864585881280589,12897.9032026628,29.7623991012887
2016,445,2592,287605,98866,3642,8338683150,287605,10197350,287605,0.34375619339024,0.0126632012656247,28993.5263642844,35.4560942959962
2016,446,7757,893080,305825,13980,25150181710,893080,33405281,893080,0.342438527343575,0.0156536928382676,28161.1744860483,37.4045785371971
2016,447,27734,3255237,831026,159116,69031057906,3255237,116015634,3255237,0.255288939023487,0.0488800047431262,21206.1542388465,35.6396889074436
2016,448,1860,207697,21199,57907,7104382120,207697,8471594,207697,0.102066953302166,0.278805182549579,34205.511490296,40.7882347843252
2016,453,21106,2348914,401760,158488,55337308508,2348914,82100062,2348914,0.17104074478674,0.0674728832132637,23558.6779711816,34.9523490430046
2016,454,399,44645,10358,383,1662884150,44645,1847683,44645,0.232008063612947,0.00857878821816553,37246.8171127786,41.386112666592
2016,455,702,76286,14045,10423,2722314190,76286,3298237,76286,0.184109797341583,0.136630574417324,35685.6328815248,43.235154549983
2016,456,764,91972,19377,37627,2786549600,91972,3871452,91972,0.210683686339321,0.409113643282738,30297.8036793807,42.0938111599182
2016,457,670,93161,24963,45442,1336169200,93161,3783874,93161,0.267955474930497,0.487779220918625,14342.5811230021,40.6165026137547
2016,458,9913,1167607,265607,467162,19524236496,1167607,41715563,1167607,0.227479794143064,0.400102089144721,16721.582258414,35.7274005722816
2016,459,2560,282231,94164,6962,5889965300,282231,8551870,282231,0.333641591462313,0.0246677367121259,20869.3067026656,30.3009591433967
2016,461,592,58701,22713,9139,927863750,58701,1788012,58701,0.386926968876169,0.155687296638899,15806.6089163728,30.4596514539786
2016,462,353,39997,10551,0,550169180,39997,892049,39997,0.263794784608846,0,13755.2611445858,22.3028977173288
2016,463,1581,176173,34146,2325,7525179880,176173,6460230,176173,0.193820846554239,0.013197254970966,42714.7172381693,36.6698075187458
2016,464,666,84825,29001,1332,2409337840,84825,3094213,84825,0.341892130857648,0.0157029177718833,28403.629118774,36.4776068376068
2016,465,3452,369875,77593,4363,15111045130,369875,14475961,369875,0.209781683001014,0.0117958769854681,40854.464697533,39.1374410273741
2016,468,12341,1331516,443529,396933,15232902960,1331516,42269289,1331516,0.333100766344528,0.298106068571463,11440.2703084304,31.7452355059947
2016,469,5695,642389,195038,116922,8881950210,642389,17766487,642389,0.303613542573114,0.182011211275411,13826.4357110723,27.656897923221
2016,473,6503,474556,56347,356052,12561750450,474556,25020977,474556,0.118736250305549,0.750284476436922,26470.5334038554,52.7250250760711
2016,479,8027,816879,207190,54742,16971520876,816879,34823682,816879,0.253636095431514,0.0670135968729763,20776.0523602639,42.6301594238559
2016,485,1405,159339,24064,69472,5458665040,159339,7203396,159339,0.151023917559417,0.436001230081775,34258.1856293814,45.2079905107977
2016,486,10582,1306445,331207,333876,24480311880,1306445,49160061,1306445,0.253517752373808,0.255560700986264,18738.111347971,37.6288791338327
2016,487,2296,247415,91741,67337,4030855630,247415,8308322,247415,0.370798051856193,0.272162156700281,16291.8805650425,33.5805104783461
2016,488,442,51420,10664,19,916253010,51420,2064343,51420,0.207390120575652,0.000369506028782575,17819.0005834306,40.1466938934267
2016,489,137,12528,1390,0,627164300,12528,548205,12528,0.110951468710089,0,50061.0073435505,43.7583812260537
2016,496,1396,129619,22724,25240,4526644990,129619,5855503,129619,0.175313804303381,0.194724538840756,34922.6964411082,45.1747274705097
2016,498,396,35613,4953,20818,949006080,35613,1755080,35613,0.13907842641732,0.584561817313902,26647.7432398282,49.2820037626709
2016,503,2632,255166,19572,4883,16153093200,255166,11591352,255166,0.0767030090215781,0.019136562081155,63304.253701512,45.4267104551547
2016,505,7526,830138,215323,144838,28035207620,830138,35077819,830138,0.259382175011866,0.17447460542705,33771.7435173429,42.2554069323414
2016,507,2903,302432,77019,14437,13088763668,302432,13178837,302432,0.254665511586076,0.0477363506507248,43278.3689159877,43.5761989472014
2016,508,1286,146315,26063,1508,8876571300,146315,6327818,146315,0.178129378395927,0.0103065304309196,60667.5412637119,43.2479103304514
2016,509,400,40514,10007,7157,1282523550,40514,1694303,40514,0.247001036678679,0.176654983462507,31656.3052278225,41.8201856148492
2016,514,1412,150740,31165,26277,5521591500,150740,6321078,150740,0.20674671620008,0.174320021228606,36629.9024810933,41.9336473397904
2016,516,2792,289609,70327,16648,12345574530,289609,12489264,289609,0.242834304182536,0.0574844013825537,42628.4215269553,43.1245714048942
2016,518,3739,369335,45919,9268,18685410940,369335,16110880,369335,0.124328861331853,0.0250937495769423,50592.0395846589,43.6213193983782
2016,519,272,27007,3443,234,1312188220,27007,1167993,27007,0.127485466730848,0.00866442033546858,48586.9670826082,43.2477876106195
2016,523,461,50345,11196,7496,2176409340,50345,2159024,50345,0.222385539775549,0.148892640778627,43229.9004866422,42.8845764226835
2016,525,1632,180945,43323,22456,7269954990,180945,7106831,180945,0.239426345021968,0.124104009505651,40177.7058774766,39.2761944237199
2016,526,324,34622,4679,10011,1172384740,34622,1478651,34622,0.135145283345849,0.289151406620068,33862.4210039859,42.7084223903876
2016,527,2649,300045,62013,13324,14863368750,300045,12855807,300045,0.206678998150277,0.0444066723324835,49537.1319302105,42.8462630605409
2016,533,213,22290,5297,952,1022146000,22290,957365,22290,0.237640197397936,0.0427097353073127,45856.7070435173,42.9504262000897
2016,534,3396,385210,87362,46283,16214829230,385210,16225363,385210,0.226790581760598,0.120150048025752,42093.4794787259,42.120825004543
2016,535,856,88738,13901,21239,3464084200,88738,3612146,88738,0.156652167053573,0.239345038202349,39037.2129189299,40.7057404944894
2016,536,219,23800,2692,4805,937543600,23800,996763,23800,0.113109243697479,0.201890756302521,39392.5882352941,41.8807983193277
2016,539,189,18983,3421,322,974808000,18983,808012,18983,0.180213875572881,0.0169625454353896,51351.6304061529,42.5650318706211
2016,543,227,23716,2983,169,1912632600,23716,1013545,23716,0.125780064091752,0.00712599089222466,80647.3519986507,42.7367599932535
2016,544,436,38832,4163,1570,2545432800,38832,1855434,38832,0.107205397610218,0.040430572723527,65549.8763906057,47.7810568603214
2016,549,7333,760069,138495,62573,31665817620,760069,31568820,760069,0.182213720070152,0.0823254204552482,41661.7670500968,41.534150188996
2016,558,7379,740447,71729,149762,43613327300,740447,33794413,740447,0.0968725648155776,0.202258905769083,58901.3491850193,45.6405563126058
2016,563,2378,306707,57555,81306,8693418420,306707,12473504,306707,0.187654667157906,0.26509339532518,28344.3756418993,40.6691206917351
2016,567,9774,1170226,209983,360703,34523903368,1170226,47829886,1170226,0.179437988901289,0.308233623248843,29501.9110564968,40.8723494436117
2016,573,1052,141819,29627,32345,3549154400,141819,5659229,141819,0.208907128099902,0.228072402146398,25025.9443375006,39.9045896530084
2016,575,7599,828148,174630,77798,40468150590,828148,34842530,828148,0.210868105700913,0.0939421456068239,48865.8435327985,42.0728299772504
2016,577,1362,135018,30725,3147,8893874620,135018,5855562,135018,0.227562250959131,0.0233080033773275,65871.7698380957,43.3687508332222
2016,579,4304,551120,94967,172879,13216969750,551120,21396731,551120,0.172316373929453,0.313686674408477,23982.0179815648,38.8240873131079
2016,584,241,33206,6291,6395,1040134550,33206,1292604,33206,0.189453713184364,0.192585677287237,31323.6930072878,38.9268204541348
2016,585,4869,563876,119855,73678,25423198290,563876,24076120,563876,0.212555597329909,0.130663479204648,45086.5053486937,42.6975434315346
2016,588,487,57477,11017,7597,1962461800,57477,2343609,57477,0.191676670668267,0.132174608974024,34143.427805905,40.7747272822172
2016,589,349,42662,8898,4485,1683947200,42662,1795611,42662,0.208569687309549,0.105128685950026,39471.8297313769,42.0892363227228
2016,593,608,77199,21785,2004,2912318250,77199,3202493,77199,0.282192774517805,0.0259588854777912,37724.8183266623,41.4836073006127
2016,594,116,12749,2759,691,464494300,12749,558562,12749,0.216409130127853,0.054200329437603,36433.7830418072,43.8122205663189
2016,595,1511,203754,52716,35600,5360814320,203754,8178353,203754,0.258723755116464,0.174720496284736,26310.2286090089,40.1383678357235
2016,596,1065,112829,24481,5754,4671545680,112829,4660245,112829,0.21697435942887,0.0509975272314742,41403.7674711289,41.3036098875289
2016,597,754,85138,17169,3365,4099025500,85138,3733402,85138,0.20166083300054,0.0395240668091804,48145.6635110057,43.8511827855952
2016,598,233,24036,6346,2550,1164650400,24036,1156001,24036,0.264020635713097,0.106090863704443,48454.4183724413,48.0945664836079
2016,599,862,107447,32648,16680,3437036380,107447,4410098,107447,0.303852131748676,0.155239327296248,31988.2023695403,41.0444032872021
2016,614,267,26318,7370,846,1727083400,26318,1529809,26318,0.280036476935937,0.0321452997948172,65623.6568128277,58.1278592598222
2016,615,84,10391,2907,28,604401800,10391,481921,10391,0.279761331921855,0.00269463959195458,58165.8935617361,46.3786930997979
2016,616,514,47073,10167,676,3066167000,47073,2347075,47073,0.215983684914919,0.0143606738470036,65136.4264015465,49.8603233275976
2016,617,517,52458,13617,1662,2930928840,52458,2769250,52458,0.259579091844905,0.0316824888482214,55871.9135308247,52.7898509283617
2016,628,8819,871809,95927,23462,51014564260,871809,39465036,871809,0.110032128596975,0.0269118579872426,58515.7577634551,45.2679841570803
2016,634,589,54961,5627,330,3214126100,54961,2443964,54961,0.1023816888339,0.0060042575644548,58480.1240879897,44.4672404068339
2016,637,3179,317717,50365,8986,14799090700,317717,13692709,317717,0.158521577378611,0.0282830317546748,46579.4738714013,43.0971871193546
2016,643,142,15936,2831,530,863355400,15936,787582,15936,0.177648092369478,0.0332580321285141,54176.4181726908,49.4215612449799
2016,649,89,9352,2015,1599,284699200,9352,340364,9352,0.215461933276305,0.170979469632164,30442.6005132592,36.3947818648418
2016,657,514,53516,8763,11989,1554809700,53516,2246817,53516,0.16374542192989,0.224026459376635,29053.1747514762,41.9840234696166
2016,658,101,10922,1841,2227,266156000,10922,427641,10922,0.168558872001465,0.203900384544955,24368.7969236404,39.1540926570225
2016,666,571,62401,5477,23671,1222660430,62401,2239807,62401,0.0877710293104277,0.379336869601449,19593.6031473855,35.8937677280813
2016,668,290,30223,3570,10325,821809300,30223,1190296,30223,0.118121960096615,0.341627237534328,27191.519703537,39.3837805644708
2016,669,106,12189,1179,3134,253613200,12189,484142,12189,0.0967265567314792,0.257117072770531,20806.7273771433,39.7195832307819
2016,675,256,26033,4657,5360,773511700,26033,1065002,26033,0.178888334037568,0.205892521030999,29712.7376790996,40.9096915453463
2016,677,597,61793,15741,2852,2429937640,61793,2321468,61793,0.254737591636593,0.0461540951240432,39323.8334439176,37.5684624472028
2016,678,6255,706301,256426,8711,22547322250,706301,25943627,706301,0.363054844889077,0.0123332686772353,31923.1067915804,36.7316866321866
2016,679,177,18706,3508,284,590015650,18706,728921,18706,0.187533411739549,0.0151822944509783,31541.5187640329,38.9672297658505
2016,686,2063,261979,67675,5718,7626016120,261979,10440242,261979,0.258322231934621,0.0218261769073094,29109.2649410831,39.8514461082759
2016,687,1842,224929,63749,13852,4847098850,224929,8362398,224929,0.283418323115294,0.0615838775791472,21549.4616078852,37.177945040435
2016,688,761,88834,28001,2326,2484420890,88834,3436889,88834,0.315205889636851,0.0261836684152464,27967.0046378639,38.6888916405881
2016,694,921,82633,11309,402,4055215980,82633,3484842,82633,0.136858155942541,0.00486488448924764,49075.0182130626,42.1725218738276
2016,695,534,47304,4116,91,4073761200,47304,2134615,47304,0.08701166920345,0.00192372738034838,86118.7468290208,45.1254650769491
2016,696,790,80650,8924,494,4868106460,80650,3443815,80650,0.110650960942343,0.00612523248605084,60360.898450093,42.7007439553627
2016,699,415,39042,5224,606,2559458050,39042,1747398,39042,0.133804620664925,0.0155217458122022,65556.5301470212,44.7568772091594
2016,706,1367,146977,32819,2493,5040935130,146977,6254594,146977,0.223293440470278,0.016961837566422,34297.4419807181,42.5549167556829
2016,707,97,8607,1688,0,330747400,8607,370661,8607,0.196119437667015,0,38427.7216219356,43.065063320553
2016,713,73,7063,1277,139,284711500,7063,317395,7063,0.180801359195809,0.0196800226532635,40310.2789183067,44.9377035254141
2016,719,389,41271,7288,256,1544542700,41271,1771516,41271,0.176588888081219,0.00620290276465315,37424.4069685736,42.9239902110441
2016,726,3794,396082,82994,5273,14464721960,396082,16877103,396082,0.209537419019294,0.0133128998540706,36519.5135350761,42.6101236612621
2016,727,354,31229,6969,1439,866624700,31229,1267857,31229,0.223157962150565,0.0460789650645234,27750.6388292933,40.5987063306542
2016,729,192,18156,4291,335,664124520,18156,745339,18156,0.236340603657193,0.0184512007050011,36578.7904824851,41.0519387530293
2016,733,308,30355,5188,10127,756444220,30355,1182809,30355,0.170910887827376,0.333618843683084,24919.9215944655,38.9658705320376
2016,736,1829,202891,38735,9901,6939761320,202891,8070946,202891,0.190915319062945,0.0487996017566082,34204.3822545111,39.7797142307939
2016,738,84,9928,2371,65,238938300,9928,416126,9928,0.238819500402901,0.00654713940370669,24067.1132151491,41.9143835616438
2016,739,89,8010,1266,592,210625900,8010,335098,8010,0.158052434456929,0.0739076154806492,26295.368289638,41.8349563046192
2016,743,79,7817,1257,227,184189400,7817,298609,7817,0.160803377254701,0.029039273378534,23562.6711014456,38.1999488294742
2016,744,1582,171571,22250,15993,3867581710,171571,6497794,171571,0.12968392094235,0.0932150538261128,22542.1645266391,37.8723327368844
2016,747,301,37234,5075,1906,672612870,37234,1326361,37234,0.136300155771607,0.0511897727883118,18064.4805822635,35.6223075683515
2016,748,1548,179839,32076,18242,3668946970,179839,6473050,179839,0.178359532693131,0.101435172571022,20401.2865396271,35.9935831493725
2016,749,167,17151,4190,1544,475000040,17151,670125,17151,0.244300623870328,0.0900239053116436,27695.1804559501,39.0720657687598
2016,753,84,8703,2642,0,252846000,8703,337614,8703,0.303573480409054,0,29052.740434333,38.7928300586005
2016,754,2219,264417,68828,2427,7203565660,264417,10657373,264417,0.260300964007609,0.00917868367011198,27243.2016852169,40.305173267982
2016,755,423,44339,9412,393,1618692700,44339,1906904,44339,0.212273619161461,0.00886352872189269,36507.1990798169,43.0073749971808
2016,756,784,83692,21434,1415,3126811340,83692,3533183,83692,0.256105720976915,0.0169072312765856,37360.9346174067,42.2164962003537
2016,757,529,53827,11147,1072,2936648220,53827,2336858,53827,0.207089378936222,0.0199156557118175,54557.1594181359,43.4142344919836
2016,759,1256,140131,30966,9327,5375581110,140131,5933091,140131,0.220978941133654,0.0665591482255889,38361.112887227,42.3396036565785
2016,763,96,10146,2391,466,270029500,10146,401987,10146,0.235659373151981,0.0459294303173665,26614.3800512517,39.620244431303
2016,765,239,26083,5685,217,1081674710,26083,1093610,26083,0.217958056971974,0.00831959513859602,41470.4869071809,41.9280757581567
2016,766,316,34891,6967,749,1443509500,34891,1473156,34891,0.199679000315268,0.0214668539164828,41371.9727150268,42.2216617465822
2016,769,767,83890,23188,1445,2196051480,83890,3202553,83890,0.27640958397902,0.0172249374180474,26177.7503874121,38.1756228394326
2016,773,22,1935,761,212,69017000,1935,67605,1935,0.39328165374677,0.109560723514212,35667.7002583979,34.937984496124
2016,774,232,26688,7905,2036,1030148900,26688,1026287,26688,0.296200539568345,0.07628896882494,38599.7039868106,38.454998501199
2016,779,12237,1339685,312902,20515,45906384490,1339685,55095758,1339685,0.233563860161157,0.0153133012611174,34266.5510847699,41.1259049701982
2016,783,5422,568760,137781,28823,23123802640,568760,24681759,568760,0.242248048385962,0.0506769111751881,40656.5205710669,43.3957363387017
2016,785,9965,1134093,294875,17155,35053575060,1134093,46258954,1134093,0.260009540663773,0.0151266254178449,30908.9069943999,40.7893832340029
2016,799,7327,783659,160159,14444,32577091610,783659,32991305,783659,0.204373330747175,0.0184314861438457,41570.4938117217,42.0990571154035
2016,803,2050,214719,32729,8739,11172516900,214719,9596284,214719,0.152427125685198,0.0406997051960935,52033.2010674416,44.6922908545587
2016,804,35075,3945091,676616,357292,150278349110,3945091,176076823,3945091,0.171508337830484,0.0905662252150838,38092.4924444075,44.6318787069804
2016,808,4625,494742,37467,7276,14479462440,494742,17787270,494742,0.0757303806832652,0.0147066551859353,29266.6934280898,35.9526177280279
2016,809,3984,498607,82977,172837,10055199460,498607,20047906,498607,0.166417639543769,0.346639738310934,20166.5830202945,40.207831017214
2016,813,655,83370,29985,987,1590710790,83370,2957072,83370,0.359661748830515,0.0118387909319899,19080.1342209428,35.4692575266883
2016,823,446,49574,7996,126,3443504200,49574,2315561,49574,0.161294226812442,0.00254165489974583,69461.899382741,46.7091822326219
2016,824,663,67116,7577,394,4936095720,67116,3217706,67116,0.112894093807736,0.00587043327969486,73545.7375290542,47.9424578341975
2016,829,583,56999,10597,4366,3808240120,56999,3199465,56999,0.185915542377936,0.0765978350497377,66812.4023228478,56.1319496833278
2016,844,3361,320442,52842,15505,15310718250,320442,14391342,320442,0.164903477072294,0.0483862914349555,47779.9984084483,44.9109105547962
2016,848,671,74522,11283,922,4110471740,74522,3448643,74522,0.1514049542417,0.0123721853949169,55157.8290974477,46.2768444217815
2016,853,329,32794,4763,7718,1240506200,32794,1477264,32794,0.145239982923706,0.235347929499299,37827.2305909618,45.0467768494237
2016,859,265,20602,4364,2039,1148451620,20602,962866,20602,0.211824094748083,0.0989709736918746,55744.6665372294,46.7365304339385
2016,865,183,19860,6150,1213,494257100,19860,717521,19860,0.309667673716012,0.0610775427995972,24887.0644511581,36.1289526686808
2016,866,360,45403,20292,1941,1015587660,45403,1750265,45403,0.446930819549369,0.042750479043235,22368.2941655838,38.5495451842389
2016,869,15159,1843696,428003,383655,52173982940,1843696,73627106,1843696,0.232144019404501,0.208090162369501,28298.5822716977,39.9345152346157
2016,874,352,38886,9475,881,930444240,38886,1402382,38886,0.243660957671141,0.0226559687291056,23927.4864989971,36.0639304634059
2016,875,808,93893,23318,11261,2808160390,93893,3523781,93893,0.248346522104949,0.119934393405259,29908.0910184998,37.5297519516897
2016,878,245,25875,6763,187,801965740,25875,946118,25875,0.261371980676329,0.00722705314009662,30993.8450241546,36.5649468599034
2016,883,245,28962,6169,369,1123433100,28962,1148554,28962,0.213003245632208,0.0127408328154133,38789.9005593536,39.6572750500656
2016,885,769,90682,35254,1527,2100423770,90682,3372161,90682,0.388765135307999,0.0168390639818266,23162.5214485786,37.1866632848857
2016,887,2955,372174,116061,32427,7748869080,372174,13581204,372174,0.311846071998581,0.0871286011381773,20820.5545793097,36.4915442776766
2016,888,3692,464740,131132,3827,9483286410,464740,17153110,464740,0.282162069113913,0.00823471188191247,20405.5738907776,36.9090459181478
2016,889,19540,2222587,724482,41805,56764150560,2222587,81320943,2222587,0.325963393109021,0.0188091624759796,25539.6754142807,36.588418361126
2016,905,10627,1017100,530176,0,46700839770,1017100,50442733,1017100,0.52126241274211,0,45915.6816143939,49.5946642414708
2017,4,11127,1096245,34494,305682,186758405104,1096245,52936113,1096245,0.0314655939137693,0.278844601343678,170361.921928036,48.2885787392417
2017,7,11093,1118784,138586,38902,115724006080,1118784,49389541,1118784,0.123871989588696,0.0347716806818832,103437.308792403,44.1457341184715
2017,8,4907,479325,57843,22660,39911353700,479325,21268422,479325,0.120675950555469,0.0472748135398738,83265.7459969749,44.3716100766703
2017,13,11657,1189721,222461,64887,112991973160,1189721,52739482,1189721,0.186985856347833,0.0545396777900029,94973.5048469347,44.3292856056168
2017,14,9332,885379,92497,26740,63510160340,885379,38301298,885379,0.104471644346658,0.0302017554064418,71732.1738374188,43.2597768865085
2017,15,6612,664119,59545,26901,53986703350,664119,28975662,664119,0.0896601362105285,0.0405062948055996,81290.707463572,43.6302259083086
2017,17,9304,1095849,292400,195002,47669365684,1095849,49275940,1095849,0.266825082652811,0.177946049136332,43499.9399406305,44.9659944025135
2017,18,5282,554442,73244,114565,33347520970,554442,22761618,554442,0.132103989236025,0.206631171520195,60146.0945779721,41.0531994329434
2017,19,338,32949,5765,5485,1726692700,32949,1435864,32949,0.174967373820146,0.166469392090807,52405.0107742268,43.5783787064858
2017,21,5489,552070,102131,21426,33499905010,552070,22652770,552070,0.184996467839223,0.038810295795823,60680.5387179162,41.0324234245657
2017,22,71038,7217831,755405,1063410,645360024830,7217831,325594010,7217831,0.104658172240386,0.147330964108193,89411.9057137802,45.1096749148047
2017,23,19602,1947876,352182,136509,141096749860,1947876,80867604,1947876,0.180803090135101,0.0700809497113779,72436.2073663827,41.51578642583
2017,24,1007,102339,19947,902,7524752990,102339,4291408,102339,0.194911030985255,0.00881384418452399,73527.7166085266,41.9332610246338
2017,25,10398,1081235,205416,100890,105644338230,1081235,46548239,1081235,0.189982751205797,0.093309964993734,97707.1018141292,43.0509916900581
2017,26,8017,805066,127157,200632,71313871320,805066,33999391,805066,0.157946056596602,0.249211865859445,88581.3974506438,42.2318058395212
2017,27,9287,981158,213236,25103,63800856090,981158,41074012,981158,0.217330949755289,0.0255850739636226,65026.0774411461,41.8627907024149
2017,28,85,7462,2412,668,457577840,7462,343304,7462,0.323237737871884,0.0895202358616993,61321.0720986331,46.006968641115
2017,29,1747,186611,44447,13745,7764776690,186611,7090614,186611,0.238179957237248,0.0736558938111901,41609.4265075478,37.9967633204902
2017,33,4480,436295,50435,10734,31062990280,436295,18662477,436295,0.115598390996917,0.0246026197870707,71197.2181207669,42.7749045943685
2017,34,415,46553,11481,13190,2556444100,46553,1867793,46553,0.246622129615707,0.283332975318454,54914.7015229953,40.1218611045475
2017,35,825,86760,8687,13154,4759053000,86760,3655902,86760,0.100126786537575,0.151613646841863,54853.0774550484,42.1381051175657
2017,36,2870,281127,32707,2646,22506024260,281127,11985354,281127,0.116342435980891,0.00941211623216553,80056.4309369075,42.6332369356198
2017,37,3050,305873,57062,14977,21484542210,305873,12752038,305873,0.186554550417984,0.0489647664226656,70240.0741811144,41.6906297711796
2017,43,1881,182576,25590,33738,15403977690,182576,7911128,182576,0.140160809744983,0.184788800280431,84370.2222088336,43.3306020506529
2017,44,1308,128251,22523,734,13800458100,128251,5493028,128251,0.17561656439326,0.00572315225612276,107605.072085208,42.8302937209067
2017,45,424,43649,9739,579,3784142700,43649,1943982,43649,0.223120804600334,0.0132649087035213,86694.8314967124,44.5366904167335
2017,47,303,32328,8122,1145,4608482800,32328,1578896,32328,0.251237317495669,0.0354182133135363,142553.909923286,48.8398911160604
2017,48,557,58024,15369,477,6101842200,58024,2532208,58024,0.264873155935475,0.00822073624707018,105160.661105749,43.6407003998346
2017,53,3399,340028,81213,16805,29629269820,340028,14578220,340028,0.238842095356853,0.0494224005081934,87137.7351865141,42.8735868810804
2017,55,2498,257156,38723,6070,26137603800,257156,11105037,257156,0.150581748043989,0.0236043491110454,101641.042013408,43.1840478153339
2017,56,2163,212388,47058,1927,17261863900,212388,9389839,212388,0.221566190180236,0.00907301730794583,81275.137484227,44.210779328399
2017,57,2527,252381,56953,2317,21851445900,252381,11057822,252381,0.225662787610795,0.0091805643055539,86581.1843997765,43.8140034313201
2017,59,5874,585678,119865,14828,55901581000,585678,25226607,585678,0.204660239927059,0.0253176660212608,95447.6367560332,43.0724852222552
2017,64,25173,2620047,528153,116846,191159468300,2620047,108204604,2620047,0.201581498347167,0.0445969099027613,72960.3202919642,41.2987263205584
2017,65,2719,278027,46077,3475,19396124920,278027,11666511,278027,0.165728508382279,0.0124987860891208,69763.4579375384,41.9617914806835
2017,66,305,30741,9189,848,4597028100,30741,1320512,30741,0.298916756123744,0.027585309521486,149540.616765883,42.9560521778732
2017,68,680,67611,17147,737,5712695790,67611,2795275,67611,0.253612577834968,0.0109005930987561,84493.5852154235,41.3434944017985
2017,69,102,9332,1630,29,1070375200,9332,407373,9332,0.174667809687098,0.00310758679811402,114699.44277754,43.6533433347621
2017,73,780,81242,20859,1584,6112109600,81242,3482139,81242,0.256751433987346,0.0194973043499668,75233.3719012334,42.8613155756875
2017,74,104,12075,2909,374,1093536900,12075,508357,12075,0.240910973084886,0.0309730848861284,90562.0621118012,42.0999585921325
2017,75,711,68387,11461,3187,5837515900,68387,2869467,68387,0.167590331495752,0.0466024244373931,85360.0231038063,41.9592466404434
2017,76,2474,242581,58814,3911,20214707750,242581,10245206,242581,0.242450975138201,0.0161224498208846,83331.7850532399,42.2341650830032
2017,77,287,26757,9469,1367,1673520500,26757,1130173,26757,0.353888702021901,0.0510894345404941,62545.1470643196,42.2384049033898
2017,78,887,80212,16007,2438,5494358400,80212,3347714,80212,0.199558669525757,0.0303944546950581,68497.9604049269,41.7358250635815
2017,79,225,17197,3343,1206,958718200,17197,726762,17197,0.19439437111124,0.0701285107867651,55749.1539221957,42.2609757515846
2017,83,1338,134597,21734,1868,12278680700,134597,5878817,134597,0.161474624248683,0.0138784668306129,91225.5154275355,43.6771770544663
2017,84,8763,839143,70004,143326,187310428820,839143,43807588,839143,0.0834232067716706,0.170800447599515,223216.339551185,52.205152161193
2017,85,1490,140540,13309,77289,21319656470,140540,5538965,140540,0.0946990180731464,0.549943076704141,151698.139106304,39.4120179308382
2017,86,823,73384,8800,22863,6405286300,73384,3307874,73384,0.119917148152186,0.311552927068571,87284.5075220757,45.0762291507686
2017,87,384,36346,3189,16828,3576163900,36346,1451666,36346,0.0877400539261542,0.462994552357894,98392.227480328,39.9401859902053
2017,88,76,7383,172,3890,768433000,7383,321894,7383,0.0232967628335365,0.526886089665448,104081.403223622,43.5993498577814
2017,89,848,83895,7605,52019,4365638500,83895,3193583,83895,0.0906490255676739,0.620048870612075,52036.9330711008,38.066428273437
2017,95,32927,3288555,537230,28903,216566732910,3288555,125624644,3288555,0.163363544170616,0.00878896658258719,65854.6786993072,38.2005604285165
2017,96,2927,279090,60527,7683,27825138930,279090,10632980,279090,0.216872693396395,0.027528754165323,99699.5196173278,38.0987495073274
2017,97,966,99872,20869,6947,4498981000,99872,3695147,99872,0.208957465555912,0.0695590355655239,45047.4707625761,36.9988285004806
2017,98,1016,103022,14150,541,6086439400,103022,3929876,103022,0.137349304032149,0.00525130554638815,59079.0258391412,38.1459882355225
2017,99,1408,138160,28845,7834,7578782660,138160,4964806,138160,0.208779675738274,0.056702374059062,54855.1147944412,35.9351910828025
2017,103,3460,337168,77302,22204,20247831660,337168,12649844,337168,0.229268495230864,0.0658544108574954,60052.6493024249,37.5179257818061
2017,104,1810,174816,35440,13659,10170619020,174816,6568829,174816,0.202727439136006,0.078133580450302,58178.9940280066,37.5756738513637
2017,105,2025,209684,53346,29155,9362167740,209684,7739705,209684,0.254411400011446,0.139042559279678,44648.9371625875,36.9112807844185
2017,106,1098,105738,25510,1065,9940259600,105738,4409079,105738,0.241256691066599,0.0100720649151677,94008.3943331631,41.6981501446973
2017,154,14543,1391907,338942,16766,78713981880,1391907,52276038,1391907,0.243509085017893,0.012045344983537,56551.1789796301,37.557134205087
2017,155,5247,574886,181677,11847,13801853990,574886,20623315,574886,0.316022654926368,0.0206075639344148,24007.9841742537,35.8737471429118
2017,156,37850,3569195,596754,20541,173462522520,3569195,147065417,3569195,0.167195684180887,0.00575507922654828,48599.9006834875,41.2040857952564
2017,157,7152,703198,131278,4527,36724913640,703198,30021607,703198,0.18668710661862,0.0064377316203971,52225.5661136693,42.6929641438116
2017,158,2406,250295,42580,3340,11691213840,250295,10138614,250295,0.170119259274057,0.013344253780539,46709.7378693142,40.5066581433908
2017,159,19706,1992158,526584,151358,51040940970,1992158,64626050,1992158,0.264328431781013,0.0759769054462548,25620.9301521265,32.4402231148333
2017,163,7378,785845,175536,58100,32646552970,785845,30037985,785845,0.223372293518442,0.0739331547569813,41543.2470398107,38.2238036762975
2017,164,1754,154215,18750,477,6663136540,154215,5474483,154215,0.121583503550238,0.00309308433031806,43206.7992088967,35.4990305741984
2017,165,527,50106,11904,1027,2310857800,50106,1910367,50106,0.237576338163094,0.0204965473196823,46119.3829082346,38.1265117949946
2017,166,3345,343900,98745,38573,27875725144,343900,14156681,343900,0.287132887467287,0.112163419598721,81057.647990695,41.1651090433266
2017,167,1786,171760,19509,45050,10202411540,171760,6644518,171760,0.113582906380997,0.262284583139264,59399.2288076386,38.6848975314392
2017,169,329,30900,9948,2768,1834233690,30900,1196814,30900,0.321941747572816,0.08957928802589,59360.313592233,38.7318446601942
2017,173,217,20447,4437,161,1396474900,20447,823180,20447,0.21700004890693,0.0078740157480315,68297.3003374578,40.2592067295936
2017,174,8102,844377,164876,14558,38290177020,844377,33759121,844377,0.195263490123488,0.0172411138626467,45347.2524950348,39.9810996746714
2017,175,4125,430707,126595,78232,8946473830,430707,13110887,430707,0.293923711479033,0.181636239949664,20771.6007169607,30.4403852270801
2017,176,5655,495183,59218,28489,20610858740,495183,20340788,495183,0.119588111869753,0.0575322658491911,41622.7106746395,41.0773148512772
2017,178,10451,981462,81191,240623,138336394130,981462,45305479,981462,0.0827245476646065,0.245167922955754,140949.312484844,46.1612156150722
2017,183,2169,211069,46619,83331,9524562100,211069,7722613,211069,0.220870900037429,0.394804542590338,45125.3481089123,36.5880967835163
2017,184,573,54911,7146,3764,3510953560,54911,2173463,54911,0.130137859445284,0.0685472856076196,63938.9841743913,39.5815592504234
2017,185,8373,858976,209624,195530,41639113340,858976,33511810,858976,0.244039414372462,0.227631505420408,48475.2930698879,39.0136744216369
2017,186,1568,159021,36749,78768,3751633440,159021,4600247,159021,0.231095264147503,0.495330805365329,23592.062935084,28.9285503172537
2017,187,2004,209169,51102,58957,13217548270,209169,8619379,209169,0.244309625231272,0.28186299116982,63190.7609158145,41.2077267663946
2017,188,1881,190202,38998,98474,6622188840,190202,7339819,190202,0.205034647374896,0.517733777773104,34816.6099199798,38.5895994784492
2017,189,1604,167501,44548,94747,4275057668,167501,5889274,167501,0.265956621154501,0.565650354326243,25522.5799726569,35.1596348678515
2017,193,170,21501,12411,4996,493061820,21501,638450,21501,0.5772289660946,0.232361285521604,22932.0413004046,29.6939677224315
2017,194,1506,164603,44191,49534,5132511740,164603,5480273,164603,0.268470197991531,0.300930116705042,31181.1555074938,33.2938828575421
2017,195,3050,295677,79651,57067,15169865270,295677,11563173,295677,0.269385173686151,0.19300452859032,51305.5302576798,39.1074483304417
2017,198,419,50866,11917,16605,2250040620,50866,1681140,50866,0.234282231746157,0.326445956041364,44234.6679510872,33.0503676326033
2017,199,2841,298258,96702,47841,9360570150,298258,9261004,298258,0.324222652871004,0.160401397447847,31384.137726398,31.0503121458603
2017,203,2824,304193,72895,2033,14287130680,304193,11904883,304193,0.239634048120765,0.00668325701117383,46967.3223249713,39.1359531613154
2017,204,1887,185609,31933,6260,9404285450,185609,5980259,185609,0.172044459051016,0.0337268128161889,50667.1845115269,32.2196606845573
2017,205,1716,182658,24021,2230,7481117800,182658,7196967,182658,0.131508064251224,0.0122086084376266,40956.9676663491,39.4013237854351
2017,206,3668,369931,67091,4665,20820748480,369931,14551452,369931,0.181360848374427,0.012610459788447,56282.7891687909,39.3355842035407
2017,207,7617,818762,172226,8984,31137593950,818762,31262744,818762,0.21034928343035,0.0109726636067624,38030.0917116329,38.1829444942486
2017,208,4497,487052,143599,13194,23573863550,487052,20530000,487052,0.294832995244861,0.0270895099496563,48401.1225700747,42.1515567126303
2017,214,5881,590238,167248,10756,29646140140,590238,23331097,590238,0.283356883155608,0.018223157438186,50227.4339164879,39.5282868944392
2017,217,1576,159929,36573,9270,8242540250,159929,6444240,159929,0.228682727960533,0.0579632211793984,51538.7468814286,40.2943806314052
2017,218,907,89957,19618,8125,4880425350,89957,3814253,89957,0.218081972497971,0.0903209311115311,54252.8691485932,42.4008470713786
2017,223,628,58719,17815,1698,2741056800,58719,2462736,58719,0.303394131371447,0.028917386195269,46680.9175905584,41.9410412302662
2017,224,654,67281,17764,484,3607967000,67281,2794590,67281,0.264026991275397,0.00719370996269378,53625.3474234925,41.5360948856289
2017,225,162,18736,4520,77,1312907900,18736,865778,18736,0.241246797608881,0.00410973526900085,70074.0766438941,46.2093296327925
2017,226,1412,136593,13492,4857,20055445500,136593,5767738,136593,0.0987751934579371,0.0355581911225319,146826.30515473,42.2257216694853
2017,227,291,30621,5314,0,2927430900,30621,1270302,30621,0.173541033930962,0,95602.0672087783,41.4846673851279
2017,228,1033,109676,28143,18730,5358862280,109676,4359698,109676,0.256601261898683,0.170775739450746,48860.8472227288,39.7507020679091
2017,229,17074,1758285,362064,59927,179425465670,1758285,73871332,1758285,0.205918835683635,0.034082643029998,102045.72391279,42.0132868107275
2017,233,986,93411,18841,623,4274345200,93411,4160365,93411,0.20170001391699,0.00666945006476753,45758.4781235615,44.5382770765756
2017,234,5162,536995,103746,30777,27479745080,536995,21139309,536995,0.193197329584074,0.0573133828061714,51173.1861190514,39.3659326436931
2017,243,39543,4231664,855395,615100,239249388790,4231664,184948844,4231664,0.202141521633098,0.145356531142359,56537.8982806764,43.7059379005517
2017,253,4638,493932,82283,105761,32671946310,493932,20449951,493932,0.1665877084295,0.214120567203583,66146.6483443065,41.4023610537483
2017,254,7882,810580,89625,406705,45358238350,810580,33672711,810580,0.110568975301636,0.501745663598905,55957.7566063806,41.5415023810111
2017,255,2118,225247,40558,25135,31169604200,225247,10074025,225247,0.180060111788392,0.111588611613029,138379.664102075,44.7243470501272
2017,256,1427,160264,42407,16459,11087685310,160264,6671402,160264,0.264607148205461,0.102699296161334,69183.8797858533,41.6275769979534
2017,258,372,35987,4720,637,4287221000,35987,1645037,35987,0.13115847389335,0.0177008364131492,119132.492288882,45.7119793258677
2017,274,23988,2484593,476863,183724,181544952340,2484593,105339155,2484593,0.19192801396446,0.0739453101574383,73068.2861700085,42.3969458981813
2017,275,26962,3076927,1097153,200584,88547058670,3076927,104601729,3076927,0.356574270367805,0.065189716883111,28777.7573761093,33.9955185807138
2017,276,27333,3181502,1158333,34705,45914505500,3181502,91750074,3181502,0.364083693802487,0.0109083696945657,14431.7072565097,28.8386032760627
2017,277,1086,117232,19215,60885,2048736020,117232,3424578,117232,0.163905759519585,0.519354783676812,17475.9111846595,29.2119728401802
2017,283,419,44821,12860,9710,924474770,44821,1242947,44821,0.286919078110707,0.216639521652797,20625.9291403583,27.7313536065684
2017,303,13180,1331477,171846,35734,74540149576,1331477,55583845,1331477,0.129064189617996,0.0268378650175707,55983.0545897526,41.7460046249391
2017,308,801,87073,17132,3128,3706024690,87073,3361578,87073,0.196754447417684,0.0359238799627898,42562.2717719615,38.6064336820829
2017,313,30317,2858805,454781,115617,102318841894,2858805,105760207,2858805,0.159080804741841,0.0404424226206404,35790.7733804859,36.9945508700314
2017,315,2967,271388,65265,11498,8661237930,271388,9807345,271388,0.240485946320397,0.0423673854407712,31914.5943446284,36.1377253231536
2017,316,1595,173929,47150,4121,6679503580,173929,6660982,173929,0.271087627710158,0.0236935761143915,38403.6220526767,38.2971327380713
2017,317,1215,145279,64297,636,3192939270,145279,5244613,145279,0.442576008920766,0.004377783437386,21977.9821584675,36.1002829039297
2017,318,1681,185903,36487,13620,6993481890,185903,7196980,185903,0.196269022016858,0.0732640140288215,37618.983502149,38.713630226516
2017,319,10093,1122562,420852,11812,25730798210,1122562,38517120,1122562,0.374903123390958,0.0105223586759573,22921.4940555622,34.3117974775558
2017,326,1183,129601,33825,9128,3950964110,129601,4908691,129601,0.260993356532743,0.0704315553120732,30485.5989537118,37.8754099119606
2017,328,443,46955,10393,490,2041205400,46955,1834937,46955,0.221339580449366,0.0104355233734427,43471.5237993824,39.0786284740709
2017,329,1593,140521,46676,375,2521919130,140521,3741583,140521,0.332163875861971,0.00266864027440738,17946.9198909772,26.626504223568
2017,335,2057,198816,53703,3957,5635255070,198816,6671030,198816,0.27011407532593,0.0199028247223563,28344.072257766,33.5537884274907
2017,336,1071,110502,28277,1483,4290470840,110502,4230053,110502,0.25589582089012,0.0134205715733652,38827.0876545221,38.280329767787
2017,337,11211,1064172,143306,91459,39623319670,1064172,39506325,1064172,0.134664321181162,0.0859438135940431,37233.9430749916,37.12400345057
2017,338,1460,141783,17201,4356,6113450150,141783,5605518,141783,0.121319199057715,0.0307230062842513,43118.3579836793,39.5358964050697
2017,344,4610,494536,85291,15343,17236639770,494536,19057489,494536,0.172466716275458,0.0310250416552081,34854.165864568,38.5361005063332
2017,346,560,63204,10122,262,2902388840,63204,2529555,63204,0.160148091892918,0.00414530725903424,45920.9676602747,40.0220713878868
2017,347,333,37465,10063,215,925105890,37465,1319558,37465,0.268597357533698,0.00573868944348058,24692.5367676498,35.2210863472574
2017,348,526,58403,17955,360,1815289800,58403,2195009,58403,0.307432837354245,0.00616406691437084,31082.1327671524,37.5838398712395
2017,349,74,8818,2622,0,380696500,8818,354031,8818,0.297346337037877,0,43172.6581991381,40.1486731685189
2017,354,1095,108608,11215,159,5347524140,108608,4312886,108608,0.103261269888038,0.00146398055391868,49236.9267457278,39.7105738067177
2017,355,3225,321186,44277,3220,15422449050,321186,13274910,321186,0.137854701014366,0.0100253435703922,48017.1895723973,41.3309110608806
2017,356,656,72509,19627,666,2077208360,72509,2598225,72509,0.270683639272366,0.00918506668137749,28647.5935401123,35.8331379552883
2017,357,1957,217538,52629,32215,6667042040,217538,8379013,217538,0.241930145537791,0.148089069495904,30647.7123077347,38.5174682124502
2017,359,2643,283228,70330,8375,11463704740,283228,11907440,283228,0.248315844478653,0.0295698165435621,40475.1816204613,42.0418885138475
2017,364,5212,593430,152193,3090,17904621890,593430,23588459,593430,0.256463272837571,0.00520701683433598,30171.4134607283,39.7493537569722
2017,365,14322,1667879,591255,8941,39061378410,1667879,57666420,1667879,0.354495140234993,0.00536070062636438,23419.7914896704,34.5747023615022
2017,366,231,24069,5211,218,883482500,24069,943477,24069,0.216502555153932,0.00905729361419253,36706.2403922057,39.1988449873281
2017,368,755,78683,15966,932,2989398310,78683,3171297,78683,0.202915496358807,0.0118449982842545,37992.9376104114,40.3047291028558
2017,373,5439,576087,100612,13322,30974754890,576087,24412766,576087,0.174647232102096,0.023124979386794,53767.4949964155,42.3768736319341
2017,375,6378,690987,142774,15050,33268225990,690987,28240595,690987,0.206623279453883,0.0217804387057933,48145.9506329352,40.8699367716035
2017,376,25749,2905723,939215,41717,93630213080,2905723,106337066,2905723,0.323229364946349,0.0143568399327809,32222.6905592859,36.5957340049275
2017,377,704,71034,9116,0,3252983000,71034,2868949,71034,0.128332911000366,0,45794.7321001211,40.3883914745052
2017,378,1223,137591,34187,3414,5021755100,137591,5542302,137591,0.248468286443154,0.0248126694333205,36497.7004309875,40.2809922160607
2017,379,12578,1299576,304374,34903,40468009540,1299576,45937278,1299576,0.23421023472271,0.0268572211244283,31139.3943409235,35.3478965447192
2017,383,2939,304391,139002,593,7396179810,304391,10862497,304391,0.456656077216475,0.00194815221212191,24298.2867758902,35.6859992575339
2017,384,109,10237,1896,1233,310744650,10237,350924,10237,0.185210510891863,0.120445443000879,30355.0503077073,34.2799648334473
2017,385,3066,311776,82980,8378,9256757330,311776,11431289,311776,0.266152622395566,0.0268718567176434,29690.4101983475,36.6650704351842
2017,386,269,28410,7595,839,1428487930,28410,1108548,28410,0.267335445265752,0.0295318549806406,50281.1661386836,39.0196409714889
2017,389,6981,729367,161811,24890,34857381140,729367,28904564,729367,0.221851276517857,0.034125481410593,47791.2781082775,39.6296569491079
2017,405,11495,1449734,201473,405576,21646714470,1449734,47381926,1449734,0.138972390797208,0.279758907496134,14931.5077593545,32.6831860189524
2017,415,719,72563,9967,1403,4148681300,72563,3090148,72563,0.137356504003418,0.0193349227567769,57173.5085374089,42.58572550749
2017,417,3520,361933,63938,501,25930611550,361933,18953885,361933,0.176657005578381,0.00138423409857626,71644.7838412082,52.3684908532795
2017,418,10112,1057704,188945,6759,73642575180,1057704,46058134,1057704,0.178636934340799,0.00639025663134488,69624.9377708697,43.5453907709529
2017,423,4455,456977,106042,334,22690375300,456977,19590507,456977,0.232051066027393,0.000730890176092013,49653.210774284,42.8697877573707
2017,425,351,39268,6218,369,824406110,39268,1126484,39268,0.158347764082714,0.00939696444942447,20994.3493429765,28.6870734440257
2017,426,7932,936722,301270,8524,30808541180,936722,35914411,936722,0.321621569686631,0.00909981830254867,32889.7380225937,38.3405225883453
2017,427,1700,168365,47063,1050,1934034830,168365,4181354,168365,0.279529593442818,0.0062364505687049,11487.1548718558,24.8350547916729
2017,434,3599,428001,182228,6621,10697960580,428001,14528138,428001,0.425765360361308,0.0154695900243224,24995.1766000547,33.9441683547468
2017,435,18064,2206493,1051812,13182,37886403660,2206493,66159297,2206493,0.476689479640316,0.0059741861859521,17170.4164300544,29.9839142929527
2017,436,27497,3345235,1007949,117447,72076001882,3345235,122246930,3345235,0.3013088766559,0.0351087442287313,21545.87103208,36.5436000759289
2017,439,3340,402188,141636,3478,5440762010,402188,12163516,402188,0.352163664753797,0.00864769709688007,13527.9073716769,30.2433588272151
2017,443,6053,686044,194501,5179,9501168100,686044,18786423,686044,0.283510970141857,0.00754907848476191,13849.2109835521,27.383699879308
2017,444,11628,1384854,507205,12682,18538488750,1384854,40691037,1384854,0.366251604862318,0.00915764405489676,13386.6015839937,29.3829075122721
2017,445,2556,287072,99633,5300,9107848950,287072,10230646,287072,0.347066241221714,0.018462267305763,31726.7060180025,35.6379096533274
2017,446,7939,906279,315341,15248,26631559200,906279,33851346,906279,0.347951348315475,0.0168248409154355,29385.6077433108,37.3520141148587
2017,447,27945,3273502,854802,158814,72034959690,3273502,116563429,3273502,0.261127685274058,0.0485150154177392,22005.4729430439,35.6081740594629
2017,448,1995,229788,25121,64998,8615082750,229788,9440573,229788,0.109322505962017,0.282860723797587,37491.4388479816,41.0838381464654
2017,453,21656,2398053,411565,166227,58104239540,2398053,84147740,2398053,0.171624647161677,0.0693174838087398,24229.756198049,35.0900251162089
2017,454,409,44465,13629,1000,1644801000,44465,1875720,44465,0.306510738783313,0.0224895985606657,36990.9142021815,42.1841898122119
2017,455,751,84662,18409,12075,2848492680,84662,3531903,84662,0.217441118801824,0.142625971510241,33645.4688053672,41.7176891639697
2017,456,797,91606,17392,39024,3093915928,91606,3881771,91606,0.189856559613999,0.425998297054778,33774.1624784403,42.3746370325088
2017,457,760,98528,24260,48701,1498055510,98528,3839748,98528,0.246224423514128,0.494285888275414,15204.363328191,38.9711351088016
2017,458,9726,1135970,269975,442246,19414313890,1135970,40176496,1135970,0.237660325536766,0.389311337447292,17090.5163780734,35.3675678054878
2017,459,2822,313160,107080,8409,6807705920,313160,9567665,313160,0.341933835738919,0.0268520883893218,21738.7467109465,30.552002171414
2017,461,632,57078,22025,9114,847683990,57078,1673794,57078,0.385875468656926,0.159676232523915,14851.3260801009,29.324678510109
2017,462,392,42155,16167,264,362787350,42155,901820,42155,0.383513225002965,0.00626260230103191,8606.03368520935,21.3929545724113
2017,463,1631,176914,32448,1751,8376705020,176914,6670200,176914,0.183411148919814,0.00989746430469041,47349.0228020394,37.7030647659315
2017,464,694,86908,24205,856,2706524600,86908,3333001,86908,0.278512910203894,0.00984949601877848,31142.4103649837,38.3509113085102
2017,465,3517,363007,79064,2927,14867885850,363007,14078935,363007,0.217802962477308,0.00806320539273347,40957.5734076753,38.7841969989559
2017,468,12068,1316625,435446,385817,14741465290,1316625,41232733,1316625,0.33072894711858,0.293034842874775,11196.403903921,31.3169907908478
2017,469,5924,665659,208126,122448,9537059270,665659,18625432,665659,0.312661587990247,0.183950040486195,14327.2445351148,27.9804404357186
2017,473,6070,446613,59241,324403,13024122568,446613,23397934,446613,0.132645041680381,0.726362645064071,29161.9871521877,52.3897289151906
2017,479,8160,822500,205933,74256,17998753430,822500,35090338,822500,0.250374468085106,0.0902808510638298,21882.982893617,42.6630249240122
2017,485,1343,154385,21204,70651,5319142600,154385,7078035,154385,0.137344949315024,0.457628655633643,34453.7526314085,45.8466496097419
2017,486,10388,1261848,304652,328407,25340417386,1261848,47763374,1261848,0.241433199561278,0.260258763337581,20081.988786288,37.8519235280319
2017,487,2416,252477,94122,72367,4076484720,252477,8350506,252477,0.372794353545075,0.286628088895226,16145.9646621276,33.0743236017538
2017,488,451,58811,9392,607,1352221120,58811,2342971,58811,0.159698015677339,0.0103211984152625,22992.6564758294,39.8389927054463
2017,489,139,12809,2428,327,589978200,12809,525562,12809,0.189554219689281,0.0255289249746272,46059.6611757358,41.0306815520337
2017,496,1275,119807,19825,21411,4270796020,119807,5429560,119807,0.165474471441569,0.178712429156894,35647.2995734807,45.3192217483119
2017,498,345,30516,7628,19071,883555150,30516,1512375,30516,0.249967230305414,0.62495084545812,28953.8324157819,49.560066850177
2017,503,2563,250798,21249,6321,15994152600,250798,11387238,250798,0.0847255560251677,0.025203550267546,63773.0468345043,45.4040223606249
2017,505,7622,844714,221600,143870,29677493520,844714,35784761,844714,0.262337311800207,0.170318001122273,35133.1853384696,42.3631678887766
2017,507,2764,287306,64940,17838,12757555520,287306,12552124,287306,0.226030782510633,0.0620871126951752,44404.0692502071,43.6890423450955
2017,508,1426,156982,34670,1324,9480724320,156982,6838788,156982,0.220853346243518,0.0084340879846097,60393.7032271216,43.564153852034
2017,509,390,39726,8796,7172,1195941080,39726,1584502,39726,0.221416704425313,0.180536676232191,30104.7444998238,39.8857675074259
2017,514,1359,149744,30987,23925,5899446520,149744,6307317,149744,0.206933165936532,0.15977267870499,39396.8808099156,42.1206659365317
2017,516,2701,279446,66751,16311,12652712820,279446,12139108,279446,0.238869048045061,0.0583690587805873,45277.8455229275,43.4399060999263
2017,518,3590,362040,54565,9270,18832530160,362040,15790259,362040,0.150715390564579,0.0256049055353,52017.8161529113,43.6146806982654
2017,519,261,24748,5675,201,1226265900,24748,1095190,24748,0.22931145951188,0.00812186843381283,49550.1010182641,44.2536770648133
2017,523,458,51403,13606,7880,2350101000,51403,2157246,51403,0.264692722214657,0.153298445616015,45719.1409061728,41.9673170826605
2017,525,1552,175162,40432,21663,7198027910,175162,6916026,175162,0.230826320777338,0.12367408456172,41093.5471734737,39.4835980406709
2017,526,389,41419,8408,11430,1394224400,41419,1685952,41419,0.202998623819986,0.275960308071175,33661.4693739588,40.7047973152418
2017,527,2559,289874,60135,12632,14858747800,289874,12254272,289874,0.20745220337112,0.0435775543856986,51259.3326755763,42.2744778765947
2017,533,189,19118,3553,1102,979840980,19118,785500,19118,0.18584579976985,0.0576420127628413,51252.2742964745,41.0869337796841
2017,534,3602,403196,83869,49232,18209790190,403196,17050300,403196,0.208010496135874,0.12210438595621,45163.6181658548,42.2878699193444
2017,535,794,84622,13665,18658,3535737100,84622,3399894,84622,0.161482829524237,0.22048639833613,41782.7172602869,40.177424310463
2017,536,206,22664,3583,5507,838267500,22664,940159,22664,0.158092128485704,0.242984468761031,36986.7410871867,41.4824832333216
2017,539,166,19349,3006,585,1088016700,19349,820079,19349,0.155356865987906,0.030234120626389,56231.1592330353,42.3835340327666
2017,543,226,22594,2411,507,1991948500,22594,955876,22594,0.106709745950252,0.022439585730725,88162.7201912012,42.306630078782
2017,544,436,37377,6248,726,2297353500,37377,1730301,37377,0.167161623458276,0.0194237097680392,61464.3631110041,46.2932017015812
2017,549,7373,769552,138998,62709,32929898640,769552,32178254,769552,0.180621972264382,0.0814876707486953,42790.9987109383,41.8142685614487
2017,558,7850,802468,76536,152105,48318787066,802468,36820757,802468,0.0953757657626223,0.189546499050429,60212.7275679529,45.88439289791
2017,563,2377,296400,51931,82224,9086980970,296400,12151124,296400,0.175205802968961,0.277408906882591,30657.8305330634,40.9956950067476
2017,567,10263,1225558,224931,379058,37703422240,1225558,50236765,1225558,0.183533541456218,0.309294215369652,30764.2904211796,40.9909322936981
2017,573,1094,151700,30933,32183,4123953300,151700,6051699,151700,0.203909030982202,0.212148978246539,27184.9261700725,39.8925444957152
2017,575,8014,884022,187685,88987,43384561020,884022,37335333,884022,0.212308064731421,0.100661521998321,49076.3363581449,42.2334885330908
2017,577,1355,129723,30932,3233,9471890920,129723,5781048,129723,0.238446536080726,0.0249223345127695,73016.2802278702,44.5645567863833
2017,579,4466,595161,103289,194584,14450324710,595161,23476623,595161,0.173547997936693,0.32694346571768,24279.6902182771,39.4458356646353
2017,584,187,23150,2675,5384,765963800,23150,919647,23150,0.115550755939525,0.232570194384449,33086.9892008639,39.7255723542117
2017,585,4972,565582,112105,70364,25871574930,565582,24104709,565582,0.198211753556513,0.124409899890732,45743.2784812812,42.6193001191693
2017,588,516,59694,14004,8059,2146370600,59694,2523324,59694,0.234596441853453,0.135005193151741,35956.220055617,42.270982008242
2017,589,396,45839,11044,5002,1971558900,45839,1938107,45839,0.240930212264665,0.109121054124217,43010.5128820437,42.2807434717162
2017,593,630,77430,17696,3505,3104717060,77430,3251954,77430,0.228541908820871,0.0452666924964484,40097.082009557,41.9986310215679
2017,594,131,13914,3096,855,523239600,13914,606860,13914,0.222509702457956,0.0614489003880983,37605.2608883139,43.6150639643525
2017,595,1585,222682,55608,37930,6420227360,222682,9074642,222682,0.249719330704772,0.170332581888074,28831.3710133733,40.7515739934076
2017,596,1095,124635,26063,9974,5348944900,124635,5212269,124635,0.209114614674851,0.0800256749709151,42916.8764793196,41.8202671801661
2017,597,755,81411,14464,4015,4211134810,81411,3536675,81411,0.177666408716267,0.049317659775706,51726.8527594551,43.4422252521158
2017,598,246,23657,6998,2470,1183277120,23657,1189900,23657,0.295810965042059,0.104408843048569,50018.0546983979,50.2980090459484
2017,599,774,93338,28610,16514,2760048150,93338,3827630,93338,0.306520388266301,0.176926867942317,29570.4659409887,41.0082710150207
2017,614,257,29672,11117,441,1735793300,29672,1641217,29672,0.374662981935832,0.0148624966298194,58499.36977622,55.3119776220006
2017,615,74,8466,1712,34,423409700,8466,401222,8466,0.202220647295063,0.00401606425702811,50012.9577132058,47.3921568627451
2017,616,574,52132,9771,300,3415355300,52132,2677636,52132,0.187428067213995,0.00575462288038057,65513.6058466969,51.3626179697691
2017,617,523,53527,16288,1558,2821418400,53527,2726082,53527,0.304295028677116,0.0291068059110356,52710.1911185009,50.9291012012629
2017,628,8960,887390,102765,28145,53427454980,887390,40269409,887390,0.115805902703434,0.0317166071287709,60207.411600311,45.3796064864378
2017,634,532,49644,6108,312,2813227600,49644,2192127,49644,0.123036016437032,0.00628474740149867,56668.028361937,44.156937394247
2017,637,3425,335719,52532,7902,15849706490,335719,14402874,335719,0.156476100548375,0.0235375418132426,47211.2287061501,42.9015754246855
2017,643,134,15743,4577,346,897602300,15743,818786,15743,0.290732388998285,0.021978021978022,57015.9626500667,52.0095280442101
2017,649,104,10476,1633,2453,284137810,10476,393404,10476,0.155880106911035,0.234154257350134,27122.7386407026,37.5528827796869
2017,657,447,47242,7871,9127,1469553680,47242,1983994,47242,0.166610219719741,0.193196731721773,31106.9319673172,41.9964015071335
2017,658,110,11658,1265,4788,264964100,11658,460310,11658,0.108509178246698,0.410705095213587,22728.092297135,39.48447418082
2017,666,554,60221,6892,21212,1356903050,60221,2191047,60221,0.114445127115126,0.352235930987529,22532.0577539397,36.3834376712443
2017,668,289,28880,3820,8164,747725200,28880,1141877,28880,0.132271468144044,0.282686980609418,25890.7617728532,39.5386772853186
2017,669,107,10844,1349,2486,378410500,10844,465981,10844,0.124400590188122,0.229251198819624,34895.8410180745,42.971320545924
2017,675,258,31020,7587,5281,1124842660,31020,1268150,31020,0.24458413926499,0.170245003223727,36261.8523533204,40.8816892327531
2017,677,574,62163,14552,2712,2359877700,62163,2261174,62163,0.234094236121165,0.0436272380676608,37962.7382848318,36.374917555459
2017,678,6599,725750,253403,9654,23335417600,725750,26830532,725750,0.349160179125043,0.0133021012745436,32153.5206338271,36.9693861522563
2017,679,192,20654,3392,340,597662200,20654,794527,20654,0.164229689164327,0.0164617023336884,28936.8742132275,38.4684322649366
2017,686,1981,248764,65314,3392,7063182970,248764,9815022,248764,0.262554067308775,0.0136354134842662,28393.1074030004,39.455154282774
2017,687,1940,231616,65755,17312,5194453600,231616,8514885,231616,0.283896621995026,0.0747444045316386,22427.0067698259,36.7629395205858
2017,688,678,76733,22558,1515,2099344380,76733,2874915,76733,0.293980425631736,0.0197437868974235,27359.0812297186,37.4664746588821
2017,694,960,88876,15196,751,4459401900,88876,3765905,88876,0.17097979206985,0.00844997524641073,50175.5468292903,42.3725752734147
2017,695,487,45177,6223,0,4141961700,45177,2001305,45177,0.13774708369303,0,91682.9736370277,44.2992009208226
2017,696,722,72147,6958,867,4466015280,72147,3088952,72147,0.0964419864997852,0.0120171316894673,61901.6075512495,42.814697769831
2017,699,472,48999,7558,662,3457586500,48999,2230762,48999,0.154248045878487,0.0135104798057103,70564.4298863242,45.5266842180453
2017,706,1339,137190,31183,2246,4757192500,137190,5848865,137190,0.227297908010788,0.0163714556454552,34675.9421240615,42.6333187550113
2017,707,102,11644,1969,0,510678500,11644,504120,11644,0.169099965647544,0,43857.6520096187,43.2944005496393
2017,713,74,7076,1129,218,291600700,7076,307892,7076,0.159553420011306,0.030808366308649,41209.8219332957,43.512153759186
2017,719,451,42339,7750,314,1745812570,42339,1797134,42339,0.183046363872552,0.007416330097546,41234.1474763221,42.4463024634498
2017,726,3748,408886,80094,3100,15086249010,408886,17542166,408886,0.195883449176543,0.00758157530460813,36895.978365608,42.9023395273988
2017,727,303,29122,7017,2071,819856700,29122,1230046,29122,0.240951857702081,0.0711146212485406,28152.4860929881,42.2376897191127
2017,729,201,21300,5484,52,664530600,21300,893229,21300,0.257464788732394,0.00244131455399061,31198.6197183099,41.9356338028169
2017,733,284,27292,5850,8280,686554300,27292,1075983,27292,0.214348527040891,0.30338560750403,25155.8808442034,39.4248497728272
2017,736,1779,192387,33922,9424,6846414260,192387,7677180,192387,0.176321684937132,0.0489845987514749,35586.6782059079,39.9048792278065
2017,738,90,10018,1566,0,261615500,10018,426001,10018,0.15631862647235,0,26114.543821122,42.5235575963266
2017,739,66,7364,1254,1287,153515800,7364,268127,7364,0.170287887017925,0.174769147202607,20846.7952199891,36.4105105920695
2017,743,68,7741,1599,501,191658500,7741,296014,7741,0.206562459630539,0.064720320372045,24758.8812814882,38.2397623046118
2017,744,1510,165956,23278,16659,3607003290,165956,6344388,165956,0.140266094627492,0.100382028971535,21734.6964858155,38.2293378967919
2017,747,304,33513,2669,1230,760993000,33513,1239257,33513,0.0796407364306389,0.0367021752752663,22707.3971294721,36.9783964431713
2017,748,1385,158558,25303,11663,3271729290,158558,5721263,158558,0.159581982618348,0.0735566795746667,20634.2744610805,36.0830926222581
2017,749,172,18472,2580,1045,593110800,18472,726813,18472,0.139670853183196,0.056572109138155,32108.6401039411,39.3467410134257
2017,753,107,12367,3069,741,389368600,12367,517221,12367,0.24816042694267,0.0599175224387483,31484.4828980351,41.8226732433088
2017,754,2137,263184,63179,1837,7204995510,263184,10659267,263184,0.240056386406468,0.00697990759316676,27376.2672122925,40.5011968812694
2017,755,407,42432,8855,372,1517810000,42432,1781183,42432,0.208686840120664,0.00876696832579186,35770.4091251885,41.9773519984917
2017,756,767,80201,22121,722,3314251280,80201,3473449,80201,0.275819503497463,0.00900238151643995,41324.3136619244,43.3092978890538
2017,757,595,62323,14906,1556,3081867890,62323,2719260,62323,0.239173338895753,0.0249667057105723,49449.9284373345,43.6317250453284
2017,759,1271,149374,31340,12181,5584762360,149374,6237702,149374,0.209808935959404,0.0815469894359126,37387.7807382811,41.7589540348387
2017,763,88,11002,2936,472,281088100,11002,391532,11002,0.266860570805308,0.0429012906744228,25548.8183966552,35.5873477549537
2017,765,198,20357,3497,60,865506940,20357,881795,20357,0.171783661639731,0.00294738910448494,42516.4287468684,43.3165495898217
2017,766,320,34089,6385,555,1397340500,34089,1454533,34089,0.187303822347385,0.0162809117310569,40990.9501598756,42.668690780017
2017,769,713,77875,17561,1679,2072352940,77875,2962979,77875,0.225502407704655,0.0215601926163724,26611.2737078652,38.0478844301766
2017,773,29,2346,668,806,89822500,2346,97249,2346,0.284739982949702,0.343563512361466,38287.5106564365,41.4531116794544
2017,774,247,27820,7562,2682,1279875320,27820,1104228,27820,0.271818835370237,0.0964054636951833,46005.5830337887,39.6918763479511
2017,779,12864,1387409,328282,19137,49659784360,1387409,57666892,1387409,0.236615158183348,0.0137933370765218,35793.1830916478,41.5644499927563
2017,783,5550,581051,148107,31023,24283218340,581051,25555717,581051,0.254895009216059,0.0533911825295886,41791.8880442508,43.9818828295623
2017,785,10091,1133994,300063,18357,36835281710,1133994,46325453,1133994,0.264607220144022,0.0161879163381817,32482.7836037933,40.8515856344919
2017,799,7330,784810,163839,14979,32990730710,784810,32898679,784810,0.208762630445586,0.0190861482397013,42036.5830073521,41.9192912934341
2017,803,2087,225690,39111,9298,12006728600,225690,9996480,225690,0.173295227967566,0.0411981035934246,53200.0912756436,44.292968230759
2017,804,35663,3999642,698268,394211,154667418306,3999642,179248971,3999642,0.17458262514495,0.0985615712606278,38670.3155697435,44.8162538047155
2017,808,4449,474944,32134,4926,14337236150,474944,17126248,474944,0.0676585028971837,0.0103717490904191,30187.2139662781,36.059510173831
2017,809,4645,588433,101399,210865,12205800060,588433,22972746,588433,0.172320383119234,0.358350058545323,20742.888417203,39.0405466722635
2017,813,653,86777,34178,775,1807168230,86777,3001673,86777,0.393860124226466,0.0089309379213386,20825.4287426392,34.5906519008493
2017,823,459,48897,9635,130,3391918200,48897,2374173,48897,0.1970468535902,0.00265864981491707,69368.636112645,48.5545739002393
2017,824,632,69103,5717,61,4915114300,69103,3406127,69103,0.0827315746060229,0.000882740257297078,71127.3649479762,49.2905807273201
2017,829,581,58128,11698,4255,3918284350,58128,3160743,58128,0.201245527112579,0.07320052298376,67407.8645403248,54.3755677126342
2017,844,3334,314086,52001,14177,15519478350,314086,14232351,314086,0.165562934992327,0.0451373190782143,49411.5571849748,45.3135478817903
2017,848,659,66861,13472,1068,3513024600,66861,3125217,66861,0.201492648928374,0.0159734374298919,52542.2084623323,46.7420020639835
2017,853,311,32390,4823,7268,1421074900,32390,1503899,32390,0.148903982710713,0.224390243902439,43873.8777400432,46.4309663476382
2017,859,221,19730,3333,1457,1165226400,19730,943207,19730,0.168930562595033,0.0738469336036493,59058.6112519007,47.8057273188039
2017,865,142,16717,5741,755,412066910,16717,635680,16717,0.343422862953879,0.0451636059101513,24649.5728898726,38.0259615959801
2017,866,301,39715,20982,2020,960720900,39715,1547230,39715,0.528314238952537,0.0508623945612489,24190.3789500189,38.9583280876243
2017,869,15509,1894669,447096,397701,55997116330,1894669,75863781,1894669,0.235975782577326,0.209905265774655,29555.0918550945,40.0406514277692
2017,874,406,47769,13098,1400,974163360,47769,1727025,47769,0.274194561326383,0.0293077100211434,20393.2123343591,36.1536770709037
2017,875,820,89266,17448,6908,2552531184,89266,3323808,89266,0.195460757735308,0.0773866869804853,28594.6629623821,37.2348710595299
2017,878,274,28591,6627,429,777231070,28591,1164399,28591,0.231786226434892,0.0150047217655906,27184.4660907279,40.7260676436641
2017,883,256,30818,9885,216,1284635080,30818,1226854,30818,0.320754104743981,0.00700889090791096,41684.5700564605,39.8096566941398
2017,885,772,89533,36438,1371,2006187920,89533,3322514,89533,0.406978432533256,0.0153127896976534,22407.2455965957,37.1093786648498
2017,887,2938,367189,113418,30973,7535358350,367189,13534061,367189,0.308881802014766,0.084351655414514,20521.7431622407,36.8585687479745
2017,888,3860,485511,139609,3889,10601605930,485511,18346239,485511,0.287550642518913,0.00801011717551199,21835.9747358968,37.7874837027379
2017,889,19918,2239721,711603,50799,59147168010,2239721,83074027,2239721,0.317719483810707,0.0226809499933251,26408.274963712,37.0912390427201
2017,905,10524,1030095,524867,0,47899283790,1030095,51532718,1030095,0.509532615923774,0,46499.8701964382,50.0271508938496
2018,4,11472,1083597,37755,297306,185788376730,1083597,51945893,1083597,0.0348422891536245,0.274369530369685,171455.233569307,47.9383876108923
2018,7,11076,1132964,141617,30995,122016887000,1132964,49944840,1132964,0.124996910757976,0.0273574447202206,107697.055687559,44.0833424539526
2018,8,4698,452391,48354,22362,40182434036,452391,19935246,452391,0.106885415492351,0.0494306915920078,88822.3550777978,44.0664071566411
2018,13,11810,1198244,229139,64998,118066470430,1198244,52952874,1198244,0.191228998434376,0.0542443776058966,98532.9118526777,44.1920627184447
2018,14,9672,921775,91698,29795,66221520420,921775,39965143,921775,0.0994798079791706,0.0323235062786472,71841.3066312278,43.3567226275393
2018,15,6714,684653,60004,28447,56470932690,684653,29668030,684653,0.0876414767772872,0.0415495148637339,82481.1001923602,43.3329438416249
2018,17,9338,1091929,291376,182944,47526807330,1091929,48742236,1091929,0.266845188652376,0.167542028831545,43525.5472929101,44.6386495825278
2018,18,5340,565824,73029,128437,34164707998,565824,22899451,565824,0.129066635561588,0.226991078497908,60380.4504545583,40.4709786081891
2018,19,331,31555,4305,5963,1731175600,31555,1419017,31555,0.136428458247504,0.188971636824592,54862.1644747267,44.9696403105689
2018,21,5147,519779,109085,22950,31091785230,519779,21278045,519779,0.209868040070876,0.0441533805713582,59817.3170328159,40.9367154117423
2018,22,73517,7409113,774793,1067347,682165031830,7409113,333930872,7409113,0.104572976549285,0.144058674769841,92071.0794706465,45.0702900603622
2018,23,19589,1944377,340661,145424,147369675640,1944377,80900927,1944377,0.175203162761131,0.074792079931001,75792.7478261675,41.6076342190841
2018,24,997,104577,18854,1262,8103971000,104577,4393506,104577,0.180288208688335,0.0120676630616675,77492.8617191161,42.0121632863823
2018,25,10672,1087037,197053,109366,112512167510,1087037,46776982,1087037,0.181275338373947,0.100609270889583,103503.530707786,43.0316373775686
2018,26,8068,803422,119822,214089,71334436342,803422,34242167,803422,0.14913955555113,0.266471418507335,88788.2536724163,42.6203999890469
2018,27,9923,1049566,214084,28920,70603082264,1049566,43735918,1049566,0.203973832993828,0.0275542462312994,67268.8351794932,41.6704790360968
2018,28,78,8952,954,1140,525514000,8952,399539,8952,0.10656836461126,0.127345844504021,58703.5299374442,44.6312555853441
2018,29,1841,191581,47981,11001,7760083760,191581,7169654,191581,0.250447591358225,0.0574221869600848,40505.4977268101,37.4236171645414
2018,33,4591,456739,51107,8874,33456696800,456739,19573951,456739,0.111895415105783,0.0194290393419436,73251.2371398107,42.8558783024879
2018,34,369,40401,11953,10948,2822396160,40401,1642616,40401,0.295859013390758,0.27098339150021,69859.5618920324,40.6578054998639
2018,35,833,82125,10225,14143,4305260900,82125,3441061,82125,0.124505327245053,0.172213089802131,52423.2681887367,41.9002861491629
2018,36,2894,282689,33239,2939,22360476680,282689,11970890,282689,0.117581511838098,0.010396584232142,79099.2103689921,42.3465009250448
2018,37,3249,337973,67594,12678,23423909766,337973,14018559,337973,0.199998224710258,0.0375118722501502,69307.0445449785,41.4783399857385
2018,43,1982,199102,31873,39722,16410568820,199102,8555389,199102,0.160083776154936,0.199505780956495,82422.9230243795,42.969879760123
2018,44,1333,128179,25148,1490,13729237240,128179,5453037,128179,0.196194384415544,0.0116243690464117,107109.879465435,42.5423587327097
2018,45,414,38478,8034,227,3317453600,38478,1703948,38478,0.208794635895837,0.00589947502468943,86216.8927698945,44.2836945787203
2018,47,295,33078,9208,843,4334744300,33078,1640237,33078,0.278372332063607,0.0254852167603845,131046.142451176,49.5869460064091
2018,48,629,61619,15854,415,6523608200,61619,2729212,61619,0.257290770703841,0.00673493565296418,105870.075788312,44.2917282007173
2018,53,3476,347305,85881,19689,30777467100,347305,14934167,347305,0.247278328846403,0.056690804912109,88617.9787218727,43.0001497243057
2018,55,2370,240096,42100,6724,24464721300,240096,10245537,240096,0.175346528055444,0.0280054644808743,101895.580517793,42.672668432627
2018,56,2100,214604,50303,2656,18003251940,214604,9478235,214604,0.234399172429218,0.0123762837598554,83890.570259641,44.1661618609159
2018,57,2679,281992,72405,4301,24136886000,281992,12372100,281992,0.256762603194417,0.0152522057363329,85594.2225311356,43.8739396862322
2018,59,5989,587904,127595,14551,57014608280,587904,25213475,587904,0.21703373339865,0.0247506395602003,96979.4529038755,42.8870614930329
2018,64,26204,2734127,536218,111230,203068440310,2734127,112660570,2734127,0.196120370414396,0.0406820897493057,74271.765836042,41.2053170902449
2018,65,2749,289900,54047,3699,20454987000,289900,12197271,289900,0.186433252845809,0.0127595722662987,70558.7685408762,42.0740634701621
2018,66,334,33965,9625,713,5148733000,33965,1460613,33965,0.283379949948476,0.0209921978507287,151589.371411747,43.0034741645812
2018,68,1548,158738,44299,3109,13924493360,158738,6546375,158738,0.279069913946251,0.0195857324648162,87719.9748012448,41.2401252378133
2018,69,103,9938,2102,439,929957000,9938,435771,9938,0.211511370497082,0.044173878043872,93575.870396458,43.8489635741598
2018,73,864,91919,24160,1197,7803630500,91919,3920211,91919,0.262840109226602,0.0130223348817981,84896.8167625845,42.6485383870582
2018,74,81,7880,2138,202,558224500,7880,333587,7880,0.271319796954315,0.0256345177664975,70840.6725888325,42.3333756345178
2018,75,722,69605,13800,3661,6040550200,69605,2838417,69605,0.198261619136556,0.052596796207169,86783.2799367861,40.7789239278787
2018,76,2752,277301,63458,4479,22352256080,277301,11735273,277301,0.228841583694253,0.0161521235047836,80606.4748414178,42.3196201961046
2018,77,230,20031,6186,1036,1420275300,20031,868991,20031,0.308821326943238,0.0517198342569018,70903.8640107833,43.3823074234936
2018,78,848,81274,20246,1093,5674788100,81274,3403014,81274,0.249107955803824,0.0134483352609691,69822.9212294215,41.8708812166252
2018,79,227,19390,4495,1040,1134901500,19390,822894,19390,0.231820526044353,0.0536358947911295,58530.2475502837,42.4390923156266
2018,83,1333,137713,24602,1725,12684745900,137713,6036367,137713,0.17864689608098,0.0125260505544139,92110.0106743735,43.8329496852149
2018,84,8679,845580,69185,135524,193626576382,845580,43825739,845580,0.0818195794602521,0.160273421793325,228986.703070082,51.8292048061686
2018,85,1502,144969,9137,82583,23529511400,144969,5771069,144969,0.0630272678986542,0.569659720354007,162307.192572205,39.8089867488911
2018,86,950,84036,7006,24019,8381587800,84036,3764785,84036,0.0833690323194821,0.285817982769289,99738.0622590318,44.799669189395
2018,87,372,38138,4011,16708,4112989500,38138,1513154,38138,0.105170695893859,0.438093240337721,107844.918454035,39.6757564633699
2018,88,96,8715,270,4263,1261187600,8715,408131,8715,0.0309810671256454,0.489156626506024,144714.584050488,46.8308663224326
2018,89,869,85120,6330,58180,4776317800,85120,3273851,85120,0.0743656015037594,0.683505639097744,56112.7561090226,38.4615953947368
2018,95,33649,3374782,571334,35809,227571847540,3374782,129149405,3374782,0.169295083356495,0.0106107594505364,67433.0512430136,38.2689622618587
2018,96,3029,300836,64072,9826,30805577460,300836,11548298,300836,0.212979829541677,0.0326623143506761,102399.903801407,38.3873539071122
2018,97,980,100511,27195,5744,4675458230,100511,3734727,100511,0.270567400583021,0.0571479738536081,46516.8810378964,37.1573957079325
2018,98,1083,107035,13629,794,6047864800,107035,4056896,107035,0.127332181062269,0.00741813425515019,56503.6184425655,37.9025178679871
2018,99,1707,167367,34727,9203,9008329600,167367,6132962,167367,0.207490126488495,0.0549869448577079,53823.8099505876,36.6437947743582
2018,103,3497,347598,76998,22976,20890602600,347598,13063410,347598,0.221514508138712,0.0660993446452511,60099.8929798215,37.5819481124748
2018,104,1888,179602,34173,13470,10565342660,179602,6729232,179602,0.190270709680293,0.0749991648199909,58826.4198616942,37.467466954711
2018,105,1999,211884,54866,28811,9269984760,211884,7791905,211884,0.258943572898378,0.135975345000094,43750.2820411168,36.7743907043477
2018,106,1259,127151,26191,4706,14287677400,127151,5397131,127151,0.205983437015832,0.0370111127714292,112367.79419745,42.4466264520138
2018,154,12785,1232629,256075,11701,78297617670,1232629,47954959,1232629,0.207747018770449,0.00949271840918882,63520.8304120705,38.904616879856
2018,155,5154,568986,174322,14483,13616661384,568986,20581843,568986,0.306373091780817,0.0254540533510491,23931.4524153494,36.1728460805714
2018,156,38670,3661622,636955,26094,181275332340,3661622,151199079,3661622,0.173954329529373,0.00712635001646811,49506.839411605,41.2929240101791
2018,157,7228,714529,132884,4566,39257240740,714529,30496334,714529,0.185974257168009,0.00639022348987935,54941.42398699,42.6803306793706
2018,158,2302,244885,46980,1373,11241368870,244885,9886260,244885,0.19184515180595,0.00560671335524838,45904.6853420994,40.3710313004063
2018,159,21152,2122524,588370,173708,53664257540,2122524,68223892,2122524,0.277202990401993,0.081840299567873,25283.2276761064,32.1428129905716
2018,163,7428,762639,174337,55108,32558859810,762639,29013637,762639,0.228597016412746,0.0722596143129318,42692.361405593,38.0437362893846
2018,164,1809,159421,18969,587,7304865800,159421,5824589,159421,0.118986833604105,0.00368207450712265,45821.2268145351,36.53589552192
2018,165,506,46850,11181,1572,2362127260,46850,1739847,46850,0.238655282817503,0.0335538954108858,50418.9383137674,37.1365421558164
2018,166,3548,364985,111016,38471,29769855300,364985,15043047,364985,0.304165924627039,0.105404331684864,81564.5993670973,41.2155211858022
2018,167,1817,178689,19384,45770,11543792370,178689,6951903,178689,0.108478977441253,0.256143355214927,64602.702852442,38.9050417205312
2018,169,404,39601,8992,3195,2591086070,39601,1585280,39601,0.22706497310674,0.0806797808136158,65429.8141461074,40.0313123405975
2018,173,217,19229,3166,58,1456734600,19229,792662,19229,0.164647147537573,0.00301627749752977,75757.1688595351,41.2222164439128
2018,174,7786,822413,162901,17682,38641085660,822413,33181141,822413,0.198076878648562,0.0215001465200574,46985.0131989645,40.346080375675
2018,175,4463,459542,131878,83150,10095094600,459542,14000915,459542,0.286977033655248,0.180941023889003,21967.7300442615,30.4671063798304
2018,176,5515,483609,58528,25600,20980102200,483609,19942026,483609,0.121023388729325,0.052935325852083,43382.3650924611,41.2358454867465
2018,178,10651,1013587,84863,228999,148692754050,1013587,46755997,1013587,0.0837254226820194,0.225929298619655,146699.547300824,46.1292390293088
2018,183,2182,216701,46018,79945,10801309980,216701,7970482,216701,0.212357118795022,0.3689184636896,49844.3015029926,36.7810116243118
2018,184,603,58535,7621,3721,4182915450,58535,2373912,58535,0.130195609464423,0.0635688049884684,71460.0743145127,40.5554283761852
2018,185,8299,856563,205305,194373,42829362864,856563,33363370,856563,0.239684646663468,0.22692201274162,50001.4159659009,38.9502815321232
2018,186,1466,152763,33783,80864,3781592830,152763,4637965,152763,0.221146481805149,0.529342838252718,24754.6384268442,30.3605257817665
2018,187,1853,190414,44120,47887,13105178350,190414,8047288,190414,0.231705651895344,0.251488861113153,68824.6575882026,42.2620605627738
2018,188,2000,194911,38968,99275,6880880990,194911,7304087,194911,0.199927146235974,0.509335029834129,35302.6816854872,37.4739599099076
2018,189,1629,178359,52444,103178,4432544210,178359,6199387,178359,0.294036185446207,0.578484965715215,24851.8112907114,34.7579152159409
2018,193,157,19551,12250,4946,446709200,19551,616954,19551,0.6265664160401,0.252979387243619,22848.4067311135,31.5561352360493
2018,194,1581,176093,43123,53582,6051056910,176093,5940903,176093,0.244887644596889,0.304282396233808,34362.8475294305,33.7373035839017
2018,195,2988,294724,88920,57509,15548534428,294724,11647286,294724,0.301706002904412,0.195128323448379,52756.254760386,39.5192994123315
2018,198,278,31294,8856,4817,1717768900,31294,1093379,31294,0.282993545088515,0.153927270403272,54891.3178245031,34.9389339809548
2018,199,2837,307054,105590,48545,9577865320,307054,9574155,307054,0.343880880887401,0.158099226846092,31192.771694881,31.1806880874374
2018,203,2953,322656,78092,1441,15120817230,322656,12513086,322656,0.242028662104532,0.00446605672914807,46863.5860792919,38.7815072399088
2018,204,1832,178011,38103,5541,9116466160,178011,5928045,178011,0.214048570032189,0.03112728988658,51212.9371780396,33.3015656335844
2018,205,1646,169438,22201,2260,7039422070,169438,6763302,169438,0.131027278414523,0.0133382122074151,41545.710348328,39.9160873003695
2018,206,3858,390894,74866,8853,30428377040,390894,15625277,390894,0.191525068177051,0.0226480836236934,77843.0393917533,39.9731819879558
2018,207,8047,858655,188852,12629,32266571130,858655,32836708,858655,0.219939323709755,0.0147078861708137,37578.0390610897,38.2420273567382
2018,208,4723,505052,153492,11874,25109839670,505052,21695285,505052,0.303913260416749,0.0235104504090668,49717.3353832873,42.95653714865
2018,214,6556,655020,188936,10860,33490847210,655020,26566901,655020,0.288443100974016,0.01657964642301,51129.5032365424,40.5589157582975
2018,217,1589,152998,35857,8609,8098254790,152998,6170031,152998,0.234362540686806,0.0562687093948941,52930.4617707421,40.3275271572177
2018,218,913,92159,24154,5455,4784478600,92159,3895418,92159,0.262090517475233,0.0591911804598574,51915.4786835795,42.2684490934147
2018,223,698,68025,21239,1980,3208585180,68025,2804715,68025,0.312223447262036,0.0291069459757442,47167.7350973907,41.2306504961411
2018,224,653,68397,18230,842,3651356200,68397,2858841,68397,0.26653215784318,0.0123104814538649,53384.7420208489,41.7977542874687
2018,226,1566,153176,15512,5134,23258758040,153176,6492963,153176,0.101269128322975,0.0335170000522275,151843.356922756,42.3889055726746
2018,227,308,34287,6660,379,2922933700,34287,1425415,34287,0.194242715898154,0.011053752150961,85249.0360778138,41.5730451774725
2018,228,1128,115800,30601,20821,5335796120,115800,4561457,115800,0.264257340241796,0.179801381692573,46077.686701209,39.3908203799655
2018,229,17228,1809629,391196,64300,190142768390,1809629,75665619,1809629,0.216174696581454,0.0355321449866243,105072.790273586,41.8127798570867
2018,233,1107,110184,24421,870,5137418050,110184,4860555,110184,0.221638350395702,0.00789588324983664,46625.8081935671,44.1130744935744
2018,234,5294,547826,113541,33239,28833734990,547826,21651194,547826,0.207257413850383,0.0606743747102182,52633.0166695265,39.5220270669884
2018,243,39165,4167219,798667,604503,241707506684,4167219,182831010,4167219,0.191654674256381,0.1450614906488,58002.1128440814,43.8736265120696
2018,253,4757,481922,82385,105172,31207297370,481922,20003949,481922,0.170950900768174,0.21823448607866,64755.9094002764,41.5086860529297
2018,254,8066,831232,101227,430085,46046977760,831232,34299259,831232,0.121779479134586,0.517406692716354,55396.0600169387,41.2631599842162
2018,255,2176,228766,40337,28431,32946113820,228766,10351856,228766,0.176324278957537,0.124279831793186,144016.653785965,45.2508502137555
2018,256,1368,145805,37306,12374,11025971100,145805,6019753,145805,0.255862281814753,0.084866774116114,75621.3511196461,41.286327629368
2018,258,377,35450,5808,1359,4499009700,35450,1618313,35450,0.163836389280677,0.0383356840620592,126911.416078985,45.6505782792666
2018,274,24175,2498729,494008,165019,186396485510,2498729,105920725,2498729,0.197703712567469,0.0660411753335396,74596.5190742974,42.3898409951619
2018,275,26990,3068565,1057904,202084,91712572440,3068565,105396572,3068565,0.344755284636304,0.0658561901084057,29887.7724408641,34.3471857366554
2018,276,27200,3203939,1153145,30284,47114415840,3203939,92373142,3203939,0.359914779900616,0.00945211503714646,14705.1538247139,28.8311175712147
2018,277,1093,113725,20580,55817,2364353640,113725,3443030,113725,0.180962848977797,0.490806770718839,20790.0957573093,30.2750494614201
2018,283,429,46182,16417,7893,953999880,46182,1193287,46182,0.355484820925902,0.170910744445888,20657.3963882032,25.8387900047638
2018,303,12336,1241178,156863,36774,72954142390,1241178,51862209,1241178,0.126382356116528,0.029628304723416,58778.1465591559,41.7846666634439
2018,313,28239,2643906,417677,110617,96590782220,2643906,97845512,2643906,0.157977250325844,0.041838476859616,36533.3647338445,37.0079390114475
2018,315,2876,260895,67285,11181,8107423330,260895,9189968,260895,0.257900688016252,0.0428563215086529,31075.4262442745,35.2247762509822
2018,316,1607,173674,45416,1890,6688170700,173674,6594351,173674,0.261501433720649,0.0108824579384364,38509.9134009696,37.9697076131142
2018,317,1268,150033,72197,867,3345712070,150033,5564053,150033,0.481207467690441,0.00577872867969047,22299.8411682763,37.0855278505396
2018,318,1752,189326,37439,15908,8017227110,189326,7407800,189326,0.197748856469793,0.0840243812260334,42346.1495515671,39.1272197162566
2018,319,10180,1137145,424819,11150,27395070710,1137145,39276330,1137145,0.373583843749038,0.00980525790466475,24091.0971863747,34.5394210940557
2018,326,1143,125226,32883,9213,4066142710,125226,4634471,125226,0.262589238656509,0.0735709836615399,32470.435133279,37.008855988373
2018,328,472,48926,14153,881,2203206180,48926,1918634,48926,0.289273596860565,0.0180067857580836,45031.3980296775,39.2150185995176
2018,329,1359,123209,41553,318,2123721100,123209,3126222,123209,0.337256206932935,0.00258098028553109,17236.7367643597,25.3733250006087
2018,335,1868,188364,46028,3973,5710156680,188364,6551661,188364,0.244356671126118,0.021092140748763,30314.4798369115,34.7819169268013
2018,336,1248,123739,38091,3163,4650698590,123739,4626570,123739,0.307833423577045,0.0255618681256516,37584.7436135737,37.3897477755598
2018,337,11192,1078087,143741,90663,41590291410,1078087,40254629,1078087,0.13332968489556,0.0840961814770051,38577.8619072487,37.3389429610041
2018,338,1503,151791,20788,4037,6709633900,151791,6016783,151791,0.136951466160708,0.0265957797234355,44203.1075623719,39.6386017616328
2018,344,4653,488742,82577,12856,17826631770,488742,18927310,488742,0.168958264278495,0.0263042668729105,36474.5239205961,38.7265878520774
2018,346,534,58392,8739,495,2718764100,58392,2398141,58392,0.149660912453761,0.00847718865598027,46560.5579531443,41.0696842033155
2018,347,275,27068,7307,668,725950810,27068,947671,27068,0.269949756169647,0.0246785872617112,26819.5215752919,35.0107507019359
2018,348,445,49409,12352,1502,1524588140,49409,1773202,49409,0.249994940193082,0.0303993199619503,30856.4864700763,35.8882389848003
2018,354,1107,114003,12886,958,5632880150,114003,4651210,114003,0.113032113190004,0.00840328763278159,49409.9291246722,40.7990140610335
2018,355,3322,325807,47019,9751,15634495760,325807,13487705,325807,0.144315499666981,0.029928761506045,47986.9854238859,41.3978367561163
2018,356,559,62787,18515,137,1643938530,62787,2237092,62787,0.294885884020578,0.00218198034625002,26182.7851306799,35.6298596843296
2018,357,2058,235996,57795,34940,7642910550,235996,9127739,235996,0.244898218613875,0.148053356836557,32385.7631061543,38.6775157206054
2018,359,2564,280138,67427,10875,11368553190,280138,11870158,280138,0.240692087471175,0.03882015292463,40581.974562537,42.3725378206455
2018,364,5421,607142,145252,6385,19628293460,607142,24307692,607142,0.239238925984366,0.0105164854350383,32328.9995750582,40.0362551100072
2018,365,14277,1639313,569096,9543,39911066302,1639313,56925391,1639313,0.347155180249287,0.00582134101297312,24346.2147265348,34.7251507186242
2018,366,222,22044,6135,79,951260450,22044,903060,22044,0.278307022318998,0.0035837416076937,43152.8057521321,40.9662493195427
2018,368,819,90198,18968,499,3590300740,90198,3747038,90198,0.210292911151023,0.00553227344287013,39804.660192022,41.5423623583672
2018,373,5556,581930,101506,12509,32095913590,581930,24965111,581930,0.174429914250855,0.0214957125427457,55154.2515250975,42.9005395837987
2018,375,4918,528878,97406,12787,28142228210,528878,21922586,528878,0.184174800237484,0.0241775986144253,53211.1908795601,41.4511210524923
2018,376,27804,3149864,983264,40311,105249678210,3149864,115450392,3149864,0.312160779005062,0.012797695392563,33414.0388950126,36.6525005524048
2018,377,699,70954,10399,0,3230362470,70954,2840784,70954,0.14655974293204,0,45527.5596865575,40.0369817064577
2018,378,1234,146158,33859,3026,5405406900,146158,5806307,146158,0.231660258076876,0.0207036221075822,36983.3118953461,39.7262346228055
2018,379,13254,1365165,324346,35062,42758288060,1365165,48220643,1365165,0.237587397860332,0.0256833423066076,31320.9671065402,35.3222086707468
2018,383,2788,290728,135208,214,7239005750,290728,10309595,290728,0.465067004210121,0.000736083211799345,24899.5822555791,35.4613074764041
2018,384,82,7668,1277,419,272584100,7668,261329,7668,0.166536254564424,0.0546426708398539,35548.2655190402,34.080464267084
2018,385,2889,294718,76772,6996,9115450080,294718,10783746,294718,0.260493081521997,0.0237379461044117,30929.397186463,36.5900487924049
2018,386,303,30180,7413,1664,1541012130,30180,1160482,30180,0.245626242544732,0.0551358515573227,51060.7067594433,38.4520212060968
2018,389,7077,726084,152709,26821,37304801020,726084,28680175,726084,0.210318640818418,0.0369392522077335,51378.078872417,39.4998030530903
2018,405,11406,1440401,206425,400134,22164109462,1440401,47344404,1440401,0.143310786371295,0.277793475566873,15387.4577024037,32.8689052562446
2018,415,723,79148,11878,3294,5008698430,79148,3420777,79148,0.15007328043665,0.0416182341941679,63282.6910345176,43.2200055592055
2018,417,3619,365106,66161,180,26515041660,365106,19295623,365106,0.181210388216025,0.000493007510147738,72622.859279223,52.8493725109968
2018,418,10486,1081973,187489,5627,77614787460,1081973,47350514,1081973,0.173284361070008,0.00520068430543091,71734.4956482278,43.7631197821018
2018,423,4418,459860,119414,0,23424005220,459860,19775283,459860,0.259674683599356,0,50937.253120515,43.0028334710564
2018,425,398,44090,5772,0,1095002390,44090,1307667,44090,0.130914039464731,0,24835.6178271717,29.6590383306872
2018,426,7790,926885,286683,11693,31813669800,926885,35910243,926885,0.30929726988785,0.0126153729966501,34323.2114016302,38.7429325105056
2018,427,2029,200846,51460,836,2708478260,200846,5117115,200846,0.256216205450943,0.00416239307728309,13485.3482767892,25.4778038895472
2018,434,3680,446488,192727,6013,11698880140,446488,15221759,446488,0.431651018616402,0.0134673272293992,26202.0035028937,34.0922018060956
2018,435,18429,2210468,1045637,17027,39287543080,2210468,66423042,2210468,0.473038741117266,0.007702893685862,17773.40503459,30.0493117294618
2018,436,27477,3341734,971672,116066,74834371122,3341734,122235038,3341734,0.290768804459002,0.0347322677388446,22393.8742946027,36.578326701048
2018,439,4730,546354,183676,5227,6923721810,546354,15269474,546354,0.336184964327158,0.00956705725591832,12672.592879342,27.9479494979446
2018,443,4117,481587,154838,1510,7567030580,481587,13942558,481587,0.321516153882891,0.00313546669656781,15712.6969374173,28.9512756781225
2018,444,11495,1353965,490122,12309,19499038170,1353965,40289431,1353965,0.361990154841521,0.00909107694807473,14401.4344314661,29.7566266483993
2018,445,2650,293258,103217,4603,9315277860,293258,10373590,293258,0.351966527767358,0.0156960764923719,31764.7868429847,35.3735959462317
2018,446,8255,960209,330616,12885,29442890810,960209,36094629,960209,0.344316706050454,0.0134189535819806,30663.0023359498,37.5903881342499
2018,447,26866,3210229,819672,152010,74630844880,3210229,115310535,3210229,0.25533131748545,0.0473517621328572,23247.8258965326,35.9197225493882
2018,448,1969,230324,25490,70148,8371308980,230324,9443271,230324,0.110670186346191,0.304562268803946,36345.7954012608,40.9999435577708
2018,453,21937,2482648,402837,195354,62363795914,2482648,87733469,2482648,0.162261021296616,0.078687755976683,25119.8703618072,35.3386662144613
2018,454,653,71550,16784,6467,2950656080,71550,3125269,71550,0.234577218728162,0.0903843466107617,41239.0786862334,43.6795108315863
2018,455,741,80730,21225,8191,2836814650,80730,3442801,80730,0.262913415087328,0.101461662331228,35139.5348693175,42.645868945869
2018,456,981,114474,21085,35720,3791493560,114474,4717383,114474,0.184190296486538,0.312035920820448,33121.0017995353,41.2092090780439
2018,457,817,111181,27160,51953,2063472590,111181,4392834,111181,0.244286343889693,0.467283078943345,18559.5793345985,39.5106537987606
2018,458,10136,1165037,270061,466326,21605000682,1165037,41401659,1165037,0.231804655131125,0.400267115980008,18544.4759968997,35.5367760852231
2018,459,2747,304192,99771,11400,6637078960,304192,9281961,304192,0.327986929307806,0.037476330738481,21818.7163370503,30.5134947664633
2018,461,696,67088,30340,8073,1080891450,67088,2003715,67088,0.452241831624136,0.120334486048176,16111.5467743859,29.8669657762938
2018,462,377,42420,17360,102,413573900,42420,946082,42420,0.409240924092409,0.0024045261669024,9749.50259311646,22.3027345591702
2018,463,1641,182129,31190,1542,9062731840,182129,7000209,182129,0.171252244288389,0.00846652647299442,49759.9604675807,38.4354441082969
2018,464,690,89761,25676,1032,2800881480,89761,3316415,89761,0.286048506589722,0.0114971981149943,31203.7686745914,36.9471708202894
2018,465,3639,393185,91055,7039,17056862280,393185,15188360,393185,0.2315830970154,0.0179025140837011,43381.263985147,38.6290423083281
2018,468,12166,1308450,441955,361891,16131485510,1308450,41163160,1308450,0.337769880392831,0.276579922809431,12328.6984676526,31.4594825939088
2018,469,6082,696471,212904,127431,10334202970,696471,19218875,696471,0.305689684136167,0.182966699259553,14837.9515730016,27.5946521822158
2018,473,6200,456711,64247,341472,11958587922,456711,23709418,456711,0.140673204718082,0.747676320473998,26184.1469156644,51.9133938092142
2018,479,7803,813059,213240,67532,18973516310,813059,34778054,813059,0.26226878984182,0.0830591629881718,23335.9649299743,42.77433003017
2018,485,1382,160659,25513,71931,6108216080,160659,7162899,160659,0.158802183506682,0.447724683957948,38019.7566273909,44.5844863966538
2018,486,10257,1257166,294483,317825,26146473330,1257166,48020544,1257166,0.234243528698676,0.252810686894173,20797.9481866357,38.1974568195449
2018,487,2694,290211,115582,79230,4939028670,290211,9606441,290211,0.398268845770836,0.273008259507738,17018.7507365331,33.1015743717502
2018,488,416,53506,12310,330,1320465460,53506,2161966,53506,0.230067655963817,0.00616753261316488,24678.8296639629,40.4060479198595
2018,489,137,12973,834,81,536322700,12973,512470,12973,0.0642873660679874,0.0062437369922146,41341.4553303014,39.5028135358051
2018,496,1470,133579,28939,22827,4842229700,133579,6086748,133579,0.216643334655897,0.170887639524177,36249.9322498297,45.5666534410349
2018,498,361,35170,7508,20509,739691770,35170,1650394,35170,0.213477395507535,0.583139038953654,21031.8956497015,46.926187091271
2018,503,2465,250325,19620,4372,17033708100,250325,11376355,250325,0.0783781084590033,0.0174652951163487,68046.3721162489,45.4463397583142
2018,505,7455,820960,206185,133524,30154866726,820960,34974896,820960,0.251151091405184,0.16264373416488,36731.2253045215,42.6024361722861
2018,507,2642,275050,71621,15627,13027145290,275050,12029958,275050,0.260392655880749,0.056815124522814,47362.8259952736,43.7373495728049
2018,508,1380,153396,29206,3801,9813822400,153396,6741836,153396,0.190396098985632,0.0247790033638426,63977.0424261389,43.9505332603197
2018,509,365,34385,6435,8205,958659100,34385,1373324,34385,0.187145557655955,0.238621491929621,27880.1541369783,39.9396248364112
2018,514,1374,150083,28983,25434,5996058330,150083,6297140,150083,0.193113144060287,0.169466228686793,39951.6156393462,41.957716730076
2018,516,3432,355747,88985,18709,15822855020,355747,15421333,355747,0.25013563009667,0.0525907456703781,44477.8312115071,43.3491582501047
2018,518,3398,334195,51461,7367,17648356540,334195,14631708,334195,0.153984948907075,0.0220440162180763,52808.5594937088,43.7819476652852
2018,519,271,27137,5536,372,1434278200,27137,1237842,27137,0.20400191620297,0.0137082212477429,52853.2335925121,45.61454840255
2018,523,477,51374,13917,4836,2339490640,51374,2202257,51374,0.27089578385954,0.0941332191380854,45538.417098143,42.8671506987971
2018,525,1297,144100,35938,15659,5913172700,144100,5631225,144100,0.249396252602359,0.108667591950035,41035.2026370576,39.0785912560722
2018,526,332,36724,7195,10149,1250734300,36724,1521389,36724,0.195920923646662,0.276358784446139,34057.6816250953,41.4276494935192
2018,527,2706,297465,53466,13807,15939101550,297465,12673809,297465,0.179738792799153,0.0464155446859294,53583.115828753,42.606051132066
2018,533,107,11701,4266,0,696302600,11701,543627,11701,0.364584223570635,0,59507.9565849073,46.4598752243398
2018,534,3619,402297,92991,46022,18190389230,402297,16891451,402297,0.231150120433411,0.114398069088261,45216.3183667788,41.9875141997082
2018,535,859,87324,14571,22866,3612487990,87324,3481242,87324,0.166861343960423,0.261852411708122,41368.787389492,39.8658100865741
2018,536,273,30431,4206,9425,1234403700,30431,1288931,30431,0.138214320922743,0.309717064835201,40564.0202425159,42.3558542275969
2018,539,240,24840,6723,505,1510260500,24840,1071049,24840,0.270652173913043,0.0203301127214171,60799.537037037,43.1179146537842
2018,543,233,23543,3460,193,2017257600,23543,1004932,23543,0.146965127638789,0.00819776579025613,85683.965509918,42.6849594359258
2018,544,447,41373,6784,1545,2588248700,41373,1930598,41373,0.1639716723467,0.0373431948372127,62558.8838131148,46.663234476591
2018,549,7458,762484,134921,61963,33734162520,762484,31907374,762484,0.176949286804707,0.0812646560452416,44242.45298262,41.8466144863368
2018,558,7901,796913,87014,148714,49214183350,796913,36626270,796913,0.109188832407051,0.186612591336821,61756.0302693017,45.960186369152
2018,563,2271,292993,48606,83555,9198618430,292993,11832598,292993,0.165894748338698,0.28517746157758,31395.3522097798,40.3852583508821
2018,567,10032,1176314,228458,337098,37754302994,1176314,48281437,1176314,0.19421515003647,0.286571442659018,32095.4294465593,41.0446844975066
2018,573,1056,145666,29318,38707,4135940800,145666,5991415,145666,0.201268655691788,0.265724328257795,28393.3162165502,41.1311836667445
2018,575,7993,854713,183651,73223,45206608470,854713,36099753,854713,0.214868616716956,0.0856696926336677,52890.9803290695,42.236110834865
2018,577,1343,131947,27107,1912,10054973900,131947,5836316,131947,0.205438547295505,0.0144906667070869,76204.6420153547,44.2322750801458
2018,579,4321,569011,93026,177438,14672925340,569011,22586483,569011,0.163487173358687,0.311835799307922,25786.7164958147,39.6942818328644
2018,584,208,28300,5062,6882,749971100,28300,1137475,28300,0.17886925795053,0.243180212014134,26500.7455830389,40.1934628975265
2018,585,5070,574896,134256,73366,27327781270,574896,24521262,574896,0.233530934290724,0.127616125351368,47535.1737879547,42.6533877431744
2018,588,514,62890,15249,7837,2351894640,62890,2668977,62890,0.242470981078073,0.124614406105899,37396.9572269041,42.4388138018763
2018,589,310,33525,9385,3612,1312513950,33525,1391083,33525,0.279940343027591,0.107740492170022,39150.3042505593,41.4939000745712
2018,593,576,73270,18970,4666,2893995800,73270,3087096,73270,0.258905418315818,0.0636822710522724,39497.6907329057,42.133151357991
2018,595,1493,213313,58872,35321,6259269350,213313,8686515,213313,0.275988805182994,0.165582969626793,29343.1218444258,40.7219203705353
2018,596,1063,117533,25354,10270,5167465320,117533,4921386,117533,0.215718138735504,0.087379714633337,43966.0803348847,41.8723762687926
2018,597,737,76478,14363,4204,3813184200,76478,3297508,76478,0.187805643453019,0.0549700567483459,49859.883888177,43.117079421533
2018,598,337,30415,6394,1813,1610639400,30415,1460288,30415,0.210225217820155,0.0596087456846951,52955.4298865691,48.012099293112
2018,599,780,90541,25051,14823,3154373150,90541,3817389,90541,0.276681282512895,0.163715885620879,34839.1684430258,42.1619929092897
2018,614,355,38849,9048,670,2589994750,38849,2300933,38849,0.232901747792736,0.0172462611650236,66668.2475739401,59.2275991660017
2018,615,81,7087,1497,14,417521200,7087,316085,7087,0.21123183293354,0.00197544800338648,58913.672922252,44.6006772964583
2018,616,459,45682,8634,691,2983909300,45682,2351209,45682,0.189002232826934,0.0151263079549932,65319.1475854823,51.4690468893656
2018,617,762,83024,24979,1756,4801199700,83024,4662850,83024,0.300864810175371,0.0211505106957025,57829.0578627867,56.1626758527655
2018,628,8859,867964,103593,23539,53817811830,867964,39428726,867964,0.119351724265062,0.0271197883783198,62004.6589835523,45.4266835951722
2018,634,574,52706,4874,1216,3038081100,52706,2306601,52706,0.092475240010625,0.023071377072819,57642.0350624218,43.7635373581755
2018,637,3175,307886,51799,8839,14787858460,307886,13462035,307886,0.168240842389716,0.02870867788727,48030.3049180541,43.7240894357002
2018,643,108,12144,2784,214,773448200,12144,594573,12144,0.229249011857708,0.0176218708827405,63689.7397891963,48.9602272727273
2018,649,76,7615,1330,1629,201962400,7615,288320,7615,0.174655285620486,0.213919894944189,26521.6546290217,37.8621142481944
2018,657,493,55144,8254,13217,1752853300,55144,2264269,55144,0.14968083563035,0.239681561003917,31786.8362831858,41.0610220513564
2018,658,94,10347,2438,2567,255313100,10347,401960,10347,0.235623852324345,0.248091234174157,24675.0845655746,38.847975258529
2018,666,535,56956,6006,17977,1169390480,56956,2072855,56956,0.10544982091439,0.315629608820844,20531.4713111876,36.3939707844652
2018,668,260,27240,4583,7334,715188100,27240,1118252,27240,0.168245227606461,0.269236417033774,26255.0697503671,41.0518355359765
2018,669,89,8731,1130,3367,201078140,8731,371880,8731,0.12942389187951,0.385637384033902,23030.3676554805,42.5930592142939
2018,675,265,30059,7451,5511,1029285540,30059,1176288,30059,0.247879170963771,0.183339432449516,34242.1750557237,39.1326391430187
2018,677,585,61651,14669,2813,2338812350,61651,2304577,61651,0.237936124312663,0.0456278081458533,37936.3246338259,37.3810157175066
2018,678,7175,796825,276920,8167,25808386350,796825,29225286,796825,0.347529256737678,0.0102494274150535,32389.0268879616,36.677170018511
2018,679,163,17145,3365,704,609820900,17145,731597,17145,0.196267133275007,0.0410615339749198,35568.439778361,42.6711577719452
2018,686,1963,239758,71041,3667,7259357250,239758,9634032,239758,0.29630293879662,0.0152945887102829,30277.8520424762,40.1823171698129
2018,687,1830,212819,63036,18849,4901448660,212819,7703392,212819,0.296195358497127,0.0885682199427683,23031.0670569827,36.1969185082159
2018,688,705,78706,23904,2612,2235586300,78706,3039917,78706,0.303712550504409,0.0331867964322923,28404.2677813636,38.6237008614337
2018,694,933,85642,12717,1134,4339745900,85642,3531184,85642,0.148490226757899,0.0132411667172649,50673.1031503234,41.2319189182878
2018,695,483,45680,5561,0,4305083200,45680,2014195,45680,0.121738178633976,0,94244.3782837128,44.0935858143608
2018,696,871,91415,10461,1367,5890418600,91415,3895674,91415,0.114434173822677,0.0149537822020456,64436.0181589455,42.6152600776678
2018,699,455,43053,8492,181,3106132900,43053,2055130,43053,0.197245255847444,0.00420412050263629,72146.723805542,47.7348849092978
2018,703,121,13119,3999,84,496198100,13119,571294,13119,0.304825062885891,0.0064029270523668,37822.8599740834,43.5470691363671
2018,706,804,80556,18373,781,2814507300,80556,3483970,80556,0.228077362331794,0.0096951189234818,34938.5185461046,43.2490441432047
2018,709,395,41309,9730,749,1431208330,41309,1765110,41309,0.235541891597473,0.0181316420150573,34646.4046575807,42.7294294221598
2018,719,398,38732,5536,527,1539666660,38732,1649400,38732,0.142930909841991,0.0136063203552618,39751.7985128576,42.5849426830528
2018,726,3774,418179,88314,3628,16038827080,418179,18057083,418179,0.21118707539116,0.00867571064065866,38353.9754028777,43.1802720844423
2018,727,328,30210,8737,1714,846116400,30210,1218554,30210,0.289208871234691,0.0567361800728236,28007.825223436,40.3361138695796
2018,729,166,16486,5885,828,483335200,16486,685258,16486,0.356969549921145,0.0502244328521169,29317.9182336528,41.5660560475555
2018,733,290,27008,5507,8460,848197420,27008,1060078,27008,0.203902547393365,0.313240521327014,31405.4139514218,39.2505183649289
2018,736,1587,162023,28950,8794,5915467000,162023,6500694,162023,0.178678335791832,0.0542762447306864,36510.0448701728,40.1220444011036
2018,738,216,23684,5127,869,626736400,23684,939940,23684,0.216475257557845,0.0366914372572201,26462.4387772336,39.6867083262962
2018,744,1401,146433,18665,15367,3623082010,146433,5692081,146433,0.12746443766091,0.104942191992242,24742.2507904639,38.8715726646316
2018,747,243,29749,3073,358,705572000,29749,1099468,29749,0.103297589834952,0.0120340179501832,23717.5031093482,36.9581498537766
2018,748,1269,149385,24499,10495,3001570390,149385,5447819,149385,0.163999062824246,0.0702547109816916,20092.8499514677,36.4683134183486
2018,749,180,21803,5911,1175,801308100,21803,896894,21803,0.271109480346741,0.0538916662844563,36752.1946521121,41.1362656515159
2018,753,95,9999,1293,268,313439000,9999,401391,9999,0.129312931293129,0.0268026802680268,31347.0347034704,40.1431143114311
2018,754,2096,262073,61106,1241,7353602580,262073,10693758,262073,0.233164042079879,0.00473532183780855,28059.3673518447,40.8045010359709
2018,755,573,58492,12179,752,2346880500,58492,2483264,58492,0.208216508240443,0.0128564590029406,40123.1023045887,42.4547630445189
2018,756,721,76067,17361,1381,3283033700,76067,3267448,76067,0.228233005113913,0.0181550475238934,43159.7631035797,42.9548687341423
2018,757,600,63300,17630,2754,3260327300,63300,2775891,63300,0.278515007898894,0.0435071090047393,51505.9605055292,43.8529383886256
2018,759,1284,144738,31938,11587,5680813500,144738,6105661,144738,0.220660780168304,0.080054995923669,39248.9429175476,42.1842294352554
2018,763,84,8510,2082,506,302705200,8510,347020,8510,0.244653349001175,0.0594594594594595,35570.5287896592,40.7779083431257
2018,765,196,20659,3630,100,795557050,20659,851127,20659,0.17571034415993,0.00484050534875841,38508.9815576746,41.198847959727
2018,766,315,31732,6700,1305,1496224820,31732,1401118,31732,0.211143325349805,0.0411256775494769,47151.9229799571,44.1547333921593
2018,769,650,70146,17481,2914,2074011900,70146,2727643,70146,0.249208793088701,0.0415419268383087,29567.0729621076,38.8852251019303
2018,774,230,25061,6168,2018,1241293660,25061,960967,25061,0.246119468496868,0.0805235226048442,49530.8910258968,38.345117912294
2018,779,13106,1463968,351863,19914,54277605130,1463968,60956407,1463968,0.240348832761372,0.013602756344401,37075.6772893943,41.6378001431725
2018,783,5594,582485,155658,27157,25318027440,582485,25804959,582485,0.267230915817575,0.0466226598109823,43465.5440740963,44.301499609432
2018,785,10056,1123608,290001,17769,37881149504,1123608,46440718,1123608,0.258098019950018,0.0158142341457163,33713.8481605685,41.331779410613
2018,799,7587,804735,180125,14454,35580007600,804735,33912905,804735,0.223831447619403,0.0179611921937035,44213.3219009985,42.141705033334
2018,803,2670,284730,43725,8505,14759546000,284730,12635322,284730,0.153566536718997,0.029870403540196,51836.9894285815,44.3765040564746
2018,804,36645,4104643,704228,405190,163126562620,4104643,184718139,4104643,0.171568635810715,0.0987150405041315,39741.9611449766,45.0022423387369
2018,808,4215,453539,35845,4708,14189623090,453539,16316927,453539,0.0790339970763264,0.010380584690622,31286.4452450616,35.9768994507639
2018,809,5009,634759,121163,252222,12856352230,634759,24997710,634759,0.190880318357046,0.397350805581331,20253.9109016178,39.3814187746846
2018,813,623,81900,31239,905,1707400330,81900,2846598,81900,0.381428571428571,0.0110500610500611,20847.3788766789,34.7569963369963
2018,823,458,51495,6868,388,3726935200,51495,2553798,51495,0.133372172055539,0.00753471210797165,72374.700456355,49.5931255461695
2018,824,625,66169,8247,255,4749020800,66169,3252321,66169,0.124635403285526,0.0038537683809639,71771.0831356073,49.1517326844897
2018,829,590,59222,13331,2757,4253895200,59222,3173144,59222,0.225102157981831,0.0465536456046739,71829.6443889095,53.5804937354362
2018,844,3551,348684,66745,16942,17270173660,348684,15779544,348684,0.191419738215691,0.0485884066948871,49529.584552202,45.254568606532
2018,848,759,81122,12151,2681,4830959790,81122,3951211,81122,0.149786740958063,0.0330489879440842,59551.7836098716,48.707021523138
2018,859,230,19737,6152,1076,1105943900,19737,928088,19737,0.311698839742615,0.0545168971981558,56034.0426609921,47.0227491513401
2018,865,187,22980,6490,1963,539200300,22980,885398,22980,0.282419495213229,0.0854221061792863,23463.8946910357,38.5290687554395
2018,866,271,35847,14863,900,891127140,35847,1401951,35847,0.414623259965967,0.0251067034898318,24859.1831952465,39.1092978491924
2018,869,16497,2027594,461854,448069,61185221880,2027594,81741418,2027594,0.227784260557094,0.220985562198349,30176.2689571975,40.3144899817222
2018,874,475,50065,16695,1875,1382819110,50065,1868942,50065,0.333466493558374,0.0374513132927195,27620.4755817437,37.3303105962249
2018,875,804,92006,18916,7701,2971112750,92006,3475516,92006,0.205595287263874,0.0837010629741539,32292.5977653631,37.7748842466796
2018,878,276,32404,8445,871,898016210,32404,1284002,32404,0.260615973336625,0.0268793976052339,27713.1283174917,39.6247994074806
2018,883,277,33486,6430,570,1513002290,33486,1371298,33486,0.192020545899779,0.0170220390611002,45183.1299647614,40.9513826673834
2018,885,803,90141,32826,1112,2311642770,90141,3427882,90141,0.364162811595168,0.0123362287971068,25644.7429027856,38.028000576874
2018,887,2875,357183,115558,32750,7934881570,357183,13253541,357183,0.32352603567359,0.0916896940783856,22215.1714107334,37.1057441143616
2018,888,4070,525613,148662,6951,11595140440,525613,19758321,525613,0.282835470203363,0.0132245587533033,22060.2238529108,37.5910051692024
2018,889,20579,2340415,743151,46917,63898969236,2340415,87041430,2340415,0.31752958342858,0.0200464447544559,27302.4097162255,37.1905965395026
2018,905,10725,1012287,538074,0,48165533900,1012287,50316563,1012287,0.531542931994583,0,47580.907292102,49.7058274975378
2019,4,13643,1251258,37266,316440,227684894560,1251258,59677408,1251258,0.0297828265633467,0.252897483972131,181964.786287081,47.6939272316341
2019,7,12651,1255319,160795,33365,132966071020,1255319,54825950,1255319,0.128090947400621,0.0265789014585137,105922.136938898,43.6749145038034
2019,8,3298,325905,32800,5604,30507950560,325905,14340833,325905,0.100642825363219,0.0171951949187647,93609.9494024332,44.0031082677467
2019,13,13294,1317355,239346,69196,133874707650,1317355,58001332,1317355,0.181686789058378,0.0525264640131172,101623.865738544,44.0286270595246
2019,14,9435,904529,85635,27862,66249469080,904529,38969077,904529,0.0946735814993217,0.0308027713870976,73241.951424443,43.0821753641951
2019,15,6263,640218,59796,24320,54494552820,640218,27735037,640218,0.0933994358171748,0.0379870606574636,85118.7452086633,43.3212390154604
2019,17,9583,1136679,296853,204435,50229621220,1136679,50576366,1136679,0.261158163386497,0.179852887226737,44189.8031194383,44.4948538681545
2019,18,5160,545886,71089,118113,34170080644,545886,21989619,545886,0.130226823915616,0.216369351842692,62595.6347002854,40.2824380914697
2019,19,356,32861,3731,6860,1819512350,32861,1435381,32861,0.113538845439883,0.208758102309729,55369.9628739235,43.6803809987523
2019,21,5488,548372,105741,29315,32280732230,548372,22314184,548372,0.192827131946927,0.0534582363796839,58866.4852144165,40.6916910418475
2019,22,80632,8092979,872622,1186812,747617235678,8092979,361645614,8092979,0.107824572385521,0.146647112268548,92378.4969265335,44.6863403451313
2019,23,16842,1652553,301392,129048,128482344170,1652553,68388758,1652553,0.182379627158705,0.0780900824360853,77747.7903401585,41.383700250461
2019,24,1134,112670,19872,1125,8679176700,112670,4647931,112670,0.176373480074554,0.00998491168900328,77031.83367356,41.2526049525162
2019,25,12475,1255567,239168,114262,129366319460,1255567,53742404,1255567,0.190486051321833,0.0910043032351121,103034.182532672,42.8032944478471
2019,26,8739,851810,146473,168816,79009751740,851810,35745891,851810,0.171955013441965,0.198185041265071,92755.1352296874,41.9646294361419
2019,27,9997,1036960,220403,25536,69252072850,1036960,42897265,1036960,0.212547253510261,0.0246258293473229,66783.7456121741,41.368292894615
2019,28,87,7001,2137,378,355310000,7001,294205,7001,0.305242108270247,0.0539922868161691,50751.3212398229,42.0232823882303
2019,29,1909,195248,43331,10653,8600173350,195248,7386544,195248,0.221928009505859,0.0545613783495862,44047.4337765304,37.8315987871835
2019,33,4788,467268,55750,10328,34704024520,467268,19786984,467268,0.119310545554157,0.0221029473449926,74270.0645454001,42.3461140073791
2019,34,397,44217,11639,11017,3573295440,44217,1884220,44217,0.263224551643033,0.249157563832915,80812.7064251306,42.6130221408056
2019,35,932,89488,10985,13239,5100174880,89488,3699981,89488,0.122753888789558,0.147941623457894,56992.8356874665,41.3461134453782
2019,36,3013,297817,38294,3183,24060086200,297817,12432423,297817,0.128582317329098,0.01068777134952,80788.1558138051,41.7451757287193
2019,37,3710,380677,73673,13304,29184786880,380677,15669060,380677,0.193531524100484,0.0349482632257793,76665.485122558,41.1610367844656
2019,43,2250,216173,36126,40721,18553678000,216173,9287621,216173,0.167116152340949,0.188372275908647,85827.9156046315,42.963834521425
2019,44,1318,128417,24223,1065,14752699000,128417,5446863,128417,0.188627673906103,0.00829329450150681,114881.199529657,42.4154356510431
2019,45,510,48778,11204,460,4253623270,48778,2104419,48778,0.229693714379433,0.00943048095452868,87203.7244249457,43.1427897822789
2019,47,340,34720,6866,933,5154766600,34720,1655370,34720,0.197753456221198,0.0268721198156682,148466.779953917,47.6777073732719
2019,48,709,72262,18622,385,8070019800,72262,3216576,72262,0.257701143062744,0.00532783482328195,111677.227311727,44.5126899338518
2019,53,4000,387326,96580,22373,35995426500,387326,16743024,387326,0.249350676174592,0.0577627115143316,92933.1532094411,43.2272142846078
2019,55,3022,302087,58617,9596,32630067530,302087,12836368,302087,0.194040127512935,0.0317656833958429,108015.464187469,42.492288645324
2019,56,2477,243301,62306,3081,21095210900,243301,10620457,243301,0.256086082671259,0.0126633264968085,86704.1684991019,43.6515139682944
2019,57,3215,321054,79100,6729,29553318900,321054,13971148,321054,0.246375999053119,0.0209590909940384,92050.9288157132,43.516505011618
2019,59,6493,632099,129259,16833,65045579080,632099,27042716,632099,0.204491701458158,0.0266303221489039,102904.100591838,42.7824059205916
2019,64,26006,2705666,552431,113588,204911093070,2705666,110937952,2705666,0.204175607780118,0.0419815306102084,75734.0680889659,41.0020867320652
2019,65,2980,313444,63580,4826,22402864790,313444,13134343,313444,0.202843251107056,0.0153966896798152,71473.2609014689,41.9033160628374
2019,66,330,32583,8605,516,4708113400,32583,1370686,32583,0.264094773348065,0.0158364791455667,144496.007120277,42.0675198723261
2019,68,1791,180554,54074,2240,14974766680,180554,7402910,180554,0.299489349446703,0.0124062607308617,82937.8838463839,41.001085547814
2019,69,135,12044,1554,51,1387041400,12044,520157,12044,0.129026901361674,0.00423447359681169,115164.513450681,43.1880604450349
2019,73,1065,107430,25280,1436,9185868160,107430,4477845,107430,0.23531601973378,0.0133668435260169,85505.6144466164,41.6815135437029
2019,74,116,10866,1504,220,995216100,10866,454472,10866,0.138413399595067,0.0202466408982146,91589.9226946438,41.8251426467881
2019,75,835,78680,15960,3009,6999044800,78680,3303239,78680,0.202846975088968,0.0382435180477885,88955.8312150483,41.9832104728012
2019,76,3223,314255,73976,4240,28036086310,314255,13208519,314255,0.235401186934178,0.0134922276495203,89214.4478528583,42.0312135049562
2019,77,320,27657,6995,2337,1979834000,27657,1163401,27657,0.252919694833135,0.0844994034060093,71585.2767834545,42.0653360812814
2019,78,1026,89194,19381,1420,6289560900,89194,3651091,89194,0.217290400699599,0.0159203533869991,70515.5156176424,40.9342668789381
2019,79,304,22781,4022,1656,1324138800,22781,930263,22781,0.176550634300514,0.0726921557438216,58124.7004082349,40.8350379702384
2019,83,1406,133405,23066,1674,12178490300,133405,5662559,133405,0.172902065139987,0.0125482553127694,91289.6090851168,42.446377572055
2019,84,8855,837544,66488,128262,198623443950,837544,43426570,837544,0.0793844860687916,0.153140611120132,237149.861917702,51.8498968412406
2019,85,1610,153602,9032,81698,24961108800,153602,6056593,153602,0.0588013176911759,0.531881095298238,162505.102798141,39.4304305933517
2019,86,965,83690,9249,21904,7607936600,83690,3744254,83690,0.110514995817899,0.261727804994623,90906.1608316406,44.7395626717649
2019,87,468,41973,5042,16250,4274909652,41973,1633290,41973,0.120124842160436,0.387153646391728,101849.037524123,38.912872560932
2019,88,105,8770,611,3794,943875900,8770,376812,8770,0.0696693272519954,0.432611174458381,107625.530216648,42.9660205245154
2019,89,949,89739,7379,55218,4529495380,89739,3430970,89739,0.082227348198665,0.615317754822318,50474.1013383256,38.2327639042111
2019,95,34235,3441087,592011,41176,239309536380,3441087,131609408,3441087,0.172041857703685,0.0119659863293198,69544.7503594068,38.2464633995014
2019,96,3192,315689,59894,11967,33220362700,315689,12210711,315689,0.189724697407892,0.0379075609223001,105231.296307442,38.6795580460517
2019,97,993,98426,21270,5838,4602645080,98426,3618055,98426,0.216101436612277,0.0593135960010566,46762.4924308618,36.759138845427
2019,98,1070,111553,16602,529,7003354300,111553,4244344,111553,0.14882611852662,0.00474214050720285,62780.5106093068,38.0477799790234
2019,99,1916,184834,38728,9258,10031320460,184834,6719525,184834,0.20952854994211,0.0500881872382787,54272.0520034193,36.3543774413798
2019,103,3991,389111,88417,24978,23621410740,389111,14464210,389111,0.227228220225077,0.0641924797808337,60706.0986196741,37.1724520766568
2019,104,2015,192778,41995,13611,11850798720,192778,7073553,192778,0.217841247445248,0.0706045295625019,61473.8129869591,36.6927398354584
2019,105,2023,213372,58537,27132,10191704850,213372,7812808,213372,0.274342462928594,0.127158202575783,47764.9590855407,36.6159008679677
2019,106,1445,139041,29639,6481,15657197950,139041,5857041,139041,0.213167339130185,0.0466121503729116,112608.496414727,42.1245603814702
2019,154,13522,1291383,270534,10936,80713093580,1291383,48879124,1291383,0.209491684496389,0.00846844042394859,62501.282408085,37.8502148471832
2019,155,8049,829535,232221,25295,24160742620,829535,30357047,829535,0.279941171861344,0.0304929870349051,29125.6458377284,36.5952575840682
2019,156,29055,2829879,499338,20792,140933227970,2829879,114229481,2829879,0.176452067385213,0.00734731060939355,49801.8565352088,40.3655000796854
2019,157,13400,1208975,196433,6895,67439752590,1208975,50912381,1208975,0.16247895944912,0.00570317831220662,55782.5865629976,42.1120213403917
2019,158,4317,414269,73256,2913,21525559820,414269,16695677,414269,0.176831961841219,0.00703166300157627,51960.3441725063,40.3015359585197
2019,159,23222,2299912,646699,157902,60803313460,2299912,72900511,2299912,0.28118423661427,0.0686556703039073,26437.2347550689,31.6970871059415
2019,163,8071,844271,202479,55604,36432220210,844271,31742873,844271,0.239827022366041,0.0658603694785205,43152.2819213262,37.5979667665951
2019,164,1974,175615,19375,824,8471773990,175615,6394420,175615,0.110326566637246,0.00469208211143695,48240.6058138542,36.411582154144
2019,165,764,66711,13293,2039,3565246060,66711,2544170,66711,0.199262490443855,0.0305646744914632,53443.1512044491,38.1371887694683
2019,166,3751,380230,116795,39199,30232250630,380230,15265309,380230,0.30716934487021,0.103092864844962,79510.4295557952,40.1475659469269
2019,167,2049,193777,17950,51413,12736829110,193777,7496333,193777,0.0926322525377109,0.265320445666926,65729.313127977,38.6853599756421
2019,169,556,53295,14182,3037,3792381800,53295,2120985,53295,0.266103762078994,0.0569847077587016,71158.3037808425,39.7970728961441
2019,173,383,36080,7179,144,2975747800,36080,1483193,36080,0.198974501108647,0.00399113082039911,82476.3802660754,41.1084534368071
2019,174,7888,837235,160979,17719,40683172440,837235,33375508,837235,0.192274570461101,0.0211637115027442,48592.2977897484,39.8639665088058
2019,175,4470,467441,145231,80280,10653653780,467441,14184790,467441,0.310693756003432,0.171743599727024,22791.440588224,30.3456265068747
2019,176,5818,517366,69966,17800,22167988280,517366,20833929,517366,0.13523501737648,0.0344050440113962,42847.7872144671,40.2692272008597
2019,178,11207,1037216,90620,231640,153234178000,1037216,47803639,1037216,0.0873684941227285,0.22332860272113,147736.033767316,46.0884126353624
2019,183,2031,193972,42338,67592,9499263952,193972,7048080,193972,0.21826861608892,0.348462664714495,48972.3462767822,36.3355535850535
2019,184,576,56101,6769,2467,4116454250,56101,2235445,56101,0.12065738578635,0.0439742607083653,73375.7731591237,39.8467941747919
2019,185,8536,862340,208575,172687,43848107430,862340,33267764,862340,0.241870955771505,0.200253960154927,50847.8180648004,38.5784771667788
2019,186,1698,170189,38229,78737,4967312470,170189,5308319,170189,0.224626738508364,0.462644471734366,29187.0360011517,31.1907291305549
2019,187,2154,215322,46433,45192,14766494500,215322,8817731,215322,0.215644476644282,0.20988101540948,68578.6612608094,40.9513705055684
2019,188,2346,236035,48395,117366,9144847620,236035,9095605,236035,0.205033151863071,0.497239816128964,38743.6084478997,38.5349842184422
2019,189,1654,171552,48831,93295,4199451430,171552,5982980,171552,0.284642557358702,0.54382927625443,24479.1750023317,34.8756062301809
2019,193,194,27136,15821,5021,790118940,27136,953874,27136,0.583026238207547,0.185030955188679,29117.0010318396,35.1516067216981
2019,194,1602,173857,45571,50375,5892299760,173857,5700976,173857,0.262117717434443,0.28974962181563,33891.6452026666,32.791178957419
2019,195,3050,303585,81452,51868,16697635790,303585,11825739,303585,0.268300475978721,0.170851656043612,55001.5178286147,38.9536340728297
2019,198,260,26670,4790,2441,1721159560,26670,955445,26670,0.17960254968129,0.0915260592425947,64535.4165729284,35.8247094113236
2019,199,3092,328293,111403,45498,10548953680,328293,10057454,328293,0.339340162598654,0.138589613546436,32132.7402046343,30.6356029522408
2019,203,2919,313215,78293,1897,14999238410,313215,12111587,313215,0.249965678527529,0.0060565426304615,47887.9951790304,38.6686046326006
2019,204,1929,190709,36905,9814,10236100550,190709,6263544,190709,0.193514726625382,0.0514606022788647,53673.924932751,32.8434630772538
2019,205,1779,178521,17734,2611,7815759770,178521,7110091,178521,0.0993384531791778,0.0146257303062385,43780.6183586245,39.8277569585651
2019,206,4181,405539,75188,10780,30861733500,405539,16246434,405539,0.185402636984359,0.0265819070422327,76100.5316381409,40.061335654524
2019,207,5884,666097,132187,10133,27954882510,666097,25467444,666097,0.198450075589591,0.0152124990804643,41968.1855795778,38.2338368135572
2019,208,5224,551006,171439,16709,29574970654,551006,23328907,551006,0.311138172724072,0.0303245336711397,53674.498379328,42.338753117026
2019,214,7302,714670,195504,14493,37985128910,714670,28585154,714670,0.273558425567045,0.0202792897421187,53150.585459023,39.9976968391006
2019,217,1488,141963,29491,9185,7555036430,141963,5704826,141963,0.207737227305706,0.0646999570310574,53218.3486542268,40.1853018039912
2019,218,999,102703,25869,9075,5640413920,102703,4333632,102703,0.251881639289992,0.0883615863217238,54919.660769403,42.1957683806705
2019,223,741,68892,23185,3012,3446355940,68892,2776140,68892,0.336541252975672,0.0437206061661731,50025.4883005284,40.2969865877025
2019,224,674,67485,15683,698,3733162460,67485,2803940,67485,0.232392383492628,0.0103430391938949,55318.4034970734,41.5490849818478
2019,226,1784,165079,14023,4380,26913033100,165079,6769990,165079,0.0849472070947849,0.0265327509858916,163031.234136383,41.0106070426887
2019,227,353,35362,6257,72,3549522100,35362,1455902,35362,0.176941349471184,0.0020360839319043,100376.734913184,41.1713703976019
2019,228,1087,106410,31119,16868,5316028200,106410,4174653,106410,0.292444319142938,0.158518936190208,49957.9757541584,39.2317733295743
2019,229,19755,2011544,458549,63557,224022541530,2011544,83813413,2011544,0.227958722255143,0.0315961271540667,111368.452059711,41.6662091408391
2019,233,1168,111073,25272,2044,5225258700,111073,4846935,111073,0.227526041432211,0.0184023119930136,47043.4642082234,43.6373826222394
2019,234,5627,572108,112575,30319,29795708540,572108,22439964,572108,0.196772287749865,0.0529952386612318,52080.5661518455,39.2233004957106
2019,243,36838,3985908,801427,572816,222594225536,3985908,172757834,3985908,0.201065102355599,0.143710291356449,55845.2993736935,43.3421529046832
2019,253,5204,546454,93435,113544,35955201926,546454,22372736,546454,0.170984199950957,0.207783271784999,65797.3075977118,40.9416638911967
2019,254,8517,872523,98130,415058,53552720960,872523,35861929,872523,0.112466949295319,0.475698634878393,61376.8587876767,41.101413945535
2019,255,2090,219639,42569,24297,32274402650,219639,10011851,219639,0.193813484854693,0.110622430442681,146942.950250183,45.5832115425767
2019,256,1141,123781,26653,11952,10637047550,123781,5125074,123781,0.215323838068847,0.0965576300078364,85934.4127935628,41.404367390795
2019,258,514,47111,7686,1749,6426326600,47111,2112960,47111,0.163146611194838,0.0371250875591688,136408.197660844,44.8506718176222
2019,274,23853,2457185,475274,176018,186391838830,2457185,103294138,2457185,0.193422147701537,0.0716340039516764,75855.8426939771,42.0375909831779
2019,275,26616,2994917,1041948,188790,91816195064,2994917,101906065,2994917,0.347905467830995,0.0630368053605492,30657.3421113173,34.026340295908
2019,276,26095,3088208,1084316,63249,47369033820,3088208,88728937,3088208,0.351114950806422,0.0204808095827742,15338.6798492848,28.7315287700828
2019,277,916,100375,16279,45297,2078679078,100375,3122785,100375,0.162181818181818,0.451277708592777,20709.1315367372,31.1111830635118
2019,283,374,40845,13429,7870,955305058,40845,1127912,40845,0.328779532378504,0.192679642551108,23388.5434692129,27.6144448524911
2019,303,9946,1014642,135657,27963,55234085354,1014642,41735388,1014642,0.13369937376927,0.0275594741790701,54437.0185287027,41.1331169023163
2019,313,26497,2506724,362406,109863,97980393680,2506724,93355413,2506724,0.144573554966562,0.0438273220346556,39087.0289988048,37.2419991191691
2019,315,516,47937,10186,3977,1491151460,47937,1656353,47937,0.212487222813276,0.0829630556772431,31106.4826751778,34.5527045914429
2019,316,1972,221728,73926,2549,7909236570,221728,8360278,221728,0.333408500505123,0.0114960672535719,35670.8966391254,37.7051071583201
2019,317,1258,146839,64200,3904,3143931620,146839,5336264,146839,0.437213546809771,0.0265869421611425,21410.7397898379,36.3409176036339
2019,318,1793,202329,38981,17687,8677221280,202329,7885337,202329,0.192661457329399,0.0874170287007794,42886.6908846483,38.9728462059319
2019,319,11070,1210429,431539,26564,30070760740,1210429,41885159,1210429,0.356517400029246,0.0219459381756386,24843.0603860284,34.6035653474925
2019,326,865,99137,29307,8031,3190008950,99137,3772560,99137,0.295621211051373,0.0810091086072808,32177.7837739694,38.0540060724049
2019,328,513,54746,15137,1072,2454370600,54746,2123862,54746,0.276495086399006,0.0195813392759288,44831.962152486,38.7948343257955
2019,329,1756,154580,49522,685,3152245450,154580,4095166,154580,0.320364859619614,0.00443136240134558,20392.3240393324,26.4922111528011
2019,335,1364,143011,37473,2982,4651796760,143011,5000404,143011,0.262028794987798,0.0208515428883093,32527.5451538693,34.9651705113593
2019,336,1101,118562,29867,2114,4552709920,118562,4556719,118562,0.251910392874614,0.0178303334963985,38399.4021693291,38.433216376242
2019,337,10858,1028479,149950,89316,38635103474,1028479,37776006,1028479,0.145797823776664,0.0868428037908407,37565.2818132407,36.7299730961935
2019,338,1382,136792,14891,3251,6127241730,136792,5384921,136792,0.108858705187438,0.0237660097081701,44792.3981665595,39.3657596935493
2019,344,4265,447129,72862,17378,16446906910,447129,17243566,447129,0.162955209794042,0.0388657412066764,36783.359858117,38.5650807708737
2019,346,501,56064,9202,62,2632730240,56064,2287631,56064,0.164133847031963,0.00110587899543379,46959.3721461187,40.8039205194064
2019,347,349,40645,13750,422,1011975450,40645,1383190,40645,0.3382949932341,0.0103825808832575,24897.9074916964,34.0310001230164
2019,348,481,53670,16365,1319,1611982400,53670,1983516,53670,0.304918949133594,0.0245761132848891,30035.0735979132,36.957629960872
2019,354,1197,118233,14784,453,5895899650,118233,4776951,118233,0.12504123214331,0.00383141762452107,49866.7854998182,40.4028570703611
2019,355,3338,322218,45179,3014,16426873850,322218,13358231,322218,0.140212526922767,0.00935391567199846,50980.6213495211,41.4571221967736
2019,356,620,68086,18284,622,1678622420,68086,2366274,68086,0.268542725376729,0.00913550509649561,24654.443204183,34.7541932262139
2019,357,2643,319558,93538,40430,10577971560,319558,12133456,319558,0.292710556456105,0.126518503683212,33101.8831010333,37.9694953654736
2019,359,2641,272080,63823,9969,11626626020,272080,11382595,272080,0.234574389885328,0.0366399588356366,42732.3802558071,41.8354711849456
2019,364,5505,637392,165990,8388,21029687480,637392,25293044,637392,0.260420588899767,0.0131598764967242,32993.3345256922,39.6820857494289
2019,365,13104,1532405,524834,17562,38188030010,1532405,53039146,1532405,0.342490399078573,0.011460416795821,24920.3245943468,34.6117025198952
2019,366,207,20506,5300,557,776472200,20506,808181,20506,0.258460938261972,0.0271627816248903,37865.6100653467,39.4119282161319
2019,368,776,80219,21182,1161,3109664360,80219,3246414,80219,0.264052157219611,0.0144728804896596,38764.6861716052,40.4693900447525
2019,373,5471,570659,97921,13196,33515167650,570659,24339502,570659,0.171592842660854,0.0231241424388295,58730.6388754055,42.6515695012258
2019,375,4899,527251,93476,13648,27731078180,527251,21561155,527251,0.177289374510432,0.0258852045799818,52595.5914355781,40.8935307851479
2019,376,24860,2858834,887711,43967,100108302740,2858834,105683919,2858834,0.310515056138272,0.0153793469645317,35017.1792905779,36.9674905923184
2019,377,801,76916,9187,209,3417546600,76916,3068010,76916,0.119441988662957,0.0027172499869988,44432.1935618077,39.8877996775703
2019,378,1127,134452,35865,2879,4932714800,134452,5367067,134452,0.266749471930503,0.0214128462202124,36687.5524350698,39.9180897271889
2019,379,11808,1212689,302680,33059,36264579846,1212689,41810335,1212689,0.249594083891253,0.02726090531043,29904.2704650574,34.477376310002
2019,383,2811,294744,141689,2066,7652232140,294744,10462987,294744,0.480718861113373,0.00700947262709334,25962.2999620009,35.4985580707326
2019,384,107,10338,1647,1643,399485820,10338,365760,10338,0.159315147997678,0.158928225962469,38642.4666279745,35.3801508995937
2019,385,2733,277788,84648,8097,7892727270,277788,9857788,277788,0.304721586245626,0.0291481273489136,28412.772581969,35.4867308883033
2019,386,275,29266,9999,295,1763454380,29266,1162831,29266,0.341659263308959,0.0100799562632406,60256.07804278,39.7331715984419
2019,389,7884,811099,192221,22060,36866302500,811099,31859181,811099,0.236988333113467,0.0271976663761144,45452.284493015,39.279028823855
2019,405,10645,1405276,199034,389949,22911071068,1405276,46329403,1405276,0.141633387320356,0.277489261895884,16303.6094461159,32.9681877439023
2019,415,671,68902,7399,1204,4356280000,68902,2987464,68902,0.107384401033352,0.0174740936402427,63224.2895706946,43.3581608661577
2019,417,3931,397410,73083,1700,30099518370,397410,20774468,397410,0.183898241111195,0.0042776980951662,75739.2072922171,52.2746483480537
2019,418,10880,1113579,198689,10027,82558930670,1113579,48413372,1113579,0.178423802891398,0.00900430054805272,74138.3688718986,43.4754714304059
2019,423,4437,449063,106342,510,23432476590,449063,19244267,449063,0.23680864377604,0.00113569810917399,52180.8222676996,42.8542698908616
2019,425,369,40800,8039,584,796544090,40800,1199252,40800,0.19703431372549,0.0143137254901961,19523.1394607843,29.393431372549
2019,426,7817,964159,296092,12948,33630163060,964159,37235985,964159,0.307098725417696,0.0134293202677152,34880.3081856831,38.6201705320388
2019,427,2176,212226,51140,1692,2866977850,212226,5420106,212226,0.240969532479527,0.00797263294789517,13509.0792362858,25.5393118656527
2019,434,3881,460095,186557,12679,12632938480,460095,15505070,460095,0.405474956259033,0.027557352285941,27457.2392223345,33.6997141894609
2019,435,17757,2148624,980998,42094,38633854350,2148624,63947503,2148624,0.456570344555399,0.0195911429826717,17980.7422564395,29.7620723774844
2019,436,27214,3353060,933607,137304,77408223840,3353060,122400481,3353060,0.27843432566074,0.0409488646191837,23085.8451205764,36.5041129595057
2019,439,5839,682482,272840,11770,8175114250,682482,18226397,682482,0.399776111311361,0.0172458760817135,11978.5052939125,26.7060479250735
2019,443,4287,488498,145224,4187,7579186710,488498,13935015,488498,0.2972867852069,0.00857117122280951,15515.2870840822,28.5262478044946
2019,444,10970,1324684,417333,20392,20026065840,1324684,39436991,1324684,0.315043436774355,0.0153938599696229,15117.6173638392,29.7708668633425
2019,445,2860,325072,108872,10929,10444684160,325072,11607580,325072,0.334916572328592,0.0336202441305311,32130.3716099818,35.7077201358468
2019,446,8981,1027163,365266,24130,32549842270,1027163,38350529,1027163,0.355606656392413,0.0234918897974323,31689.0720070719,37.3363614148874
2019,447,26916,3284128,816986,162916,77193708710,3284128,117416978,3284128,0.248768013914196,0.0496070798702121,23505.0852798673,35.7528628604001
2019,448,2091,244453,22722,74617,9157127510,244453,9923588,244453,0.0929503831002279,0.305240680212556,37459.6650889946,40.5950755359926
2019,453,19890,2294298,385995,172869,57411933176,2294298,80431790,2294298,0.168241004437959,0.0753472303946567,25023.7472098219,35.0572549860567
2019,454,699,77208,23617,4949,3073165380,77208,3311996,77208,0.305887990881774,0.0640995751735572,39803.7169723345,42.8970572997617
2019,455,751,85148,25138,11559,2881915470,85148,3588009,85148,0.295227133931508,0.135751867336872,33845.9560999671,42.1385000234885
2019,456,996,116553,21915,30298,4276921030,116553,4692983,116553,0.188026048235567,0.259950408826886,36695.0746012544,40.2647979888978
2019,457,792,108472,25825,47682,1890219080,108472,4343442,108472,0.238079873146987,0.439578877498341,17425.8710081864,40.0420569363522
2019,458,10221,1162633,250003,474694,21968555244,1162633,41218200,1162633,0.215031742604932,0.408292212589871,18895.5201202787,35.4524600626337
2019,459,2996,337581,111019,10320,7698561200,337581,10112275,337581,0.328866257283437,0.0305704408719685,22805.0784848673,29.9551070705994
2019,461,754,65189,27013,6688,1080707990,65189,1845993,65189,0.414379726640998,0.102593995919557,16578.0728343739,28.3175535749897
2019,462,435,50408,19189,334,581589860,50408,1211412,50408,0.380673702586891,0.00662593239168386,11537.6499761943,24.0321377559118
2019,463,1740,185003,33389,2471,8617018210,185003,6872177,185003,0.180478154408307,0.0133565401642136,46577.7214964082,37.1463003302649
2019,464,717,93993,26410,1181,3065380950,93993,3569267,93993,0.280978370729735,0.0125647654612578,32612.8642558488,37.9737533646123
2019,465,3845,410108,96258,6417,17624877600,410108,15896198,410108,0.234713782710896,0.0156470978376428,42976.1857852078,38.7610044183483
2019,468,10548,1161372,389424,344120,14098969898,1161372,36563426,1161372,0.335313749599612,0.296304715457235,12139.9257929415,31.4829580875034
2019,469,6003,672072,191397,119853,9566104210,672072,17951333,672072,0.28478645145163,0.178333571403064,14233.7490774798,26.7104313228345
2019,473,6536,472460,63191,347255,13259939382,472460,24642418,472460,0.133748888794819,0.734993438597977,28065.7397070652,52.15768107353
2019,479,7297,770052,199642,69959,18905990912,770052,32782021,770052,0.259257816355259,0.0908497088508308,24551.576922078,42.5711783100362
2019,485,1336,155006,24248,68306,5608220624,155006,6944344,155006,0.156432654219837,0.440666812897565,36180.6679999484,44.8004851425106
2019,486,10011,1265149,302859,319116,27597899550,1265149,48542619,1265149,0.239386032791395,0.252235902648621,21813.9519930064,38.3690924942438
2019,487,2828,297852,122121,73562,5253361330,297852,9757660,297852,0.410005640385158,0.246975007721956,17637.4888535246,32.7600956179579
2019,488,399,51565,6283,1878,1122001000,51565,2019593,51565,0.12184621351692,0.0364200523610977,21758.9644138466,39.1659652865316
2019,489,119,11009,1404,0,521014780,11009,468668,11009,0.127532019256972,0,47326.2585157598,42.571350713053
2019,496,1239,113898,22579,23591,3866390820,113898,5066214,113898,0.198238775044338,0.207123917891447,33946.0817573619,44.4802718221567
2019,498,382,34590,6386,18608,1103916490,34590,1709316,34590,0.18461983232148,0.537958947672738,31914.3246603065,49.4164787510841
2019,503,2191,221168,19392,4252,14831958760,221168,10108803,221168,0.0876799537003545,0.019225204369529,67061.9563408811,45.7064448744846
2019,505,7540,839431,236106,133446,32110993740,839431,35703306,839431,0.281269097757886,0.158971970298929,38253.2855469955,42.532746586676
2019,507,2904,288020,71435,19816,14031819060,288020,12455392,288020,0.248020970765919,0.0688007777237692,48718.2107492535,43.2448857718214
2019,508,1472,144923,27600,3106,10076470050,144923,6290151,144923,0.190445960958578,0.0214320708238168,69529.8196283544,43.4034004264334
2019,509,455,46375,7676,8858,1549554340,46375,1893121,46375,0.165520215633423,0.191008086253369,33413.5706738544,40.8220161725067
2019,514,1463,161923,32614,25088,6485104340,161923,6781263,161923,0.201416722763289,0.154937840825578,40050.5446415889,41.8795538620208
2019,516,3042,310042,74854,18648,14894515140,310042,13560389,310042,0.241431806013379,0.060146689803317,48040.3143445082,43.7372646286632
2019,518,3862,380853,59629,9490,21198794740,380853,16856600,380853,0.156566969408144,0.0249177504181403,55661.356848968,44.2601213591596
2019,519,295,29058,4194,78,1535324100,29058,1277770,29058,0.144332025603965,0.00268428659921536,52836.537270287,43.9730883061463
2019,523,484,55664,13914,6212,2639256600,55664,2387151,55664,0.249964070135096,0.111598160390917,47414.0665421098,42.8850064673757
2019,525,1358,151320,32732,14030,6777013790,151320,6051542,151320,0.216309807031457,0.0927174200370077,44785.9753502511,39.991686492202
2019,526,380,39483,9147,10576,1418684700,39483,1639517,39483,0.231669326039055,0.267862117873515,35931.5325583162,41.5246308537852
2019,527,2719,296366,57002,13451,15994586650,296366,12432035,296366,0.192336502837707,0.0453864478381461,53969.0337285654,41.9482497992347
2019,533,148,15608,3408,55,1017251200,15608,673697,15608,0.218349564325987,0.00352383393131727,65174.9871860584,43.163569964121
2019,534,3910,425979,96773,54494,20383206170,425979,17779876,425979,0.227177865575533,0.127926494029048,47850.2606231763,41.738855671289
2019,535,933,94518,11372,24648,3912276700,94518,3757858,94518,0.120315707061089,0.260775725258681,41391.8692735775,39.7581201464271
2019,536,211,21842,4627,5004,817102400,21842,918257,21842,0.211839575130483,0.229099899276623,37409.6877575314,42.0408845343833
2019,539,207,19843,3943,676,1234418900,19843,914509,19843,0.198709872499118,0.0340674293201633,62209.2879100942,46.087234793126
2019,543,284,28278,3776,273,2534777700,28278,1212495,28278,0.133531367140533,0.00965414810099724,89637.7997029493,42.8776787608742
2019,544,545,49554,8058,1399,3364878100,49554,2326655,49554,0.162610485530936,0.0282318279049118,67903.2590709125,46.9519110465351
2019,549,8200,839037,147891,59651,38573140500,839037,35052640,839037,0.176262786980789,0.0710946001189459,45973.1102442443,41.7772279410801
2019,558,5917,622972,70073,89545,38838487220,622972,28445366,622972,0.112481780882608,0.143738402368004,62343.8729509513,45.6607455872816
2019,563,2310,293942,57015,82150,9416816390,293942,11916736,293942,0.193966836995053,0.279476903606834,32036.3078090236,40.5411135530139
2019,567,10690,1252246,235947,353872,42334073172,1252246,51386306,1252246,0.18841904865338,0.282589842570869,33806.5149914633,41.0353125504094
2019,573,999,135060,26970,28649,4186316890,135060,5447477,135060,0.199689027099067,0.212120539019695,30995.9787501851,40.3337553679846
2019,575,8820,960730,221761,89984,52065812206,960730,40864678,960730,0.230825518095615,0.0936621111030154,54194.0110187045,42.5350285720234
2019,577,1414,140819,37043,3910,10782370400,140819,6295906,140819,0.263053991293789,0.0277661395124238,76569.0027624113,44.7092082744516
2019,579,4211,580791,109166,173720,15401653870,580791,23036334,580791,0.187960901597993,0.299109318154035,26518.4100132406,39.6637241279565
2019,584,192,25532,2979,3577,831857400,25532,1039090,25532,0.116677111076296,0.140098699671001,32580.972896757,40.6975560081466
2019,585,5749,635436,147643,74921,31838222860,635436,26950922,635436,0.232349127213441,0.11790487161571,50104.5311565602,42.4132752944435
2019,588,513,64279,9867,8584,2633755400,64279,2717273,64279,0.153502699170802,0.133542836696277,40973.8079310506,42.2731063022138
2019,589,385,45010,11612,4216,2004865900,45010,1870793,45010,0.257987113974672,0.0936680737613864,44542.6771828483,41.5639413463675
2019,593,574,69935,17491,2954,3101363900,69935,2943629,69935,0.250103667691428,0.0422392221348395,44346.3773503968,42.0909272896261
2019,595,1596,239305,60535,36387,7816944500,239305,9713744,239305,0.2529617015942,0.152052819623493,32665.1950439815,40.5914794926976
2019,596,1292,139825,32182,7744,6649407900,139825,5821105,139825,0.23015912748078,0.0553835151081709,47555.2147327016,41.6313606293581
2019,597,872,92581,20628,4475,4780208300,92581,3933894,92581,0.22281029584904,0.0483360516736695,51632.7140557998,42.4913751201651
2019,598,313,31697,8124,3108,1811506000,31697,1567573,31697,0.256301858220021,0.098053443543553,57150.7082689214,49.4549326434678
2019,599,661,80755,19419,11738,2930765000,80755,3393286,80755,0.240468082471674,0.145353228902235,36292.0562194291,42.0195158194539
2019,614,345,35827,9737,648,2268489220,35827,2170621,35827,0.271778267786865,0.0180869176877774,63317.8669718369,60.5861780221621
2019,615,95,11521,2657,334,709420300,11521,570745,11521,0.230622341810607,0.0289905390157104,61576.2781008593,49.5395364985678
2019,616,506,51601,11930,737,3384517220,51601,2644553,51601,0.231197069824228,0.0142826689405244,65590.1478653515,51.2500339140714
2019,617,648,70897,21405,1358,4166297600,70897,3886743,70897,0.301916865311649,0.0191545481473123,58765.4992453842,54.8223902280774
2019,628,7461,754506,92524,15252,45104831310,754506,34289050,754506,0.122628580819768,0.0202145509777258,59780.6131561578,45.4456955942034
2019,634,586,53882,4341,923,3208860700,53882,2395846,53882,0.0805649381982851,0.0171300248691585,59553.4816821944,44.4646820830704
2019,637,3429,334950,56822,12411,16820353200,334950,14647906,334950,0.169643230332886,0.0370532915360502,50217.5047021944,43.7316196447231
2019,643,166,17559,2070,50,1131376300,17559,901062,17559,0.117888262429523,0.00284754257076143,64432.8435560112,51.3162480779088
2019,649,74,7747,2125,730,233328300,7747,300695,7747,0.274299728927327,0.0942300245256228,30118.5362075642,38.8143797599071
2019,657,481,48143,8880,11495,1470088100,48143,2013779,48143,0.184450491244833,0.238767837484162,30535.8639885342,41.8291132667262
2019,658,93,9139,2218,1608,313989100,9139,369009,9139,0.24269613743298,0.175949228580808,34357.0521938943,40.3773935879199
2019,666,528,58086,6999,18425,1236188790,58086,2135980,58086,0.120493750645594,0.317202079674965,21282.0436938333,36.7727163171849
2019,668,263,27331,3795,6918,866919300,27331,1125339,27331,0.138853316746552,0.253119168709524,31719.267498445,41.1744539167978
2019,669,116,13117,2336,4703,311198500,13117,527887,13117,0.178089502172753,0.358542349622627,23724.8227491042,40.2444918807654
2019,675,244,26110,4479,3625,922056960,26110,1080277,26110,0.171543469934891,0.138835695135963,35314.3224818077,41.3740712370739
2019,677,647,63787,14057,3986,2365394400,63787,2333936,63787,0.220374057409817,0.062489221941775,37082.7033721605,36.5895245112641
2019,678,7622,857010,308531,17958,28678325280,857010,31534626,857010,0.360008634671707,0.0209542479084258,33463.232961109,36.7961003955613
2019,679,148,14941,3113,787,467923850,14941,578824,14941,0.208352854561274,0.052673850478549,31318.1078910381,38.7406465430694
2019,686,1865,222987,51043,5335,7089390610,222987,8987271,222987,0.228905720961312,0.0239251615565033,31792.8426769274,40.3040132384399
2019,687,1835,220209,65160,19873,5269778490,220209,8044844,220209,0.295900712504939,0.0902460844016366,23930.8043267986,36.5327665990037
2019,688,808,97347,25113,3798,2695530280,97347,3679900,97347,0.257974051588647,0.0390150698018429,27689.9162788787,37.8018839820436
2019,694,1044,95358,16639,989,5088522400,95358,4016646,95358,0.174489817319994,0.0103714423540762,53362.3020617043,42.1217517145913
2019,695,542,46730,6947,307,4537777600,46730,2045032,46730,0.148662529424353,0.00656965546757971,97106.3043013054,43.7627220201156
2019,696,1013,104755,10102,1517,8160202700,104755,4484110,104755,0.0964345377308959,0.0144814090019569,77897.9781394683,42.8056894658966
2019,699,445,44321,7565,1155,3151886000,44321,2070096,44321,0.170686581981453,0.0260598813203673,71114.9567924911,46.7068883824824
2019,703,157,13932,3769,190,582493600,13932,604433,13932,0.270528280218203,0.0136376686764284,41809.7616996842,43.3845104794717
2019,706,776,78015,20418,1379,2807666720,78015,3327361,78015,0.261718900211498,0.017676087931808,35988.8062552073,42.650272383516
2019,709,433,44770,9114,1507,1682371940,44770,1894186,44770,0.20357382175564,0.0336609336609337,37578.1090015636,42.3092696001787
2019,719,433,43282,10357,1441,1868363630,43282,1852467,43282,0.239291160297583,0.0332932858925188,43167.2203225359,42.7999399288388
2019,726,3664,410402,87414,7584,16173684000,410402,17621433,410402,0.212996038031004,0.0184794421079819,39409.3693500519,42.9370056676137
2019,727,318,27743,7721,1779,978551580,27743,1153457,27743,0.278304437155318,0.064124283603071,35272.0174458422,41.5765057852431
2019,729,187,18798,4099,540,664482620,18798,795420,18798,0.218055112245984,0.02872646026173,35348.5807000745,42.3140759655283
2019,733,287,24947,4877,8547,636227340,24947,1010696,24947,0.195494448230248,0.342606325409869,25503.1602998357,40.5137291057041
2019,736,1720,180870,29582,10476,6981735710,180870,7196669,180870,0.163553933764582,0.0579200530767955,38600.8498368994,39.7891800740864
2019,738,218,24323,3864,684,704894560,24323,977783,24323,0.158861982485713,0.0281215310611356,28980.5764091601,40.1999342186408
2019,744,1235,134179,20634,9975,3306811230,134179,5212820,134179,0.153779652553678,0.0743409922566124,24644.7747412039,38.8497454892345
2019,747,297,31587,3007,1184,773223090,31587,1148523,31587,0.095197391331877,0.0374837749707158,24479.1556653054,36.3606230411245
2019,748,1165,142641,21830,10430,3134142430,142641,5169094,142641,0.153041551867976,0.0731206315154829,21972.2410106491,36.2384868305747
2019,749,154,17961,3101,1471,694530200,17961,708824,17961,0.172651856800846,0.081899671510495,38668.7934970213,39.4646177829742
2019,753,120,13213,4050,656,398304700,13213,547028,13213,0.306516309694997,0.0496480738666465,30144.9103155983,41.4007416937864
2019,754,2068,261651,61201,3033,7573274290,261651,10554033,261651,0.233903176368521,0.0115917768324983,28944.1824797154,40.336299115998
2019,755,591,58805,11766,625,2593225480,58805,2526007,58805,0.200085026783437,0.0106283479295978,44098.7242581413,42.9556500297594
2019,756,820,90607,23496,1117,3918964500,90607,3918809,90607,0.2593177127595,0.0123279658304546,43252.3370159039,43.2506208129615
2019,757,686,73655,19024,2562,4151899860,73655,3200194,73655,0.258285248795058,0.0347837892878963,56369.5588894169,43.4484284841491
2019,759,1333,144849,30366,12668,5937013280,144849,6131166,144849,0.209639003375929,0.0874565927275991,40987.6028139649,42.3279829339519
2019,763,113,13496,3631,1122,457623100,13496,519419,13496,0.269042679312389,0.0831357439241257,33908.0542382928,38.4868850029638
2019,765,209,26002,5543,613,1166573820,26002,1085921,26002,0.21317590954542,0.0235751096069533,44864.7727097916,41.7629797707869
2019,766,340,33331,5544,1140,1696154400,33331,1469563,33331,0.166331643215025,0.0342023941675917,50888.1941735922,44.0899762983409
2019,769,713,79245,18023,2884,2252959730,79245,3014169,79245,0.227433907502051,0.036393463309988,28430.3076534797,38.0360779859928
2019,774,234,23688,7472,1528,1267833100,23688,920647,23688,0.315433975008443,0.0645052347180007,53522.1673421142,38.8655437352246
2019,779,12400,1396713,318241,23078,52639811158,1396713,57818774,1396713,0.2278499591541,0.0165230795446165,37688.3519792542,41.3963169240925
2019,783,5673,613505,162846,37474,26837764600,613505,26773960,613505,0.265435489523313,0.0610818167741094,43744.9810514992,43.6409809211009
2019,785,9922,1114034,267013,24938,38652087230,1114034,45438541,1114034,0.239681194649355,0.0223853131951089,34695.608239964,40.7873915876894
2019,799,7315,784009,169781,14298,34597266600,784009,32890837,784009,0.216554911997184,0.0182370355442348,44128.6600026275,41.9521166211102
2019,803,2339,262141,48507,7663,13994081500,262141,11632346,262141,0.185041637897162,0.029232359684292,53383.795362038,44.3743863035542
2019,804,36279,4118699,737384,394776,169613875138,4118699,184330401,4118699,0.179033233552634,0.0958496845727255,41181.4204286354,44.7545210271496
2019,808,4411,473324,28703,7582,15449557540,473324,17114496,473324,0.0606413365897356,0.0160186257193804,32640.5539123307,36.1580988920908
2019,809,5268,680239,113030,235446,14444076704,680239,26478484,680239,0.166162187113647,0.34612246578041,21233.8262052014,38.9252659726949
2019,813,582,78944,31902,1544,1761171430,78944,2762030,78944,0.404109241994325,0.0195581678151601,22309.1233025942,34.9872061207945
2019,823,477,48184,8032,378,3496681500,48184,2349172,48184,0.166694338369583,0.00784492777685539,72569.3487464719,48.7541922629919
2019,824,655,66390,6423,794,5430470950,66390,3200507,66390,0.0967464979665612,0.0119596324747703,81796.5198071999,48.2076668172918
2019,829,666,69113,15339,4858,4415228350,69113,3776032,69113,0.22194087942934,0.0702906833736055,63884.1947245815,54.6356257144097
2019,844,3891,379258,73877,21481,19777208820,379258,17438107,379258,0.194793517869102,0.0566395435297344,52147.1104630621,45.9795363578356
2019,848,800,80803,17855,4776,4912521442,80803,3842929,80803,0.220969518458473,0.0591067163347895,60796.2754105664,47.5592366620051
2019,859,242,20184,3775,1711,1231969900,20184,1002042,20184,0.187029330162505,0.0847701149425287,61036.9550138724,49.6453626634958
2019,865,220,24621,9077,953,648768820,24621,891589,24621,0.36866902237927,0.0387067950123878,26350.2221680679,36.2125421388246
2019,866,341,43774,16839,1913,1159372710,43774,1680580,43774,0.384680403892722,0.0437017407593549,26485.4185132727,38.3921962808973
2019,869,14947,1930658,454458,380762,61063747232,1930658,77833535,1930658,0.23539021411353,0.197218772045593,31628.4640946247,40.3145119435964
2019,874,584,70298,22422,2182,1688352030,70298,2525067,70298,0.318956442573046,0.0310392898802242,24017.0706136732,35.9194713932118
2019,875,727,83553,19599,7694,2506540200,83553,3206293,83553,0.234569674338444,0.0920852632460833,29999.4039711321,38.3743611839192
2019,878,288,34058,9331,657,956190500,34058,1405032,34058,0.273973809383992,0.0192906218803218,28075.3567443772,41.2540959539609
2019,883,246,25408,4456,611,1107569300,25408,1020088,25408,0.175377833753149,0.0240475440806045,43591.360988665,40.1482997481108
2019,885,926,108822,40041,1603,2764244650,108822,3962914,108822,0.367949495506423,0.0147304772931944,25401.5240484461,36.4164782856408
2019,887,2991,382335,123972,28147,8599040750,382335,13883497,382335,0.324249676330966,0.0736186851844587,22490.8542246982,36.3123883505303
2019,888,3881,520788,159402,4669,12404275864,520788,19483871,520788,0.306078481070992,0.00896526033625967,23818.2828022151,37.4122886856072
2019,889,20078,2320574,746062,50836,65410036710,2320574,85879010,2320574,0.321498905012294,0.0219066489584043,28187.0074860789,37.0076584500214
2019,905,11629,1228636,615685,0,60894803930,1228636,58830092,1228636,0.501112615941581,0,49562.933147002,47.8824419925836
2020,4,10843,1325252,36461,364153,234988229080,1325252,62885947,1325252,0.0275125032823946,0.274780192748247,177315.883379161,47.4520672294779
2020,7,10371,1310583,164000,36262,137996129650,1310583,56907358,1310583,0.125135149776855,0.0276686024463922,105293.697270604,43.4214071142385
2020,8,2615,321244,29865,5019,30469728050,321244,13981858,321244,0.0929667168880975,0.0156236381068596,94849.1739923547,43.52410628681
2020,13,10760,1406899,267341,70992,143048155730,1406899,61060889,1406899,0.190021458541089,0.0504599121898587,101676.208263706,43.4010465570023
2020,14,7564,902452,81389,23686,69781644650,902452,38959119,902452,0.0901865140749868,0.0262462712698293,77324.4944329449,43.1702949298134
2020,15,5134,672075,65476,31120,56853427010,672075,29194890,672075,0.0974236506342298,0.0463043559126586,84593.8727225384,43.4399285793996
2020,17,6902,1007704,246027,197595,45078264380,1007704,44200550,1007704,0.244146098457484,0.196084366043997,44733.636444829,43.8626322809079
2020,18,3872,529579,72241,116535,33149454760,529579,21413384,529579,0.136412131145684,0.220052154636041,62595.8634311406,40.4347302291065
2020,19,289,36954,4339,8917,2011341616,36954,1614679,36954,0.117416247226281,0.241299994587866,54428.2517724739,43.6942956107593
2020,21,4721,609757,109161,26173,38445740050,609757,24760969,609757,0.179023775044813,0.0429236564729884,63050.9203666379,40.607929060265
2020,22,63648,8097776,889643,1193655,773637113390,8097776,357640959,8097776,0.109862633888613,0.147405287575255,95536.986129278,44.1653311971089
2020,23,13244,1685726,299493,138343,134936265080,1685726,69776687,1685726,0.177664104368088,0.0820673110576689,80046.3806573548,41.39266227133
2020,24,942,124562,19624,1225,9721614000,124562,5141271,124562,0.157544034296174,0.00983445994765659,78046.3865384307,41.274794881264
2020,25,10178,1352171,277351,119860,143711986620,1352171,57926287,1352171,0.205115329348137,0.0886426346963513,106282.405568526,42.8394685287586
2020,26,7083,921915,174094,205033,87084420270,921915,38706995,921915,0.188839535098138,0.222399028109967,94460.3572672101,41.9854270729948
2020,27,8023,1088139,221361,28456,76114098870,1088139,44701773,1088139,0.20343081168858,0.0261510707731273,69948.8749782886,41.0809400269635
2020,28,101,11101,3494,1039,606338500,11101,473608,11101,0.31474641924151,0.0935951716061616,54620.1693541122,42.6635438248806
2020,29,1251,169361,36942,10314,8333784520,169361,6558752,169361,0.218125778662148,0.0608994987039519,49207.2231505482,38.7264600468821
2020,33,3817,482111,55489,11059,36182052100,482111,20364712,482111,0.115095901151395,0.0229387008386036,75049.2150147995,42.2407122011321
2020,34,279,36824,7643,10471,2994145700,36824,1524995,36824,0.207554855529003,0.284352596132957,81309.626873778,41.4130729958723
2020,35,780,106346,17485,20691,5466435600,106346,4376234,106346,0.164416151054106,0.194563030109266,51402.3621010663,41.1509036541102
2020,36,2655,340710,42589,4458,27459832950,340710,14130419,340710,0.12500073376185,0.0130844413137272,80595.911332218,41.4734495612104
2020,37,3507,453544,85857,25815,34590091770,453544,18649772,453544,0.189302471204558,0.0569184026246627,76266.2316555836,41.1200941915228
2020,43,1777,238023,33600,47992,20325204500,238023,9991922,238023,0.141162828802259,0.201627573805893,85391.7667620356,41.978808770581
2020,44,1049,128404,33660,1257,14538009300,128404,5402518,128404,0.262141366312576,0.00978941465997944,113220.844366219,42.0743746300738
2020,45,389,47668,12669,781,4266170500,47668,2114674,47668,0.265775782495595,0.0163841570865151,89497.5769908534,44.3625492993203
2020,47,201,30607,5560,1666,4408236200,30607,1502054,30607,0.181657790701474,0.0544319926814128,144027.059169471,49.0755056032934
2020,48,573,73645,23308,725,8222976900,73645,3167825,73645,0.316491275714577,0.0098445244076312,111656.961097155,43.0148007332473
2020,53,3290,427370,114849,24888,41524863600,427370,18193292,427370,0.26873435196668,0.0582352528254206,97163.7307251328,42.5703535578071
2020,55,2422,302793,58878,9033,34172652170,302793,12760407,302793,0.194449673539349,0.0298322616440935,112858.131363671,42.1423447701895
2020,56,1945,248751,63034,3835,22213151570,248751,10845306,248751,0.253401996373884,0.015417023449152,89298.7427990239,43.5990448279605
2020,57,2841,351942,90217,6429,33155577700,351942,15118646,351942,0.256340533383342,0.0182672144842048,94207.5049297896,42.9577771337323
2020,59,5485,714272,147915,19598,75259053210,714272,30321510,714272,0.20708497603154,0.0274377268043546,105364.697496192,42.4509290578379
2020,64,20729,2776411,555402,119549,215640965300,2776411,113482704,2776411,0.200043149231148,0.0430588266650723,77668.9637449211,40.8738850263884
2020,65,2296,302788,49040,8296,22427431150,302788,12588908,302788,0.161961504418933,0.0273987080069223,74069.7489662734,41.5766410822093
2020,66,310,38230,10394,1459,5642873100,38230,1595540,38230,0.271880721946116,0.0381637457494115,147603.272299241,41.7352864242741
2020,68,2045,266484,79151,3361,24728570700,266484,10873867,266484,0.297019708500323,0.0126123894867985,92795.7051830504,40.8049526425602
2020,69,135,16709,2436,242,1812928100,16709,698962,16709,0.145789694176791,0.0144832126398947,108500.095756778,41.8314680710994
2020,73,809,103645,28043,612,8330415800,103645,4354823,103645,0.27056780356023,0.00590477109363693,80374.5072121183,42.0167205364465
2020,74,81,9606,3191,60,667859700,9606,388326,9606,0.332188215698522,0.00624609618988132,69525.2654590881,40.4253591505309
2020,75,711,94399,17098,3966,8211508500,94399,3923508,94399,0.181124800050848,0.0420131569190352,86987.2403309357,41.5630250320448
2020,76,2579,332033,74728,5707,31353409000,332033,13987234,332033,0.225061966732222,0.0171880505853334,94428.5929410631,42.1260356651297
2020,77,301,30009,8875,2112,2084988200,30009,1299963,30009,0.295744609950348,0.0703788863340998,69478.7630377553,43.3191042687194
2020,78,848,99589,23481,3023,6749552850,99589,4009749,99589,0.235779051903323,0.0303547580556086,67774.0799686712,40.2629708100292
2020,79,287,29029,6919,2095,1617399200,29029,1190254,29029,0.238347859037514,0.0721692101002446,55716.6695373592,41.0022391401702
2020,83,1286,170158,32791,2246,15320974780,170158,7211058,170158,0.192709129162308,0.0131994969381398,90039.6971050436,42.3786010648926
2020,84,7067,876890,80388,133892,203456296770,876890,44875123,876890,0.0916739841941407,0.152689618994401,232020.318135684,51.1753161742066
2020,85,1220,145791,10758,76542,22975814500,145791,5632821,145791,0.0737905632034899,0.525011832006091,157594.189627618,38.6362738440645
2020,86,854,103948,13445,24113,10354320700,103948,4620404,103948,0.129343517912803,0.231971755108323,99610.5812521646,44.4491861315273
2020,87,355,41925,4030,15986,4135380040,41925,1586378,41925,0.0961240310077519,0.381299940369708,98637.5680381634,37.83847346452
2020,88,89,10891,248,6812,1890919200,10891,486957,10891,0.0227710953998715,0.625470572031953,173622.183454228,44.7118721880452
2020,89,726,88507,7607,61038,4721732270,88507,3215808,88507,0.085948004112669,0.689640367428565,53348.687335465,36.3339396883862
2020,95,26188,3342392,582060,42369,237516112190,3342392,126613473,3342392,0.174144744243045,0.0126762510202274,71061.7163366834,37.8810962328775
2020,96,2593,331695,64843,13404,35024851740,331695,12474963,331695,0.19548983252687,0.040410618188396,105593.547505992,37.6097408764075
2020,97,782,107937,29355,6832,5548196460,107937,4052408,107937,0.27196420133967,0.0632961820321113,51402.1740459713,37.5441970779251
2020,98,887,115233,17166,1170,7240982980,115233,4380135,115233,0.14896774361511,0.0101533414907188,62837.7546362587,38.0111166072219
2020,99,1536,189371,45747,8647,10488985580,189371,6834474,189371,0.241573419372554,0.0456616905439587,55388.5525238817,36.0903939885199
2020,103,3171,389622,84366,27875,24167161080,389622,14328401,389622,0.21653294731817,0.0715437013310337,62027.1983614888,36.77513333436
2020,104,1595,194723,43076,17248,11961969300,194723,7069726,194723,0.221216805410763,0.0885771069673331,61430.6953980783,36.3065790892704
2020,105,1695,224100,60654,36406,9821463970,224100,8094077,224100,0.270655957161981,0.162454261490406,43826.2560017849,36.1181481481482
2020,106,1118,146172,29329,3403,16449054210,146172,6062334,146172,0.200647182770982,0.023280792491038,112532.18270257,41.4739758640506
2020,154,11624,1407993,309424,9570,91955087630,1407993,54137276,1407993,0.219762456205393,0.00679690879144996,65309.3357921524,38.4499610438404
2020,155,5969,798590,218421,21677,24784897200,798590,29356620,798590,0.273508308393544,0.0271440914612004,31035.8221365156,36.7605654966879
2020,156,21925,2692575,456108,20422,139944029060,2692575,109901385,2692575,0.169394724380936,0.00758456124713332,51974.0505129848,40.8164619369934
2020,157,10725,1251349,192309,4589,72338995300,1251349,52560218,1251349,0.15368134709022,0.00366724231209679,57808.808973356,42.0028449297518
2020,158,3707,451481,79908,4584,23770582230,451481,18044195,451481,0.176990836823698,0.0101532511888651,52650.2382824526,39.9666763385392
2020,159,18612,2262035,644513,174833,61277238890,2262035,72428917,2262035,0.284926183723948,0.0772901391888278,27089.4300441859,32.0193617693802
2020,163,6583,863686,187020,67329,38847008630,863686,32511812,863686,0.216537028503414,0.0779554143519752,44978.1617740707,37.6430925127882
2020,164,1719,193091,20587,756,9541138650,193091,7110922,193091,0.106618123061147,0.00391525239394897,49412.6533603327,36.82679151281
2020,165,645,79756,14454,1873,4369879250,79756,3062089,79756,0.181227744621094,0.0234841265860876,54790.601960981,38.3932117959777
2020,166,3347,453151,150879,51872,35980187470,453151,18274420,453151,0.332955240085534,0.114469569746067,79399.995740934,40.3274405220335
2020,167,1665,203933,24355,56024,13225077580,203933,7693837,203933,0.119426478304149,0.274717676884075,64850.1104774607,37.7272780766232
2020,169,448,58605,13578,6447,3988832700,58605,2314091,58605,0.231686716150499,0.110007678525723,68063.0099820835,39.4862383755652
2020,173,321,39974,7086,1268,3152155700,39974,1643063,39974,0.177265222394556,0.0317206184019613,78855.1483464252,41.1032921398909
2020,174,5799,781940,149605,20890,39157226390,781940,30952987,781940,0.19132542138783,0.0267156047778602,50077.0217535872,39.5848620098729
2020,175,3200,408109,119907,86947,8918773100,408109,11678372,408109,0.293811212200662,0.213048474794724,21853.899570948,28.6158158727203
2020,176,4444,508306,67044,15947,22405147474,508306,20779121,508306,0.131896928228272,0.0313728344737225,44078.0700483567,40.8791574366622
2020,178,9068,1145888,105757,238387,174154998360,1145888,52355854,1145888,0.0922926149850596,0.208036911111732,151982.565800497,45.6902018347343
2020,183,1629,208790,44910,71931,10403386060,208790,7453716,208790,0.21509650845347,0.34451362613152,49827.0322333445,35.6995833133771
2020,184,505,64969,13504,3831,4546685880,64969,2608283,64969,0.207852976034724,0.0589665840631686,69982.389755114,40.146577598547
2020,185,6723,886053,208791,191393,46102178650,886053,33863416,886053,0.235641660261858,0.216006265990861,52030.9492208705,38.2182736247155
2020,186,1184,154716,28541,69748,4530685720,154716,4537743,154716,0.184473486905039,0.450813102717237,29283.8860880581,29.3295005041495
2020,187,1719,226624,55188,56584,15778867420,226624,9314694,226624,0.243522310081898,0.249682293137532,69625.7564070884,41.1019750776617
2020,188,1800,231263,45310,116685,8962334740,231263,9050919,231263,0.195924121022386,0.504555419587223,38753.8635233479,39.1369090602474
2020,189,1201,157739,37946,92230,4041895820,157739,5339501,157739,0.240561940927735,0.584700042475228,25623.9472800005,33.8502272741681
2020,193,95,14387,9869,3548,330804300,14387,429973,14387,0.685966497532495,0.246611524292764,22993.2786543407,29.8862167234309
2020,194,1141,164663,31409,58981,5713620010,164663,5387013,164663,0.190747162386207,0.358192186465691,34698.8698736207,32.7153823263271
2020,195,2269,300904,81195,58099,16712802210,300904,11680592,300904,0.269836891500279,0.193081514370032,55541.9742176907,38.818334086619
2020,198,214,25437,5374,2762,1588915160,25437,951485,25437,0.211267051932225,0.108581986869521,62464.7230412391,37.4055509690608
2020,199,2320,297737,91700,48331,10772611328,297737,9273877,297737,0.307989937427999,0.162327826235906,36181.6345566725,31.1478821913299
2020,203,2278,302778,77331,2401,15457087920,302778,11789444,302778,0.255404950161505,0.00792990243676885,51050.8951112697,38.9375846329654
2020,204,1551,181110,31170,10149,10082799140,181110,5959675,181110,0.172105350339573,0.0560377671028657,55672.2386395009,32.9063828612445
2020,205,1383,165552,22543,2375,7288913700,165552,6483925,165552,0.136168696240456,0.0143459456847395,44027.9410698753,39.165488789021
2020,206,3314,420024,68422,15349,35666996640,420024,16579037,420024,0.162900215225797,0.0365431499152429,84916.5681961031,39.4716420966421
2020,207,3993,528147,104201,11092,22013069390,528147,20442472,528147,0.19729544994102,0.0210017286853849,41679.8152597667,38.7060269205354
2020,208,3985,541914,162059,15956,28793513390,541914,22698445,541914,0.299049295644696,0.0294437862834324,53132.9941466727,41.885695885325
2020,214,5725,724842,210155,15716,38625652580,724842,28842012,724842,0.28993215073078,0.0216819665527108,53288.3753700807,39.7907571581117
2020,217,1142,144166,34882,9302,8483009740,144166,5795364,144166,0.241957188241333,0.0645228417241236,58841.9581593441,40.1992425398499
2020,218,679,88485,18703,9709,5432653230,88485,3759614,88485,0.211369158614454,0.109724812115048,61396.3183590439,42.4887156015144
2020,223,607,67834,24669,1347,3271885442,67834,2793148,67834,0.363667187546068,0.0198572986997671,48233.7093787776,41.1762243122918
2020,224,448,55710,14390,1834,2964433600,55710,2341510,55710,0.258301920660564,0.0329204810626458,53211.8757853168,42.0303356668462
2020,226,1267,162099,20164,6420,26317773210,162099,6505843,162099,0.124393117786044,0.0396054263135491,162356.172524198,40.1349977482896
2020,227,245,33115,5780,59,3444016200,33115,1358791,33115,0.174543258342141,0.00178166993809452,104001.697116111,41.0324928280236
2020,228,798,101749,28635,15952,4881708220,101749,4020091,101749,0.281427827300514,0.156777953591681,47977.9478913798,39.509882161004
2020,229,16795,2151503,494973,82406,248717150698,2151503,88860262,2151503,0.230059172587721,0.0383015966047921,115601.582102372,41.3014818013268
2020,233,851,100139,26429,1401,4836727800,100139,4287780,100139,0.263923146825912,0.0139905531311477,48300.1408042821,42.8182825872038
2020,234,4520,619317,135805,34803,33287632180,619317,24039880,619317,0.219281886336077,0.0561957769607487,53748.9398482522,38.8167610448284
2020,243,26385,3608677,680220,552831,203442897812,3608677,155516202,3608677,0.188495673067997,0.15319492434485,56376.0341565621,43.0950739010446
2020,253,3948,519842,95688,114363,35179819050,519842,21271308,519842,0.18407131397617,0.219995690998419,67674.0606761285,40.9187945568076
2020,254,6374,855102,102088,430794,53899134910,855102,34879036,855102,0.11938692693971,0.503792530013963,63032.4042161052,40.7893280567698
2020,255,1534,218754,46339,27281,36706549600,218754,10069478,218754,0.211831555080136,0.124710862429944,167798.301288205,46.0310577178017
2020,256,823,110158,24606,11147,9155829900,110158,4592761,110158,0.22337006844714,0.101191016539879,83115.4332867336,41.692487154814
2020,258,449,53325,8529,1975,6683654100,53325,2343766,53325,0.159943741209564,0.037037037037037,125338.098452883,43.9524800750117
2020,274,18173,2390037,463451,178356,179618337270,2390037,98888108,2390037,0.193909550354241,0.0746247861434781,75152.9525568014,41.375136870266
2020,275,19355,2663241,932500,181922,82695778790,2663241,90422788,2663241,0.350137295122747,0.0683085008078503,31050.8056875063,33.9521612952039
2020,276,19902,2793158,955832,64632,42845324006,2793158,79717376,2793158,0.34220477323517,0.0231393999193744,15339.3843119508,28.5402315228856
2020,277,621,79842,13253,38605,1772754730,79842,2492926,79842,0.165990330903534,0.483517446957742,22203.2856140878,31.223240900779
2020,283,246,34848,9483,5487,948953460,34848,998014,34848,0.272124655647383,0.15745523415978,27231.2172865014,28.6390610651974
2020,303,8374,1075090,125074,38423,57719121500,1075090,43734654,1075090,0.116338167037178,0.0357393334511529,53687.7112613828,40.6799933028863
2020,313,20169,2454418,378857,130574,97585884100,2454418,91341107,2454418,0.154357163286775,0.0531995772521225,39759.2765779912,37.2149760146805
2020,315,253,29686,4244,4615,898850760,29686,1027232,29686,0.142963012868019,0.155460486424577,30278.6080980934,34.60324732197
2020,316,1862,253022,73321,3333,7904034030,253022,9251016,253022,0.289781125751911,0.0131727675854274,31238.5248318328,36.5621013192529
2020,317,777,114980,45611,1795,2531153640,114980,4170428,114980,0.396686380240042,0.0156114106801183,22013.8601495912,36.2708992868325
2020,318,1216,170761,32601,14055,7198893440,170761,6429997,170761,0.190915958561967,0.0823080211523709,42157.7142321725,37.6549504863523
2020,319,9040,1213826,423785,31556,32013522500,1213826,42216895,1213826,0.349131588876824,0.025997136327612,26374.0622626307,34.7800220130398
2020,326,665,94129,27802,9117,3373651570,94129,3563579,94129,0.295360622124956,0.0968564416917209,35840.7246438398,37.8584601982386
2020,328,443,54276,15875,580,2374760050,54276,2117096,54276,0.292486550224777,0.0106861227798659,43753.4094258973,39.006116884074
2020,329,1292,143410,40920,485,2766548900,143410,3911023,143410,0.285335750645004,0.00338191200055784,19291.1854124538,27.2716198312531
2020,335,1065,138630,33383,4162,4727208550,138630,4810438,138630,0.240806463247493,0.0300223616821756,34099.4629589555,34.6998340907452
2020,336,896,112958,24713,1629,4345578420,112958,4252580,112958,0.218780431664867,0.0144212893287771,38470.7450556844,37.6474441827936
2020,337,8534,1057762,136553,107134,41047220294,1057762,38722267,1057762,0.129096148282884,0.101283653600715,38805.7240608001,36.6077312287641
2020,338,1203,149495,21226,6211,6640662700,149495,5755046,149495,0.141984681761932,0.0415465400180608,44420.6341349209,38.4965784808857
2020,344,3378,441520,74170,17205,16698365440,441520,16899969,441520,0.167987860119587,0.0389676571842725,37820.179017938,38.2767915383222
2020,346,351,47393,11264,140,2225289420,47393,1945371,47393,0.237672230076172,0.00295402274597514,46953.968307556,41.0476441668601
2020,347,238,33124,10082,1421,726326760,33124,1120162,33124,0.304371452723101,0.0428994082840237,21927.5075473977,33.8172322183311
2020,348,272,39921,11585,1083,1269181000,39921,1505348,39921,0.290198141329125,0.0271285789434132,31792.314821773,37.7081736429448
2020,354,904,115525,17430,371,5687431000,115525,4701229,115525,0.150876433672365,0.00321142609824713,49231.1707422636,40.6944730577797
2020,355,2591,330409,42183,2303,16869959200,330409,13754204,330409,0.127669040492238,0.00697014911821409,51057.8077473677,41.6278128017094
2020,356,513,62582,14085,706,1575055450,62582,2149278,62582,0.225064715093797,0.0112811990668243,25167.8669585504,34.3433894730114
2020,357,2912,460155,151887,76827,11934739980,460155,15800734,460155,0.330077908530821,0.166958959481044,25936.3474916061,34.3378513761667
2020,359,1945,253217,58654,10576,11308652750,253217,10564074,253217,0.231635316744136,0.0417665480595695,44659.9270586098,41.7194501159085
2020,364,4312,597678,145779,8783,20079120190,597678,23457325,597678,0.243908927549617,0.0146952037719307,33595.2137940496,39.2474292177393
2020,365,11046,1575184,549454,17069,39243336850,1575184,53998517,1575184,0.348818931629575,0.0108361943747524,24913.4938204045,34.280767834107
2020,366,162,20608,5458,213,922344700,20608,821295,20608,0.264848602484472,0.0103357919254658,44756.6333462733,39.8532123447205
2020,368,469,63124,14653,1199,2536876280,63124,2536200,63124,0.232130409986693,0.0189943603066979,40188.7757429821,40.1780622267283
2020,373,4238,561572,99420,16588,34354327970,561572,24027954,561572,0.177038741247783,0.0295385097547599,61175.2864637126,42.7869516286425
2020,375,3997,556260,97573,14373,30131048520,556260,22746772,556260,0.17540898141157,0.0258386366087801,54167.2033221875,40.8923381152698
2020,376,19179,2762101,857136,52074,98911178720,2762101,101984443,2762101,0.310320296035518,0.018853039769364,35810.1237862048,36.9227783488004
2020,377,669,91332,12073,230,4130217910,91332,3633605,91332,0.132188061139579,0.00251828493846626,45222.0241536373,39.7845771471116
2020,378,928,132038,29353,3508,4994028690,132038,5273044,132038,0.222307214589739,0.0265681091806904,37822.6623396295,39.9358063587755
2020,379,9161,1155453,270874,41269,36474607370,1155453,40099166,1155453,0.23443099805877,0.0357167275518779,31567.3656738959,34.7042813511238
2020,383,2125,281118,126597,3223,7558514460,281118,9972199,281118,0.450334023434999,0.0114649364323878,26887.3372035942,35.4733563841519
2020,384,74,9311,1513,1179,381864900,9311,335020,9311,0.162495972505639,0.126624422725808,41012.232842874,35.9810976264633
2020,385,2063,282799,72220,8136,8723080260,282799,10133595,282799,0.255375726222511,0.0287695501044912,30845.5131029459,35.8332066237858
2020,386,311,38664,12691,976,2115213920,38664,1491156,38664,0.328238154355473,0.0252431202151873,54707.5812124974,38.5670391061453
2020,389,6735,900190,204584,27216,42403075070,900190,34984403,900190,0.227267576844888,0.0302336173474489,47104.5835545829,38.8633544029594
2020,405,7466,1096936,140946,306993,17647808870,1096936,35464439,1096936,0.128490632087925,0.279864094167755,16088.2757699629,32.330454101242
2020,415,510,64616,8424,2279,4225226000,64616,2752800,64616,0.1303701869506,0.0352699021914077,65389.7796211465,42.6024514052247
2020,417,3010,387717,76998,1602,30101636836,387717,20467977,387717,0.19859330387886,0.00413187969575747,77638.1660747401,52.7910228336648
2020,418,8290,1084136,183706,8698,81753730850,1084136,46741063,1084136,0.169449220393013,0.00802297866688312,75409.1099732875,43.1136527151575
2020,423,3340,438011,95697,1100,23461215950,438011,18939409,438011,0.218480814408771,0.00251135245461872,53563.0747857931,43.2395738919799
2020,425,257,32091,4440,340,728458550,32091,1003256,32091,0.138356548565018,0.01059487083606,22699.7771960986,31.2628462808887
2020,426,5810,872640,257915,12570,31197230870,872640,33759031,872640,0.295557159882655,0.0144045654565457,35750.4020787495,38.6860916299963
2020,427,1544,179126,47683,1559,2602420708,179126,4667746,179126,0.266198095195561,0.00870337081160747,14528.436452553,26.0584504762011
2020,434,2491,369167,147188,11616,9622784540,369167,12295326,369167,0.398703026001782,0.0314654343427229,26066.2099808488,33.3055934035274
2020,435,12208,1724736,769484,45589,29714321390,1724736,50247464,1724736,0.446145960889087,0.0264324511113585,17228.3302430053,29.1334233181194
2020,436,20021,2883000,805213,158744,65603845750,2883000,103278149,2883000,0.279296912937912,0.0550620881026708,22755.409556018,35.8231526187999
2020,439,5704,757233,331463,19631,9431866620,757233,19836444,757233,0.437729206202054,0.0259246493483512,12455.6993950343,26.1959581793187
2020,443,2974,403797,108484,5978,6606483438,403797,11288617,403797,0.268659747348296,0.0148044685819855,16360.9027258746,27.9561685698507
2020,444,7883,1039386,314080,22002,15647685630,1039386,30375915,1039386,0.302178401479335,0.0211682666497336,15054.739653988,29.2248644873031
2020,445,2119,289744,101938,15228,8897628430,289744,10265151,289744,0.351820917775692,0.0525567397426694,30708.5856135071,35.4283470926059
2020,446,6813,978712,349973,30490,31371469300,978712,36167087,978712,0.357585275341469,0.0311531890893337,32053.8312598599,36.9537586133612
2020,447,21960,3111904,752512,165385,75380025186,3111904,110703421,3111904,0.24181722829496,0.0531459196684731,24223.120374536,35.5741761313974
2020,448,1604,229085,23871,67948,8457516400,229085,9181132,229085,0.104201497260842,0.296606063251631,36918.6825850667,40.0774035838226
2020,453,14738,1971221,341404,153778,49854387496,1971221,68185730,1971221,0.173194177618846,0.0780115471578276,25291.1203239008,34.5906065327023
2020,454,492,60607,16788,4881,2444037800,60607,2563285,60607,0.276997706535549,0.0805352517035986,40325.998647021,42.2935469500223
2020,455,530,72929,17386,9128,2855300820,72929,3082589,72929,0.238396248405984,0.125162829601393,39151.7890002605,42.2683568950623
2020,456,405,43808,8451,3496,1725268200,43808,1770391,43808,0.192909970781592,0.0798027757487217,39382.4917823229,40.4125045653762
2020,457,655,108995,26338,60650,1735626520,108995,4180435,108995,0.241644112115235,0.556447543465297,15923.9095371347,38.3543740538557
2020,458,7387,1026981,212483,461867,18863506250,1026981,35971552,1026981,0.206900614519645,0.449732760391867,18367.9213636864,35.0265019508637
2020,459,2057,248898,88718,9968,5269364430,248898,7423364,248898,0.356443201632797,0.0400485339375969,21170.7785116795,29.8249242661653
2020,461,524,53475,20286,9368,1084911980,53475,1596948,53475,0.379354838709677,0.17518466573165,20288.2090696587,29.8634502103787
2020,462,239,25864,10721,497,333395490,25864,660678,25864,0.414514382926075,0.0192158985462419,12890.3298020414,25.5443086916177
2020,463,1145,162222,27560,2460,7578084290,162222,5743075,162222,0.169890643685813,0.0151644043348005,46714.2822181948,35.4025656199529
2020,464,472,71426,17510,1968,2133737590,71426,2622281,71426,0.245148825357713,0.0275529919077087,29873.4017024613,36.7132556772044
2020,465,3271,436399,98538,7508,19823905110,436399,16809177,436399,0.225797950957725,0.0172044390569181,45426.1011368037,38.5179090694525
2020,468,8078,946813,324949,288178,12216107460,946813,30402044,946813,0.343202934475974,0.304366332105706,12902.3444545016,32.109871748698
2020,469,4094,561956,169963,109242,8505902760,561956,15185285,561956,0.30244894618084,0.194396002534006,15136.2433357772,27.0221956879186
2020,473,5782,530469,72206,401402,15206828730,530469,27424235,530469,0.136117284893179,0.756692662530704,28666.7622990222,51.6980916886755
2020,479,5637,746246,181516,72819,19553577972,746246,31066284,746246,0.243238824730719,0.0975804225416284,26202.5899931122,41.6300844493639
2020,485,1038,150234,23982,60798,6156740520,150234,6656277,150234,0.159630975677942,0.404688685650385,40981.0064299692,44.3060625424338
2020,486,7680,1123533,257165,308253,25004576668,1123533,42365080,1123533,0.228889583127509,0.274360432670869,22255.3112974875,37.7070188414582
2020,487,2102,272841,102783,74637,5121021690,272841,9061820,272841,0.376713910299405,0.273554927595193,18769.2527516026,33.212823585898
2020,488,312,48185,10587,781,1053774730,48185,1838049,48185,0.219715679153263,0.0162083635986303,21869.352080523,38.1456677389229
2020,489,106,12838,2418,122,679231700,12838,540870,12838,0.188347094563016,0.00950303785636392,52907.9062159215,42.1303941423898
2020,496,859,107285,22124,22693,4086248820,107285,4897098,107285,0.206217085333458,0.211520715850305,38087.7925152631,45.6456913827655
2020,498,264,31815,6130,17384,722212470,31815,1555186,31815,0.192676410498193,0.546408926606946,22700.3762376238,48.8821625019645
2020,503,1823,219703,14287,3050,15512013300,219703,9953020,219703,0.0650286978329836,0.0138823775733604,70604.4673946191,45.3021579131828
2020,505,5815,796137,203870,141634,30711618210,796137,33336962,796137,0.256074017411576,0.177901542071277,38575.7956356758,41.8733986738463
2020,507,2436,311279,74104,26765,15344938780,311279,13435562,311279,0.238062959595732,0.085983956514895,49296.415048879,43.1624426961022
2020,508,1044,141091,26474,3455,9832453830,141091,6028799,141091,0.187637765697316,0.0244877419537745,69688.7386863797,42.7298622874599
2020,509,331,37044,6934,8499,1201153500,37044,1557403,37044,0.187182809631789,0.229429867184969,32425.0485908649,42.0419771083036
2020,514,1020,134592,22404,24399,5903165960,134592,5773466,134592,0.166458630527817,0.181281205420827,43859.7090466001,42.8960562291964
2020,516,2442,309603,70879,17818,16017579130,309603,13401455,309603,0.228935120137725,0.0575511219206532,51735.8653824414,43.2859339218289
2020,518,3128,377086,60439,10423,21322613970,377086,16328653,377086,0.160279087529105,0.0276409095007505,56545.7587128666,43.3021989678747
2020,519,170,20690,4183,244,1139522600,20690,891403,20690,0.202174963750604,0.0117931367810536,55076.0077332045,43.0837602706622
2020,523,492,68530,12793,11660,3283457290,68530,2997246,68530,0.186677367576244,0.170144462279294,47912.6994017219,43.7362614913177
2020,525,1041,138565,33604,14193,6399075700,138565,5466086,138565,0.242514343448923,0.102428463176127,46181.0392234691,39.4478114964096
2020,526,250,32162,7078,7754,1023196600,32162,1287175,32162,0.220073378521236,0.241091971892295,31813.8362042162,40.0216093526522
2020,527,1825,249620,46563,12851,14028096000,249620,10490974,249620,0.186535534011698,0.0514822530245974,56197.8046630879,42.0277782228988
2020,533,111,15616,3525,170,1126733300,15616,660507,15616,0.225730020491803,0.0108862704918033,72152.4910348361,42.2968109631148
2020,534,3118,440241,101485,57589,21149796110,440241,18410924,440241,0.230521464379738,0.130812441367342,48041.4048441649,41.820103079904
2020,535,785,95439,14437,24236,4269289590,95439,3763728,95439,0.151269397206593,0.253942308699798,44733.1760601012,39.4359538553422
2020,536,176,24086,2913,6881,875644060,24086,963678,24086,0.120941625840737,0.285684630075563,36354.8974508013,40.0098812588226
2020,539,188,24946,5728,1005,1320445100,24946,1079370,24946,0.229615970496272,0.0402870199631203,52932.1374168203,43.2682594403912
2020,543,214,29395,5416,478,2472042900,29395,1215753,29395,0.184249021942507,0.0162612689232863,84097.3941146454,41.3591767307365
2020,544,425,45605,9546,1136,3077454380,45605,2059098,45605,0.209319153601579,0.0249095493915141,67480.6354566385,45.1507071593027
2020,549,6355,831798,139003,54134,37330811950,831798,34285284,831798,0.167111486202179,0.0650807046903214,44879.6606267387,41.2182813615806
2020,558,4559,614998,75184,98703,38274235870,614998,27620395,614998,0.122250804067656,0.160493204855951,62234.7322592919,44.9113574353087
2020,563,1636,258272,50387,79297,8466572200,258272,10424599,258272,0.195092770412588,0.307029023664973,32781.6108598687,40.3628693780201
2020,567,7710,1079764,198325,331540,36494387468,1079764,43733327,1079764,0.183674395516057,0.307048577281702,33798.4851023001,40.5026718801516
2020,573,758,117545,25341,20769,3859272870,117545,4728899,117545,0.215585520438981,0.176689778382747,32832.3014164788,40.2305414947467
2020,575,6689,901759,188611,96568,49049394100,901759,37655553,901759,0.209158988155372,0.107088479294357,54393.0186446711,41.7578898574896
2020,577,1195,155037,40979,3339,13171214500,155037,6922110,155037,0.264317550004193,0.0215367944426169,84955.2977676297,44.6481162561195
2020,579,3064,473195,81541,155350,13001349346,473195,18587984,473195,0.172320079459842,0.328300172233434,27475.6693244857,39.2818689969252
2020,584,156,23666,3515,4132,1027044320,23666,945243,23666,0.148525310572129,0.174596467506127,43397.4613369391,39.9409701681738
2020,585,4515,632827,142082,82731,32669822560,632827,26631378,632827,0.224519497429787,0.130732411859797,51625.2033494146,42.0831886123696
2020,588,407,57787,14549,6886,2454940550,57787,2379955,57787,0.251769429110354,0.119161749182342,42482.5748005607,41.1849550937062
2020,589,275,39804,10447,4656,1759673640,39804,1600661,39804,0.262461059190031,0.116973168525776,44208.4624660838,40.2135715003517
2020,593,462,68822,14679,3811,3208256600,68822,2787565,68822,0.213289355148063,0.055374734823167,46616.7301153701,40.5039812850542
2020,595,1135,184184,49709,35020,6046343710,184184,7636564,184184,0.269887720974678,0.190135951005516,32827.735905399,41.4616036137775
2020,596,935,124122,26683,10981,5732597440,124122,5150873,124122,0.214973977215965,0.0884694091297272,46185.1842542015,41.4984692479979
2020,597,679,92616,17742,3877,4920619240,92616,3930411,92616,0.191565172324436,0.0418610175347672,53129.2567159022,42.4377105467738
2020,598,264,31006,5811,3493,1880671900,31006,1455067,31006,0.187415338966652,0.11265561504225,60655.095787912,46.9285622137651
2020,599,538,83956,23156,15664,2823245390,83956,3553577,83956,0.275811139168136,0.186573919672209,33627.678665015,42.3266592024394
2020,614,183,27034,5738,973,1915496160,27034,1669985,27034,0.212251239180292,0.0359917141377525,70855.077310054,61.7735074350818
2020,615,55,7354,1289,0,460330700,7354,356296,7354,0.17527875985858,0,62595.9613815611,48.4492793037803
2020,616,354,43066,8068,1459,2941385100,43066,2146797,43066,0.187340361305903,0.0338782334091859,68299.4729020573,49.8489992105141
2020,617,417,54283,14792,1421,3103509500,54283,2862261,54283,0.272497835418087,0.0261776246707072,57172.7704806293,52.7284969511634
2020,628,5758,714187,87306,20377,44900315080,714187,32021615,714187,0.122245294299672,0.0285317430868946,62869.1296257143,44.8364573984125
2020,634,462,45145,4040,787,2696419100,45145,1930949,45145,0.0894894229704286,0.0174327168014177,59727.967659763,42.7721563849817
2020,637,2755,337803,51400,13868,17228520030,337803,14327411,337803,0.152159690707306,0.0410535134383058,51001.6785818954,42.4135102411761
2020,643,111,14475,2294,502,978824700,14475,705339,14475,0.158480138169257,0.0346804835924007,67621.7409326425,48.7280829015544
2020,649,58,6523,848,1387,230281450,6523,259932,6523,0.130001533036946,0.212632224436609,35302.9970872298,39.8485359497164
2020,657,410,52889,10162,14349,1775657030,52889,2226726,52889,0.192138251810395,0.271304051882244,33573.2766737885,42.1018737355594
2020,658,72,10298,1785,2794,284265400,10298,392678,10298,0.173334628083123,0.271314818411342,27603.9425131093,38.1314818411342
2020,666,418,52102,6715,21873,1109710950,52102,1778541,52102,0.128881808759741,0.419811139687536,21298.8167440789,34.1357529461441
2020,668,191,24586,3806,8245,592554200,24586,927780,24586,0.154803546733914,0.335353453184739,24101.2852843081,37.7361099812902
2020,669,66,9525,3057,2954,190002600,9525,381646,9525,0.320944881889764,0.310131233595801,19947.7795275591,40.0678215223097
2020,675,181,22774,4245,5047,641210600,22774,927712,22774,0.186396768244489,0.221612364977606,28155.3789408975,40.7355756564503
2020,677,552,65098,15311,2350,2504812300,65098,2389739,65098,0.23519923807183,0.0360994193369996,38477.5615226274,36.7098681987158
2020,678,5965,816501,285820,18546,27469766360,816501,29548948,816501,0.350054684562542,0.0227139954513222,33643.2733823964,36.1897266506716
2020,679,106,11248,1716,342,388156400,11248,431617,11248,0.152560455192034,0.0304054054054054,34508.9260312945,38.3727773826458
2020,686,1533,221233,56495,8639,7066101430,221233,8773790,221233,0.255364253976577,0.0390493280839658,31939.6357234228,39.6585952366962
2020,687,1428,198915,56588,20966,4811271970,198915,7091590,198915,0.284483322021969,0.105401804790991,24187.5774577081,35.6513586205163
2020,688,630,86787,26845,3021,2402549750,86787,3224431,86787,0.309320520354431,0.0348093608489751,27683.2907002201,37.1533870280111
2020,694,822,101308,17572,1405,5349519900,101308,4140135,101308,0.17345125755123,0.0138685987286295,52804.5159316145,40.8668120977613
2020,695,462,51813,9845,523,4846039600,51813,2463653,51813,0.190010229093085,0.0100939918553259,93529.4153976801,47.5489355953139
2020,696,688,92608,10003,1687,6578485700,92608,3960778,92608,0.108014426399447,0.0182165687629578,71035.825198687,42.7692855908777
2020,699,348,43277,6569,721,3231416100,43277,2032435,43277,0.15178963421679,0.0166601196940638,74668.2094415047,46.9633985719897
2020,703,103,11913,3176,0,470669800,11913,535389,11913,0.266599513136909,0,39508.9230252665,44.9415764291111
2020,706,560,66540,13350,1314,2695444100,66540,2768743,66540,0.200631199278629,0.0197475202885482,40508.6278929967,41.6102043883378
2020,709,287,34069,6558,2483,1474538600,34069,1445216,34069,0.192491708004344,0.0728815051806628,43280.9474889196,42.4202647568171
2020,719,334,37908,7679,760,1684079000,37908,1579261,37908,0.202569378495304,0.0200485385670571,44425.4247124618,41.6603619288805
2020,726,2772,367151,80978,6920,14792480590,367151,15556484,367151,0.220557754166542,0.0188478310014136,40289.90957399,42.3708065618778
2020,727,234,24478,6689,1523,748974100,24478,1000888,24478,0.2732657896887,0.0622191355502901,30597.8470463273,40.8892883405507
2020,729,125,17373,4654,1321,489009400,17373,700787,17373,0.267886951015944,0.0760375294997985,28147.6659183791,40.3377079376043
2020,733,240,28170,5071,8098,686095420,28170,1091498,28170,0.180014199503017,0.287468938587149,24355.5349662762,38.7468228611999
2020,736,1166,157952,25453,12380,5985562480,157952,6323628,157952,0.161143891815235,0.0783782414910859,37894.8191855754,40.0351245948136
2020,738,131,19501,3418,1717,787232950,19501,758808,19501,0.17527306291985,0.0880467668324701,40368.8503153684,38.9112353212656
2020,744,866,121234,16864,14773,3033324870,121234,4675598,121234,0.139102891928007,0.12185525512645,25020.4139927743,38.5667222066417
2020,747,208,27413,3462,482,652298400,27413,947108,27413,0.126290446138693,0.0175828986247401,23795.2212453945,34.5495932586729
2020,748,802,114606,15720,9930,2438997560,114606,4054381,114606,0.137165593424428,0.0866446782890948,21281.5870024257,35.3766905746645
2020,749,143,17015,4039,1641,607592200,17015,649400,17015,0.237378783426388,0.0964443138407288,35709.2095210109,38.166323831913
2020,753,87,11535,2742,446,411290700,11535,484488,11535,0.237711313394018,0.0386649328131773,35655.8907672302,42.0015604681404
2020,754,1769,240193,53078,2451,7090248790,240193,9621139,240193,0.220980628078254,0.0102042940468706,29518.9651238796,40.0558675731599
2020,755,443,52760,10357,866,2163544760,52760,2265543,52760,0.196304018195603,0.0164139499620925,41007.2926459439,42.9405420773313
2020,756,615,79651,20718,3012,3321393850,79651,3369345,79651,0.260109728691416,0.0378149677970145,41699.3364803957,42.3013521487489
2020,757,533,66929,15140,2035,3829857840,66929,2844307,66929,0.226209864184434,0.0304053549283569,57222.6962900985,42.497377818285
2020,759,974,129023,29578,10195,5229651800,129023,5314761,129023,0.229245948396797,0.0790169194639716,40532.709671919,41.1923533013494
2020,763,84,10432,4523,281,375339400,10432,424437,10432,0.433569785276074,0.0269363496932515,35979.620398773,40.6860621165644
2020,765,150,21197,5722,69,940692400,21197,895815,21197,0.269943859980186,0.00325517761947445,44378.5630041987,42.26140491579
2020,766,245,31274,8077,3033,1522466300,31274,1316242,31274,0.25826565197928,0.096981518194027,48681.5341817484,42.0874208607789
2020,769,583,65237,17866,2496,2004063900,65237,2443734,65237,0.273862991860447,0.0382604963440992,30719.7433971519,37.4593252295477
2020,774,176,22107,5428,1325,1270301400,22107,888107,22107,0.245533089066811,0.0599357669516443,57461.5008820736,40.1731125887728
2020,779,9600,1266759,290037,30823,48870205120,1266759,52062722,1266759,0.228959888976514,0.0243321736810238,38578.9286833565,41.0991530354235
2020,783,4127,547198,135402,35761,24592041442,547198,23548893,547198,0.247446079846783,0.0653529435414603,44941.7604633058,43.035414968622
2020,785,8050,1046964,241614,31025,36728534370,1046964,42535075,1046964,0.230775843295472,0.0296333016225964,35080.990721744,40.6270654960438
2020,799,5879,778408,160288,21245,35149077830,778408,32262454,778408,0.205917719242351,0.027292884965211,45155.0829770506,41.4467143194829
2020,803,1902,275422,46947,7742,14263344060,275422,12211192,275422,0.170454793008547,0.028109591826361,51787.2358054186,44.3362984801505
2020,804,28204,3862403,706053,444296,158742440208,3862403,170720725,3862403,0.182801483946652,0.115030979418771,41099.3985371283,44.2006504758825
2020,808,3106,396969,23813,6678,13616321540,396969,14305238,396969,0.0599870518856636,0.01682247228373,34300.7175371377,36.036158994783
2020,809,3408,525772,81109,190364,11434364864,525772,20227968,525772,0.154266488135542,0.362065686267051,21747.763030363,38.472889389317
2020,813,407,57737,22518,1041,1313397650,57737,1947449,57737,0.390009872352218,0.0180300327346416,22747.937197984,33.7296534284774
2020,823,333,45708,5143,565,3477310500,45708,2187025,45708,0.112518596306992,0.0123610746477641,76076.627723812,47.8477509407544
2020,824,493,60996,7276,368,4787254200,60996,2886562,60996,0.119286510590858,0.00603318250377074,78484.723588432,47.3237917240475
2020,829,457,65457,17589,5861,4501395900,65457,3445478,65457,0.268710756679958,0.0895396978168874,68768.7474219717,52.6372733244726
2020,844,3031,370614,67389,27707,19272429320,370614,16786611,370614,0.181830691770953,0.074759723054175,52001.3526742109,45.2940552704431
2020,848,596,77180,16436,4759,5187403900,77180,3574466,77180,0.212956724540036,0.0616610520860327,67211.7634102099,46.3133713397253
2020,859,191,26034,6257,2151,1724934200,26034,1412346,26034,0.240339555965276,0.0826227241299839,66256.9793347162,54.2500576169624
2020,865,152,20982,8331,1590,451505150,20982,768879,20982,0.397054618244209,0.0757792393480126,21518.6898293776,36.6446954532456
2020,866,301,52879,17086,4518,1477376300,52879,1965413,52879,0.323115036214754,0.0854403449384444,27938.8093572118,37.168119669434
2020,869,11411,1693047,391086,336033,55559134990,1693047,67358484,1693047,0.230995359254646,0.198478246616898,32816.0618045453,39.785359768512
2020,874,375,54352,16135,1172,1496615000,54352,1848374,54352,0.296861201059759,0.0215631439505446,27535.6012658228,34.0074698263173
2020,875,661,95895,23427,8364,3272580440,95895,3590367,95895,0.244298451431253,0.0872203973095573,34126.7056676573,37.440606913812
2020,878,233,30549,8646,1557,867146000,30549,1186468,30549,0.283020720809192,0.0509672984385741,28385.4135978264,38.838194376248
2020,883,292,39846,7981,995,2011810550,39846,1526838,39846,0.200296140139537,0.0249711388847061,50489.6488982583,38.3184761331125
2020,885,691,95046,37490,1500,2248330820,95046,3470643,95046,0.3944405866633,0.0157818319550533,23655.1861204049,36.5154030679881
2020,887,2321,333202,111783,27778,7758301580,333202,11991200,333202,0.335481179584756,0.0833668465375358,23284.0786669948,35.9877791849989
2020,888,3098,470004,144352,8097,11103081880,470004,17441887,470004,0.307129301027225,0.0172275129573365,23623.3774180645,37.110082041855
2020,889,16178,2259339,734213,51272,63836968680,2259339,82263394,2259339,0.324968054816033,0.0226933629703201,28254.7101962123,36.4103810893363
2020,905,10898,1262739,630203,0,66526431610,1262739,59592485,1262739,0.499076214482961,0,52684.2297656127,47.1930343483491
2021,4,13540,1338778,39183,336928,248688456376,1338778,62856284,1338778,0.0292677352032973,0.251668312446126,185757.800304457,46.9504906713436
2021,7,13202,1376061,155167,31576,152081795190,1376061,60214157,1376061,0.112761716232057,0.0229466571612741,110519.660967065,43.7583486487881
2021,8,3299,335352,30852,5502,33571787900,335352,14745776,335352,0.0919988549345166,0.0164066413798039,100109.102972399,43.9710393854815
2021,13,13421,1389825,233634,69558,147992209830,1389825,60198710,1389825,0.16810317845772,0.0500480276293778,106482.621790513,43.3138776464663
2021,14,9251,930440,76012,26036,71740940960,930440,40110722,930440,0.0816946820858949,0.0279824599114398,77104.317269249,43.1094127509565
2021,15,6679,724708,60829,26982,63135786200,724708,31230863,724708,0.0839358748627033,0.0372315470506742,87118.9309349421,43.094409058545
2021,17,8374,994925,238937,180352,45407860470,994925,43127624,994925,0.240155790637485,0.1812719551725,45639.4808352388,43.3476131366686
2021,18,4674,519512,61723,112591,33973753770,519512,21023890,519512,0.118809575139747,0.216724541492786,65395.5130391598,40.4685358567271
2021,19,353,34645,5005,8385,1920839800,34645,1557221,34645,0.144465290806754,0.24202626641651,55443.4925674701,44.9479289940828
2021,21,5750,587443,97524,25387,37503372390,587443,23924611,587443,0.166014404801828,0.0432161077755629,63841.7214776583,40.7266934834529
2021,22,81341,8563058,898146,1281985,828003945966,8563058,378055873,8563058,0.10488612829669,0.149711119555654,96694.8893684943,44.1496335771637
2021,23,16232,1697047,305944,125798,137662070500,1697047,70616327,1697047,0.180280216163724,0.0741275875093619,81118.596302872,41.6112971532315
2021,24,1131,120541,19743,962,9725885500,120541,4990736,120541,0.16378659543226,0.00798068706913001,80685.2896524834,41.402809002746
2021,25,12739,1372580,260030,121014,150991013858,1372580,59067379,1372580,0.189446152501129,0.0881653528391788,110005.2556922,43.033833364904
2021,26,8899,920545,153969,195663,90733415240,920545,38580419,920545,0.167258526199154,0.212551260394658,98564.8884519497,41.9104106806294
2021,27,10340,1149922,228596,29851,81861993950,1149922,47732406,1149922,0.19879261375989,0.0259591520120495,71189.1710481233,41.509255410367
2021,28,94,9338,2526,1049,528906400,9338,372453,9338,0.270507603341187,0.112336688798458,56640.22274577,39.8857357035768
2021,29,1649,180886,40580,12640,8243421420,180886,6912985,180886,0.224340192165231,0.0698782658691109,45572.4678526807,38.2173578939221
2021,33,4692,484990,56618,13046,37511004310,484990,20554266,484990,0.116740551351574,0.0268995237015196,77343.8716468381,42.3808037279119
2021,34,334,36775,6136,8093,3101356700,36775,1526477,36775,0.166852481305235,0.22006798096533,84333.2889191027,41.5085520054385
2021,35,922,95868,10377,16863,5795949120,95868,3886253,95868,0.108242583552385,0.175898109901114,60457.5991988985,40.5375412024868
2021,36,3044,308711,34635,4013,25986957000,308711,12980664,308711,0.112192309311945,0.0129992128560369,84178.9149074701,42.0479477569636
2021,37,5597,595584,114968,30709,44576758840,595584,24166527,595584,0.193034064044702,0.0515611567805717,74845.460657103,40.5761857269504
2021,43,2406,231441,30518,45454,20495819300,231441,9801530,231441,0.13186081982017,0.196395625667017,88557.4262987111,42.350015770758
2021,44,1372,142166,29687,2255,15983337750,142166,6002767,142166,0.20881926761673,0.0158617390937355,112427.287466764,42.2236470042064
2021,45,470,44359,12624,866,4057008350,44359,1910686,44359,0.28458711873577,0.0195225320679005,91458.5168736897,43.073243310264
2021,47,231,28685,5608,2330,3807319400,28685,1374581,28685,0.195502876067631,0.0812271221892975,132728.58288304,47.9198535820115
2021,48,838,88589,21255,2476,9919745070,88589,3887748,88589,0.239928207791035,0.0279492939303977,111974.907381278,43.8852227703214
2021,53,4018,412805,105390,25142,39962411300,412805,17554766,412805,0.255302140235705,0.0609052700427563,96806.9943435763,42.5255653395671
2021,55,3141,330009,62778,13517,37647634360,330009,13896243,330009,0.190231175513395,0.0409594889836338,114080.629194961,42.1086788542131
2021,56,2509,263943,60677,3253,23438871200,263943,11412523,263943,0.229886755852589,0.0123246306967792,88802.7763570165,43.2385893924067
2021,57,3187,326047,81964,9516,31115505900,326047,14083484,326047,0.251387069962306,0.0291859762549571,95432.5784319439,43.1946437170101
2021,59,7122,731379,154474,19999,78941680590,731379,31231017,731379,0.211209236250973,0.0273442360253713,107935.394084326,42.7015500855234
2021,64,26621,2854278,535632,113693,230106587950,2854278,116727213,2854278,0.187659366046335,0.0398324900377609,80618.1415930754,40.8955304984308
2021,65,3080,332511,56345,6474,24875511540,332511,13771106,332511,0.169453040651287,0.0194700325703511,74811.0935878813,41.4154900138642
2021,66,359,36411,9876,1198,5982386400,36411,1547252,36411,0.271236714179781,0.0329021449561946,164301.623135866,42.4940814588998
2021,68,3219,332516,93170,3510,31975127900,332516,13642586,332516,0.280197043149803,0.0105558830251777,96161.1708910248,41.0283595375862
2021,69,160,14344,1835,1009,1704067000,14344,608369,14344,0.12792805354155,0.0703430005577245,118799.986056888,42.4127858337981
2021,73,955,95346,23350,1409,8253101700,95346,4003966,95346,0.244897531097267,0.0147777568015439,86559.4959410987,41.9940637257987
2021,74,154,16835,4775,32,1580561100,16835,678839,16835,0.283635283635284,0.0019008019008019,93885.4232254232,40.3230769230769
2021,75,843,83680,16466,4276,7127616420,83680,3381472,83680,0.196773422562142,0.0510994263862333,85177.0604684512,40.4095602294455
2021,76,3636,355694,74543,5122,33887403080,355694,14797995,355694,0.209570585953095,0.014400017992994,95271.2249292932,41.6031617064106
2021,77,325,31095,7711,3510,2172360500,31095,1304356,31095,0.247981990673742,0.11287988422576,69862.051776813,41.9474513587394
2021,78,955,89106,21513,2107,6637015800,89106,3690720,89106,0.241431553430745,0.0236459946580477,74484.4993603124,41.4194330348125
2021,79,338,29707,7026,1932,1741698200,29707,1227989,29707,0.236509913488403,0.0650351768943347,58629.2187026627,41.3366883226176
2021,83,1736,182324,31344,3579,17227967200,182324,7700733,182324,0.171913735986486,0.019629889647002,94490.9457888155,42.2365294750006
2021,84,8719,861675,71559,128302,207391907530,861675,43770112,861675,0.083046392201236,0.148898366553515,240684.605599559,50.7965439405809
2021,85,1558,156048,13120,80813,23432978280,156048,6039798,156048,0.0840766943504563,0.517872705834102,150165.194555521,38.7047446939403
2021,86,954,86128,11094,19633,9475498200,86128,3819219,86128,0.128808285342746,0.227951421140628,110016.466189857,44.3435235927921
2021,87,456,44698,4868,16661,4543864100,44698,1711100,44698,0.108908676003401,0.372745984160365,101656.98912703,38.281354870464
2021,88,97,10943,853,3747,1457233200,10943,490881,10943,0.0779493740290597,0.342410673489902,133165.786347437,44.8579914100338
2021,89,924,93120,5210,59950,5720275570,93120,3351527,93120,0.0559493127147766,0.643792955326461,61429.0761383162,35.9914841065292
2021,95,33384,3546345,606212,57721,259934948150,3546345,135905775,3546345,0.170939939571587,0.0162761942225023,73296.5766585033,38.3227731650474
2021,96,3261,329299,57990,14502,35185430270,329299,12705952,329299,0.176101354695884,0.0440390040662134,106849.490189767,38.5848484204325
2021,97,1036,109943,24376,9648,5473579000,109943,4053916,109943,0.221714888624105,0.0877545637284775,49785.6070873089,36.872888678679
2021,98,1165,123080,16172,2464,7750215600,123080,4688899,123080,0.131394215144621,0.0200194995125122,62968.9275268118,38.0963519662008
2021,99,1881,190770,37212,10790,10602384470,190770,6824908,190770,0.195062116685013,0.0565602558054201,55576.7912669707,35.7755831629711
2021,103,3850,394649,84992,30439,25071543210,394649,14543390,394649,0.215360991666012,0.0771292971729309,63528.7133883527,36.8514553438625
2021,104,2098,207013,41104,16809,12549641210,207013,7551784,207013,0.198557578509562,0.0811977991720327,60622.4788298319,36.4797573099274
2021,105,2223,243277,61009,42514,11249820400,243277,8905563,243277,0.250779975090124,0.174755525594281,46242.8441652931,36.6066788064634
2021,106,1526,161380,33816,5257,17977270560,161380,6785438,161380,0.20954269426199,0.0325752881397943,111397.140661792,42.0463378361631
2021,154,13293,1290136,256354,9903,87631501640,1290136,49435252,1290136,0.198703082465725,0.00767593494019235,67924.23561547,38.3178610627097
2021,155,6988,752246,210025,22671,23295076890,752246,27851966,752246,0.279197230693151,0.0301377474921768,30967.3655825355,37.0250769030344
2021,156,27991,2911169,500629,23755,156476332090,2911169,119063618,2911169,0.171968374216681,0.00815995223911769,53750.342934402,40.8989028118945
2021,157,13040,1261558,193496,6245,75009770420,1261558,52919828,1261558,0.153378600111925,0.00495022820988016,59458.0434827412,41.9479944639882
2021,158,4245,425410,74987,2524,23127790560,425410,17140864,425410,0.176269951341059,0.00593309983310218,54365.8836416633,40.2925742225148
2021,159,22541,2297593,612123,184480,65036677720,2297593,73715505,2297593,0.266419248317696,0.0802927237330546,28306.4397045082,32.0837959551583
2021,163,8306,886802,187589,79974,41416874370,886802,33425206,886802,0.211534254546111,0.0901824759078126,46703.6321185563,37.6918477856387
2021,164,1984,179853,18410,801,9211854850,179853,6657178,179853,0.102361372898979,0.00445363713699521,51218.8000756173,37.0145507720194
2021,165,732,65177,11629,1652,3585775410,65177,2475023,65177,0.178421835923715,0.0253463645150897,55015.962839652,37.9738711508661
2021,166,4009,424620,129798,48691,35113148650,424620,17038604,424620,0.305680373039424,0.11466958692478,82693.1106636522,40.1267109415477
2021,167,2044,204161,21945,58210,14114128480,204161,7851513,204161,0.107488697645486,0.285118117564079,69132.3439834248,38.4574575947414
2021,169,473,44789,7746,4917,3529721250,44789,1775292,44789,0.172944249704168,0.109781419544978,78807.7708812432,39.6367858179464
2021,173,413,39808,6226,1702,3272927800,39808,1631507,39808,0.156400723472669,0.0427552250803859,82217.8406350482,40.9844001205788
2021,174,6806,752868,143190,22438,38571737140,752868,29639113,752868,0.190192703103333,0.0298033652645617,51233.0676028202,39.3682730571627
2021,175,3537,376001,101689,73988,8522084888,376001,11209696,376001,0.270448748806519,0.196776072404063,22665.0591035662,29.8129419868564
2021,176,5463,515758,71201,12210,23389140190,515758,20679939,515758,0.138051179041333,0.0236738935702403,45349.0594232179,40.0962059725685
2021,178,11476,1132256,90188,238385,176052489630,1132256,51378607,1132256,0.0796533646101235,0.21053984257977,155488.237315589,45.3772000325015
2021,183,2111,206382,41586,73980,11606818670,206382,7401091,206382,0.201500130825363,0.358461493734919,56239.4911862469,35.8611264548265
2021,184,616,60478,10818,2162,4781520900,60478,2401197,60478,0.178874962796389,0.0357485366579583,79062.1531796687,39.7036443004068
2021,185,8126,831252,183109,185694,44656833160,831252,31878796,831252,0.220280973760063,0.223390740714007,53722.3768002964,38.3503390067031
2021,186,1335,136514,29501,65727,3831960260,136514,3974352,136514,0.216102377778103,0.481467102275225,28070.0899541439,29.1131459044494
2021,187,2234,236232,47450,59548,16906694870,236232,9608328,236232,0.200861864607674,0.252074232110806,71568.1824223645,40.6732703444072
2021,188,2480,252838,47153,133832,9040630200,252838,9400467,252838,0.186494909784131,0.52931916879583,35756.6117434879,37.179802877732
2021,189,1508,165726,40528,99489,3946654840,165726,5681211,165726,0.244548230211313,0.600322218601789,23814.337158925,34.2807465334347
2021,193,116,13987,6901,4056,426878440,13987,493075,13987,0.493386716236505,0.289983556159291,30519.6568241939,35.2523772074069
2021,194,1405,155942,34367,47809,5609566070,155942,5100592,155942,0.220383219402085,0.30658193430891,35972.1311128497,32.7082633286735
2021,195,2998,307401,83178,51622,17181785550,307401,11827665,307401,0.270584676042043,0.167930488189694,55893.7204173051,38.4763387236867
2021,198,201,20758,3806,3862,1331952100,20758,754959,20758,0.183350997205897,0.186048752288274,64165.7240581944,36.3695442720879
2021,199,2646,292097,89603,42427,10837665190,292097,9297429,292097,0.306757686658884,0.145249694450816,37102.9664460778,31.8299366306398
2021,203,2793,305422,83735,4748,15611084650,305422,11804553,305422,0.274161651747418,0.0155457039767928,51113.1635900492,38.6499760986438
2021,204,1771,185055,33038,10129,9757158660,185055,6015880,185055,0.178530707087082,0.0547350787603685,52725.7229472319,32.5086055497014
2021,205,1754,187588,22858,2696,8015496670,187588,7354086,187588,0.121852144060388,0.0143719214448685,42729.2613066934,39.2033925411007
2021,206,4373,458674,76720,15293,40692863820,458674,18469263,458674,0.167264767569123,0.0333417634311079,88718.4881201027,40.2666447193432
2021,207,4955,568034,101581,11071,25064872980,568034,21943716,568034,0.178829084174539,0.0194900305263417,44125.6561755106,38.6309903984621
2021,208,5101,555210,154792,18669,30485436310,555210,23191997,555210,0.278799012986077,0.0336251148214189,54907.9380954954,41.7715765205958
2021,214,7162,757254,211979,19663,42985836070,757254,30208573,757254,0.279931172367528,0.0259661883595201,56765.4130186173,39.8922594004125
2021,217,1447,147482,32386,10862,8118249510,147482,5858417,147482,0.219592899472478,0.0736496657219186,55045.6971698241,39.7229288997979
2021,218,920,102038,24005,6487,5939243580,102038,4267896,102038,0.235255493051608,0.0635743546521884,58206.1935749427,41.8265352123719
2021,223,799,76684,26492,2933,4101228510,76684,3176174,76684,0.345469719889416,0.0382478743936154,53482.1932867352,41.4189922278441
2021,224,551,57290,16288,358,3260147020,57290,2401356,57290,0.284307907139117,0.00624890905917263,56906.0397975214,41.9157968231803
2021,226,1508,159720,20519,4755,24402309490,159720,6304217,159720,0.128468569997496,0.029770848985725,152781.802466817,39.4704295016279
2021,227,307,34699,6644,172,3452505000,34699,1413894,34699,0.191475258652987,0.00495691518487564,99498.688723018,40.7473990604917
2021,228,947,107354,25248,20632,5775460350,107354,4184330,107354,0.235184529686831,0.19218659761164,53798.2781265719,38.9769361178904
2021,229,21379,2225987,493525,77939,272730845358,2225987,92183641,2225987,0.221710638921072,0.035013232332444,122521.310932184,41.4124794978587
2021,233,868,89266,17783,1553,4286179400,89266,3848907,89266,0.199213586359868,0.0173974413550512,48015.8111711066,43.1172786951359
2021,234,5644,601572,115265,32730,32530751630,601572,23321040,601572,0.191606324762456,0.0544074524745168,54076.2396354884,38.7668309030341
2021,243,32584,3654843,673653,583597,218873914744,3654843,157310480,3654843,0.184317903669186,0.159677720766665,59885.9964009398,43.041651857549
2021,253,4888,540945,93406,111574,36921626880,540945,21953637,540945,0.172671898252133,0.206257567774912,68253.938718354,40.5838615755761
2021,254,8136,889612,102594,468966,55948630280,889612,36208372,889612,0.115324433573288,0.527157907042621,62891.0471981043,40.7013079859534
2021,255,1911,203970,40089,27450,33586503200,203970,9330123,203970,0.196543609354317,0.134578614502133,164663.936853459,45.7426239152817
2021,256,925,103961,20965,9010,8183777400,103961,4291139,103961,0.201662161772203,0.0866671155529478,78719.6871903887,41.2764305845461
2021,258,503,52780,7053,2093,7201737300,52780,2337998,52780,0.133630162940508,0.0396551724137931,136448.224706328,44.2970443349754
2021,274,22551,2479954,505455,184294,188424124832,2479954,101680383,2479954,0.203816280463267,0.0743134751692975,75978.878975981,41.0009149363254
2021,275,23305,2655186,873310,190030,88778374270,2655186,91444758,2655186,0.328907278058863,0.0715693740476185,33435.8400014161,34.4400573067198
2021,276,24660,2827136,931189,69887,44889892688,2827136,80947243,2827136,0.329375382012043,0.0247200700638385,15878.2218782542,28.6322423116539
2021,277,698,78996,14884,38200,1698858510,78996,2332116,78996,0.188414603271052,0.483568788293078,21505.6269937718,29.5219504785052
2021,283,249,27849,9924,7737,622446960,27849,779391,27849,0.356350317785199,0.277819670365184,22350.7831519983,27.9863190778843
2021,303,10047,1071264,136909,35974,60556338760,1071264,43572109,1071264,0.127801363622786,0.033580891358246,56527.9321997192,40.673549190489
2021,313,23646,2344280,324091,113202,96725915378,2344280,87277500,2344280,0.13824756428413,0.0482886003378436,41260.3935442865,37.2299810602829
2021,315,314,31160,4337,3981,960505670,31160,1102897,31160,0.13918485237484,0.127759948652118,30824.9573170732,35.3946405648267
2021,316,1957,214815,62658,2910,7916770256,214815,8120253,214815,0.291683541652119,0.0135465400460862,36853.8987314666,37.8011451714266
2021,317,969,108920,42752,3929,2288469000,108920,3830902,108920,0.392508262945281,0.0360723466764598,21010.5490268087,35.1717040029379
2021,318,1271,142255,25251,16556,5352910260,142255,5268084,142255,0.177505184352044,0.116382552458613,37628.9779621103,37.0326807493586
2021,319,10428,1149335,404597,33749,30793195980,1149335,40297755,1149335,0.352027041724127,0.029363936537215,26792.185028734,35.061800954465
2021,326,761,83053,23643,6683,2922517660,83053,3092075,83053,0.284673642132133,0.0804666899449749,35188.5863243953,37.2301421983553
2021,328,602,69037,17960,1933,3621766730,69037,2691445,69037,0.260150354157915,0.0279994785404928,52461.2415081768,38.9855439836609
2021,329,1340,122513,38113,1532,2473274440,122513,3370687,122513,0.311093516606401,0.0125047954094668,20187.8530441667,27.5128925093664
2021,335,1148,129280,35158,1394,4298104720,129280,4585214,129280,0.271952351485149,0.010782797029703,33246.4783415842,35.4673112623762
2021,336,926,96044,18210,1299,4007988820,96044,3652211,96044,0.189600599725126,0.0135250510182833,41730.7569447337,38.0264358002582
2021,337,10331,1033641,125709,98448,41138610590,1033641,37936157,1033641,0.121617660290178,0.0952438999613986,39799.7085932156,36.7014824295863
2021,338,1439,149093,19967,4965,6847506660,149093,5780190,149093,0.133923121809877,0.033301362236993,45927.7542205201,38.7690233612577
2021,344,3962,431107,66082,16966,16689234880,431107,16709653,431107,0.153284451423892,0.0393544989990884,38712.5119285931,38.7598739987984
2021,346,496,61420,12550,407,2896133000,61420,2603608,61420,0.204330836860957,0.00662650602409639,47152.9306414849,42.3902311950505
2021,347,324,41809,13982,269,1197252620,41809,1520924,41809,0.334425602143079,0.00643402138295582,28636.2414791074,36.377909062642
2021,348,334,34944,9386,965,1040299850,34944,1261938,34944,0.26860119047619,0.0276156135531136,29770.4856341575,36.1131524725275
2021,354,1083,111800,13972,208,5791187000,111800,4530060,111800,0.124973166368515,0.00186046511627907,51799.5259391771,40.5193202146691
2021,355,3190,330621,43657,5265,17561594910,330621,14239967,330621,0.132045453858043,0.0159245782935748,53116.9977406154,43.0703645563954
2021,356,557,65220,18934,1029,2081687930,65220,2377759,65220,0.290309720944496,0.0157773689052438,31917.9382091383,36.457513032812
2021,357,4897,610214,217621,114267,15607192220,610214,20745227,610214,0.356630624666101,0.187257257290065,25576.5882460907,33.9966421616023
2021,359,2383,263087,63021,10129,11307043630,263087,10846145,263087,0.239544333243376,0.0385005720541114,42978.3441599167,41.2264574076256
2021,364,5341,604739,160096,11604,20938545060,604739,23792282,604739,0.264735695895254,0.019188443278836,34624.102397894,39.3430587410437
2021,365,15166,1754914,613362,18776,44704901756,1754914,60838329,1754914,0.349511144135838,0.0106990997849467,25474.1267982363,34.6674133319354
2021,366,180,20545,3319,108,952658800,20545,839227,20545,0.161547821854466,0.00525675346799708,46369.3745436846,40.8482355804332
2021,368,623,67874,13352,752,2776380040,67874,2759249,67874,0.19671744703421,0.0110793529186434,40904.9126322303,40.6525179008162
2021,373,5065,550585,89311,13816,34639969090,550585,23693578,550585,0.162211102736181,0.0250933098431668,62914.8434664947,43.0334607735409
2021,375,4943,566223,87687,14077,30750790350,566223,23201153,566223,0.154863013335735,0.0248612295862231,54308.6210733227,40.9752924201242
2021,376,25409,2977792,886502,56314,108067068890,2977792,110115020,2977792,0.297704473650275,0.0189113275876891,36291.006520939,36.9787480119498
2021,377,790,84596,10461,44,3930512860,84596,3315248,84596,0.123658328999007,0.000520119154569956,46462.1596765805,39.1891815215849
2021,378,985,120038,23308,1821,4815963680,120038,4759785,120038,0.194171845582232,0.0151701961045669,40120.3258967993,39.6523184324964
2021,379,10688,1118624,256506,37277,36639264578,1118624,39075041,1118624,0.229304931773322,0.0333239765998226,32753.8695558114,34.9313451168579
2021,383,2257,240195,102593,3841,6693213200,240195,8775227,240195,0.427123795249693,0.0159911738379234,27865.7474135598,36.5337621515852
2021,384,107,9064,1542,2219,297629880,9064,304783,9064,0.170123565754634,0.244814651368049,32836.4827890556,33.6256619593998
2021,385,2438,267002,68952,7929,8678708850,267002,9825090,267002,0.258245256589838,0.0296964067684886,32504.2840503067,36.7978142485824
2021,386,282,30049,9621,202,1784668400,30049,1201684,30049,0.320177044161203,0.00672235348930081,59391.9398316084,39.9908150021631
2021,389,9013,965479,206639,33433,46672832680,965479,37867162,965479,0.214027441301157,0.0346284072465584,48341.6342354417,39.2211140791255
2021,405,9230,1128354,155554,325721,17854670040,1128354,36343944,1128354,0.137859217940469,0.288669158792365,15823.6422612053,32.2097001472942
2021,415,614,69931,8511,995,4737144200,69931,2988553,69931,0.121705681314439,0.0142283107634668,67740.2611145272,42.7357395146645
2021,417,3795,406540,73514,1520,30987881940,406540,21612240,406540,0.180828454764599,0.00373886948393762,76223.4514192945,53.1614109312737
2021,418,10214,1143937,190073,10296,86751153120,1143937,49155823,1143937,0.166156877520353,0.00900049565666641,75835.6038138464,42.9707431440718
2021,423,4041,444964,98403,1093,24909515680,444964,19363764,444964,0.221148227721793,0.00245637849354105,55980.968527791,43.5175969291898
2021,425,307,32617,5829,713,871696820,32617,1031567,32617,0.178710488395622,0.0218597663794954,26725.2297881473,31.6266670754515
2021,426,7192,859568,251724,15849,32807311290,859568,33144457,859568,0.292849431342256,0.0184383318131899,38167.208749046,38.559435670011
2021,427,1835,183645,45321,1745,2713050710,183645,4907204,183645,0.246785918484032,0.0095020283699529,14773.3437338343,26.7211413324621
2021,434,2934,365628,145281,12681,8752581290,365628,11848217,365628,0.397346483310906,0.0346827923463192,23938.4874517269,32.4051139409454
2021,435,14252,1674760,711392,46113,27423756710,1674760,48216269,1674760,0.424772504717094,0.0275340944374119,16374.7382968306,28.7899573670257
2021,436,23759,2832113,757215,137705,64518914540,2832113,101164248,2832113,0.267367509700354,0.0486227067917135,22781.193596442,35.7204136981822
2021,439,7389,828956,331457,12584,10086316180,828956,21779942,828956,0.399848725384701,0.0151805403423101,12167.492822297,26.2739421633959
2021,443,3576,403911,105880,7304,5902696430,403911,11365928,403911,0.262136955913555,0.0180831915941878,14613.8541163771,28.1396842373691
2021,444,9316,1076666,291035,19346,16712206420,1076666,31886279,1076666,0.270311312886262,0.0179684321785958,15522.1827567695,29.6157573472182
2021,445,2634,289292,96005,17559,9227210130,289292,10143677,289292,0.331861924975457,0.0606964589411391,31895.8357991234,35.0638005890242
2021,446,9123,1081452,357590,30241,34680173280,1081452,40085671,1081452,0.330657301479862,0.027963330781209,32068.1576990934,37.066528149192
2021,447,26466,3145458,739370,171314,79208282930,3145458,112156470,3145458,0.235059568431688,0.054463928623431,25181.796396582,35.6566420533989
2021,448,1801,210243,20780,71096,8207397650,210243,8353827,210243,0.0988380112536446,0.338161080273778,39037.6737869989,39.7341504830125
2021,453,18318,2093417,342284,188208,54841261950,2093417,73751629,2093417,0.163504929978117,0.0899046869305064,26197.0080256346,35.2302618159688
2021,454,612,71000,19327,5763,2421565900,71000,3077146,71000,0.272211267605634,0.081169014084507,34106.561971831,43.3400845070423
2021,455,791,89601,21438,9003,3450619920,89601,3794531,89601,0.239260722536579,0.100478789299227,38510.9532259685,42.3492036919231
2021,456,423,53071,7642,5425,2052520600,53071,2072332,53071,0.143995779239132,0.10222155226018,38674.9938761282,39.0482937951047
2021,457,763,98342,25077,49514,1806212500,98342,3632643,98342,0.254997864594985,0.503487828191414,18366.6439568038,36.9388765735901
2021,458,9024,1044348,223387,486176,17871328170,1044348,35566411,1044348,0.213900921914917,0.465530646872499,17112.4262889382,34.0560914561047
2021,459,2728,282391,85855,13146,6005359820,282391,8485052,282391,0.304028811116502,0.0465524751142919,21266.1162005871,30.0471757244388
2021,461,575,52529,22611,7071,723334790,52529,1440880,52529,0.430447943040987,0.134611357535837,13770.1991281007,27.4301814235946
2021,462,201,20809,7111,290,234653620,20809,469667,20809,0.341727137296362,0.0139362775722043,11276.5447642847,22.5703782017396
2021,463,1402,153836,24712,2434,7156802770,153836,5605968,153836,0.160638602147742,0.0158220442549208,46522.2884760394,36.4411971190099
2021,464,548,65812,16246,1867,1954654452,65812,2387287,65812,0.246854676958609,0.0283686865617213,29700.5781924269,36.2743420652769
2021,465,3837,414327,87309,8342,19128141500,414327,16011821,414327,0.210724862246486,0.0201338556261117,46166.7752765328,38.6453718922494
2021,468,8781,938833,335290,273733,12764423320,938833,29870329,938833,0.35713486850164,0.291567296846191,13596.0530999656,31.8164455233252
2021,469,5082,566672,141110,116104,8574576802,566672,15114113,566672,0.24901530338538,0.204887483411921,15131.4637074004,26.6717130897592
2021,473,6210,471184,63329,341342,13883552080,471184,23900278,471184,0.134403969574519,0.724434615776427,29465.2451696153,50.7238743251044
2021,479,7173,723928,183744,63926,18997317740,723928,29863921,723928,0.253815296548828,0.088304361759733,26241.998845189,41.2526121382237
2021,485,1251,142683,16943,66427,5390391430,142683,6268858,142683,0.118745751070555,0.465556513389822,37778.7923578843,43.9355634518478
2021,486,10076,1210129,267172,331718,27247948906,1210129,46237226,1210129,0.220779768107367,0.274117883300045,22516.5655116107,38.2085100018263
2021,487,2654,280973,103515,71395,5169350610,280973,9273832,280973,0.368416182337805,0.254099148316742,18398.0332985732,33.0061322618188
2021,488,390,46675,9849,814,1123098070,46675,1863605,46675,0.211012319228709,0.017439742903053,24062.0904124264,39.927262988752
2021,489,109,9468,1453,0,494380400,9468,423526,9468,0.153464300802704,0,52215.9273341783,44.7323616392058
2021,496,1071,102902,21921,18730,3894133344,102902,4511972,102902,0.213027929486307,0.18201784221881,37843.125925638,43.8472721618627
2021,498,340,34609,8052,19870,1117559260,34609,1607747,34609,0.232656245485278,0.574128116963796,32291.001184663,46.4545927359935
2021,503,2058,216756,19027,5140,14915873960,216756,9676235,216756,0.0877807304065401,0.0237132997471812,68814.1226079094,44.6411402683201
2021,505,7070,797635,206604,121532,32331428540,797635,33516966,797635,0.259020730033161,0.152365430303334,40534.1146514383,42.0204303973622
2021,507,2740,300084,71221,23246,14955873680,300084,12969910,300084,0.237336879007211,0.0774649764732542,49838.9573586063,43.220931472521
2021,508,1371,148586,28530,4904,9807747100,148586,6245197,148586,0.192010014402434,0.0330044553322655,66007.2086199238,42.0308575505095
2021,509,432,44963,7888,8834,1503951200,44963,1796186,44963,0.175433133910104,0.196472655294353,33448.639992883,39.9480906523141
2021,514,1210,134975,26465,27441,5250610960,134975,5589473,134975,0.196073346916096,0.203304315614003,38900.618336729,41.4111724393406
2021,516,2819,297222,72331,21885,14822417500,297222,12799846,297222,0.243356817463041,0.0736318307527707,49869.853173722,43.0649346279885
2021,518,3582,359490,53925,11456,20826220770,359490,15713945,359490,0.150004172577819,0.0318673676597402,57932.6845531169,43.7117722328855
2021,519,204,21329,4209,611,1199830800,21329,910001,21329,0.197336959069811,0.0286464438088987,56253.4952412209,42.6649631956491
2021,523,539,61148,10562,5578,3085667840,61148,2533651,61148,0.172728462091974,0.0912212991430627,50462.2856021456,41.4347321253353
2021,525,1328,140192,30142,12270,6735245510,140192,5508684,140192,0.215005135813741,0.0875228258388496,48043.0089448756,39.2938541428898
2021,526,303,32059,5391,12078,1095097380,32059,1294213,32059,0.168158707383262,0.37674288031442,34158.8128138744,40.3697245703235
2021,527,2322,264918,51281,12793,15328146370,264918,11110391,264918,0.193573105640236,0.048290414392378,57859.9656120007,41.9389811186858
2021,533,124,12470,1622,136,850950200,12470,515540,12470,0.130072173215718,0.010906174819567,68239.7914995991,41.3424218123496
2021,534,3669,416989,105196,55741,20466483450,416989,17214878,416989,0.252275239874433,0.133674989028488,49081.590761387,41.2837700754696
2021,535,956,94671,13364,25148,4653426140,94671,3779698,94671,0.141162552418375,0.265635727942031,49153.6599381014,39.9245597912772
2021,536,223,25551,3529,4630,1092662200,25551,1037028,25551,0.13811592501272,0.181206215020939,42763.9700990177,40.5865915228367
2021,539,234,23474,3702,1341,1284195300,23474,967548,23474,0.157706398568629,0.0571270341654597,54707.1355542302,41.2178580557212
2021,543,287,32069,5033,2127,2872583300,32069,1335268,32069,0.156942841996944,0.0663257351336181,89575.0818547507,41.6373444759737
2021,544,543,54141,7004,1404,3684141870,54141,2494368,54141,0.129365914925842,0.0259322879148889,68047.1707208955,46.0717016678672
2021,549,8418,916027,156428,62543,42868991650,916027,37900107,916027,0.170767892212784,0.0682763717663344,46798.8297834016,41.374443111393
2021,558,5424,607664,77549,96894,38433759790,607664,27373117,607664,0.127618223228626,0.159453250480529,63248.3737558914,45.0464681139577
2021,563,2080,253869,48800,74195,8424957360,253869,10427683,253869,0.192225123981266,0.292257030200615,33186.2392021082,41.0750544572201
2021,567,9383,1101835,214429,325603,37810785210,1101835,44733759,1101835,0.194610808333371,0.295509763258564,34316.1954466867,40.5993265779359
2021,573,1002,129895,27623,26680,4023701900,129895,5237053,129895,0.212656376303938,0.205396666538358,30976.572616344,40.3175872820355
2021,575,8441,940941,222839,98221,52120642150,940941,39632731,940941,0.236825688326898,0.1043859285545,55392.0406805528,42.1203146637249
2021,577,1359,147176,34441,2734,11792799300,147176,6524112,147176,0.23401233896831,0.018576398325814,80127.1898950916,44.3286405392184
2021,579,3982,509783,89017,165312,13936556270,509783,20014797,509783,0.17461743526167,0.324279154071438,27338.2130632053,39.2614053430577
2021,584,167,20234,3044,3522,662889600,20234,760882,20234,0.150439853711575,0.174063457546704,32761.1742611446,37.6041316595829
2021,585,5266,592481,124500,85460,29646177100,592481,25178437,592481,0.21013332073096,0.14424091236681,50037.3465140654,42.4966150813275
2021,588,458,56858,13375,6235,2425751200,56858,2447957,56858,0.235235147208836,0.109659150867072,42663.3226634774,43.0538710471701
2021,589,366,42653,8595,4188,2035657600,42653,1745813,42653,0.201509858626591,0.0981877007478958,47726.0122382951,40.9306027712002
2021,593,546,67261,13657,4031,3228717700,67261,2884102,67261,0.203044855116635,0.0599307176521313,48002.8203565216,42.8792613847549
2021,595,1522,201454,54706,41611,6831501870,201454,8228693,201454,0.271555789410982,0.206553357093927,33910.976550478,40.8465108660042
2021,596,1083,120779,27158,10812,5644832800,120779,4934647,120779,0.224856970168655,0.0895188733140695,46736.8731319186,40.8568294157097
2021,597,838,88711,16294,4754,4579035300,88711,3728659,88711,0.183675079753356,0.0535897464801434,51617.446539888,42.0315293481079
2021,598,277,27695,6006,1762,1597267400,27695,1311093,27695,0.216862249503521,0.0636215923451887,57673.4934103629,47.3404224589276
2021,599,727,93913,31035,14716,3417808670,93913,3906355,93913,0.330465430771033,0.156698220693621,36393.3499089583,41.5954660164195
2021,614,196,23608,4906,2593,1612039300,23608,1309693,23608,0.207810911555405,0.109835648932565,68283.6030159268,55.4766604540834
2021,615,70,7434,1366,171,459370900,7434,361815,7434,0.183750336292709,0.0230024213075061,61793.2337906914,48.6702986279258
2021,616,412,41887,8966,848,3009179600,41887,2212178,41887,0.214052092534677,0.0202449447322558,71840.4182681978,52.812996872538
2021,617,440,49684,11519,1467,2639706400,49684,2525232,49684,0.231845262056195,0.0295266081635939,53129.9090250383,50.8258594316078
2021,628,6867,719975,90134,21115,45478696390,719975,32213565,719975,0.125190458002014,0.0293274072016389,63167.0493975485,44.7426160630577
2021,634,491,48923,6881,2196,2940511720,48923,2128395,48923,0.14064959221634,0.0448868630296589,60104.8938127261,43.5049976493674
2021,637,3256,332462,56841,13741,17156853770,332462,14262041,332462,0.170969915358748,0.0413310393368265,51605.4579771523,42.8982590491545
2021,643,149,16195,3475,639,954602800,16195,783134,16195,0.214572398888546,0.0394566224143254,58944.2914479778,48.356529793146
2021,649,68,7344,754,1812,261348100,7344,320181,7344,0.102668845315904,0.246732026143791,35586.6149237473,43.5976307189543
2021,657,443,48870,9946,11680,1636191600,48870,1975050,48870,0.203519541641089,0.239001432371598,33480.4910988336,40.414364640884
2021,658,122,12253,1513,3531,339674720,12253,464750,12253,0.123479964090427,0.288174324655187,27721.7595690851,37.9294866563291
2021,666,427,44079,5193,14869,929576620,44079,1512733,44079,0.117811202613489,0.337326164386669,21088.8772431317,34.3186778284444
2021,668,202,21739,3372,9269,525610900,21739,812067,21739,0.155112930677584,0.42637655825935,24178.2464694788,37.3553061318368
2021,669,88,9775,1931,2568,310735460,9775,367291,9775,0.197544757033248,0.262710997442455,31788.7938618926,37.57452685422
2021,675,252,27376,6694,5787,1037341900,27376,1095500,27376,0.244520748100526,0.211389538281707,37892.3838398597,40.0168030391584
2021,677,625,67791,15904,5079,2801744490,67791,2580926,67791,0.234603413432462,0.0749214497499668,41329.151214763,38.07180894219
2021,678,8038,884619,322523,20127,30232482344,884619,32400405,884619,0.36458972732894,0.0227521678824443,34175.7099316203,36.6263950921244
2021,679,117,12640,2041,709,471971040,12640,488518,12640,0.161471518987342,0.0560917721518987,37339.4810126582,38.6485759493671
2021,686,2000,234381,56355,6746,7869843140,234381,9453485,234381,0.240441844688776,0.0287821965091027,33577.1378226051,40.3338367871116
2021,687,1803,210972,57636,25016,5021903260,210972,7433875,210972,0.2731926511575,0.118574976774169,23803.6481618414,35.2363109796561
2021,688,799,93963,25349,2802,2759663640,93963,3491673,93963,0.269776401349467,0.0298202483956451,29369.6842374126,37.1600842884965
2021,694,961,95450,12972,1568,5424627720,95450,4048453,95450,0.135903614457831,0.0164274489261393,56832.1395495024,42.4143844944997
2021,695,453,43326,5289,251,4466174300,43326,1949455,43326,0.122074504916217,0.00579328809490837,103083.005585561,44.9950376217514
2021,696,841,91952,9650,1731,6485765880,91952,3948153,91952,0.104946058813294,0.0188250391508613,70534.2556986254,42.9371084913868
2021,699,392,38929,4471,782,2691391400,38929,1744172,38929,0.114850111741889,0.0200878522438285,69135.8986873539,44.8039250944026
2021,703,105,11311,3143,291,483389800,11311,471046,11311,0.277871098930245,0.025727168243303,42736.2567412254,41.6449473963398
2021,706,624,66424,13253,1074,2511786660,66424,2789793,66424,0.199521257376852,0.0161688546308563,37814.4444778996,41.9997741780079
2021,709,327,35499,8519,1211,1306006800,35499,1496898,35499,0.239978590946224,0.0341136370038593,36789.9602805713,42.1673286571453
2021,719,342,34447,6186,1037,1522996600,34447,1473418,34447,0.179580224693007,0.0301042180741429,44212.7500217726,42.7734780967864
2021,726,3371,383487,78913,8008,15408027890,383487,16361285,383487,0.205777510059011,0.0208820637987728,40178.7489276038,42.6645101398483
2021,727,275,26544,4462,1917,1021587330,26544,1103100,26544,0.168098251959011,0.0722197106690778,38486.5630650995,41.5574141048825
2021,729,174,15999,4422,919,503266620,15999,661187,15999,0.276392274517157,0.0574410900681293,31456.1297581099,41.3267704231514
2021,733,285,26898,4845,10567,763986650,26898,1001608,26898,0.180124916350658,0.392854487322478,28403.1024611495,37.2372667112797
2021,736,1463,160038,24304,13263,6185323680,160038,6409476,160038,0.151863932316075,0.0828740674089904,38649.0938402129,40.0497131931166
2021,738,219,24620,5463,1559,661800720,24620,1003373,24620,0.221892770105605,0.0633225020308692,26880.6141348497,40.754386677498
2021,744,1079,116130,14455,15713,2804928470,116130,4394740,116130,0.124472573839662,0.135305261345044,24153.3494359769,37.8432790837854
2021,747,198,22674,3231,626,559804800,22674,798601,22674,0.142498015347976,0.0276087148275558,24689.2828790685,35.2210020287554
2021,748,1034,117761,13085,11003,2520493780,117761,4077883,117761,0.111114885233651,0.0934350081945636,21403.4678713666,34.6284678289077
2021,749,130,15874,2755,1698,590841260,15874,664712,15874,0.173554239637143,0.106967368023183,37220.6916971148,41.8742597958927
2021,753,99,10819,2445,66,444147680,10819,435496,10819,0.225991311581477,0.00610037896293558,41052.5630834643,40.252888437009
2021,754,2024,247377,55019,3369,8272512630,247377,10069855,247377,0.222409520691091,0.0136188893874532,33440.9125747341,40.7065127315797
2021,755,539,55553,13471,2289,2247192010,55553,2327501,55553,0.242489154501107,0.0412038953791874,40451.3169405793,41.8969452594819
2021,756,703,74056,16009,2728,3247731080,74056,3075206,74056,0.21617424651615,0.0368369882251269,43855.070217133,41.525413200821
2021,757,688,71375,12661,2785,3869051790,71375,3023307,71375,0.17738704028021,0.0390192644483363,54207.3805954466,42.3580665499124
2021,759,1215,143468,31957,12383,5853682830,143468,5956528,143468,0.222746535812864,0.0863119301865224,40801.3133939276,41.5181643293278
2021,763,89,11568,4095,1140,371470620,11568,455764,11568,0.35399377593361,0.0985477178423237,32111.9139004149,39.3986860304288
2021,765,201,20929,3661,120,876116900,20929,856133,20929,0.17492474556835,0.00573367098284677,41861.3837259305,40.9065411629796
2021,766,256,26233,5446,746,1237469980,26233,1125989,26233,0.207601113101818,0.02843746426257,47172.2631799642,42.9226165516716
2021,769,618,65420,13449,2741,2081221970,65420,2465522,65420,0.205579333537145,0.0418985019871599,31813.2370834607,37.6875878936105
2021,774,289,31835,6920,2345,2037596320,31835,1274319,31835,0.217370818281765,0.0736610648657138,64004.9103188315,40.0288675985551
2021,779,12860,1424630,321417,37092,55584221090,1424630,58785215,1424630,0.22561437004696,0.0260362339695219,39016.6015667226,41.2634964868071
2021,783,5007,550426,141102,40387,24416800400,550426,23518411,550426,0.256350535766842,0.0733740775326747,44359.8238455306,42.7276527634959
2021,785,9460,1046769,247391,25740,36673474860,1046769,42464317,1046769,0.236337721120897,0.0245899525110125,35034.9263877704,40.5670372355314
2021,799,7392,807210,175151,20003,37419190150,807210,33782461,807210,0.216983189009056,0.0247804164963269,46356.2024132506,41.8508950582872
2021,803,2477,279683,46284,9045,14959204200,279683,12210435,279683,0.165487355327281,0.0323401851381743,53486.2833994201,43.658123661431
2021,804,34903,4069803,740662,472733,169769924226,4069803,179981650,4069803,0.181989644216194,0.116156236554939,41714.5312011417,44.2236761828521
2021,808,3530,382751,22090,6346,12892350240,382751,13486551,382751,0.0577137616884084,0.0165799697453436,33683.3874764534,35.2358347855394
2021,809,3667,472821,70468,174899,10698121310,472821,17779552,472821,0.149037373551513,0.369905313004287,22626.155162313,37.6031352245353
2021,813,413,53550,19564,266,1221193610,53550,1765671,53550,0.365340802987862,0.00496732026143791,22804.7359477124,32.972380952381
2021,823,357,38720,5193,337,2850855900,38720,1830209,38720,0.13411673553719,0.00870351239669422,73627.4767561984,47.2677944214876
2021,824,518,55707,4994,647,4358750900,55707,2593305,55707,0.0896476205862818,0.0116143393110381,78244.2224496024,46.5525876460768
2021,829,627,65925,14602,6875,4712166640,65925,3419314,65925,0.221494122108457,0.104285172544558,71477.6888888889,51.8667273416762
2021,844,3480,362519,74104,23315,19408601390,362519,16187345,362519,0.204414113467156,0.0643138704454111,53538.1632135143,44.6524044256991
2021,848,767,83922,12899,5227,4985401900,83922,3931825,83922,0.153702247324897,0.0622840256428589,59405.1845761541,46.8509449250495
2021,859,211,22413,5023,2757,1452754100,22413,1099110,22413,0.224111007004863,0.123008968009637,64817.4764645518,49.0389506090216
2021,865,197,23020,4842,1040,715317730,23020,821141,23020,0.210338835794961,0.0451781059947872,31073.7502172024,35.670764552563
2021,866,357,43361,14780,2981,1306677400,43361,1675057,43361,0.340859297525426,0.0687484144738359,30134.8539009709,38.630497451627
2021,869,14745,1815901,421528,373033,59159975000,1815901,72206473,1815901,0.232131597482462,0.205425846453083,32578.8547943968,39.7634413990631
2021,874,561,62311,17853,3604,1393103810,62311,2150142,62311,0.286514419604885,0.0578389048482611,22357.2693424917,34.5066200189373
2021,875,794,95997,19685,9495,3434578820,95997,3725477,95997,0.20505849141119,0.0989093409169037,35777.9807702324,38.8082648416096
2021,878,251,26819,6944,1187,737666740,26819,988513,26819,0.258920914277192,0.0442596666542377,27505.378276595,36.8586822774898
2021,883,368,40403,7858,246,2125243600,40403,1604577,40403,0.194490508130584,0.00608865678291216,52601.1335791897,39.7143033933124
2021,885,853,102771,42207,2224,2647041290,102771,3744988,102771,0.410689786029133,0.0216403460120073,25756.6948847438,36.4401241595392
2021,887,2942,356794,104059,33932,8139016970,356794,12791008,356794,0.291650083801858,0.0951024961182083,22811.5298183265,35.8498405242241
2021,888,4146,520239,149986,8799,12470157520,520239,19307945,520239,0.288302107300683,0.0169133801964097,23970.0551477302,37.1136054774825
2021,889,21671,2508623,790620,60321,72612193326,2508623,92992858,2508623,0.315160946862083,0.0240454623911205,28945.0400980937,37.0692838262266
2021,905,12966,1331488,659244,0,68445034280,1331488,62110042,1331488,0.495118243649211,0,51404.9201194453,46.6470910740465
2022,4,14939,1431282,52814,373010,272063862820,1431282,67074311,1431282,0.0368997863453883,0.260612513816285,190084.038519313,46.8630996547152
2022,7,13873,1407121,161737,39303,163920647512,1407121,61276387,1407121,0.114941785390169,0.0279314998496931,116493.64021431,43.5473473851929
2022,8,3786,384555,37208,7747,40355805900,384555,16694815,384555,0.0967559906905384,0.0201453628219631,104941.571166673,43.4133348935783
2022,13,15005,1546958,278790,80994,171686508600,1546958,66187496,1546958,0.180218208897721,0.0523569482817245,110983.303101959,42.7855804747123
2022,14,10079,982294,82260,28809,77639415480,982294,42328462,982294,0.0837427491158452,0.0293282866433064,79038.877851234,43.0914390192753
2022,15,7464,770164,71846,28298,68896403890,770164,33172397,770164,0.0932866246669541,0.0367428236064007,89456.7960720054,43.0718613178492
2022,17,9216,1074599,265719,207123,53612473500,1074599,46903437,1074599,0.247272703585244,0.192744456304166,49890.6787555172,43.6473856759591
2022,18,5034,542360,67054,121777,36229678120,542360,21799583,542360,0.123633748801534,0.224531676377314,66800.055535069,40.1939357622244
2022,19,372,34992,7281,6461,2053154200,34992,1598165,34992,0.208076131687243,0.184642203932327,58674.9599908551,45.67229652492
2022,21,6724,696528,135349,32154,45348891400,696528,28301528,696528,0.194319539200147,0.0461632554613741,65107.0615969494,40.6322904463281
2022,22,88625,9101425,986875,1232646,921043399064,9101425,399973392,9101425,0.108430822645904,0.135434396262124,101197.713442016,43.9462383088363
2022,23,16722,1675877,316697,125976,148449335600,1675877,70026793,1675877,0.188973892475402,0.0751701944713126,88580.0900662758,41.7851626342506
2022,24,1281,135965,26643,2509,11556402600,135965,5640318,135965,0.195954841319457,0.0184532784172397,84995.4223513404,41.4836023976759
2022,25,13592,1419247,270851,133278,167041274170,1419247,60541906,1419247,0.190841340513667,0.0939075439299854,117697.112743589,42.6577657025169
2022,26,9633,980863,171725,195215,100239544204,980863,40866367,980863,0.175075418279617,0.199023716869736,102195.254795012,41.6636849386714
2022,27,11783,1273493,270394,34071,95939346640,1273493,52358204,1273493,0.212324684941339,0.026753975090558,75335.5900974721,41.1138530011551
2022,28,121,10687,2101,1255,678366000,10687,469751,10687,0.196593992701413,0.117432394497988,63475.8117338823,43.9553663329279
2022,29,1970,217275,52499,12677,11102124000,217275,8367722,217275,0.241624669198021,0.0583454147969164,51097.1073524336,38.512125186975
2022,33,5011,504822,64543,12621,40186404720,504822,21190132,504822,0.127852985804898,0.0250008914033065,79605.0978760831,41.9754527338349
2022,34,424,48328,13483,12440,3961342220,48328,1993334,48328,0.278989405727529,0.257407713954643,81967.8492799205,41.2459443800695
2022,35,1033,102398,12922,14781,6113355000,102398,4242444,102398,0.126193870974042,0.144348522432079,59701.8984745796,41.430926385281
2022,36,3422,349767,42607,4415,30874358900,349767,14685257,349767,0.12181537995294,0.0126226888185564,88271.2174104475,41.98582770816
2022,37,4735,481426,89811,29499,38538153670,481426,19546137,481426,0.186552034996033,0.0612742145210271,80050.004922875,40.6005014270106
2022,43,2415,234520,31614,45307,22333003750,234520,10041519,234520,0.134803001876173,0.193190346239127,95228.5679259765,42.8173247484223
2022,44,1643,165010,40740,968,19039449700,165010,6914611,165010,0.246894127628629,0.00586631113265863,115383.611296285,41.9041936852312
2022,45,506,51420,15230,1013,4949241800,51420,2214808,51420,0.296188253597822,0.0197005056398289,96251.2991054065,43.0728899260988
2022,47,265,27888,5798,1457,3992598600,27888,1340604,27888,0.207903040734366,0.0522446930579461,143165.469018933,48.0709982788296
2022,48,844,88526,23339,922,10233188100,88526,3813059,88526,0.263640060547184,0.010415019316359,115595.283871405,43.0727582857014
2022,53,4562,459405,121056,26494,46354107000,459405,19522349,459405,0.263506056747314,0.0576702473852048,100900.310183825,42.4948553019667
2022,55,3124,315532,62772,7700,37805276280,315532,13405356,315532,0.198940202578502,0.0244032301002751,119814.396891599,42.4849333823511
2022,56,2814,286035,69960,3514,26867030800,286035,12274793,286035,0.244585452829199,0.0122852098519412,93929.1723040887,42.9136049784117
2022,57,3297,347092,90162,7924,33613031740,347092,14937987,347092,0.259763981883766,0.0228296820439538,96841.8509789912,43.0375433602618
2022,59,6917,689034,148327,16213,79692263940,689034,29308362,689034,0.215268041925362,0.0235300435101896,115657.95583382,42.5354365677165
2022,64,28139,2940317,557200,120962,247419078254,2940317,119990755,2940317,0.189503376676732,0.0411391016682895,84147.0760649277,40.8087818422299
2022,65,3490,372079,70479,6690,29689160540,372079,15634460,372079,0.189419451245569,0.0179800526232332,79792.6261358475,42.0191948484059
2022,66,436,44546,13073,547,7082622700,44546,1908851,44546,0.293471916670408,0.0122794414762268,158995.705562789,42.8512324338886
2022,68,4174,433037,122917,6702,41520944280,433037,17748500,433037,0.283848724242963,0.015476737553604,95883.1330348215,40.9861051134199
2022,69,184,16793,3423,1310,1878918100,16793,705432,16793,0.203834931221342,0.0780086940987316,111886.982671351,42.0075031263026
2022,73,991,100075,24690,1074,8837821550,100075,4207971,100075,0.246714963777167,0.0107319510367225,88311.9815138646,42.0481738695978
2022,74,136,15339,3810,705,1255004700,15339,647892,15339,0.248386465871308,0.0459612751809114,81817.8955603364,42.2382163113632
2022,75,887,84906,17576,3654,7302267500,84906,3525277,84906,0.207005394200645,0.0430358278566886,86004.1398723294,41.519763032059
2022,76,3896,379645,87511,4130,36619345950,379645,15710840,379645,0.230507447747238,0.01087858394026,96456.8108364393,41.3829762014514
2022,77,371,33715,7490,2041,3159380300,33715,1489420,33715,0.222156310247664,0.0605368530327747,93708.4472786594,44.1767759157645
2022,78,1016,92713,20908,1440,7065313000,92713,3789745,92713,0.225513142709221,0.0155318024441017,76206.2817512107,40.8760907316126
2022,79,344,30015,6867,1989,1921800800,30015,1247344,30015,0.228785607196402,0.0662668665667166,64028.0126603365,41.5573546560053
2022,83,1648,159049,32536,1496,15690268500,159049,6710724,159049,0.20456588849977,0.0094059063559029,98650.5322259178,42.1928085055549
2022,84,9149,875928,68050,123107,222856126410,875928,44875010,875928,0.077689033801865,0.140544656638445,254422.882257446,51.2313911645706
2022,85,1578,155418,11556,78181,26753089300,155418,5966680,155418,0.074354321893217,0.50303697126459,172136.363226911,38.3911773411059
2022,86,1072,93107,10514,23893,10737296620,93107,4156264,93107,0.112923840312758,0.256618728989227,115322.119926536,44.6396511540486
2022,87,439,40299,4225,13811,4393100100,40299,1527107,40299,0.104841311198789,0.34271321869029,109012.633067818,37.8944142534554
2022,88,132,13210,499,5288,2240880600,13210,593017,13210,0.03777441332324,0.400302800908403,169635.170325511,44.8915215745647
2022,89,930,93061,8898,58928,5871459420,93061,3452173,93061,0.0956147043337166,0.633219071361795,63092.5889470347,37.0958081258529
2022,95,35949,3670585,648167,55686,283996224540,3670585,140376393,3670585,0.176584113976383,0.0151708787563835,77370.8344964086,38.2436023140726
2022,96,3578,357257,67105,10876,38691567150,357257,13507782,357257,0.187833968263743,0.0304430703947019,108301.774772783,37.8097056180845
2022,97,998,102688,18206,8765,5506614200,102688,3826958,102688,0.177294328451231,0.0853556403864132,53624.7098005609,37.2678209722655
2022,98,1155,114268,14467,1260,8175344060,114268,4361188,114268,0.126605873910456,0.0110267091399167,71545.3500542584,38.1663107781706
2022,99,2098,211480,52161,14937,12232861720,211480,7763769,211480,0.246647437109892,0.07063079250993,57844.0595801022,36.7115992055986
2022,103,4128,408489,94086,30877,25914984990,408489,15076943,408489,0.230326887627329,0.0755883267358485,63441.0840683593,36.9090550785945
2022,104,2322,218047,47204,17690,14114015050,218047,8026623,218047,0.216485436626049,0.0811292978119396,64729.2329176737,36.8114351493027
2022,105,2577,269534,68370,50357,12971214930,269534,9882622,269534,0.253660020628195,0.186829861909815,48124.5962661483,36.6655857888059
2022,106,1624,159029,33851,4828,19481596240,159029,6649935,159029,0.212860547447321,0.0303592426538556,122503.419124814,41.8158637732741
2022,154,13503,1273587,257730,10306,86556786380,1273587,48459635,1273587,0.202365444999046,0.00809210521150106,67962.994581446,38.0497249108227
2022,155,7705,798385,230234,22884,25800093960,798385,29464024,798385,0.288374656337481,0.0286628631549941,32315.3540710309,36.9045310220007
2022,156,30685,3038636,530921,26354,166723091200,3038636,122933934,3038636,0.174723461447834,0.0086729703722328,54867.7403940452,40.4569464720355
2022,157,13432,1263892,194168,8042,76888019800,1263892,52659678,1263892,0.153627050412535,0.00636288543641387,60834.3274583588,41.6646976165685
2022,158,4126,394123,71581,2272,21602425140,394123,15799595,394123,0.181620966043596,0.00576469782276092,54811.3790364937,40.0879801483293
2022,159,24060,2353202,663126,157313,70262974438,2353202,76047213,2353202,0.28179731276788,0.0668506146093706,29858.4543264879,32.3164832428325
2022,163,8741,901722,192956,92665,44060841200,901722,33839548,901722,0.213986128762523,0.102764488389992,48862.9990174355,37.5276947884159
2022,164,2101,186152,20462,1232,9664173550,186152,6834460,186152,0.109920924835618,0.00661824745369376,51915.4967445958,36.71440543212
2022,165,829,79176,15191,4112,4266900880,79176,3041918,79176,0.191863696069516,0.0519349297767,53891.3418207538,38.419697888249
2022,166,4655,488408,142998,50181,44439894420,488408,19521286,488408,0.292783901983588,0.102744017297014,90989.2844097558,39.9692183584217
2022,167,2129,207745,22244,60802,15267887700,207745,8008587,207745,0.107073575777997,0.292676117355412,73493.4063395028,38.5500830344894
2022,169,575,56695,11654,4345,4350103290,56695,2197330,56695,0.205556045506658,0.0766381515124791,76728.1645647764,38.7570332480818
2022,173,443,41730,5417,723,3455109300,41730,1683148,41730,0.129810687754613,0.0173256649892164,82796.7721063983,40.3342439491972
2022,174,7174,757337,138194,22299,40232158960,757337,30036008,757337,0.182473588376113,0.0294439595582944,53123.1921324325,39.6600298149965
2022,175,3938,426750,129633,88575,9444596180,426750,12655201,426750,0.303768014059754,0.207557117750439,22131.4497480961,29.6548353837141
2022,176,5735,519814,67861,14857,23743863320,519814,20753703,519814,0.130548619313831,0.0285813771849161,45677.6141465986,39.9252482618783
2022,178,11715,1135352,90832,241751,193366786290,1135352,51451769,1135352,0.0800033822109795,0.212930439194188,170314.392620086,45.3179005277658
2022,183,2153,216253,48845,73897,11413289830,216253,7861039,216253,0.225869698917472,0.341715490652153,52777.4866938262,36.351121140516
2022,184,570,52730,10013,1164,4589906300,52730,2119527,52730,0.189891902142993,0.0220747202730893,87045.4447183766,40.1958467665466
2022,185,8811,903026,204188,189734,52428230590,903026,34839439,903026,0.226115305650114,0.210109121996487,58058.3843543818,38.5807706533367
2022,186,1627,175732,36368,83397,4909034700,175732,5278216,175732,0.206951494320898,0.474569230419047,27934.7796644891,30.0355996631234
2022,187,2431,260114,61733,61837,20527969370,260114,10641672,260114,0.237330555064318,0.237730379756568,78919.125345041,40.9115695425852
2022,188,2769,284203,59067,151287,10206964886,284203,10597041,284203,0.207833837081241,0.532320207738835,35914.3460343487,37.2868724116213
2022,189,1649,180393,45111,106020,4659811812,180393,6054715,180393,0.250070679017479,0.587716818280089,25831.4447456387,33.5640241029308
2022,193,183,24271,14359,5761,827585200,24271,756064,24271,0.591611388076305,0.237361460178814,34097.69683985,31.1509208520457
2022,194,1446,156128,31723,51645,5799871330,156128,5205145,156128,0.203185847509736,0.330786277925804,37148.1818123591,33.3389590592335
2022,195,3059,317946,88561,61874,18959825250,317946,12279647,317946,0.278541010108635,0.194605373239481,59632.2182068653,38.6218005573274
2022,198,241,24702,6541,3447,1727139360,24702,885955,24702,0.264796372763339,0.139543356813214,69919.0089871266,35.8657193749494
2022,199,3116,330592,99745,53361,13564053762,330592,10687297,330592,0.301716314974349,0.16141043945407,41029.5886228342,32.3277544526183
2022,203,3046,325209,94236,5717,17092583780,325209,12804600,325209,0.289770578305028,0.0175794642829688,52558.7661473084,39.3734490742876
2022,204,1930,194512,34712,13910,11581504510,194512,6339130,194512,0.178456856132269,0.0715122974418031,59541.336832689,32.5899173315785
2022,205,1821,180183,19098,3833,8427257230,180183,7127439,180183,0.105992241221425,0.0212728170804127,46770.5456674603,39.5566673881554
2022,206,4504,451131,85368,12818,41245680754,451131,18195765,451131,0.189231065920985,0.0284130330214505,91427.2811090349,40.3336613976872
2022,207,5095,575291,110932,11326,27580767870,575291,22387088,575291,0.192827629842984,0.0196874277539541,47942.2898498325,38.9143720308505
2022,208,5544,605451,177427,19950,34824011680,605451,25462136,605451,0.293049313652137,0.0329506434046686,57517.4732224408,42.0548252459737
2022,214,8270,837236,238211,16631,48717237750,837236,33486844,837236,0.28452073250553,0.0198641721091783,58188.1784228103,39.9968993210994
2022,217,1392,137623,27890,7639,8042819200,137623,5460757,137623,0.202655079456196,0.0555067103609135,58440.9524570748,39.6791016036564
2022,218,963,95888,19812,6968,5930544700,95888,4051473,95888,0.206616052060738,0.0726681127982646,61848.6640664108,42.252137910896
2022,223,753,72525,24363,2342,3851525840,72525,2993261,72525,0.335925542916236,0.0322923129955188,53106.1818683213,41.2721268528094
2022,224,558,58396,17099,832,3435606360,58396,2382004,58396,0.292811151448729,0.0142475512021371,58832.9056784711,40.7905335981917
2022,226,1630,157919,20020,6290,24976842770,157919,6519950,157919,0.126773852418012,0.0398305460394253,158162.366593,41.2866722813594
2022,227,302,30895,3467,138,3505901200,30895,1290044,30895,0.112218805631979,0.00446674219129309,113477.947888008,41.7557533581486
2022,228,1216,125425,31660,26154,5990707340,125425,4797438,125425,0.252421765995615,0.208523021726131,47763.2636236795,38.2494558501096
2022,229,23041,2361823,550261,70606,306449184240,2361823,97415623,2361823,0.232981472362662,0.0298947042178859,129751.122010413,41.2459456106575
2022,233,842,89131,19707,906,4609716830,89131,3932299,89131,0.221101524722038,0.010164813588987,51718.4462196093,44.1181968114349
2022,234,5915,620945,131625,36798,35234555710,620945,24130893,620945,0.211975295718622,0.0592612872315584,56743.4405784731,38.8615626182673
2022,243,35568,3841456,701051,595377,241354017334,3841456,165049092,3841456,0.182496168119588,0.154987327721572,62828.7860993332,42.9652433868825
2022,253,5215,556774,96731,125151,39527038220,556774,22610192,556774,0.173734764913592,0.224778815102717,70992.9670207301,40.6092813241998
2022,254,8669,910940,110822,485957,61982757830,910940,37029367,910940,0.121656750170154,0.533467626846993,68042.6348936264,40.6496223681033
2022,255,2117,231248,43127,34042,40944643800,231248,10439340,231248,0.186496748079983,0.14720992181554,177059.450460112,45.1434823220093
2022,256,971,105457,25878,9118,9696126700,105457,4379940,105457,0.245389115942991,0.0864617806309681,91943.8889784462,41.5329470779559
2022,258,525,51151,6795,1806,7049263960,51151,2247862,51151,0.132841977673946,0.0353072276201834,137812.827901703,43.9456120114954
2022,274,23563,2496141,496716,181909,209870500180,2496141,103196759,2496141,0.198993566469202,0.0728760915348933,84077.9828463216,41.3425199137389
2022,275,25354,2806357,937300,197731,103237146430,2806357,96196647,2806357,0.333991719513946,0.0704582488970576,36786.890060673,34.2781217785193
2022,276,25791,2894850,954002,78771,49537608650,2894850,83108257,2894850,0.329551444807158,0.0272107363075807,17112.3231428226,28.7090028844327
2022,277,617,69927,16311,34462,1668696870,69927,2298935,69927,0.233257540006006,0.492828235159524,23863.4128448239,32.8762137657843
2022,283,249,28565,10649,6704,955407430,28565,803176,28565,0.372798879747943,0.234692805881323,33446.7855767548,28.1174864344478
2022,303,9936,1029252,130036,36979,61485992350,1029252,42401313,1029252,0.126340293727872,0.0359280331736057,59738.5211299079,41.1962405708223
2022,313,24135,2340243,342924,109919,99126318304,2340243,87240971,2340243,0.146533501008229,0.0469690540683168,42357.2758487046,37.2785950006046
2022,315,276,26375,4135,3296,767951200,26375,924966,26375,0.156777251184834,0.12496682464455,29116.6331753555,35.0698009478673
2022,316,2101,237429,66982,3341,9176671450,237429,8953463,237429,0.282113810865564,0.0140715750813928,38650.170998488,37.7100649036133
2022,317,1085,120300,54010,2050,2897773090,120300,4304364,120300,0.448960931005819,0.0170407315045719,24087.8893599335,35.7802493765586
2022,318,1436,164117,34301,16411,7051323020,164117,6370573,164117,0.209003332988051,0.0999957347502087,42965.2200564232,38.8172645125124
2022,319,10811,1176896,411969,37421,33196074140,1176896,41124209,1176896,0.350047072978411,0.0317963524389581,28206.4635617761,34.9429422820708
2022,326,880,98020,26441,10986,3423529930,98020,3698268,98020,0.269751071209957,0.112079167516833,34926.850948786,37.7297286268109
2022,328,866,97414,20572,1320,6066115300,97414,3873284,97414,0.21118114439403,0.0135504136982364,62271.4938304556,39.7610610384544
2022,329,1530,133049,42084,615,2816968890,133049,3585021,133049,0.316304519387594,0.00462235717667927,21172.416853941,26.9451179640584
2022,335,1216,126496,27309,2422,4596536320,126496,4608376,126496,0.215888249430812,0.0191468504932962,36337.4045029092,36.431001770807
2022,336,996,102518,23217,2076,4450293400,102518,3887642,102518,0.22646754716245,0.0202501024210383,43409.8733880879,37.92155523908
2022,337,10827,1052335,135775,107033,44723331450,1052335,38844430,1052335,0.129022602118147,0.101710006794414,42499.139009916,36.9126086274808
2022,338,1438,141376,18712,3432,6944975930,141376,5468444,141376,0.132356269805342,0.0242756903576279,49124.1507045043,38.6801437301947
2022,344,4127,434186,64582,22123,17482387800,434186,16774129,434186,0.148742704739443,0.0509528174561133,40264.7432206474,38.6335096018757
2022,346,470,55051,8441,418,2523456850,55051,2218267,55051,0.153330548037275,0.00759295925596265,45838.5288187317,40.2947630379103
2022,347,266,27609,9522,427,775578880,27609,952045,27609,0.344887536672824,0.0154659712412619,28091.523778478,34.4831395559419
2022,348,320,33667,7765,684,1442968220,33667,1248779,33667,0.230641280779398,0.0203166305284106,42860.0178216057,37.0920782962545
2022,354,1161,123663,19977,746,6158951740,123663,5010500,123663,0.16154387326848,0.00603252387537097,49804.3209367394,40.5173738304909
2022,355,3232,323064,40253,3990,18407184540,323064,14124715,323064,0.124597602951737,0.0123504940197608,56976.8978902013,43.7211047965728
2022,356,490,54167,13089,1321,1748801900,54167,1908957,54167,0.241641589897908,0.0243875422305094,32285.3748592316,35.2420662026695
2022,357,5189,643466,213782,144232,17498370330,643466,22809575,643466,0.332235114209609,0.224148595263775,27193.9315053165,35.4479879278781
2022,359,2562,277804,57369,13265,13113252810,277804,11707169,277804,0.206508905559315,0.0477494924479129,47203.2541288102,42.1418302112281
2022,364,5654,655166,169267,12403,24252352070,655166,25962795,655166,0.258357423920045,0.0189310800621522,37017.1102743427,39.62781188279
2022,365,15558,1757400,629267,23245,46715533700,1757400,60389174,1757400,0.358067030841015,0.01322692614089,26582.1860134289,34.3627939000797
2022,366,190,16249,4035,434,769027400,16249,655179,16249,0.24832297372146,0.0267093359591359,47327.6755492646,40.3211889962459
2022,368,720,77043,18601,2429,3186058480,77043,3158431,77043,0.24143660034007,0.0315278480848357,41354.2889035993,40.9956907181704
2022,373,5625,594794,109877,19964,38690442520,594794,25346063,594794,0.184731184241939,0.0335645618483038,65048.4747996786,42.6131786803498
2022,375,5248,563222,93558,14684,31529460890,563222,23161693,563222,0.166112119199889,0.0260714247667882,55980.5208070708,41.1235587388277
2022,376,27480,3160906,907419,61578,123690067398,3160906,117536587,3160906,0.287075604272952,0.0194811234500488,39131.2071279564,37.1844613538017
2022,377,794,82579,12478,13,4102062400,82579,3317259,82579,0.151103791520847,0.000157425011201395,49674.401482217,40.170733479456
2022,378,1031,117434,23410,3728,4959138790,117434,4649093,117434,0.199346015634314,0.0317454910843538,42229.156717816,39.5889861539248
2022,379,11677,1164176,258372,42133,39975933900,1164176,40878450,1164176,0.221935514904963,0.0361912631767018,34338.3937652039,35.1136340209728
2022,383,2216,234738,96120,2281,7195058200,234738,8680554,234738,0.409477800782149,0.00971721664153226,30651.4420332456,36.9797561536692
2022,384,86,7513,1289,843,304205500,7513,274778,7513,0.171569279914814,0.112205510448556,40490.5497138294,36.5736723013443
2022,385,2640,268650,72819,8986,9028115650,268650,9754210,268650,0.27105527638191,0.0334487251070166,33605.4928345431,36.3082449283454
2022,386,289,30686,7811,364,2077007450,30686,1143477,30686,0.25454604705729,0.0118620869451867,67685.8323013752,37.2638010819266
2022,389,7508,769112,179743,30339,38352347902,769112,29872100,769112,0.233701983586266,0.0394467905844662,49865.7515446385,38.8397268538262
2022,405,9413,1140753,160766,334042,20616188570,1140753,37546252,1140753,0.140929719229316,0.29282587904656,18072.4386172993,32.9135684937931
2022,415,714,76585,9551,926,5813337500,76585,3239862,76585,0.124711105307828,0.0120911405627734,75906.9987595482,42.3041326630541
2022,417,4088,423755,81377,870,33992756220,423755,22611093,423755,0.192037852060743,0.00205307312008118,80217.9472100624,53.3588819010985
2022,418,10732,1167403,213960,6881,91208658150,1167403,50936101,1167403,0.183278610728258,0.00589427986736371,78129.5389424218,43.6319771321472
2022,423,3762,386355,81509,785,22592431490,386355,16980973,386355,0.210969186370048,0.00203181012281451,58475.8356692679,43.9517360976304
2022,425,345,37314,6702,656,879141980,37314,1109763,37314,0.179610869914777,0.0175805327759018,23560.6469421665,29.7411963338157
2022,426,7317,886537,255789,14649,35951658860,886537,34773735,886537,0.288526028806468,0.0165238450284647,40552.9141592511,39.2242342959177
2022,427,2126,202314,44334,2293,3077758190,202314,5139543,202314,0.219134612532993,0.0113338671569936,15212.7790958609,25.4037931136748
2022,434,3665,443987,174778,13654,13252663890,443987,14869909,443987,0.393655670098449,0.0307531526823984,29849.2160581278,33.4917666508254
2022,435,15801,1847204,793341,46444,37283371750,1847204,54036841,1847204,0.429482071281786,0.0251428645672054,20183.6785487688,29.2533152808244
2022,436,24858,2926422,751972,141584,75659783756,2926422,105964879,2926422,0.256959522584234,0.0483812655864397,25854.0237040318,36.209705572197
2022,439,8398,919424,380051,17672,12528393330,919424,23811573,919424,0.41335771091466,0.0192207295002088,13626.3501170298,25.8983591901016
2022,443,4155,448883,126833,7481,7480840370,448883,12580995,448883,0.282552469128927,0.0166658126950675,16665.4570790161,28.0273367447642
2022,444,10097,1137916,307891,26443,19269251230,1137916,33787015,1137916,0.270574453650357,0.0232380949033145,16933.8081457682,29.6920115368797
2022,445,2844,318149,120666,14327,10873716280,318149,11185262,318149,0.379275119519471,0.0450323590518908,34178.0621029769,35.157306796501
2022,446,9557,1101846,371919,28545,38568432550,1101846,41358068,1101846,0.337541725431685,0.0259065241422123,35003.4692234668,37.5352526578124
2022,447,26290,3124644,741487,154522,84761137308,3124644,111677226,3124644,0.237302873543354,0.049452673648582,27126.6542070073,35.740783910103
2022,448,1798,212034,23271,71368,8510872050,212034,8648975,212034,0.109751266306347,0.336587528415254,40139.1854608223,40.7905100125452
2022,453,18686,2067984,342459,192730,56985621360,2067984,72789772,2067984,0.1656004108349,0.0931970460119614,27556.1229487269,35.1984212643812
2022,454,700,74788,20492,4387,2991721170,74788,3061744,74788,0.274001176659357,0.05865914317805,40002.6898700326,40.9389741669787
2022,455,841,98197,27811,10080,3791444630,98197,4110497,98197,0.283216391539456,0.102650793812438,38610.5953338697,41.8597003981792
2022,456,464,47713,8857,4373,2435476540,47713,1939755,47713,0.185630750529206,0.0916521702680611,51044.2969421332,40.6546433885943
2022,457,914,122179,30518,66435,2302920200,122179,4791153,122179,0.249781058938115,0.54375138117025,18848.7399634962,39.2142102980054
2022,458,9947,1121350,252138,527193,22952812170,1121350,39206154,1121350,0.224852187095911,0.470141347482945,20468.9099478307,34.9633513176082
2022,459,3078,318566,104444,16234,7757197130,318566,9509974,318566,0.327856707872152,0.0509596127647018,24350.3610868705,29.8524450192425
2022,461,652,59360,27170,9062,1121111270,59360,1743651,59360,0.457715633423181,0.152661725067385,18886.645384097,29.3741745283019
2022,462,378,40530,12927,1066,468653720,40530,912796,40530,0.318948926720947,0.0263015050579817,11563.1315075253,22.5214902541327
2022,463,1598,174615,26273,2943,9113347370,174615,6304518,174615,0.150462445952524,0.0168542221458638,52191.0910861037,36.1052486899751
2022,464,699,87101,21591,1033,2959131820,87101,3248401,87101,0.247884639671186,0.0118597949506894,33973.5688453634,37.2946464449317
2022,465,4145,436623,102972,6339,20519931170,436623,16666863,436623,0.235837324190434,0.0145182457177015,46996.9084771073,38.1722057701953
2022,468,8972,935037,328403,265270,13754992610,935037,29775631,935037,0.351219256564179,0.283700003315377,14710.6399105062,31.844334502271
2022,469,5850,637904,168597,125948,10849942180,637904,17063933,637904,0.264298389726354,0.197440367202588,17008.7382740977,26.750001567634
2022,473,6212,467566,67707,322089,14916150490,467566,23903372,467566,0.144807364094053,0.688863176535505,31901.700487204,51.1229901233195
2022,479,7593,717108,188234,79639,19675959962,717108,29387716,717108,0.262490447742878,0.111055796337511,27437.9311930699,40.9808787518756
2022,485,1370,158433,22875,66758,6745672636,158433,7009133,158433,0.144382799038079,0.42136423598619,42577.4468450386,44.2403602784773
2022,486,9856,1167590,269494,330387,28266771920,1167590,44545343,1167590,0.230812185784394,0.282964910627875,24209.501554484,38.1515283618394
2022,487,3137,325100,122389,84507,6726240650,325100,10651754,325100,0.376465702860658,0.259941556444171,20689.7589972316,32.7645462934482
2022,488,373,45111,7661,870,1305511520,45111,1765239,45111,0.16982554144222,0.0192857617875906,28939.9818226153,39.1310101749019
2022,489,124,12124,1983,135,686875000,12124,518278,12124,0.163559881227318,0.0111349389640383,56654.1570438799,42.7481029363246
2022,496,1264,113749,24312,24057,4364403140,113749,4964413,113749,0.213733747109865,0.211491969160168,38368.7165601456,43.6435748885704
2022,498,320,31231,6848,19048,811435762,31231,1465641,31231,0.219269315743972,0.609906823348596,25981.7412826999,46.9290448592744
2022,503,2273,230384,18644,4896,16653877930,230384,10225138,230384,0.0809257587332454,0.0212514757969303,72287.4762570317,44.3830213903743
2022,505,7521,830024,202211,143388,35082420380,830024,34963856,830024,0.243620666390369,0.172751631278132,42266.7541902403,42.1239096700818
2022,507,2926,301987,79732,26121,15837489380,301987,13095176,301987,0.264024610330908,0.0864971008685804,52444.2753496011,43.3633765691901
2022,508,1356,141428,25108,4461,9841848060,141428,6018100,141428,0.177532030432446,0.0315425516870775,69589.1058347711,42.5523941510875
2022,509,402,41809,7223,7742,1522415000,41809,1658467,41809,0.17276184553565,0.185175440694587,36413.571240642,39.6677031261212
2022,514,1284,138838,28965,22228,6099881560,138838,5839235,138838,0.208624439994814,0.160100260735534,43935.2451058068,42.0579020152984
2022,516,2993,295655,70099,21946,14736061540,295655,12559664,295655,0.237097292452352,0.0742284081108048,49842.0846594849,42.4808104040182
2022,518,3200,315430,49549,8743,18843217530,315430,13754246,315430,0.157083980597914,0.0277177186697524,59738.1908188822,43.6047490726944
2022,519,238,23056,3893,513,1322487700,23056,978729,23056,0.168849757113116,0.0222501734906315,57359.8065579459,42.4500780707842
2022,523,568,62716,15259,5871,3656328400,62716,2698479,62716,0.243303144333185,0.0936124752854136,58299.77039352,43.0269628165062
2022,525,1145,125487,27417,10745,6001548800,125487,4982535,125487,0.218484783284324,0.0856263995473635,47826.0600699674,39.7055870329197
2022,526,331,37861,6515,10299,1466850900,37861,1577298,37861,0.172076807268693,0.272021341221838,38743.0574998019,41.6602308444045
2022,527,2357,260171,55194,16611,15221240160,260171,11092236,260171,0.21214508919134,0.0638464702061337,58504.7532584339,42.6344058330867
2022,533,156,17509,3917,272,1283296000,17509,761946,17509,0.22371351876178,0.0155348677822834,73293.5061968131,43.5173910560283
2022,534,3945,444792,108874,57725,22546526760,444792,18672108,444792,0.24477508588284,0.129779762225939,50690.0455943452,41.9794150973938
2022,535,1001,101537,15231,23120,4872047440,101537,4043502,101537,0.150004431881974,0.227700247200528,47982.9760579887,39.8229413908231
2022,536,233,23486,2873,7594,919113792,23486,1013555,23486,0.122328195520736,0.323341565187771,39134.5393851656,43.1557097845525
2022,539,252,29391,5958,1684,1534353400,29391,1228310,29391,0.202715116872512,0.057296451294614,52204.8722398013,41.7920451838998
2022,543,270,29735,2805,591,2896057000,29735,1244114,29735,0.0943332772826635,0.0198755675130318,97395.5607869514,41.840053808643
2022,544,524,45727,7485,1507,3370057300,45727,2186060,45727,0.163688849038861,0.0329564589848448,73699.5057624598,47.8067662431386
2022,549,8762,927256,148499,67915,45900476210,927256,38474348,927256,0.160148869352153,0.0732429879127231,49501.406526353,41.4926924171965
2022,558,6074,653078,80545,136627,41959382880,653078,29501125,653078,0.123331363175608,0.20920471980376,64248.6546476838,45.1724372892671
2022,563,2124,264475,48356,79316,9309910020,264475,10757417,264475,0.182837697324889,0.299899801493525,35201.4746951508,40.6746081860289
2022,567,10219,1197160,238760,372675,43618234342,1197160,48536519,1197160,0.199438671522604,0.311299241538307,36434.757544522,40.5430510541615
2022,573,967,124539,23432,31277,4373179300,124539,5005498,124539,0.18814989681947,0.251142212479625,35114.9382924225,40.1922128811055
2022,575,9182,1016107,258491,108774,58251126190,1016107,42690595,1016107,0.254393484150783,0.107049749681874,57327.7481505393,42.0138774755021
2022,577,1509,159688,46353,5062,13458995040,159688,7073075,159688,0.290272280947848,0.0316993136616402,84283.0709884274,44.2930902760383
2022,579,4061,533058,95589,171156,16089809740,533058,20814562,533058,0.179321949956665,0.321083259232579,30183.9757399758,39.0474620022587
2022,584,203,27627,3353,8213,864311300,27627,1093100,27627,0.121366778875738,0.2972816447678,31285.0218988671,39.5663662359286
2022,585,5701,642117,143484,85623,34372367232,642117,27126050,642117,0.223454604067483,0.133344857712847,53529.7573993525,42.2447155269211
2022,588,467,52571,12484,7072,2184772190,52571,2174695,52571,0.237469327195602,0.134522835783987,41558.5054497727,41.3668182077571
2022,589,411,47729,9713,5801,2385685200,47729,1946132,47729,0.203503111315971,0.121540363301138,49983.9761989566,40.7746233945819
2022,593,521,65178,19683,2980,3032466820,65178,2689298,65178,0.301988400994201,0.0457209487864003,46525.9262327779,41.2608242044862
2022,595,1482,200659,54843,42562,7403142240,200659,8170092,200659,0.273314428956588,0.21211109394545,36894.1449922505,40.7162997921848
2022,596,1252,137942,31477,11728,6777991480,137942,5730542,137942,0.228190108886344,0.0850212408113555,49136.5318757159,41.5431268214177
2022,597,793,86977,19575,5993,4919419240,86977,3615098,86977,0.225059498488106,0.0689032732791428,56560.0013796751,41.5638387159824
2022,598,316,32168,7733,3305,1744995200,32168,1598482,32168,0.240394180552101,0.102741855259886,54246.3068888336,49.6916811738374
2022,599,872,109169,34435,19463,4212344830,109169,4536909,109169,0.315428372523335,0.178283212267219,38585.5401258599,41.5585834806584
2022,614,258,27875,5766,998,1897620600,27875,1611745,27875,0.20685201793722,0.0358026905829596,68076.0753363229,57.8204484304933
2022,615,75,7566,1584,284,512611400,7566,358160,7566,0.209357652656622,0.0375363468146973,67751.9693365054,47.3380914618028
2022,616,468,45737,8518,1749,3185038000,45737,2373846,45737,0.186238712639657,0.0382403743140127,69638.1048166692,51.9020923978398
2022,617,510,57033,14626,2934,3189204160,57033,3100535,57033,0.25644802132099,0.0514439008994793,55918.5762628654,54.3638770536356
2022,628,7189,754392,100266,15819,49328460790,754392,33914446,754392,0.132909680908599,0.0209692043393885,65388.3667774844,44.9559990031708
2022,634,447,42715,4838,1445,2660412730,42715,1864887,42715,0.113262320028093,0.0338288657380311,62282.8685473487,43.6588317921105
2022,637,3218,324996,51985,12727,17289454960,324996,14050891,324996,0.159955814840798,0.0391604819751628,53198.9777104949,43.2340428805278
2022,643,124,11245,2830,191,747573600,11245,557486,11245,0.251667407736772,0.0169853268119164,66480.5335704758,49.576345042241
2022,649,69,7656,778,1193,403109000,7656,297226,7656,0.101619644723093,0.155825496342738,52652.6907001045,38.8226227795193
2022,657,451,48522,8130,9432,1788044700,48522,2006171,48522,0.167552862619018,0.194386051687894,36850.1854828738,41.3455958122089
2022,658,100,11871,2536,3397,441303300,11871,474549,11871,0.2136298542667,0.286159548479488,37174.9052312358,39.9754864796563
2022,666,490,49385,6155,17608,1411059440,49385,1778577,49385,0.12463298572441,0.356545509770173,28572.6321757619,36.0145185785157
2022,668,248,28653,2977,8571,833167300,28653,1130525,28653,0.103898370153213,0.299130981049105,29077.8382717342,39.4557288940076
2022,669,111,11418,2548,4224,321127800,11418,470624,11418,0.223156419688212,0.369942196531792,28124.6978455071,41.2177263969172
2022,675,240,26009,5304,3360,1121193600,26009,1052157,26009,0.203929409050713,0.129186050982352,43107.9088007997,40.4535737629282
2022,677,601,60846,16128,3959,2481966850,60846,2239980,60846,0.265062617098905,0.0650659040857246,40790.961607994,36.8139236761661
2022,678,8614,939003,348776,22478,33219189180,939003,34169042,939003,0.371432253145091,0.0239381556821437,35377.0852489289,36.3886398659003
2022,679,97,8827,490,218,347631800,8827,329361,8827,0.0555114988104679,0.0246969525320041,39382.7801064914,37.3129035912541
2022,686,2036,237973,60319,7111,8347366130,237973,9587499,237973,0.253469931462813,0.0298815411832435,35076.9462502049,40.2881797514844
2022,687,1955,219124,72791,26494,5228129100,219124,7681054,219124,0.332190905605958,0.120908709224001,23859.2262828353,35.0534583158394
2022,688,770,83242,19853,3849,2430994310,83242,3102661,83242,0.238497393142885,0.0462386775906393,29203.9392374042,37.2727829701353
2022,694,1030,98386,15254,800,5759715400,98386,4117756,98386,0.155042384079036,0.00813123818429451,58542.0222389364,41.8530685260098
2022,695,529,48302,7970,261,5021317200,48302,2193265,48302,0.165003519523001,0.00540350296053994,103956.714007702,45.4073330296882
2022,696,772,79467,6206,1511,5736232280,79467,3386243,79467,0.0780953100028943,0.0190141819874917,72183.828255754,42.6119395472334
2022,699,441,44204,5669,1910,3638412020,44204,2118955,44204,0.1282463125509,0.0432087593882907,82309.5651977197,47.9358202877568
2022,703,101,9640,1685,21,440414200,9640,422640,9640,0.174792531120332,0.00217842323651452,45686.1203319502,43.8423236514523
2022,706,652,63903,9662,741,2665039840,63903,2764431,63903,0.15119790933133,0.0115956997324069,41704.4558158459,43.2598000093892
2022,709,388,43457,14392,1076,1680700340,43457,1784101,43457,0.331177946015602,0.0247601076926617,38675.0199047334,41.0543986009159
2022,719,350,37979,7931,825,1835466600,37979,1624805,37979,0.208825930119276,0.0217225308723242,48328.4604649938,42.7816688169778
2022,726,3487,391513,82909,7585,16771775900,391513,16711362,391513,0.211765637411785,0.0193735584769854,42838.3627108168,42.6840539139186
2022,727,272,22929,6418,2995,810398300,22929,977706,22929,0.279907540669022,0.130620611452745,35343.8135112739,42.6405861572681
2022,729,196,19777,5473,532,653453500,19777,811180,19777,0.276735601961875,0.0268999342670779,33041.0830763008,41.0163321029479
2022,733,315,31338,5679,11369,974222330,31338,1257298,31338,0.181217690982194,0.362786393515859,31087.5719573681,40.1205565128598
2022,736,1329,143289,30134,9976,5695625780,143289,5754021,143289,0.210302256279268,0.0696215341024084,39749.2185722561,40.1567531352721
2022,738,174,17733,3306,1580,543412450,17733,718486,17733,0.186432075790898,0.0890994191620143,30644.1352281058,40.5168894152146
2022,744,1088,112886,16213,10941,3127726900,112886,4229712,112886,0.143622769874032,0.0969207873429832,27706.9512605638,37.4688801091367
2022,747,247,27235,4419,1006,830779150,27235,1038205,27235,0.162254451991922,0.0369377639067377,30504.0995043143,38.1202496787222
2022,748,991,115114,16478,9892,2791826960,115114,4096820,115114,0.143145056205153,0.0859322063345901,24252.7143527286,35.5892419688309
2022,749,130,15994,4016,2147,640062140,15994,646143,15994,0.251094160310116,0.134237839189696,40018.8908340628,40.3990871576841
2022,753,92,10057,2486,20,386585700,10057,410779,10057,0.247191011235955,0.00198866461171323,38439.4650492195,40.8450830267475
2022,754,2024,240641,56792,2117,8082038330,240641,9741969,240641,0.236003008631114,0.00879733711212969,33585.458546133,40.4834130509764
2022,755,511,51747,12297,1180,2335468100,51747,2220039,51747,0.237636964461708,0.022803254294935,45132.4347305158,42.9017914081976
2022,756,698,70583,15068,2338,3408972850,70583,2981964,70583,0.213479166371506,0.0331241233724835,48297.3640961705,42.2476233653996
2022,757,722,79742,16333,3674,4713105570,79742,3458012,79742,0.20482305435028,0.0460735873191041,59104.4314163176,43.3650021318753
2022,759,1190,133978,27871,13356,5741398540,133978,5487264,133978,0.20802669094926,0.099688008479004,42853.2933765245,40.9564555374763
2022,763,95,11488,3727,620,473078700,11488,436762,11488,0.324425487465181,0.0539693593314763,41180.2489554318,38.0189763231198
2022,765,179,20259,4886,580,955741410,20259,847505,20259,0.241176760945753,0.0286292511969989,47176.1394935584,41.8335060960561
2022,766,329,35412,7967,1212,1762086140,35412,1456253,35412,0.224980232689484,0.0342256862080651,49759.576979555,41.123150344516
2022,769,791,79107,18902,2706,2514685460,79107,3073141,79107,0.238942192220663,0.0342068337820926,31788.4063357225,38.8479022084013
2022,774,248,25323,5652,2801,2026784800,25323,992720,25323,0.223196303755479,0.11061090708052,80037.3099553765,39.2023062038463
2022,779,13687,1528137,367348,34001,62787026370,1528137,63296494,1528137,0.240389441522586,0.0222499684256058,41087.3019696532,41.4206933017131
2022,783,5262,550210,162574,38672,25135451480,550210,23670621,550210,0.29547627269588,0.0702858908416786,45683.378128351,43.0210665018811
2022,785,10131,1128416,275694,27931,43013848010,1128416,46163324,1128416,0.244319470833451,0.0247523962793863,38118.7859885007,40.9098453052775
2022,799,7651,827225,183595,18174,39968322610,827225,34351427,827225,0.22194082625646,0.0219698389192783,48316.1444709722,41.5260987034966
2022,803,2770,318667,62942,10230,16863812150,318667,13846406,318667,0.197516529794425,0.0321024768802543,52919.8572491033,43.4510194026994
2022,804,36496,4216131,775936,510409,192019859170,4216131,187494141,4216131,0.184039822292049,0.121060991700685,45544.09224239,44.4706630320547
2022,808,3722,394623,23378,8037,14203759580,394623,14549331,394623,0.0592413518725467,0.0203662736333159,35993.238052521,36.8689382017774
2022,809,4350,560612,77123,208528,13702496050,560612,21459898,560612,0.137569299265802,0.371964924047291,24442.0312979387,38.2794124991973
2022,813,448,56692,19383,1170,1395881790,56692,1968235,56692,0.3419000917237,0.0206378324984125,24622.2004868412,34.7180378183871
2022,823,406,43028,6156,359,3188603200,43028,2037236,43028,0.143069629078739,0.00834340429487775,74105.3081714233,47.3467509528679
2022,824,617,67552,5789,531,5309951800,67552,3325436,67552,0.0856969445760303,0.00786061108479394,78605.3973235434,49.2277948839413
2022,829,579,58866,12110,4572,4002937100,58866,2906527,58866,0.20572146909931,0.077667923759046,68000.8340977814,49.3753100261611
2022,844,3838,390047,79540,31870,21452484000,390047,17482571,390047,0.203924142475138,0.0817081018441367,54999.741056847,44.8217035382915
2022,848,762,85289,17369,7084,5532007100,85289,4146915,85289,0.203648770650377,0.0830587766300461,64861.9059902215,48.6219207635217
2022,859,256,23450,2614,3134,1342078940,23450,1094014,23450,0.111471215351812,0.1336460554371,57231.5113006397,46.6530490405117
2022,865,204,24463,6007,1511,712095700,24463,877583,24463,0.245554510894003,0.0617667497853902,29109.0912807096,35.8738911826023
2022,866,400,46241,15804,2945,1359578440,46241,1743227,46241,0.341774615600874,0.063688069029649,29402.0120672131,37.6987305637854
2022,869,14959,1833984,435565,378696,62807346748,1833984,73057353,1833984,0.23749661938163,0.20648817001675,34246.3984135085,39.8353273529104
2022,874,588,64997,22806,2282,1694749120,64997,2271809,64997,0.350877732818438,0.035109312737511,26074.2668123144,34.9525208855793
2022,875,890,96640,20052,5502,3678886390,96640,3793709,96640,0.207491721854305,0.0569329470198676,38067.9469163907,39.2560947847682
2022,878,286,28605,8435,1889,900764260,28605,1034193,28605,0.294878517741654,0.0660374060478937,31489.7486453417,36.1542737283692
2022,883,383,41703,8550,907,2138810160,41703,1678108,41703,0.205021221494856,0.0217490348416181,51286.7218185742,40.2395031532504
2022,885,953,105723,41858,2188,2824729180,105723,3906119,105723,0.395921417288575,0.020695591309365,26718.2087152275,36.9467287156059
2022,887,3034,365407,109793,40614,8935640100,365407,12899691,365407,0.300467697663154,0.111147296028812,24453.9379376969,35.3022547460777
2022,888,4269,543453,166000,10073,14409267660,543453,20110923,543453,0.3054541975111,0.0185351815152368,26514.2848783611,37.0058183504369
2022,889,22079,2530984,826483,67702,77707910050,2530984,92967862,2530984,0.326546118031564,0.0267492801218815,30702.6476856432,36.7319042712242
2022,905,14366,1347206,683311,0,73885657630,1347206,62677865,1347206,0.507206024913785,0,54843.6227496018,46.5243362930391
2023,4,14869,1439502,48463,357186,293376754500,1439502,67611401,1439502,0.0336665041104493,0.248131645527412,203804.339625787,46.9686051148244
2023,7,14020,1408414,148590,34146,174452116588,1408414,60647746,1408414,0.105501649372983,0.0242442918062445,123864.230679332,43.0610218302289
2023,8,3598,368898,35672,7206,40636542800,368898,15829044,368898,0.0966988164750148,0.0195338548867167,110156.582036227,42.9089992355611
2023,13,14794,1538845,267694,78809,182276709320,1538845,66223362,1538845,0.173957741033048,0.0512130851385292,118450.337311425,43.0344589611039
2023,14,10703,1047880,91574,31620,84970917760,1047880,44738779,1047880,0.0873897774554338,0.0301752109020117,81088.4049318624,42.6945633087758
2023,15,7492,771879,68360,32991,71763513820,771879,32915961,771879,0.088563103802539,0.0427411550255934,92972.4915692745,42.6439390111663
2023,17,9151,1057113,269721,190562,54933246930,1057113,45695442,1057113,0.255148692713078,0.18026644266034,51965.3499010986,43.2266389685871
2023,18,5033,547569,72827,113539,39131002620,547569,22162344,547569,0.133000589879997,0.207351037038255,71463.1445899969,40.4740662820576
2023,19,318,31414,5047,4789,1711824750,31414,1348839,31414,0.160660851849494,0.152447953141911,54492.4158018718,42.9375119373528
2023,21,6832,695671,129529,36592,49349690590,695671,27995582,695671,0.18619289865468,0.0525995765239603,70938.2604564514,40.2425600607184
2023,22,91964,9448583,1040302,1267356,998968898310,9448583,412966961,9448583,0.110101377105964,0.134131858713629,105726.84796334,43.7067612148827
2023,23,16767,1697946,297650,126085,154110680180,1697946,70337614,1697946,0.175300038988284,0.0742573674310019,90763.0043476059,41.4251183488756
2023,24,1290,134418,23748,1994,12014877300,134418,5591242,134418,0.176672767040129,0.0148343227841509,89384.4373521403,41.5959320924281
2023,25,13414,1378495,278918,125774,168268822550,1378495,58611704,1378495,0.202335155368717,0.0912400842948288,122067.053235594,42.5186192187857
2023,26,9798,1006986,174561,207374,111636053600,1006986,42003179,1006986,0.173349977060257,0.205935335744489,110861.574639568,41.7117805014171
2023,27,11929,1269905,256820,33076,102132752460,1269905,52257639,1269905,0.20223560030081,0.0260460428142263,80425.5062071572,41.1508254554475
2023,28,110,10137,1507,437,785206400,10137,446338,10137,0.148663312617145,0.0431094012035119,77459.4455953438,44.0305810397554
2023,29,1806,190188,43460,9461,10065515930,190188,7284969,190188,0.228510736744695,0.0497455149641407,52924.032693966,38.3040412644331
2023,33,5342,521017,56608,13628,43141436910,521017,21748359,521017,0.108649046000418,0.0261565361590889,82802.359443166,41.7421293355111
2023,34,453,49906,10715,11629,4990447400,49906,2118584,49906,0.214703642848555,0.233018073979081,99996.9422514327,42.451488798942
2023,35,944,97468,15463,13887,5909944750,97468,4046077,97468,0.158646940534329,0.142477531087126,60634.7185743013,41.5118500430911
2023,36,3647,367558,45939,3398,34606492600,367558,15435426,367558,0.124984356210448,0.00924479946022124,94152.4673656947,41.9945314753046
2023,37,6033,625376,119638,24784,48758211050,625376,24878933,625376,0.191305710484572,0.0396305582561531,77966.2331941104,39.782359732385
2023,43,2432,233965,31624,42991,23689188020,233965,9836681,233965,0.135165516209689,0.18374970615263,101250.990618255,42.0433868313637
2023,44,1620,149718,36048,1538,18746491460,149718,6291317,149718,0.240772652586863,0.0102726459076397,125212.008308954,42.0211130258219
2023,45,554,57398,19794,923,5525031200,57398,2470831,57398,0.344855221436287,0.0160806996759469,96258.2529007979,43.0473361441165
2023,47,259,25364,5487,1750,4037930000,25364,1224980,25364,0.216330231824633,0.0689954265888661,159199.258791989,48.2960100930453
2023,48,807,81986,23570,957,10047491500,81986,3543940,81986,0.287488107725709,0.011672724611519,122551.307540312,43.2261605639987
2023,53,4741,484992,125846,33712,49694993300,484992,20370109,484992,0.25948056875165,0.0695104249142254,102465.593865466,42.0009175409079
2023,55,3189,316577,68812,7231,39532247210,316577,13369127,316577,0.21736260056795,0.0228412045094874,124874.034468707,42.2302536191827
2023,56,2979,307241,79320,4700,30118677140,307241,13108571,307241,0.258168668895102,0.0152974375164773,98029.4854527879,42.6654352771928
2023,57,3496,353616,97905,8128,36699609240,353616,15158485,353616,0.276868128138998,0.0229853852766843,103783.791570517,42.8670789783268
2023,59,7311,723033,157332,15135,85893199668,723033,30542652,723033,0.217600026554805,0.020932654526142,118795.683831858,42.2424038736821
2023,64,28602,2987403,583704,115452,265516105748,2987403,121671146,2987403,0.195388436042944,0.0386462757117135,88878.5696968236,40.728065815024
2023,65,3738,391563,72721,9042,32358751100,391563,16358548,391563,0.185719794771212,0.0230920694754101,82639.9611301374,41.7775632529121
2023,66,418,45260,12913,1006,7323182000,45260,1895898,45260,0.285307114449845,0.0222271321254971,161802.51878038,41.8890410958904
2023,68,4409,444461,123037,7805,47409496110,444461,18271317,444461,0.276822938345547,0.0175605958678039,106667.392887115,41.1089319422852
2023,69,195,19067,3305,73,2420575000,19067,821362,19067,0.173336130487229,0.00382860439502806,126951.014842398,43.0776734672471
2023,73,987,101930,24623,1177,9650646700,101930,4244332,101930,0.241567742568429,0.011547140194251,94679.1592269205,41.6396742862749
2023,74,108,9706,1545,300,923670940,9706,408943,9706,0.159179888728621,0.0309087162579848,95164.9433340202,42.1330105089635
2023,75,943,88491,17672,2953,8704184300,88491,3622316,88491,0.199703924692907,0.033370625261326,98362.3679244217,40.9342871026432
2023,76,4177,407533,92217,6084,41745881920,407533,16754449,407533,0.226281061901736,0.014928852387414,102435.586615072,41.111882964079
2023,77,361,33257,10195,2463,2429550600,33257,1387572,33257,0.306552004089365,0.0740595964759299,73053.8112277115,41.7227049944373
2023,78,1083,98829,25962,1992,7421705700,98829,4018273,98829,0.262696172176183,0.0201560270770725,75096.4362687066,40.6588450758381
2023,79,353,30795,9436,1142,2227456900,30795,1225640,30795,0.306413378795259,0.0370839421984088,72331.7713914597,39.799967527196
2023,83,1810,181285,37929,2472,19008276900,181285,7653872,181285,0.209223046584108,0.0136359875334418,104853.00438536,42.2201064622004
2023,84,9360,892930,74574,114426,229308161516,892930,45130183,892930,0.0835160650890887,0.12814666323228,256804.185676369,50.5416807588501
2023,85,1558,158421,9639,78065,29048372440,158421,6154434,158421,0.0608442062605336,0.492769266700753,183361.880306273,38.848599617475
2023,86,1107,96835,10258,18978,11546419850,96835,4153033,96835,0.105932772241442,0.19598285743791,119238.083853978,42.8877265451541
2023,87,455,41228,4483,13234,4708730200,41228,1531337,41228,0.108736780828563,0.320995439992238,114211.94819055,37.1431308819249
2023,88,104,9767,106,4304,1540521200,9767,425602,9767,0.0108528719156343,0.440667554008396,157727.162895464,43.575509368281
2023,89,925,93481,9570,60058,5712498980,93481,3432461,93481,0.102373744397257,0.642462104598796,61108.6635786951,36.7182743017298
2023,95,37027,3823484,684787,64879,312416166988,3823484,145864509,3823484,0.179100265621616,0.0169685553803808,81709.8141349617,38.1496323771722
2023,96,3465,345188,55786,9044,40027450160,345188,13355932,345188,0.161610484721369,0.0262002155347231,115958.405738322,38.6917621701797
2023,97,1004,104041,19189,10277,5455153000,104041,3862901,104041,0.184436904681808,0.098778366221009,52432.7236377966,37.1286415932181
2023,98,1159,114283,18604,1165,8119592400,114283,4376911,114283,0.162788866235573,0.0101939921073125,71048.1208928712,38.2988808484201
2023,99,2140,212137,52993,12527,12562955140,212137,7486104,212137,0.249805550186908,0.0590514620268977,59220.9522148423,35.2890066325064
2023,103,4376,429085,96382,26945,28120505060,429085,15890598,429085,0.22462216111027,0.0627964156286051,65535.9778598646,37.0336833028421
2023,104,2202,202816,45419,17188,13265046030,202816,7403063,202816,0.223941898075103,0.0847467655411802,65404.3370838593,36.5013756311139
2023,105,2718,296573,75490,57001,15570556770,296573,10791650,296573,0.254541040485816,0.192198885266022,52501.5991678272,36.3878370586668
2023,106,1809,179997,35612,5777,21943088190,179997,7534584,179997,0.19784774190681,0.0320949793607671,121908.077301288,41.8594976582943
2023,154,13167,1251903,236645,9639,92787674470,1251903,47834656,1251903,0.189028223432646,0.00769947831421444,74117.303393314,38.2095545741164
2023,155,7769,805054,226681,24665,27108943990,805054,29504829,805054,0.281572416260276,0.0306376963532881,33673.4479798871,36.6495030147046
2023,156,31095,3053594,511200,24643,171792264802,3053594,122788192,3053594,0.167409288857654,0.00807016256909072,56259.0392835459,40.2110404985077
2023,157,12986,1197178,188566,6050,75411285370,1197178,49938090,1197178,0.157508741390169,0.00505355093394633,62990.8713407697,41.7131704725613
2023,158,4195,412922,73626,2892,23786667360,412922,16444536,412922,0.178304861450831,0.0070037440485128,57605.7157526119,39.8247998411322
2023,159,25440,2537687,740335,174196,77583372276,2537687,81963535,2537687,0.291736136095586,0.0686436112885474,30572.4749648006,32.2985202666838
2023,163,9313,958647,203617,97503,49109343510,958647,35976443,958647,0.212400393471215,0.101708971081117,51227.7652879527,37.5283529808157
2023,164,2122,197532,28425,1123,10373217670,197532,7211170,197532,0.143900735070773,0.00568515481035984,52514.1124982281,36.5063382135553
2023,165,869,86147,19713,3593,4867750200,86147,3303187,86147,0.228829790938744,0.0417077785645466,56505.1621066317,38.3436103404646
2023,166,5469,572850,161515,48907,55657311050,572850,22989132,572850,0.281949899624684,0.0853748799860347,97158.6122894301,40.131154752553
2023,167,2277,222986,24757,62251,16356302400,222986,8371660,222986,0.111024907393289,0.27916999273497,73351.2525450028,37.5434332200228
2023,169,609,56464,13310,2769,4693786400,56464,2216087,56464,0.235725417965429,0.0490400963445735,83128.8325304619,39.2477862000567
2023,173,429,42144,7791,645,3712773700,42144,1716496,42144,0.184866173120729,0.0153046697038724,88097.3258352316,40.7293090356872
2023,174,7277,762561,137787,25355,43011907200,762561,30143401,762561,0.180689807110513,0.0332497990324708,56404.5462592501,39.5291668469801
2023,175,4313,443219,123861,85807,10719036440,443219,13103291,443219,0.27945778497763,0.193599552365761,24184.5147432759,29.5639198680562
2023,176,5548,505049,60388,11718,26028939110,505049,20383443,505049,0.119568596314417,0.0232017091410932,51537.45301941,40.3593374108255
2023,178,11551,1122277,92492,218724,203336870880,1122277,50881302,1122277,0.0824145910501596,0.19489306116048,181182.427226077,45.3375610477627
2023,183,2281,226428,49551,76374,13517465384,226428,8165244,226428,0.218837776246754,0.337299273941385,59698.7359513841,36.0611055169855
2023,184,647,64270,8534,2843,5873144000,64270,2598964,64270,0.132783569316944,0.0442352575073907,91382.3556869457,40.438213785592
2023,185,8892,922538,204027,194800,56997855212,922538,35487434,922538,0.221158369628135,0.211156613602908,61783.7478911438,38.4671785877655
2023,186,1631,169759,31811,90810,5844913366,169759,5449565,169759,0.187389181133254,0.534934819361566,34430.6538445679,32.1017736909383
2023,187,2479,258690,54309,62505,20011796350,258690,10500893,258690,0.209938536472225,0.241621245506204,77358.2138853454,40.5925741234683
2023,188,2739,278184,59658,149374,11445474400,278184,10284681,278184,0.21445518074368,0.53696114801714,41143.5395277946,36.9707855232508
2023,189,1764,188659,49740,109196,5712917090,188659,6400411,188659,0.263650289676082,0.578800905337143,30281.709804462,33.9258185403294
2023,193,173,20621,9263,5723,480770080,20621,654248,20621,0.449202269531061,0.277532612385432,23314.586101547,31.7272683187042
2023,194,1645,172950,39649,50895,6861718930,172950,5783791,172950,0.229251228678809,0.294275802254987,39674.5818444637,33.441983232148
2023,195,3096,318444,88727,66958,19373574430,318444,12206851,318444,0.278626697315698,0.210266169247968,60838.2460652422,38.3328026277776
2023,198,216,23576,5126,2456,1746426590,23576,838540,23576,0.217424499491008,0.104173736002715,74076.4586868001,35.5675262979301
2023,199,3469,363433,110985,47823,14202571990,363433,11623792,363433,0.305379533504112,0.131586839940237,39078.9278629073,31.9833146687285
2023,203,2852,302257,83839,4222,16748470100,302257,11663013,302257,0.277376537185243,0.0139682455658595,55411.3555682747,38.5864115636693
2023,204,2071,200428,37369,12753,12041225620,200428,6613852,200428,0.186446005548127,0.0636288342946095,60077.5621170695,32.998642904185
2023,205,1745,170382,14707,2695,8517802510,170382,6850970,170382,0.0863178035238464,0.0158173985514902,49992.3848176451,40.2094704839713
2023,206,4695,474844,89106,10685,48798171590,474844,19103304,474844,0.187653208211539,0.0225021270143458,102766.743583156,40.2306947123687
2023,207,4798,510603,94175,11934,25288250740,510603,19590301,510603,0.184438790998094,0.0233723656147731,49526.2478677172,38.3669915766261
2023,208,5439,575013,169671,19529,35022247372,575013,24458241,575013,0.295073328776915,0.0339627104082864,60906.8792740338,42.5351096409994
2023,214,8277,845074,251574,18101,49902438860,845074,33626215,845074,0.297694639759358,0.0214194259910966,59050.9693352298,39.7908526353905
2023,217,1349,136955,30287,12250,7730070950,136955,5500455,136955,0.221145631776861,0.0894454382826476,56442.4150268336,40.1624986309372
2023,218,987,97471,23399,7364,6332699740,97471,4198212,97471,0.24006114639226,0.075550676611505,64970.0910014261,43.0713955945871
2023,223,718,70545,20910,1331,3978812280,70545,2853360,70545,0.296406549011269,0.0188673896094691,56401.0529449288,40.4473740165852
2023,224,606,62196,19266,1237,3522252580,62196,2537409,62196,0.309762685703261,0.019888738825648,56631.4968808284,40.7969805132163
2023,226,1762,178415,27436,6138,31945471710,178415,7135966,178415,0.153776308045848,0.0344029369727882,179051.490681837,39.9964464871227
2023,227,327,36192,5076,715,4113352800,36192,1559899,36192,0.14025198938992,0.0197557471264368,113653.647214854,43.1006576038904
2023,228,1250,128425,33312,19179,7414211600,128425,4938812,128425,0.259388748296671,0.149340081759782,57731.840373759,38.4567802219194
2023,229,24394,2501960,545187,78014,346211014130,2501960,103153117,2501960,0.217903963292778,0.0311811539752834,138375.918931558,41.2289233241139
2023,233,866,83962,20159,2593,4600251330,83962,3620553,83962,0.240096710416617,0.0308830185083728,54789.682594507,43.121328696315
2023,234,5830,607033,131861,35558,35058798010,607033,23557051,607033,0.2172221279568,0.0585767165870719,57754.3527452379,38.8068704666797
2023,243,34441,3707547,670629,534803,248964046616,3707547,158547113,3707547,0.180882130422082,0.144247126199614,67150.6110687201,42.7633454140972
2023,253,5150,561476,103423,117471,43393385360,561476,22837585,561476,0.184198434127193,0.20921820344948,77284.4883129466,40.6741962256624
2023,254,8360,874440,99799,473072,63309644106,874440,34815718,874440,0.114129042587256,0.540999954256439,72400.2151159599,39.8148735190522
2023,255,1916,210975,41721,28897,37063512176,210975,9437902,210975,0.197753288304301,0.136968835170044,175677.270652921,44.7346936840858
2023,256,879,98606,21641,10718,9213181900,98606,4087684,98606,0.219469403484575,0.108695211244752,93434.293045048,41.4547187797903
2023,258,492,47677,7263,1615,7030322500,47677,2076036,47677,0.152337605134551,0.0338737756150765,147457.316945278,43.5437632401368
2023,274,23507,2506652,480054,182830,224087643120,2506652,103382708,2506652,0.1915120248044,0.0729379267644651,89397.1892069581,41.2433429131766
2023,275,24234,2642003,836996,209339,103337800350,2642003,90387891,2642003,0.316803576680269,0.0792349592335815,39113.4303594659,34.2118805315513
2023,276,24468,2698999,863991,74340,49909104550,2698999,76700566,2698999,0.320115346467339,0.0275435448475527,18491.7091669912,28.4181528040581
2023,277,961,100765,21949,39852,3553176000,100765,3682240,100765,0.217823649084504,0.395494467324964,35262.0056567261,36.5428472187764
2023,283,247,26468,8134,5632,980947380,26468,739703,26468,0.307314492972646,0.212785250113344,37061.6359377361,27.9470681577754
2023,303,11431,1176282,153047,38083,72550368080,1176282,47931390,1176282,0.130110806762324,0.0323757398310949,61677.6998032785,40.7482134386142
2023,313,23099,2227423,321244,117596,99218291550,2227423,83034553,2227423,0.144222269411782,0.0527946420594562,44543.982687617,37.2783045698998
2023,315,269,27121,4036,2671,972577900,27121,949824,27121,0.148814571734081,0.0984845691530548,35860.694664651,35.0217174882932
2023,316,2040,227858,62221,4212,9347064820,227858,8552494,227858,0.273069192216205,0.0184851969208893,41021.4467782566,37.5343152314161
2023,317,1050,122787,44937,1967,3344954230,122787,4431555,122787,0.36597522539031,0.0160196111966251,27241.9248780408,36.0914021842703
2023,318,1576,168778,34594,19164,8143996620,168778,6565930,168778,0.204967472063895,0.113545604284919,48252.7143348067,38.9027598383676
2023,319,10988,1161717,395750,31902,34472221940,1161717,40078130,1161717,0.340659558222872,0.0274610770092888,29673.5107947977,34.4990475305087
2023,326,685,76922,22423,1425,2673842560,76922,2852073,76922,0.291503081043135,0.018525259353631,34760.439926159,37.0774680845532
2023,328,975,99379,18274,1583,6613738740,99379,3892500,99379,0.183881906640236,0.0159289185844092,66550.6670423329,39.1682347377213
2023,329,1610,134359,45605,622,2919998840,134359,3616011,134359,0.339426461941515,0.00462938842950603,21732.81164641,26.9130538333867
2023,335,1217,128156,32551,2433,5087744430,128156,4547659,128156,0.253995130934174,0.0189846749274322,39699.6194481725,35.4853381815912
2023,336,940,94252,20056,3104,4091221500,94252,3569298,94252,0.21279124050418,0.0329329881594025,43407.2645673301,37.8697322072741
2023,337,10936,1071448,142704,95054,47683575140,1071448,39764489,1071448,0.133187984857875,0.0887154579596957,44503.863127282,37.1128500869851
2023,338,1490,161895,24280,3660,8376331650,161895,6356469,161895,0.149973748417184,0.0226072454368572,51739.2856481053,39.2629111461132
2023,344,4195,441138,66364,16086,19040300690,441138,17183350,441138,0.150438184876388,0.0364647797287924,43161.7786044276,38.9523233092592
2023,346,430,49484,9993,54,2444275800,49484,1943239,49484,0.201944062727346,0.00109126182200307,49395.2752404818,39.2700468838412
2023,347,264,29893,7881,327,918936790,29893,1037133,29893,0.263640317131101,0.0109390158231024,30740.8687652628,34.6948449469776
2023,348,350,37123,7541,396,1251260890,37123,1380111,37123,0.203135522452388,0.0106672413328664,33705.8128384021,37.1767098564232
2023,354,1140,119443,17139,129,6261025990,119443,4766963,119443,0.143491037566036,0.00108001306062306,52418.5259077552,39.9099403062549
2023,355,3173,333376,42035,4660,19507857670,333376,14327958,333376,0.12608886062584,0.013978210789019,58516.0829513822,42.9783727682857
2023,356,512,53617,17707,543,1709671230,53617,1859511,53617,0.330249734226085,0.0101273849711845,31886.737974896,34.6813697148293
2023,357,4851,590283,178371,121863,18089116390,590283,21092438,590283,0.30217878543004,0.206448432362104,30644.8201794732,35.732755305506
2023,359,2704,290971,66433,15803,14090052500,290971,12176955,290971,0.228314849246145,0.0543112543861759,48424.2501830079,41.8493767420121
2023,364,5226,583097,144815,11744,22546767302,583097,22842084,583097,0.248354904930055,0.0201407313019961,38667.2668561149,39.1737292423045
2023,365,15597,1738945,592628,23598,50307716120,1738945,60097741,1738945,0.340797437526776,0.0135702969329105,28930.0214325352,34.5598860228472
2023,366,165,18235,5010,36,895730520,18235,736485,18235,0.274746366876885,0.00197422539073211,49121.4982177132,40.3885385248149
2023,368,612,62021,11913,1345,2761315840,62021,2485802,62021,0.192080101900969,0.0216862030602538,44522.2721336322,40.0800051595427
2023,373,5610,590992,95890,17469,42065583530,590992,25208168,590992,0.162252619324796,0.0295587757533097,71177.9237790021,42.6539919322089
2023,375,5486,604143,93777,16096,35865450600,604143,24719772,604143,0.155223183915066,0.026642698831237,59365.8299442351,40.9170875107384
2023,376,26376,3018876,841103,64652,126362399660,3018876,111543125,3018876,0.278614623455882,0.0214159177124201,41857.4329187419,36.9485613188485
2023,377,840,86916,9214,544,4459885000,86916,3449372,86916,0.106010400846795,0.00625891665516131,51312.5891665516,39.68627180266
2023,378,948,105286,20656,2570,4466021000,105286,4180457,105286,0.196189426894364,0.0244097030944285,42417.9947951295,39.7057253575974
2023,379,11576,1161306,265303,40771,42261826114,1161306,40781139,1161306,0.228452277005372,0.0351078871546345,36391.6367555149,35.1166178423258
2023,383,2178,215977,88299,1561,6947032310,215977,8038281,215977,0.408835200044449,0.00722762145969247,32165.6116623529,37.2182269408317
2023,384,87,8141,1807,2207,293370400,8141,291961,8141,0.22196290382017,0.271096916840683,36036.1626335831,35.8630389387053
2023,385,2602,262734,68362,7528,9522807830,262734,9445397,262734,0.260194721657646,0.0286525535332313,36245.0532858328,35.9504175325615
2023,386,308,32590,9111,1146,1956739600,32590,1275554,32590,0.279564283522553,0.035164160785517,60041.1046333231,39.1394292727831
2023,389,7129,746624,150901,25245,42161150480,746624,29124042,746624,0.202111102777302,0.0338121999828562,56469.0533387622,39.0076424009943
2023,405,9744,1199228,171439,359085,23079444260,1199228,39288063,1199228,0.142957802853169,0.299430133385812,19245.2513283546,32.7611288262115
2023,415,689,75034,11220,2276,5450887700,75034,3270090,75034,0.149532212063864,0.0303329157448623,72645.5700082629,43.5814430791375
2023,417,4102,429068,82191,1628,35608141140,429068,22768552,429068,0.19155704923229,0.00379427037206224,82989.5054863099,53.0651365284757
2023,418,10856,1161392,203819,6594,98168655340,1161392,50714382,1161392,0.175495439954813,0.0056776695551545,84526.7190922617,43.6668945541213
2023,423,3898,403499,82759,574,25051288850,403499,17982347,403499,0.205103358372635,0.00142255618973033,62085.1324290767,44.5660261859385
2023,425,349,37521,8117,152,998617460,37521,1201241,37521,0.216332187308441,0.00405106473708057,26614.8945923616,32.0151648410224
2023,426,7586,943059,276850,18554,39620861980,943059,36657035,943059,0.293565938080226,0.0196742727655428,42013.1317128621,38.8703516959172
2023,427,2195,215059,47163,1680,3281471864,215059,5427455,215059,0.219302609981447,0.0078118097824318,15258.4726237916,25.2370512278026
2023,434,3659,438939,175036,18012,14101061850,438939,14372634,438939,0.398770672006816,0.0410353147020429,32125.3337024051,32.7440350481502
2023,435,16712,1932885,815750,50849,42341999660,1932885,55744374,1932885,0.422037524218978,0.0263073074704393,21906.114259255,28.8399847895762
2023,436,25908,3005627,775441,161716,81452877870,3005627,107572702,3005627,0.257996418051874,0.053804414187123,27100.1284823433,35.7904364047834
2023,439,8965,961305,392529,23343,13900574040,961305,24391191,961305,0.408329302354612,0.0242826158191209,14460.107915802,25.3729992042068
2023,443,4187,478918,131722,8279,8703495780,478918,13216348,478918,0.27504082118442,0.0172868841847665,18173.2484057814,27.5962649138266
2023,444,10177,1147990,328590,28942,20822937100,1147990,33713788,1147990,0.286230716295438,0.0252110210019251,18138.6049530048,29.3676669657401
2023,445,2906,321160,112937,18677,11458842620,321160,11463150,321160,0.351653381492091,0.0581548137999751,35679.5448374642,35.6929567816665
2023,446,9930,1136290,388345,30214,41703573970,1136290,42343074,1136290,0.341765746420368,0.0265900430347887,36701.5233523132,37.2643198479262
2023,447,26977,3152045,715080,154118,91446595380,3152045,112612411,3152045,0.226862243400713,0.0488946065173562,29011.8305354143,35.7267776951154
2023,448,1809,212789,20133,79443,8987859880,212789,8507937,212789,0.0946148532113972,0.373341667097453,42238.3670208516,39.9829737439435
2023,453,19329,2119568,357675,200163,62408345520,2119568,74069843,2119568,0.16874900923207,0.0944357529458833,29443.8987189842,34.9457262045851
2023,454,598,67029,14488,7609,2855904940,67029,2798191,67029,0.216145250563189,0.113518029509615,42607.0050276746,41.7459756224918
2023,455,891,99142,27280,12869,4233222350,99142,4196901,99142,0.275160880353432,0.12980371588227,42698.5772931755,42.3322204514736
2023,456,377,39298,7479,2008,1978275750,39298,1608926,39298,0.190315028754644,0.0510967479261031,50340.3671942593,40.9416764211919
2023,457,916,118370,27476,70382,2186286160,118370,4627833,118370,0.232119624904959,0.59459322463462,18469.9346118104,39.0963335304554
2023,458,10273,1153289,245528,539837,25463884936,1153289,40302096,1153289,0.212893732620358,0.468084755859113,22079.3616656363,34.9453571481216
2023,459,3270,330852,108630,14550,8669394930,330852,9770786,330852,0.3283341191832,0.0439773675238475,26203.2417213739,29.5321956645267
2023,461,889,77302,37971,11374,1448765272,77302,2120375,77302,0.491203332384673,0.147137202142247,18741.6272800186,27.4297560218364
2023,462,405,43303,13315,336,615247940,43303,967473,43303,0.30748446989816,0.00775927764819989,14207.9749670924,22.3419393575503
2023,463,1642,179674,29967,1662,9671894550,179674,6468387,179674,0.166785400224852,0.00925008626735087,53830.2400458608,36.0006845731714
2023,464,701,84210,22817,979,2997926610,84210,3172255,84210,0.270953568459803,0.0116256976606104,35600.6009975062,37.6707635672723
2023,465,4175,448482,94802,7059,22406665280,448482,17233733,448482,0.211384180413038,0.0157397621309216,49961.125039578,38.4268108865016
2023,468,9137,950735,331922,249660,16569401954,950735,30296318,950735,0.349121469179109,0.262596832976592,17427.9919788374,31.8662066716803
2023,469,5815,643568,159467,123354,11533242810,643568,17231903,643568,0.247785781766651,0.191672053302837,17920.7835224871,26.7755746090545
2023,473,6208,460741,72045,317973,16504983272,460741,23372604,460741,0.156367677285069,0.690133936419811,35822.6927319253,50.7282920339193
2023,479,7336,717248,187688,73977,20576003754,717248,29201851,717248,0.261677969126439,0.103140057553315,28687.4327345632,40.7137433635228
2023,485,1320,149466,19226,63639,7066857150,149466,6563758,149466,0.128631260621145,0.425775761711694,47280.7002930432,43.9147230808344
2023,486,9792,1150282,248964,315543,29536154998,1150282,43683735,1150282,0.216437360577667,0.274317949859252,25677.3165171671,37.9765440126856
2023,487,3251,343390,142319,89419,7379014980,343390,11211863,343390,0.414452954366755,0.260400710562334,21488.7299571915,32.6505227292583
2023,488,449,53463,12325,490,1407327900,53463,2060214,53463,0.230533265997045,0.00916521706600827,26323.3993603053,38.5353234947534
2023,489,102,9786,1541,595,514724500,9786,415647,9786,0.157469854894748,0.0608011444921316,52598.0482321684,42.4736358062538
2023,496,1151,112506,20535,18868,5154991360,112506,4889756,112506,0.1825235987414,0.167706611202958,45819.701704798,43.4621797948554
2023,498,285,28830,4997,17274,1218928300,28830,1364108,28830,0.173326396115158,0.599167533818939,42279.8577870274,47.315574054804
2023,503,2373,243996,20251,5941,18526158810,243996,11003924,243996,0.0829972622502008,0.0243487598157347,75928.1250922146,45.0987885047296
2023,505,7738,838404,222027,138501,37055009330,838404,34919505,838404,0.2648210170753,0.165196015286187,44197.0807987557,41.6499742367641
2023,507,2946,299096,74136,24870,16259175980,299096,12889024,299096,0.247866905608902,0.0831505603552037,54361.0612646107,43.0932677133763
2023,508,1429,153312,30593,4011,11452237050,153312,6401680,153312,0.199547328323941,0.0261623356293049,74698.8953897934,41.7558964725527
2023,509,413,38804,8511,7550,1401543600,38804,1575675,38804,0.219333058447583,0.194567570353572,36118.5341717349,40.6059942273992
2023,514,1203,128471,22696,20325,6385003664,128471,5327927,128471,0.176662437437243,0.158206910508986,49699.960800492,41.471826326564
2023,516,2381,246213,64946,15242,12396687610,246213,10363202,246213,0.263779735432329,0.0619057482748677,50349.4438149082,42.0903932773655
2023,518,3510,350521,65184,11158,21689684480,350521,15504089,350521,0.185963180522708,0.0318326148789944,61878.4166426548,44.2315553133764
2023,519,217,20124,5223,263,1159301200,20124,886958,20124,0.259540846750149,0.013068972371298,57607.8910753329,44.0746372490559
2023,523,591,66575,16333,5078,4004360420,66575,2801564,66575,0.24533233195644,0.0762748779571911,60148.1099511829,42.0813218174991
2023,525,1198,129570,28661,8923,6627690190,129570,5151691,129570,0.221200895268967,0.0688662499035271,51151.4254071158,39.7599058424018
2023,526,341,40968,6678,11612,1771834640,40968,1678697,40968,0.163005272407733,0.283440734231595,43249.2345245069,40.975810388596
2023,527,2324,242022,47868,13236,15011254020,242022,10195792,242022,0.197783672558693,0.0546892431266579,62024.3367131914,42.1275421242697
2023,533,143,16496,4364,298,1203435200,16496,717372,16496,0.26454898157129,0.0180649854510184,72953.1522793405,43.4876333656644
2023,534,4155,459748,116966,65428,24439772230,459748,19052295,459748,0.254413287279118,0.142312745243046,53159.0615511106,41.4407349243499
2023,535,926,89524,13070,25337,4305664100,89524,3532940,89524,0.145994370224744,0.283019078682811,48095.0817657835,39.4636075242393
2023,536,249,26205,4743,8702,1076513230,26205,1047500,26205,0.180995993131082,0.332074031673345,41080.4514405648,39.9732875405457
2023,539,266,28819,8394,2593,1576784500,28819,1256571,28819,0.291266178562754,0.0899753634754849,54713.3661820327,43.602172178077
2023,543,304,33280,5530,255,3164226400,33280,1379582,33280,0.166165865384615,0.00766225961538462,95078.9182692308,41.4537860576923
2023,544,472,41103,7509,1173,3175826600,41103,1951517,41103,0.182687395080651,0.0285380629151157,77265.0804077561,47.4786998515923
2023,549,9607,1001853,176268,74894,52930435530,1001853,41837853,1001853,0.175941979511964,0.0747554780990824,52832.5368392369,41.7604708475196
2023,558,5777,625793,84891,108537,43209171308,625793,28239363,625793,0.135653482860946,0.173439140418637,69047.0671739697,45.125725279765
2023,563,1894,238018,39628,69922,9183754340,238018,9609905,238018,0.166491609878245,0.29376769824131,38584.2849700443,40.3746985522103
2023,567,9649,1104170,212371,342400,41884554620,1104170,44495445,1104170,0.192335419364772,0.310097177065126,37933.0670277222,40.2976398561816
2023,573,902,120124,20903,28847,4328282100,120124,4865614,120124,0.174011854417102,0.240143518364357,36031.7846558556,40.5049282408178
2023,575,9272,1006203,240899,109708,61539899222,1006203,42272029,1006203,0.239413915482264,0.109031676510605,61160.5205132563,42.0114320867658
2023,577,1498,150705,39909,3642,13850288340,150705,6772554,150705,0.264815367771474,0.02416641783617,91903.3100427988,44.9391460137355
2023,579,4116,546143,94568,177739,16301358340,546143,21571700,546143,0.173156114790449,0.325444068677984,29848.1502829845,39.4982632753693
2023,584,175,23055,4797,5582,875662950,23055,887333,23055,0.208067664281067,0.242116677510301,37981.4769030579,38.4876599436131
2023,585,5937,662385,152408,89431,37347315180,662385,27948636,662385,0.23008975142855,0.135013625006605,56383.093185987,42.1939446092529
2023,588,408,47418,9667,9478,1901715500,47418,1925904,47418,0.203867729554178,0.199881901387659,40105.3502889198,40.6154624826015
2023,589,376,46128,8473,5798,2213424320,46128,1884922,46128,0.183684530003469,0.125693721817551,47984.3981963233,40.8628598681929
2023,593,616,70990,15111,4531,3627998100,70990,2942063,70990,0.212860966333286,0.0638258909705592,51105.7627834906,41.4433441329765
2023,595,1435,205113,53379,39929,7872417040,205113,8224026,205113,0.260241915431981,0.194668304788092,38380.8780525857,40.0950987991985
2023,596,1270,139239,31534,13397,7229984550,139239,5845573,139239,0.226473904581331,0.0962158590624753,51924.9962295047,41.9822966266635
2023,597,800,86134,19843,5659,4823983800,86134,3685818,86134,0.230373603919474,0.0656999558826944,56005.5703903221,42.7916734390601
2023,598,319,27511,4675,1608,1689292200,27511,1362046,27511,0.169932027189124,0.0584493475337138,61404.2455744975,49.5091417978263
2023,599,825,100726,30261,13394,4263863780,100726,4113222,100726,0.300428886285567,0.132974604372257,42331.3124714572,40.8357524373052
2023,614,304,32405,6265,1500,2879682400,32405,1938681,32405,0.193334361981176,0.0462891529085018,88865.3726276809,59.8266008332048
2023,615,88,8859,1698,114,580544400,8859,392363,8859,0.191669488655604,0.0128682695563833,65531.5949881477,44.2897618241337
2023,616,447,42196,8844,1291,3389019200,42196,2161911,42196,0.209593326381648,0.0305953170916675,80316.1247511613,51.2349748791355
2023,617,500,59221,17442,3577,3497145600,59221,3247330,59221,0.294523901994225,0.0604008713125412,59052.4577430304,54.8340960132386
2023,628,7490,773162,102383,17243,52104332970,773162,34044906,773162,0.132421148478585,0.0223019237882876,67391.2232753291,44.0333410074473
2023,634,487,44958,4079,2984,2908391100,44958,1969660,44958,0.0907291249610748,0.0663730592997909,64691.2918724143,43.8111125939766
2023,637,3251,313926,51206,14446,17320142900,313926,13650424,313926,0.163114874206023,0.0460172142479438,55172.693246179,43.4829354688685
2023,643,132,14567,3744,53,979541900,14567,682430,14567,0.257019290176426,0.00363836067824535,67243.9005972403,46.8476693897165
2023,649,90,8615,2513,2157,371999500,8615,334299,8615,0.291700522344748,0.25037724898433,43180.4410911201,38.8042948345908
2023,657,438,45217,8550,10619,1700645880,45217,1845131,45217,0.189088174801513,0.234845301545879,37610.7632085278,40.8061348607825
2023,658,75,9175,1561,3085,274273900,9175,330378,9175,0.170136239782016,0.336239782016349,29893.6130790191,36.0085013623978
2023,666,474,47205,4477,16728,1366732870,47205,1631584,47205,0.0948416481304947,0.354369240546552,28953.1378031988,34.5637962080288
2023,668,209,24624,4075,6147,835655660,24624,967940,24624,0.165488953866147,0.249634502923977,33936.633365822,39.3088044184535
2023,669,93,8958,501,2801,232696500,8958,375798,8958,0.0559276624246484,0.312681402098683,25976.3898191561,41.9511051574012
2023,675,201,21350,5050,3777,784961920,21350,821815,21350,0.236533957845433,0.176908665105386,36766.3662763466,38.4925058548009
2023,677,625,65455,14852,5221,2890341050,65455,2452255,65455,0.226903979833473,0.0797647238560843,44157.6816133221,37.4647467725919
2023,678,8828,949640,341157,23833,36586291750,949640,34557041,949640,0.359248767954172,0.025096878817236,38526.4855629502,36.3896223832189
2023,679,97,10135,1083,245,411389000,10135,401254,10135,0.106857424765664,0.024173655648742,40590.9225456339,39.5909225456339
2023,686,1872,210521,50391,5813,7742780140,210521,8392048,210521,0.239363293923172,0.0276124472142922,36779.134338142,39.8632345466723
2023,687,2105,230668,68824,28881,5906720550,230668,8207084,230668,0.298368217524754,0.125205923665181,25607.0219969827,35.5796382679869
2023,688,753,82989,19108,4858,2435258370,82989,3043673,82989,0.230247382183181,0.0585378785140199,29344.3512995698,36.6756196604369
2023,694,1072,107223,20802,1495,6598245290,107223,4640637,107223,0.194006882851627,0.0139429040411106,61537.5925874113,43.2802383816905
2023,695,481,41891,5177,367,4510476900,41891,1952086,41891,0.123582631114082,0.00876083168222291,107671.740946743,46.5991740469313
2023,696,793,86216,12637,1866,7015166200,86216,3719790,86216,0.146573721814976,0.0216433144659924,81367.3355293681,43.1450078871671
2023,699,451,43990,8883,871,3477923500,43990,2076928,43990,0.201932257331212,0.0197999545351216,79061.684473744,47.2136394635144
2023,703,99,9451,2523,61,455642600,9451,398429,9451,0.266955877684901,0.00645434345571897,48211.0464501111,42.1573378478468
2023,706,609,60395,14922,1126,2509113410,60395,2471150,60395,0.247073433231228,0.0186439274774402,41545.0519082706,40.9164665949168
2023,709,368,39916,8806,1442,1602801580,39916,1658905,39916,0.2206132879046,0.0361258643150616,40154.3636636938,41.5599007916625
2023,719,323,33932,7581,2066,1729604100,33932,1449324,33932,0.223417423081457,0.060886478840033,50972.654131793,42.7126016739361
2023,726,3194,349631,72935,6767,15887839360,349631,14889279,349631,0.208605644236352,0.0193546910886048,45441.7353152324,42.585694632341
2023,727,261,23167,4984,2297,827996280,23167,967342,23167,0.215133595200069,0.0991496525229853,35740.3323693184,41.7551689903742
2023,729,167,14880,5025,367,565607400,14880,594471,14880,0.337701612903226,0.0246639784946237,38011.25,39.9510080645161
2023,733,278,25261,5296,8733,991923100,25261,1016911,25261,0.209651241043506,0.345710779462412,39266.9767625985,40.2561656308143
2023,736,1370,143235,27048,11122,5809194000,143235,5731679,143235,0.188836527385067,0.0776486194016826,40557.0845114672,40.0159109156282
2023,738,168,17617,2867,1198,562493400,17617,691397,17617,0.162740534710791,0.0680024975875575,31929.0117500142,39.2460123744111
2023,744,981,101562,13397,11616,3017321740,101562,3866025,101562,0.131909572477895,0.114373486146393,29709.1603158662,38.0656643232705
2023,747,204,21863,3483,771,758981230,21863,877955,21863,0.159310250194392,0.035265059689887,34715.328637424,40.157114760097
2023,748,935,115719,16567,9871,2785801930,115719,3979741,115719,0.143165772258661,0.085301463026815,24073.8507073169,34.3914223247695
2023,749,139,13766,3226,1557,481105200,13766,535181,13766,0.23434548888566,0.113104750835392,34948.8013947407,38.877015836118
2023,753,79,7703,2040,714,300386400,7703,305874,7703,0.264831883681683,0.0926911592885889,38996.0275217448,39.7084252888485
2023,754,2011,235266,52478,2306,8294227110,235266,9373657,235266,0.223058155449576,0.00980167129972032,35254.6781515391,39.8428034650141
2023,755,476,48255,11431,1073,2211528880,48255,2025639,48255,0.23688736918454,0.0222360377162988,45830.0462128277,41.9778054087659
2023,756,768,82864,18794,3106,4436888000,82864,3492392,82864,0.226805367831628,0.0374831048464955,53544.2170303147,42.1460706700135
2023,757,745,79702,17458,3754,5457835700,79702,3354697,79702,0.219040927454769,0.0471004491731701,68478.0269002033,42.0904996110512
2023,759,1226,141883,29898,14384,6365356370,141883,5839821,141883,0.210722919588675,0.101379305484096,44863.4182389716,41.1594130375027
2023,763,119,14139,2574,1994,540442840,14139,555342,14139,0.182049649904519,0.141028361270245,38223.5547068392,39.2773180564396
2023,765,126,13422,2491,309,638791320,13422,536383,13422,0.185590821040083,0.0230219043361645,47592.8565042468,39.9629712412457
2023,766,314,31041,5865,1334,1660973280,31041,1310179,31041,0.188943655165749,0.0429754196063271,53509.0132405528,42.2080152056957
2023,769,644,64354,15947,3777,2256933120,64354,2516825,64354,0.247801224477111,0.0586909904590235,35070.5957671629,39.1090685893651
2023,774,322,33182,8091,2049,2712966700,33182,1330535,33182,0.243837020071123,0.0617503465734434,81760.1922729191,40.0980953529022
2023,779,14056,1577736,357328,39364,69762351080,1577736,64748075,1577736,0.22648148993241,0.0249496747237814,44216.7454377665,41.038598979804
2023,783,5412,567304,160126,48037,27623857500,567304,24479791,567304,0.282257837067957,0.0846759409417173,48693.2182745054,43.1510988817283
2023,785,9930,1106605,276891,26667,44481285562,1106605,44967445,1106605,0.250216653638832,0.024098029558876,40196.1725837132,40.6354977611704
2023,799,7389,786320,174587,17605,40052850750,786320,32571993,786320,0.222030471055041,0.022389103672805,50937.0876360769,41.4233301963577
2023,803,2670,307058,53086,9116,17845032640,307058,13377612,307058,0.172885904291697,0.0296882022288949,58116.162549095,43.5670524786848
2023,804,36479,4200057,739067,522165,198371077312,4200057,184698900,4200057,0.175965945224077,0.124323312755041,47230.5678975309,43.9753317633546
2023,808,3810,404526,22532,9154,15769498490,404526,14848067,404526,0.055699757246753,0.0226289533923654,38982.6574558866,36.7048520985054
2023,809,4421,570076,68597,207981,14717907662,570076,21982972,570076,0.120329570092409,0.364830303327977,25817.4483086466,38.5614760137245
2023,813,442,55315,18838,1423,1567941960,55315,1911396,55315,0.340558618819488,0.0257253909427822,28345.6921269095,34.5547500677936
2023,823,423,45560,8610,461,3578640800,45560,2183471,45560,0.188981562774363,0.0101185250219491,78547.8665496049,47.9251755926251
2023,824,607,62942,5120,602,5465126800,62942,3041708,62942,0.0813447300689524,0.00956436084013854,86827.9813161323,48.3255695719869
2023,829,640,61750,15457,5089,4152160300,61750,3211062,61750,0.250315789473684,0.0824129554655871,67241.4623481781,52.001004048583
2023,844,3746,370172,79511,25457,21519056000,370172,16573768,370172,0.214794744064921,0.0687707336049188,58132.5870136045,44.7731541013367
2023,848,834,87431,12708,8356,6111246950,87431,4111346,87431,0.145348903706923,0.0955725086067871,69897.9418055381,47.0238931271517
2023,859,276,26867,4114,2864,1919831300,26867,1318070,26867,0.15312465105892,0.106599173707522,71456.8541333234,49.0590687460453
2023,865,216,25755,6915,1780,713709920,25755,967080,25755,0.268491555037857,0.0691127936323044,27711.5092215104,37.5492137449039
2023,866,355,44810,17214,2405,1377473056,44810,1730519,44810,0.384155322472662,0.0536710555679536,30740.3047534033,38.61903592948
2023,869,15457,1907795,427825,406792,69632855840,1907795,76270765,1907795,0.224251033260911,0.213226263828137,36499.1290154341,39.978490875592
2023,874,608,67883,18914,3364,1773708910,67883,2236958,67883,0.278626460233048,0.0495558534537366,26128.9116568213,32.9531399614042
2023,875,885,104574,22931,10647,4062346040,104574,3979983,104574,0.219280126991413,0.101813070170406,38846.616176105,38.0590108439956
2023,878,271,30045,8934,487,1009132100,30045,1161470,30045,0.29735396904643,0.0162090198036279,33587.3556332168,38.657680146447
2023,883,387,42508,7303,1360,2334209870,42508,1754489,42508,0.171802954737932,0.0319939776042157,54912.2487531759,41.2743248329726
2023,885,974,107544,46120,4076,3181982100,107544,3992918,107544,0.428847727441791,0.0379007661980213,29587.7231644722,37.1282265863275
2023,887,3161,379534,110624,41267,9988689020,379534,13566466,379534,0.291473227695016,0.108730706603361,26318.2982815769,35.745061048549
2023,888,4180,532305,164903,8568,15087773900,532305,19669797,532305,0.30979043969153,0.0160960351678079,28344.227275716,36.9521176768958
2023,889,21983,2482643,761574,68453,82505532444,2482643,90921055,2482643,0.306759368946723,0.0275726312643421,33232.9426518432,36.6226859842515
2023,905,13997,1298353,644827,0,76720610550,1298353,59781122,1298353,0.496649986559896,0,59090.7176630701,46.0438124300556
2024,4,15168,1447206,44010,349672,301969868030,1447206,67261031,1447206,0.0304103216819167,0.241618677645062,208657.142127658,46.4764732871478
2024,7,14149,1456000,164443,42819,182436117440,1456000,62622981,1456000,0.112941620879121,0.0294086538461538,125299.531208791,43.0102891483516
2024,8,3608,376814,30964,10030,42740396060,376814,16207670,376814,0.0821731676636219,0.0266179069779785,113425.71151815,43.0123880747531
2024,13,14981,1580796,289081,89278,187178593710,1580796,67533332,1580796,0.182870528518544,0.0564766105177392,118407.810818094,42.7210924116711
2024,14,10141,1006644,86341,35057,88446035458,1006644,43133525,1006644,0.085771136568638,0.0348256185900875,87862.2784797803,42.8488373248139
2024,15,7571,804081,65043,34989,79884828900,804081,34349986,804081,0.0808911042544221,0.0435142728157984,99349.23086107,42.7195593478767
2024,17,8891,1061170,252186,203608,57087998018,1061170,45405604,1061170,0.237649010054939,0.191871236465411,53797.2219512425,42.7882469349869
2024,18,5040,563729,73150,114427,41453978938,563729,22652672,563729,0.129760931227593,0.202982284040736,73535.2961050434,40.1836201437215
2024,19,352,33608,6524,4978,2284218200,33608,1464101,33608,0.194120447512497,0.148119495358248,67966.5020233278,43.5640621280648
2024,21,6539,687079,122793,35319,51154631790,687079,27720499,687079,0.178717440061478,0.0514045691980107,74452.3290480425,40.3454318935668
2024,22,93143,9711363,1037504,1238616,1068586931004,9711363,422434345,9711363,0.106834025254745,0.127542961786106,110034.701720449,43.498975890408
2024,23,16278,1656386,292830,121401,160525847650,1656386,68378148,1656386,0.176788502196952,0.0732926986825535,96913.3086430337,41.2815297883464
2024,24,1199,121655,17633,1504,12304069500,121655,4989279,121655,0.14494266573507,0.0123628293123998,101139.03661995,41.0117052320086
2024,25,13695,1442514,288367,133483,178903219306,1442514,60873472,1442514,0.199905858799291,0.0925349771302046,124021.825303602,42.1995710266937
2024,26,9888,1034020,174117,228868,115865333420,1034020,43169919,1034020,0.168388425755788,0.221338078567146,112053.280806948,41.7495976866985
2024,27,11437,1229289,207112,31161,101977403410,1229289,50233336,1229289,0.168481130149216,0.0253487991839185,82956.4109090702,40.8637317994385
2024,28,86,9159,2518,828,630800600,9159,381795,9159,0.274920842886778,0.0904028824107435,68872.2131237035,41.6852276449394
2024,29,1821,196607,44911,13950,10651232870,196607,7590636,196607,0.228430320385337,0.0709537300299582,54175.2474225231,38.6081675627012
2024,33,5434,556084,62464,11091,49573228700,556084,23163860,556084,0.112328353270369,0.0199448284791506,89147.0150193137,41.6553254544278
2024,34,504,51322,8176,13089,5554136220,51322,2182921,51322,0.159307899146565,0.255036826312303,108221.351856903,42.5338256498188
2024,35,970,99395,10369,13323,6510052170,99395,4055031,99395,0.104321142914634,0.134040947733789,65496.7772020725,40.7971326525479
2024,36,3609,361345,42984,4261,34305338400,361345,15025819,361345,0.118955568777761,0.0117920546845812,94937.9080933734,41.583027300779
2024,37,6695,716103,140251,28943,56710180850,716103,28394695,716103,0.195853110516225,0.0404173701269231,79192.7709421689,39.6516911673321
2024,43,2712,276811,41132,42904,31096612880,276811,11639306,276811,0.148592360852712,0.154993840562694,112338.790293738,42.0478449194577
2024,44,1768,176358,42936,1834,22611304800,176358,7419645,176358,0.243459327050658,0.0103993014209732,128212.526792093,42.0714966148403
2024,45,537,55275,13782,516,5576149600,55275,2359022,55275,0.249335142469471,0.00933514246947083,100880.137494346,42.6779194934419
2024,47,243,27939,3476,626,4380908000,27939,1299314,27939,0.124413901714449,0.022405955832349,156802.605676653,46.5053867353878
2024,48,824,86047,27169,1129,10868731500,86047,3663460,86047,0.315746045765686,0.0131207363417667,126311.568096505,42.5751043034621
2024,53,4874,516475,147204,28958,55142203000,516475,21671807,516475,0.285016699743453,0.0560685415557384,106766.451425529,41.960999080304
2024,55,3288,337438,71823,10794,43450264920,337438,14059722,337438,0.212847989852951,0.0319880985544011,128765.180329423,41.6660897705653
2024,56,2989,304554,71751,3410,31133408210,304554,12906546,304554,0.235593687818909,0.0111967007492924,102226.233147488,42.3785141551252
2024,57,3534,366847,106154,7113,39142054400,366847,15518458,366847,0.289368592355941,0.0193895547735159,106698.581152361,42.3022622510202
2024,59,7464,758612,173328,15916,93473101350,758612,31917363,758612,0.22848043532135,0.0209804221393809,123215.954071383,42.0733695222327
2024,64,29460,3149032,603229,113704,295148746670,3149032,128352905,3149032,0.191560136575303,0.0361076038604879,93726.8172155761,40.7594794209776
2024,65,3846,408903,72773,10327,33848312900,408903,16821231,408903,0.177971303707725,0.0252553784149297,82778.3432745664,41.1374604735108
2024,66,436,42521,13005,921,7047317000,42521,1778408,42521,0.305848874673691,0.0216598857035347,165737.329789986,41.8242280285036
2024,68,4184,435764,120091,4905,49666091220,435764,17846347,435764,0.275587244471778,0.0112560927474505,113974.746009308,40.9541563782231
2024,69,194,18810,3649,622,2558083000,18810,779951,18810,0.193992557150452,0.0330675172780436,135995.906432749,41.4646996278575
2024,73,905,89859,24229,2186,8871590000,89859,3754300,89859,0.269633536985722,0.0243270011907544,98727.8959258394,41.7798996205166
2024,74,125,11717,2896,277,1104486900,11717,485700,11717,0.247162242894939,0.0236408637023129,94263.6255014082,41.4525902534779
2024,75,1024,101062,23230,3158,9819171400,101062,4144539,101062,0.229858898497952,0.0312481447032515,97159.8761156518,41.0098652312442
2024,76,4056,413557,93372,8256,42975792100,413557,16986670,413557,0.225777825064018,0.0199633907780548,103917.457811136,41.0745556235295
2024,77,314,27990,5675,2390,2141028700,27990,1214411,27990,0.202750982493748,0.0853876384423008,76492.6295105395,43.3873168988925
2024,78,1124,108736,23741,2134,9047052250,108736,4400643,108736,0.218336153619776,0.0196255150088287,83201.9961190406,40.4708928045909
2024,79,362,30062,8351,1623,2027034200,30062,1233909,30062,0.277792562038454,0.0539884239238906,67428.4545273102,41.0454726897745
2024,83,1595,169129,37152,1420,17252270700,169129,7148693,169129,0.219666644986963,0.00839595811481177,102006.579001827,42.2676950729916
2024,84,9447,940335,70815,120754,251926481610,940335,47010769,940335,0.0753082677981783,0.128415936873561,267911.416261226,49.9936395008162
2024,85,1742,173612,11077,80091,32677650580,173612,6639791,173612,0.0638031933276502,0.461321798032394,188222.303642605,38.2450003455982
2024,86,1079,100852,14614,21736,12964492050,100852,4263283,100852,0.144905405941379,0.215523737754333,128549.677249831,42.2726668781978
2024,87,484,46672,4163,16539,5978647400,46672,1774631,46672,0.0891969489201234,0.354366643812136,128099.232944806,38.0234616043881
2024,88,103,10310,112,3777,1628437000,10310,450728,10310,0.0108632395732299,0.366343355965082,157947.332686712,43.717555771096
2024,89,937,93033,7682,60380,6015072000,93033,3431379,93033,0.0825728504939108,0.64901701546763,64655.2513624198,36.8834607074909
2024,95,37431,3862030,675739,64616,330285531890,3862030,146927463,3862030,0.174969899249876,0.0167310973762503,85521.223783865,38.0441019360285
2024,96,3625,370655,59106,11465,44166769710,370655,14172125,370655,0.159463652183297,0.0309317289662894,119158.704752398,38.2353536307348
2024,97,1032,105276,21927,9564,6220754320,105276,3916825,105276,0.208281089707056,0.0908469166761655,59089.9570652381,37.2052984535887
2024,98,1159,130492,17911,1002,9749942840,130492,4891708,130492,0.137257456395794,0.00767863164025381,74716.7860098703,37.4866505226374
2024,99,2091,204046,40948,11935,13292608550,204046,7354223,204046,0.200680238769689,0.0584917126530292,65145.1562392794,36.0419856306911
2024,103,4491,437820,95547,31451,29473483710,437820,16117303,437820,0.218233520624914,0.0718354574939473,67318.7239276415,36.8126239093691
2024,104,2470,240099,56588,19428,16571209460,240099,8795522,240099,0.235686112811798,0.080916621893469,69018.2360609582,36.6328972632123
2024,105,2727,290665,68569,57534,15163611860,290665,10398859,290665,0.235903875595617,0.19793920836702,52168.688558994,35.7760961932121
2024,106,1718,177312,34461,5746,22791745200,177312,7207049,177312,0.194352328099621,0.0324061541238044,128540.342447212,40.6461435210251
2024,154,12578,1210990,213362,11463,96902615160,1210990,46955948,1210990,0.176188077523349,0.00946580896621772,80019.3355519038,38.7748437229044
2024,155,7931,822581,226089,25701,29003153240,822581,30359945,822581,0.274853175553532,0.0312443394632261,35258.7201017286,36.9081525102087
2024,156,31328,3121740,538267,25722,183615780980,3121740,124539683,3121740,0.172425314087656,0.00823963558784524,58818.409278159,39.8943163107754
2024,157,12944,1222562,194859,8890,80236815720,1222562,50538711,1222562,0.159385781661789,0.00727161485470676,65630.0586146142,41.3383623898011
2024,158,4385,426099,71746,3074,25916202700,426099,17053562,426099,0.168378710111969,0.00721428588191946,60822.0218775449,40.0225346691731
2024,159,26521,2673007,791708,169712,84737178320,2673007,85648722,2673007,0.296186280095787,0.0634910421110008,31701.0686167302,32.0420866836488
2024,163,9786,1034370,202498,118842,55230945940,1034370,38416995,1034370,0.19576940553187,0.114893123350445,53395.7345437319,37.1404768119725
2024,164,2075,190274,24750,973,10557347260,190274,6982162,190274,0.130075575223099,0.00511367816937679,55484.9704110914,36.6953025636713
2024,165,940,89215,14864,3513,5421749660,89215,3419701,89215,0.166608754133274,0.0393767864148406,60771.7274001009,38.3310093594127
2024,166,5152,542800,163695,61445,52431697040,542800,21605988,542800,0.301575165806927,0.113200073691968,96594.8729550479,39.8046941783346
2024,167,2314,231227,22329,67608,18100548520,231227,8744841,231227,0.0965674423834587,0.292387999671319,78280.4279777016,37.8192901348026
2024,169,537,56024,12251,4592,4537123380,56024,2221018,56024,0.218674139654434,0.0819648721976296,80985.3523489933,39.6440454091104
2024,173,430,39909,6528,1229,4007428980,39909,1657543,39909,0.163572126587988,0.030795058758676,100414.166729309,41.5330627176827
2024,174,7277,793738,141631,26122,47319978490,793738,31538828,793738,0.178435453512368,0.0329101038377903,59616.6222229502,39.7345572468497
2024,175,4290,442623,116931,87731,11558483220,442623,12976379,442623,0.264177415091398,0.198207052051068,26113.6073362659,29.3170011499628
2024,176,5829,520596,69066,13757,25892959980,520596,20880222,520596,0.132667173777747,0.0264254815634388,49737.1473849204,40.108302791416
2024,178,11478,1116017,100381,216643,206488257404,1116017,50210577,1116017,0.0899457624749444,0.194121594921941,185022.501811352,44.9908711068021
2024,183,2246,223966,40837,74369,13218313020,223966,8138679,223966,0.182335711670521,0.332054865470652,59019.2842663619,36.3389041193753
2024,184,531,50715,7136,1944,4720329280,50715,2058937,50715,0.14070787735384,0.0383318544809228,93075.6044562753,40.5981859410431
2024,185,8983,930228,205451,203024,59416343850,930228,35498396,930228,0.220860907218445,0.21825186943416,63872.8826158748,38.1609626887172
2024,186,1640,173825,36498,91387,6497071090,173825,5477264,173825,0.209969797209837,0.525741406587085,37377.0809147131,31.5102200488998
2024,187,2487,255446,55348,60691,21030447440,255446,10266708,255446,0.216672016786327,0.237588374842432,82328.3490052692,40.1913046201546
2024,188,2860,290355,54669,153029,12838605738,290355,10772459,290355,0.188283308363899,0.527041035973205,44216.9266518572,37.100993611269
2024,189,1794,191422,48608,116595,5699939660,191422,6493980,191422,0.253931105097638,0.609099267586798,29776.8263835923,33.9249407069198
2024,193,159,20993,12836,4253,787243860,20993,647523,20993,0.611441909207831,0.202591339970466,37500.3029581289,30.8447101414757
2024,194,1670,188176,40129,61712,9241556488,188176,6322325,188176,0.213252487033416,0.327948303715671,49111.2388827481,33.5979349119973
2024,195,2981,298219,83890,62203,18523239450,298219,11263984,298219,0.281303337480174,0.208581612841569,62112.8749341927,37.7708462572807
2024,198,212,21428,4409,3207,1643634530,21428,816393,21428,0.205758820235206,0.149663991039761,76704.9901997387,38.0993559828262
2024,199,3821,394100,111261,60216,16904970140,394100,11992533,394100,0.282316670895712,0.152793707180919,42895.1284953058,30.4301776198934
2024,203,2847,305186,84836,3869,17684927060,305186,11946757,305186,0.277981296651878,0.0126775146959559,57948.0286120595,39.1458225475612
2024,204,2104,213519,39425,11081,13524110340,213519,7004132,213519,0.184643989527864,0.0518970208740206,63339.1423714049,32.8033196109011
2024,205,1723,179191,18812,3986,8939532270,179191,7072964,179191,0.104982951152681,0.022244420757739,49888.2883068904,39.4716475715856
2024,206,4791,488111,95537,14013,48424061680,488111,19372908,488111,0.195728020880496,0.0287086338967981,99207.069047819,39.6895542202491
2024,207,4927,547997,104700,12459,28318235880,547997,21024344,547997,0.191059440106424,0.022735525924412,51675.8958169479,38.3658012726347
2024,208,5957,638470,194964,17289,40577807900,638470,26793785,638470,0.305361254248438,0.0270787977508732,63554.7604429339,41.9656131063323
2024,214,8504,894971,274409,19625,56790716810,894971,35793699,894971,0.306612169556332,0.0219280848206255,63455.3709673274,39.994255679793
2024,217,1358,135165,31263,9760,8606518320,135165,5387053,135165,0.231295083786483,0.072208042022713,63674.1635778493,39.8553841601006
2024,218,998,102338,21225,7610,6982914220,102338,4318756,102338,0.207400965428287,0.0743614297719322,68233.8351345541,42.2009028904219
2024,223,799,80350,30069,3592,4297514420,80350,3242293,80350,0.374225264467953,0.044704418170504,53484.9336652147,40.352121966397
2024,224,564,58365,17293,463,3868110800,58365,2402967,58365,0.29629058511094,0.00793283646020732,66274.4932750792,41.1713698278078
2024,226,1940,193047,30108,5584,37816195800,193047,7730347,193047,0.155962019611804,0.028925598429398,195891.134283361,40.0438597854409
2024,227,344,37747,7055,341,4487197100,37747,1578776,37747,0.186902270379103,0.00903383050308634,118875.595411556,41.8252046520253
2024,228,1243,135050,35615,21029,7988781150,135050,5294169,135050,0.263717141799334,0.15571269900037,59154.2476860422,39.2015475749722
2024,229,24511,2601622,575027,77585,378794163100,2601622,106754453,2601622,0.221026344334419,0.0298217804123735,145599.231210376,41.0338062178134
2024,233,766,74698,16172,1852,4301607930,74698,3170817,74698,0.216498433693004,0.0247931671530697,57586.6546627754,42.448485903237
2024,234,5781,608558,132564,34594,37307332910,608558,23693789,608558,0.217832975657209,0.0568458552841307,61304.4819228406,38.9343152172841
2024,243,33805,3689098,676963,514761,252858748458,3689098,156481535,3689098,0.183503664039285,0.139535734751422,68542.1608366056,42.4172887247777
2024,253,5297,556954,92032,119170,44549842608,556954,22616048,556954,0.165241653709283,0.213967401257555,79988.3699695128,40.6066712870363
2024,254,8221,876482,100819,471028,62792813430,876482,35298718,876482,0.115026891596177,0.537407499526516,71641.8744823054,40.2731807384521
2024,255,1812,192144,35654,23126,36594183400,192144,8710455,192144,0.185558747605962,0.120357648430344,190451.866308602,45.3329534099425
2024,256,871,94518,24737,10609,10021870390,94518,3883082,94518,0.261717344844368,0.112243170613005,106031.34207241,41.0829894834846
2024,258,580,58884,9171,1265,8923755100,58884,2532281,58884,0.155746892194824,0.0214829155628014,151548.045309422,43.0045683037837
2024,274,23483,2513501,478319,169232,231210720836,2513501,103105926,2513501,0.190299904396298,0.0673291954130911,91987.5189371319,41.0208414478451
2024,275,24623,2777565,892786,225651,112350079242,2777565,94483557,2777565,0.321427581352732,0.08124058302866,40449.1269302429,34.0166861981628
2024,276,24109,2739985,885805,71272,52148569258,2739985,76178622,2739985,0.32328826617664,0.026011821232598,19032.4287388435,27.802568992166
2024,277,507,57714,11712,26624,1939368290,57714,2124944,57714,0.202931697681672,0.461309214402052,33603.082267734,36.8185189035589
2024,283,269,27940,9731,5151,847740300,27940,794455,27940,0.348282032927702,0.184359341445956,30341.4566929134,28.4343235504653
2024,303,10616,1087730,143336,40665,69341016330,1087730,43793480,1087730,0.131775348661892,0.0373851966940325,63748.3716823109,40.2613516221857
2024,313,22373,2174481,324659,107187,102236633130,2174481,80971660,2174481,0.149304132802264,0.0492931416738063,47016.567691325,37.2372349999839
2024,315,240,21322,3863,2137,757300700,21322,704849,21322,0.181174373886127,0.100225119594785,35517.33889879,33.0573585967545
2024,316,2055,220785,62960,4280,9585328030,220785,8330791,220785,0.285164300110968,0.0193853749122449,43414.76110243,37.7325950585411
2024,317,974,114492,49064,3624,3188119510,114492,4087831,114492,0.428536491632603,0.0316528665758306,27845.7840722496,35.704075393914
2024,318,1667,191190,32599,23940,9588113240,191190,7296875,191190,0.170505779590983,0.125215753962027,50149.6586641561,38.16556828286
2024,319,10981,1190508,415296,33591,36617505660,1190508,41397737,1190508,0.348839319013396,0.028215686076868,30757.8829037688,34.7731699408992
2024,326,640,69842,16593,2658,2919673300,69842,2668343,69842,0.237579107127516,0.0380573294006472,41803.9761175224,38.2054208069643
2024,328,1085,116045,26994,2052,8460396630,116045,4540768,116045,0.232616657331208,0.0176827954672756,72906.1711405059,39.1293722262915
2024,329,1447,129180,41471,0,2992311300,129180,3511284,129180,0.321032667595603,0,23163.8899210404,27.181328379006
2024,335,1193,122662,26563,4681,5058582310,122662,4457161,122662,0.216554434136081,0.0381617778937242,41240.0116580522,36.336934013794
2024,336,1038,107008,27879,1636,5003390050,107008,4023225,107008,0.26053192284689,0.0152885765550239,46757.1588105562,37.5974226226077
2024,337,10964,1075555,131329,97461,52440326810,1075555,40098209,1075555,0.122103472160884,0.0906146129207711,48756.5273835369,37.2814119222169
2024,338,1399,138411,15277,5599,7730920980,138411,5414121,138411,0.110374175462933,0.0404519871975493,55854.8163079524,39.1162624357891
2024,344,4071,428511,65032,19942,19860852030,428511,16664260,428511,0.151762731878528,0.0465378951765532,46348.5232117729,38.8887566480207
2024,346,388,49941,11500,253,2451268370,49941,1912761,49941,0.230271720630344,0.00506597785386756,49083.285677099,38.3004144890971
2024,347,269,29579,8140,919,849210300,29579,1095338,29579,0.275195239866121,0.0310693397342709,28709.9056763244,37.0309341086582
2024,348,342,35341,7573,1330,1384379050,35341,1328498,35341,0.214283693160918,0.0376333437084406,39172.0395574545,37.5908434962225
2024,354,1069,118145,17438,1015,6544693780,118145,4621569,118145,0.147598290236574,0.00859113800837953,55395.4359473528,39.1177705362055
2024,355,3128,323501,38939,3976,19092669140,323501,13720005,323501,0.120367479544113,0.0122905338777933,59018.8875459427,42.4110126398373
2024,356,572,63882,18517,1519,2300453420,63882,2302238,63882,0.289862559093328,0.0237782160859084,36010.9799317492,36.038915500454
2024,357,4215,518177,136657,110558,15801406800,518177,18757559,518177,0.263726487281373,0.213359527728942,30494.2264901761,36.1991346586205
2024,359,2602,277554,59551,13306,14353813240,277554,11620647,277554,0.21455644667344,0.047940220641749,51715.3895818471,41.8680581076115
2024,364,4863,534642,133544,10408,21669192910,534642,20907761,534642,0.249782097179047,0.0194672322787959,40530.2855181598,39.1060952936732
2024,365,15297,1738372,600618,25552,51646708210,1738372,59267789,1738372,0.34550602517758,0.0146988101511069,29709.8136704917,34.0938470016774
2024,366,136,14691,4159,434,819427100,14691,597947,14691,0.283098495677626,0.0295418963991559,55777.4896194949,40.7015860050371
2024,368,757,82873,19017,2177,4059247450,82873,3389358,82873,0.229471601124612,0.0262691105667708,48981.5434459957,40.8982177548779
2024,373,5570,582162,91163,19614,42285919526,582162,24513176,582162,0.156593869060502,0.0336916528389005,72636.0008485611,42.1071385628056
2024,375,5382,583786,93124,15324,36312383200,583786,23829801,583786,0.15951735738781,0.026249344794154,62201.5313830753,40.8194115651968
2024,376,25547,2923362,797621,64475,127325709128,2923362,106275260,2923362,0.272843732661231,0.0220550858908339,43554.5475134451,36.3537803392122
2024,377,789,84092,8057,342,4594836500,84092,3352836,84092,0.0958117300099891,0.00406697426627979,54640.5900680207,39.8710459972411
2024,378,925,110763,22779,2286,4969527800,110763,4395922,110763,0.205655318111644,0.020638660924677,44866.3163691847,39.6876393741592
2024,379,11724,1185054,277080,44771,45338062230,1185054,41631288,1185054,0.233812130080148,0.0377797129919818,38258.2247138105,35.1302877337235
2024,383,2137,209850,86539,1885,7153102660,209850,7721165,209850,0.412385036931141,0.00898260662377889,34086.7412913986,36.7937336192519
2024,384,126,12541,4279,3559,410599050,12541,479577,12541,0.341200861175345,0.283789171517423,32740.5350450522,38.240730404274
2024,385,2438,264546,61599,6610,10133255290,264546,9651838,264546,0.232847973509333,0.0249862027775888,38304.3224618781,36.4845357707166
2024,386,464,49608,13039,916,3790059960,49608,2002860,49608,0.262840670859539,0.0184647637477826,76400.1765844219,40.3737300435414
2024,389,11814,1247666,299744,36127,71719359200,1247666,48975658,1247666,0.240243783191976,0.0289556660195918,57482.8192801599,39.2538211348229
2024,405,9593,1203423,178179,372270,22810751100,1203423,39366739,1203423,0.148060158398169,0.309342600232836,18954.8904250625,32.7123039862127
2024,415,754,78096,6046,2783,6589905230,78096,3352687,78096,0.0774175373898791,0.0356356279450932,84382.1095830772,42.9303293382504
2024,417,4342,460852,95438,2053,39465664250,460852,24407294,460852,0.207090345707516,0.00445479242793782,85636.3089451711,52.9612413529723
2024,418,10862,1164228,205525,8921,102919206820,1164228,50653096,1164228,0.176533290729994,0.00766258842769629,88401.2468519912,43.5078833355666
2024,423,3823,398185,86416,832,26491686218,398185,17666462,398185,0.217024749802228,0.00208948102012883,66531.1004131246,44.3674724060424
2024,425,395,43604,9894,1014,1354338430,43604,1398634,43604,0.226905788459774,0.0232547472708926,31059.9584900468,32.0758187322264
2024,426,7755,950009,276492,24557,40843870870,950009,36711697,950009,0.291041453291495,0.0258492287967798,42993.1409807697,38.6435254823902
2024,427,2384,230881,55209,3715,3647090320,230881,5741141,230881,0.239123184670891,0.0160905401483881,15796.4073267181,24.8662341206076
2024,434,3661,442192,166272,14168,15450833710,442192,14604471,442192,0.37601765748815,0.0320403806491298,34941.4591625357,33.0274428302638
2024,435,16178,1898081,789950,53499,42711938530,1898081,53886556,1898081,0.416183503233002,0.0281858361155293,22502.6953696918,28.3900191825323
2024,436,25975,3125934,844832,155755,91120373122,3125934,111440894,3125934,0.270265463058401,0.0498267077935747,29149.8071046926,35.6504308792188
2024,439,8902,998186,423291,24040,15482063680,998186,25791278,998186,0.424060245284947,0.0240836878096868,15510.1991813149,25.8381484011998
2024,443,4208,468542,136272,9149,9486677880,468542,12927822,468542,0.29084265658148,0.019526531239462,20247.2305150872,27.5915969112694
2024,444,10563,1216832,352590,32372,22739347360,1216832,35550404,1216832,0.289760624309683,0.026603508126019,18687.3351128175,29.2155400252459
2024,445,2967,329136,108879,15455,12206296840,329136,11540722,329136,0.33080246463468,0.0469562733945846,37085.8758689417,35.0636879587769
2024,446,9981,1157650,414271,31599,45589854000,1157650,42965087,1157650,0.357855137563167,0.0272958147972185,39381.3795188528,37.1140560618494
2024,447,28181,3324442,760213,176045,103923301120,3324442,118064375,3324442,0.228673864666612,0.0529547515041622,31260.3742582966,35.5140426573843
2024,448,1766,205151,21141,75476,8579369780,205151,8037805,205151,0.10305092346613,0.36790461659948,41819.780454397,39.1799455035559
2024,453,19725,2211530,379319,212436,68815092198,2211530,78023125,2211530,0.171518812767631,0.096058384919038,31116.508570085,35.2801567240779
2024,454,628,69711,18265,4245,3612316400,69711,2889161,69711,0.262010299665763,0.0608942634591384,51818.4561977306,41.4448365394271
2024,455,907,105142,24934,11126,4704032800,105142,4406277,105142,0.237145954994198,0.105818797435849,44739.8071179928,41.9078674554412
2024,456,314,33201,5696,1188,1778635400,33201,1324598,33201,0.171561097557303,0.0357820547573868,53571.7418150056,39.8963284238427
2024,457,941,130066,35815,65703,2858930390,130066,5090592,130066,0.27536020174373,0.505151230913536,21980.6128427106,39.1385296695524
2024,458,10496,1200669,266897,582842,27243052340,1200669,41916903,1200669,0.222290239857946,0.485431038862501,22689.8940007612,34.9112894561282
2024,459,3444,366116,126850,20414,9978642210,366116,10812376,366116,0.346474887740498,0.0557582842596336,27255.4114269794,29.5326508538278
2024,461,766,67650,27138,8376,1404412940,67650,1913673,67650,0.401152993348115,0.123813747228381,20759.984331116,28.2878492239468
2024,462,409,44003,19544,175,613808760,44003,1009516,44003,0.444151535122605,0.0039770015680749,13949.2480058178,22.9419812285526
2024,463,1713,193091,28351,3694,10561741612,193091,6995860,193091,0.146827143678369,0.0191308761154067,54698.2594320813,36.2308963131373
2024,464,681,81587,23370,2479,3556872780,81587,3080507,81587,0.286442693076103,0.0303847426673367,43596.0726586344,37.7573265348646
2024,465,4295,469909,110054,6153,24870900420,469909,17884059,469909,0.234202792455561,0.0130940245877393,52927.0569833734,38.0585581463645
2024,468,9378,980972,345087,244977,17226889200,980972,30122146,980972,0.351780682832945,0.249728840374649,17561.040682099,30.7064279102768
2024,469,6062,669400,158831,131390,12023190564,669400,17600385,669400,0.237273677920526,0.196280250971019,17961.1451508814,26.2927771138333
2024,473,5999,451409,62627,304149,16623460380,451409,22557441,451409,0.138736711053612,0.673776996027992,36825.7176529489,49.9711813455204
2024,479,7392,709987,181070,78627,20417618764,709987,28430333,709987,0.25503283862944,0.110744281233318,28757.7360768577,40.0434557252457
2024,485,1225,143595,17377,61939,6832848100,143595,6161565,143595,0.121013962881716,0.431345102545353,47584.1644904071,42.9093283192312
2024,486,9655,1156817,263741,319259,32065094428,1156817,43777508,1156817,0.227988523681792,0.275980556993889,27718.3810645936,37.8430711166935
2024,487,3402,364752,142161,94061,9019458534,364752,11997940,364752,0.389747006185024,0.25787658463833,24727.646548888,32.8934179935957
2024,488,396,48216,9579,2926,1264678840,48216,1829561,48216,0.198668491786959,0.06068524970964,26229.4433383109,37.9451012112162
2024,489,106,11097,2187,0,682798000,11097,466347,11097,0.197080291970803,0,61529.9630530774,42.0246012435794
2024,496,1066,98918,18461,20104,4750985340,98918,4182997,98918,0.186629329343497,0.203239046482945,48029.5329464809,42.2875209769708
2024,498,285,29846,7854,17282,944883760,29846,1358684,29846,0.263150840983716,0.579039067211687,31658.6396837097,45.5231521811968
2024,503,2287,233621,15774,4567,18778938770,233621,10355212,233621,0.0675196151030943,0.0195487563189953,80382.0665522363,44.3248338120289
2024,505,7847,859643,232798,145386,40339974530,859643,35985196,859643,0.270807765549187,0.169123694370803,46926.4270516947,41.8606281910049
2024,507,2852,283831,75153,22399,17057132770,283831,12465236,283831,0.264780802660738,0.0789166792915503,60096.0880594438,43.9178102462381
2024,508,1534,172937,38609,4584,12915961420,172937,7232026,172937,0.223254711253231,0.02650676257828,74685.9342997739,41.8188473259048
2024,509,415,40228,8898,6825,1636431800,40228,1551913,40228,0.221189221437804,0.169657949686785,40678.9251267774,38.5779307944715
2024,514,1364,148273,33360,24442,7875833100,148273,6140080,148273,0.224990389349376,0.164844577232537,53117.1089814059,41.4106411821438
2024,516,2432,244105,69486,15102,12742337050,244105,10125294,244105,0.284656193031687,0.061866819606317,52200.2296143053,41.4792568771635
2024,518,3131,323641,55082,11775,20327110710,323641,14019117,323641,0.170194752827979,0.0363829057505075,62807.5883772452,43.3168757975658
2024,519,373,37813,6452,865,2393697080,37813,1616512,37813,0.170629148705472,0.022875730568852,63303.548515061,42.7501652870706
2024,523,498,60428,17373,4693,3726151400,60428,2471176,60428,0.287499172569008,0.0776626729330774,61662.6630039055,40.894552194347
2024,525,1058,109338,27511,6901,5727964420,109338,4246294,109338,0.251614260366936,0.0631162084545172,52387.6824159944,38.8363972269476
2024,526,350,37816,6395,13134,1811453550,37816,1564235,37816,0.169108313941189,0.347313306536916,47901.775703406,41.3643695790142
2024,527,2238,238271,48509,9808,16186266400,238271,10133030,238271,0.203587511698864,0.0411632133159302,67932.1713511086,42.527332323279
2024,533,141,16373,3799,710,1062216400,16373,663608,16373,0.232028339339156,0.0433640750015269,64876.1008978196,40.53062969523
2024,534,4395,497314,132251,69940,26336659760,497314,20682334,497314,0.265930579070768,0.140635493873086,52957.8088692456,41.5880791612543
2024,535,878,87347,14312,19552,4646101060,87347,3434766,87347,0.16385222159891,0.223842833755023,53191.3066275888,39.3232280444663
2024,536,236,26258,5699,8574,1029941400,26258,1082163,26258,0.217038616802498,0.326529057810953,39223.9089039531,41.2126970827938
2024,539,250,28853,6046,1410,1851101700,28853,1265988,28853,0.209544934668839,0.0488684018992826,64156.2991716633,43.8771704848716
2024,543,247,27920,4400,341,2990283400,27920,1174705,27920,0.157593123209169,0.0122134670487106,107101.840974212,42.0739613180516
2024,544,558,45272,7394,830,3743075000,45272,2132580,45272,0.163323908817812,0.0183336278494434,82679.6916416328,47.1059374447782
2024,549,9042,952236,174710,69808,52313957860,952236,39685744,952236,0.183473424655233,0.0733095577146842,54938.017319236,41.6763743441752
2024,558,5463,598245,75343,111477,42238465410,598245,26881045,598245,0.125940041287432,0.186340044630544,70603.9589298699,44.9331711924045
2024,563,1820,231590,39901,72301,9123431270,231590,9216390,231590,0.172291549721491,0.312193963469925,39394.7548253379,39.7961483656462
2024,567,9359,1099176,206132,326939,44365734474,1099176,44486377,1099176,0.187533206693014,0.29744008238899,40362.7212329964,40.4724784747848
2024,573,851,122160,19287,32417,4178846930,122160,4903177,122160,0.157883104125737,0.265365094957433,34207.9807629339,40.1373362802882
2024,575,9499,1033205,263734,113227,64687150760,1033205,43517425,1033205,0.255258153028683,0.109588126267294,62608.2440174022,42.1188679884437
2024,577,1613,162209,44384,4352,15065262500,162209,7235449,162209,0.273622302091746,0.0268295840551387,92875.626506544,44.6057185482926
2024,579,3870,509185,95389,161136,16546470780,509185,19709321,509185,0.187336626177126,0.316458654516531,32495.9902196648,38.7075836876577
2024,584,152,20845,2402,4324,799410500,20845,782145,20845,0.115231470376589,0.207435835931878,38350.2278723915,37.5219477092828
2024,585,5856,651742,165252,89678,37568240874,651742,27277091,651742,0.253554320574706,0.13759739283336,57642.8109190447,41.8525904422302
2024,588,426,50061,11554,9456,2272076500,50061,2060667,50061,0.230798425920377,0.188889554743213,45386.1588861589,41.1631209923893
2024,589,328,38588,7568,4870,2125659300,38588,1606332,38588,0.19612314709236,0.126205037835597,55086.0189696279,41.6277599253654
2024,593,604,80255,18866,5906,4526231320,80255,3361679,80255,0.235075696218304,0.0735904305027724,56398.1224845804,41.8874711855959
2024,595,1358,194471,53208,37180,7765915250,194471,7955838,194471,0.273603776398538,0.191185318119411,39933.5389338256,40.9101511279317
2024,596,1288,137180,30406,12130,7393582420,137180,5654909,137180,0.221650386353696,0.088423968508529,53896.9413908733,41.2225470185158
2024,597,792,83229,14895,7198,5208954610,83229,3551038,83229,0.178964063006885,0.0864842783164522,62585.8127575725,42.6658736738397
2024,598,336,31890,8383,3160,2045385360,31890,1601124,31890,0.262872373784886,0.099090624020069,64138.7695202258,50.2077140169332
2024,599,781,96836,33069,18942,4179722400,96836,4018182,96836,0.341494898591433,0.19560907100665,43162.8980957495,41.4947127101491
2024,614,206,27665,8024,2715,1953242350,27665,1599021,27665,0.290041568769203,0.0981384420748238,70603.3742996566,57.7994216519068
2024,615,99,9423,1746,235,612765900,9423,422052,9423,0.185291308500478,0.0249389790937069,65028.7488061127,44.7895574657752
2024,616,510,51985,10449,1734,4266652100,51985,2803836,51985,0.201000288544773,0.0333557757045302,82074.6773107627,53.9354813888622
2024,617,467,46389,10619,1803,3005882910,46389,2570687,46389,0.22891202655802,0.0388669727737179,64797.3207010283,55.4158744529953
2024,628,7321,769489,106490,19486,54975553510,769489,33663734,769489,0.138390542294952,0.0253232989685363,71444.2357330644,43.7481679400225
2024,634,430,40165,6017,936,2818638600,40165,1757039,40165,0.149807045935516,0.023303871529939,70176.4869911615,43.7455247105689
2024,637,3222,326201,58536,13953,19388963150,326201,14020789,326201,0.179447641178292,0.0427742404223163,59438.6992988985,42.9820540096444
2024,643,143,12987,2801,570,906909700,12987,616505,12987,0.215677215677216,0.0438900438900439,69832.1167321167,47.4709324709325
2024,649,89,8362,765,1721,307118000,8362,337221,8362,0.0914852906003349,0.205812006696962,36727.8163118871,40.3277923941641
2024,657,441,40783,7000,10343,1610074900,40783,1654992,40783,0.171640144177721,0.253610573032881,39479.0697104186,40.5804379275679
2024,658,76,8534,1219,2182,750415900,8534,342753,8534,0.142840403093508,0.255683149753926,87932.493555191,40.1632294352004
2024,666,482,50378,7396,19468,1358535180,50378,1769872,50378,0.146810115526619,0.386438524752868,26966.8343324467,35.1318432649172
2024,668,210,22187,2358,6428,885715840,22187,882231,22187,0.106278451345382,0.28971920493983,39920.4867715329,39.7634200207329
2024,669,90,10846,3321,2902,277246840,10846,442886,10846,0.306195832565001,0.267564078923105,25562.1279734464,40.8340401991518
2024,675,251,26151,5324,4369,1009670900,26151,1037701,26151,0.2035868609231,0.167068180949103,38609.2654200604,39.6811211808344
2024,677,675,68873,14887,4197,3335527700,68873,2535244,68873,0.21615146719324,0.0609382486605782,48430.1206568612,36.8104191773264
2024,678,9376,1031430,368757,23259,41526207870,1031430,37661296,1031430,0.357520141938862,0.0225502457752829,40260.8105930601,36.5136713107046
2024,679,98,10202,2779,397,396940500,10202,410029,10202,0.272397569104097,0.0389139384434425,38908.1062536758,40.1910409723584
2024,686,1960,226716,46039,6779,8518049390,226716,8896151,226716,0.203069037915277,0.0299008451101819,37571.4523456659,39.2391847068579
2024,687,1956,220169,61713,28108,6011922180,220169,7579780,220169,0.280298316293393,0.12766556599703,27305.9430710046,34.4270991829004
2024,688,724,83139,22011,2987,2652797920,83139,3028082,83139,0.264749395590517,0.035927783591335,31907.9844597602,36.421919917247
2024,694,1109,104936,16567,1985,6407472240,104936,4437580,104936,0.157877182282534,0.0189162918350233,61060.7631318137,42.2884424792254
2024,695,483,45639,5792,937,4848773300,45639,2031959,45639,0.126909003264752,0.0205306864742873,106241.883038629,44.522425995311
2024,696,846,89054,6667,1692,7820679000,89054,3884530,89054,0.0748646888404788,0.0189997080423114,87819.5140027399,43.6199384643026
2024,699,465,44433,8404,1019,3875220900,44433,2090137,44433,0.189138703216078,0.0229334053518781,87214.9280939842,47.0401953503027
2024,703,104,9271,2637,464,455832000,9271,395695,9271,0.28443533599396,0.0500485384532413,49167.5115952972,42.6809405673606
2024,706,556,58167,13194,1684,2659384210,58167,2438016,58167,0.226829645675383,0.0289511234892637,45719.8103735795,41.9140749909743
2024,709,305,31889,7781,1464,1454812300,31889,1300642,31889,0.244002634137163,0.0459092477029697,45621.1326789802,40.7865408134466
2024,719,359,41149,8275,1118,2001341670,41149,1743183,41149,0.201098447106856,0.0271695545456755,48636.4594522346,42.3627062626066
2024,726,3076,339670,61122,6239,16644089190,339670,14370470,339670,0.179945240969176,0.0183678275973739,49000.7630641505,42.3071510583802
2024,727,244,22664,6011,1901,856326200,22664,931297,22664,0.265222379103424,0.0838775150017649,37783.5421814331,41.0914666431345
2024,729,155,16990,4045,885,626333020,16990,701803,16990,0.238081224249559,0.0520894643908181,36864.8040023543,41.3068275456151
2024,733,268,21653,3802,8637,640275160,21653,882643,21653,0.175587678381749,0.398882371957696,29569.8129589433,40.7630813282224
2024,736,1262,131466,23364,10099,5632246750,131466,5128359,131466,0.177718953950071,0.0768183408637975,42841.8507446792,39.0090137373922
2024,738,114,12029,2104,468,431781900,12029,482611,12029,0.174910632637792,0.0389059772217142,35895.0785601463,40.1206251558733
2024,744,948,100789,13428,12255,3406844060,100789,3810530,100789,0.13322882457411,0.121590649773289,33801.7448332655,37.8070027483158
2024,747,215,24806,3304,655,795119130,24806,890719,24806,0.133193582197855,0.0264049020398291,32053.5003628155,35.9074014351367
2024,748,966,113475,23247,8416,2894276070,113475,3936420,113475,0.204864507600793,0.0741661158845561,25505.8477197621,34.6897554527429
2024,749,127,17543,5774,1797,675198420,17543,645702,17543,0.329134127572251,0.102434019266944,38488.1958615972,36.8068175340592
2024,753,77,9078,2665,471,365952800,9078,363737,9078,0.293566864948227,0.0518836748182419,40312.0511125799,40.0679665124477
2024,754,1718,212193,46137,3348,7797065250,212193,8470618,212193,0.217429415673467,0.0157780888153709,36745.1577101978,39.9194035618517
2024,755,481,51098,12507,393,2424095560,51098,2138576,51098,0.244764961446632,0.00769110336999491,47440.12603233,41.8524404086266
2024,756,690,73627,15989,4527,3984877450,73627,3145098,73627,0.217162182351583,0.0614855963165687,54122.5019354313,42.7166392763524
2024,757,671,68292,13249,4554,4528802100,68292,2904085,68292,0.194005154337258,0.0666842382709541,66315.2653312247,42.5245270309846
2024,759,1217,139380,30103,17095,6878714270,139380,5618098,139380,0.21597790213804,0.122650308509112,49352.2332472378,40.3077772994691
2024,763,93,10583,3496,1271,373360700,10583,398591,10583,0.330341113105925,0.120098270811679,35279.2875366153,37.663327978834
2024,765,159,17023,2621,245,916875000,17023,698929,17023,0.153968160723727,0.014392292780356,53860.9528285261,41.0579216354344
2024,766,301,28792,3416,3012,1500873150,28792,1228744,28792,0.11864406779661,0.104612392331203,52128.1310780772,42.6765768268964
2024,769,664,69722,18671,2178,2489793390,69722,2704403,69722,0.267792088580362,0.0312383465764034,35710.2978973638,38.7883738274863
2024,774,316,32157,6346,2220,2799018080,32157,1303156,32157,0.197344279628075,0.0690362906987592,87042.2638927761,40.5248001990235
2024,779,13846,1575972,377527,39796,72370895520,1575972,64285936,1575972,0.23955184482973,0.0252517176701109,45921.4348478272,40.7912932463267
2024,783,5359,558679,152561,41572,28880647510,558679,24194089,558679,0.273074520431232,0.0744112450978111,51694.5285396444,43.3058858485821
2024,785,8973,984027,217389,29801,42675455780,984027,39911799,984027,0.220917718721133,0.0302847381220231,43368.1756496519,40.5596584240067
2024,799,7163,788024,174482,17952,42704682280,788024,32439178,788024,0.221417114199568,0.0227810320497853,54192.108717501,41.16521578023
2024,803,2517,282637,41253,8203,17304075500,282637,12133678,282637,0.145957535637585,0.0290230932255862,61223.673828975,42.9302532930933
2024,804,36355,4227737,732197,539159,203364224286,4227737,184929374,4227737,0.173188871493189,0.127528982999652,48102.3829736807,43.7419295476516
2024,808,3694,397539,27163,10124,16266030250,397539,14656532,397539,0.068327887326778,0.0254666837719067,40916.8163375166,36.8681613627845
2024,809,4476,593052,77563,210479,16524504850,593052,23025153,593052,0.130786170521303,0.354908169941253,27863.5007554144,38.8248467250764
2024,813,499,59512,21573,1785,1401586470,59512,1990778,59512,0.362498319666622,0.0299939507998387,23551.3252789353,33.4517072187122
2024,823,498,56781,8532,840,4538963100,56781,2686852,56781,0.150261531145982,0.0147936809848365,79938.062027791,47.3195611207975
2024,824,575,58777,4550,985,5382034100,58777,2901550,58777,0.0774112322847372,0.0167582557803222,91567.0092042806,49.3653980298416
2024,829,717,76618,19566,7573,5550082740,76618,3981433,76618,0.25537080059516,0.098841003419562,72438.366180271,51.9647210838184
2024,844,3844,375805,82312,21857,22647412160,375805,16922699,375805,0.219028485517755,0.0581604821649526,60263.732946608,45.0305317917537
2024,848,817,88503,16568,6592,6506782300,88503,4190502,88503,0.187202693693999,0.0744833508468639,73520.4716224309,47.3487000440663
2024,859,221,20403,2751,2320,1441763000,20403,916352,20403,0.134833112777533,0.113708768318385,70664.2650590599,44.9126108905553
2024,865,132,14961,3729,637,446933500,14961,557191,14961,0.249248044916784,0.0425773678230065,29873.2370830827,37.2428982019918
2024,866,253,31083,9247,2680,977396600,31083,1121491,31083,0.297493806904096,0.0862207637615417,31444.7318469903,36.0805263327221
2024,869,15856,2004834,461742,465910,76165575426,2004834,79646989,2004834,0.230314330263753,0.232393305380894,37990.9635540898,39.7274731972822
2024,874,571,68489,20664,3651,2036943840,68489,2368613,68489,0.301712683788638,0.0533078304545255,29741.1823796522,34.5838455810422
2024,875,847,94740,21996,8019,3762894230,94740,3654112,94740,0.232172260924636,0.0846421785940469,39718.1151572725,38.5698965590036
2024,878,261,29839,6844,519,1018538700,29839,1095094,29839,0.229364254834277,0.0173933442809746,34134.4783672375,36.7000904856061
2024,883,486,56061,12975,2210,3053459120,56061,2281041,56061,0.231444319580457,0.0394213446067676,54466.7258878721,40.6885535398941
2024,885,944,106486,40212,2495,3542013920,106486,3955088,106486,0.377627105910636,0.0234303100877111,33262.719230697,37.1418590237214
2024,887,3001,369593,113880,43956,10024366060,369593,12988310,369593,0.308122718774436,0.118930823906297,27122.7162310975,35.1421969571935
2024,888,3803,495300,146340,9456,14557455986,495300,18204060,495300,0.295457298606905,0.019091459721381,29391.1891500101,36.7536038764385
2024,889,21451,2472897,781657,65602,84105852960,2472897,89798150,2472897,0.316089590468184,0.0265283996866833,34011.0619083609,36.3129357995905
2024,905,13472,1265488,614999,0,77939003720,1265488,58189666,1265488,0.485977741393044,0,61588.1017599535,45.9819974586879
