YEAR,STATEFIP,n_persons,person_weight,labor_force_weight,employed_weight,unemployed_weight,selfemployed_weight,employment_population_rate,unemployment_rate,selfemployment_share
1990,1,123722,2578132,1838002,1711454,126548,133199,0.663834900617967,0.0688508499990751,0.0778279755108814
1990,2,18998,370943,291063,268302,22761,23151,0.723297110337707,0.0781995650426196,0.0862870943936311
1990,4,110933,2301269,1699692,1580137,119555,141122,0.686637242321519,0.070339214398844,0.0893099775525793
1990,5,69525,1448447,1042611,973021,69590,104086,0.671768452694507,0.0667458908451954,0.106971997521122
1990,6,947094,19622583,14815959,13844718,971241,1415921,0.705550232606992,0.0655537046235077,0.102271566672575
1990,8,111230,2182818,1725234,1628376,96858,174687,0.745997146807475,0.0561419494399021,0.107276820586891
1990,9,104420,2166815,1736022,1642246,93776,143264,0.757907804773366,0.0540177486230013,0.0872366259378924
1990,10,20861,437264,342974,329490,13484,24111,0.753526473709247,0.039314933493501,0.0731767276700355
1990,11,20834,428403,322575,299813,22762,18183,0.699838703277055,0.0705634348601101,0.0606478037977006
1990,12,407437,7998914,6013732,5673059,340673,584309,0.709228652789616,0.0566491822382507,0.102997166079182
1990,13,216212,4277983,3265916,3084337,181579,261482,0.720979255878296,0.0555981843991089,0.0847773767911872
1990,15,36242,728484,581390,562466,18924,44463,0.772104809439878,0.032549579456131,0.0790501114734046
1990,16,29617,602760,456204,429160,27044,56644,0.711991505740262,0.0592804973213738,0.131988069717588
1990,17,366267,7334202,5638590,5260926,377664,414477,0.717314030892522,0.0669784467393444,0.078784039159646
1990,18,175955,3553807,2712634,2556310,156324,202959,0.719315933588965,0.0576281208596515,0.0793953002570111
1990,19,81829,1697346,1347999,1285437,62562,164852,0.757321724621851,0.046411013658022,0.128245880583801
1990,20,75451,1536544,1202569,1146408,56161,123620,0.746095132973738,0.046700854587138,0.107832464532697
1990,21,113913,2360908,1666755,1546650,120105,147003,0.655108119418461,0.0720591808634142,0.0950460673067598
1990,22,128354,2629209,1777515,1609539,167976,145941,0.612176133582382,0.0945004683504781,0.0906725466111725
1990,23,39498,787759,608864,568841,40023,63248,0.722100287016715,0.0657338913123456,0.111187484727718
1990,24,161860,3214542,2562788,2454120,108668,186243,0.763443128134583,0.0424022587900365,0.0758899320326634
1990,25,203374,3994784,3154999,2939979,215020,244513,0.735954434582696,0.0681521610624916,0.0831682811339809
1990,26,289117,5985283,4453537,4085520,368017,308195,0.682594290027723,0.0826347687242747,0.075435929820439
1990,27,139052,2775802,2248647,2134877,113770,232652,0.769102767416408,0.0505948688255649,0.108976770090268
1990,28,80382,1581390,1102095,1008381,93714,87486,0.637654847950221,0.0850325970084249,0.0867588738780282
1990,29,157074,3217133,2453471,2301801,151670,211281,0.715482076743486,0.0618185419758375,0.0917894292338912
1990,30,23607,491522,367439,342562,24877,54980,0.696941337315522,0.0677037549089781,0.160496494065308
1990,31,46218,968918,782287,753787,28500,93721,0.777967795004324,0.0364316420955481,0.124333531886329
1990,32,40183,803065,632823,594185,38638,44911,0.739896521452186,0.0610565671601696,0.0755842035729613
1990,33,37074,729508,595958,558962,36996,56101,0.766217779654233,0.0620782001416207,0.100366393422093
1990,34,263964,5080674,3956879,3732419,224460,307287,0.734630680889976,0.056726526133349,0.0823291811557063
1990,35,48858,945570,676026,622632,53394,64215,0.658472667280053,0.0789821693248485,0.103134756967197
1990,36,589519,11792085,8681411,8081569,599842,698792,0.685338428276255,0.0690949892822722,0.0864673679083851
1990,37,220296,4391430,3407307,3247995,159312,272115,0.739621262322296,0.0467559864726014,0.0837793777391899
1990,38,17981,387660,301480,286105,15375,44900,0.738030748594129,0.0509984078545841,0.156935390853009
1990,39,341482,6931485,5139957,4800745,339212,351011,0.692599782009194,0.0659951046283072,0.0731159434629417
1990,40,95277,1967501,1444487,1345181,99306,145764,0.683700287827046,0.0687482822621457,0.108360138895807
1990,41,87852,1798061,1370706,1285274,85432,150368,0.714811121535921,0.0623270052075354,0.116992952475503
1990,42,375503,7547004,5592940,5255444,337496,419277,0.696361629064991,0.0603432184146442,0.0797795581115506
1990,44,31687,647189,509097,474719,34378,37284,0.733509067675749,0.067527406368531,0.0785390936532981
1990,45,108307,2271387,1708239,1615842,92397,120171,0.711390000911337,0.054089035550646,0.0743705139487648
1990,46,19319,412057,326584,312462,14122,49335,0.758298002460825,0.0432415550057566,0.157891199569868
1990,47,157690,3174750,2360850,2212092,148758,188445,0.696776754075124,0.063010356439418,0.0851885907096088
1990,48,559325,10928221,8117011,7547539,569472,704538,0.690646629492577,0.0701578450491197,0.0933467187118874
1990,49,50569,1003922,766487,726470,40017,61614,0.723631915626911,0.052208321863254,0.0848128621966496
1990,50,17976,367556,291840,273646,18194,34574,0.744501518136012,0.0623423793859649,0.126345716728913
1990,51,199624,4180743,3257259,3117882,139377,236250,0.745772222784323,0.0427896584213905,0.0757725917786497
1990,53,155567,3141216,2420430,2281098,139332,221121,0.726183108706947,0.0575649781237218,0.0969362122977619
1990,54,54800,1130120,721787,650909,70878,50984,0.575964499345202,0.0981979448230572,0.0783273852412549
1990,55,151857,3077851,2448987,2321721,127266,219145,0.754331837376143,0.0519667928004518,0.0943890329630477
1990,56,14073,283714,217154,204462,12692,24054,0.720662357162495,0.0584470007460144,0.117645332629046
2000,1,141971,2869614,1990561,1867679,122882,162210,0.650846768938262,0.0617323458060316,0.0868511130660033
2000,2,21147,423618,321810,293471,28339,26794,0.692772733925376,0.0880612783940835,0.0913003329119402
2000,4,161343,3243934,2317976,2189579,128397,203931,0.674976432936059,0.0553918591046672,0.0931370825167761
2000,5,84099,1701780,1216005,1140747,75258,122318,0.670325776539858,0.061889548151529,0.107226229830103
2000,6,1085102,22023471,15502012,14424638,1077374,1523348,0.654966603583967,0.0694989785841993,0.105607364288795
2000,8,143474,2902357,2259634,2164629,95005,247015,0.745817623400567,0.0420444195829944,0.114114243133581
2000,9,108215,2182379,1697122,1607732,89390,149065,0.73668780720489,0.0526715227308349,0.0927175673557533
2000,10,24676,507107,386011,366852,19159,28531,0.723421289786968,0.0496333006054232,0.0777725077142826
2000,11,19553,397844,287906,256888,31018,16899,0.645700324750405,0.107736552902684,0.0657835321229485
2000,12,487596,9940899,7134609,6743273,391336,710995,0.678336335576893,0.0548503779254056,0.105437670994486
2000,13,266596,5466606,4025164,3812820,212344,341907,0.697474813440003,0.0527541238071294,0.0896729979385337
2000,15,39129,788994,587454,553271,34183,52798,0.701236004329564,0.0581883858140382,0.0954288224034876
2000,16,40306,822792,623477,588036,35441,73136,0.714683662456611,0.0568441177461238,0.124373337686808
2000,17,393513,8028711,6018562,5650622,367940,450695,0.703801892981327,0.0611342044827319,0.0797602458631988
2000,18,193919,3934238,3013746,2863062,150684,221547,0.727729740803683,0.0499989050172111,0.0773811394933117
2000,19,90336,1843009,1489520,1428300,61220,145759,0.774982650654446,0.0411004887480531,0.10205068963103
2000,20,82509,1704477,1331035,1275030,56005,125039,0.748047641593286,0.0420762789859019,0.0980674964510639
2000,21,130855,2653015,1862564,1754638,107926,155685,0.661375077034996,0.0579448545123819,0.0887277033781327
2000,22,141231,2877086,1955629,1812733,142896,160579,0.630058677425701,0.0730690739398935,0.0885839227288299
2000,23,41427,827395,641086,610977,30109,74026,0.738434484133938,0.0469656177174357,0.121160043667765
2000,24,171728,3494197,2685926,2560297,125629,204164,0.732728292079697,0.0467730682081338,0.0797423111459335
2000,25,205974,4152787,3197796,3048927,148869,265961,0.734188148826318,0.0465536263101211,0.0872310160262938
2000,26,316919,6411903,4783410,4509201,274209,363506,0.703254712368543,0.0573250045469655,0.0806142817763058
2000,27,158120,3180986,2601647,2498290,103357,245398,0.785382268265249,0.0397275264476695,0.0982263868486045
2000,28,89267,1808675,1235840,1144356,91484,100589,0.632704051308278,0.074025763852926,0.087900094026684
2000,29,175823,3574211,2717520,2571649,145871,233793,0.719501171027676,0.053677985810592,0.0909117068464631
2000,30,29139,579303,440771,413838,26933,64819,0.714372271505585,0.061104292251532,0.156628922428583
2000,31,52818,1080095,874522,843450,31072,95482,0.780903531633792,0.0355302668200457,0.113204102199301
2000,32,65265,1320008,966383,907668,58715,64496,0.687623105314513,0.0607574843514424,0.0710568181317398
2000,33,40112,811909,656895,632811,24084,64108,0.779411239436932,0.036663393693056,0.101306709270224
2000,34,268869,5435812,4040988,3809879,231109,318924,0.700884982777182,0.0571912116541796,0.0837097451126401
2000,35,57396,1154449,805661,746485,59176,81089,0.646615831448596,0.0734502476848203,0.108627768809822
2000,36,610481,12356255,8745515,8122682,622833,720348,0.657374099191058,0.0712174182995513,0.0886835161095806
2000,37,260580,5328259,3994038,3790820,203218,337873,0.711455655590316,0.0508803371425109,0.0891292649083839
2000,38,19932,408139,325850,310259,15591,39383,0.760179742685703,0.0478471689427651,0.126935882601311
2000,39,361963,7282166,5502594,5226504,276090,396333,0.717712834340772,0.0501745176911108,0.0758313779153331
2000,40,109834,2212496,1595810,1510882,84928,155382,0.682885754369726,0.0532193682205275,0.102841916178762
2000,41,110638,2239268,1693477,1584526,108951,192573,0.70760891505617,0.064335683330804,0.12153350591912
2000,42,388363,7770292,5775528,5452419,323109,435445,0.701700656809294,0.0559444954643108,0.0798627178138731
2000,44,33531,676639,514485,485444,29041,39220,0.717434259627364,0.0564467380001361,0.0807920172048681
2000,45,129203,2630471,1918899,1809124,109775,146203,0.687756679317126,0.0572072839685674,0.0808142504328062
2000,46,22808,464895,373157,357017,16140,47766,0.767951903117908,0.0432525719737269,0.133791948282575
2000,47,183974,3739893,2728277,2579912,148365,233966,0.689835778724151,0.0543804752963134,0.0906875893441327
2000,48,663625,13559975,9631329,9045015,586314,824132,0.667037734214112,0.0608757109221375,0.091114497875349
2000,49,69284,1408275,1079251,1025528,53723,92871,0.728215724911683,0.0497780405114288,0.0905592046243496
2000,50,20157,401648,319288,306974,12314,40851,0.764286141098673,0.0385670617123099,0.133076416895242
2000,51,232591,4743646,3582741,3436515,146226,268095,0.724445921976471,0.040814002463477,0.0780136271775331
2000,53,192956,3895398,2951914,2773838,178076,273440,0.712080768126903,0.0603256056917647,0.0985782154545435
2000,54,58062,1179482,768685,710537,58148,51853,0.602414449733018,0.0756460708872945,0.072977198935453
2000,55,173343,3447284,2772030,2647427,124603,225250,0.76797473025141,0.0449500907277338,0.0850826103987003
2000,56,16277,325170,249736,235174,14562,27617,0.723234000676569,0.0583095749111061,0.11743219913766
2005,1,28768,2912582,2084671,1931675,152996,171919,0.663217378944181,0.0733909571342432,0.0889999611735929
2005,2,4028,446100,342124,310861,31263,34054,0.696841515355302,0.0913791490804504,0.10954735396206
2005,4,36151,3681956,2735121,2562999,172122,248716,0.696097128808709,0.0629303054599778,0.0970410054783478
2005,5,17045,1747330,1277120,1189656,87464,123311,0.680842199241128,0.068485342019544,0.103652652531488
2005,6,215656,23024756,16819112,15604407,1214705,1816616,0.677723012569601,0.0722217082566547,0.116416855827972
2005,8,30580,3058636,2421430,2268051,153379,284904,0.741523672643623,0.0633423225119041,0.125616222915622
2005,9,21542,2206444,1735965,1624346,111619,166136,0.73618274472409,0.0642979553159194,0.102278701705179
2005,10,4960,539837,419359,392938,26421,34123,0.727882675696553,0.0630032978903517,0.0868406720653131
2005,11,3514,343240,262255,237145,25110,19556,0.690901410092064,0.0957465062629883,0.0824643150814902
2005,12,109393,10916018,8102256,7588350,513906,935485,0.695157336677166,0.0634275194464357,0.123279105470886
2005,13,57284,5897423,4417889,4094085,323804,429523,0.694215931263537,0.0732938287947026,0.104913063602734
2005,15,8033,812460,615920,588309,27611,64799,0.724108263791448,0.0448288738797246,0.110144498894289
2005,16,8931,916997,693276,653028,40248,80066,0.712137553339869,0.0580548006854413,0.122607300146395
2005,17,78577,8141542,6246497,5735552,510945,496332,0.70447981475745,0.0817970456081224,0.0865360474458256
2005,18,40263,3932397,3004134,2788478,215656,223134,0.709103887527124,0.0717864116580685,0.0800199965716065
2005,19,18166,1856375,1515496,1435114,80382,137498,0.773073328395394,0.0530400608117738,0.0958098102311036
2005,20,17085,1742123,1395351,1320219,75132,127627,0.757821921873484,0.0538445165409994,0.0966710826006897
2005,21,26936,2703063,1914082,1769130,144952,167204,0.65449084982481,0.0757292529787125,0.094511991769966
2005,22,28002,2885320,2044825,1866495,178330,163431,0.646893585460192,0.0872103969777365,0.08756037385581
2005,23,8054,868188,676286,640531,35755,84525,0.737779144609232,0.0528696439080507,0.131960826251969
2005,24,35614,3622602,2854238,2687451,166787,236985,0.741856543997933,0.058434860722897,0.0881820729010501
2005,25,40500,4116977,3211072,3004654,206418,285288,0.729820448353246,0.0642832051103183,0.0949487029122155
2005,26,63654,6467853,4860090,4419614,440476,406700,0.683320106378423,0.0906312434543393,0.0920216109370637
2005,27,32571,3309386,2712373,2561940,150433,275962,0.774143602468857,0.0554617672421898,0.10771602769776
2005,28,17667,1835832,1308199,1185332,122867,109234,0.645664744922193,0.0939207261280585,0.0921547718276399
2005,29,36462,3689175,2833251,2638363,194888,252175,0.715163417295195,0.0687859988402016,0.0955801002363966
2005,30,5549,604100,474241,447469,26772,68131,0.740720079457044,0.056452310112369,0.152258592215327
2005,31,10700,1107379,901383,855335,46048,99226,0.772395900590493,0.0510859423796544,0.116008347606493
2005,32,15241,1553137,1184596,1113643,70953,93837,0.717028182317465,0.0598963697328034,0.0842612937898411
2005,33,8379,861247,695692,663648,32044,72710,0.770566399650739,0.046060613029904,0.109561092627417
2005,34,53534,5537153,4222971,3951430,271541,350277,0.713621241818675,0.0643009388413986,0.0886456295568946
2005,35,11566,1234222,900891,833602,67289,89891,0.675406855492772,0.0746916108608034,0.107834434178421
2005,36,116177,12295789,9027517,8378153,649364,826659,0.68138392745679,0.0719316285973208,0.0986684057930191
2005,37,54689,5506012,4167957,3867044,300913,380591,0.702331197244031,0.0721967621067108,0.0984191025496477
2005,38,4090,412800,341649,329844,11805,36865,0.799040697674419,0.0345530061554402,0.111764955554747
2005,39,73234,7292383,5562384,5144429,417955,424914,0.705452387785995,0.075139544483085,0.0825969218352513
2005,40,21512,2239432,1651572,1541170,110402,170670,0.688196828481508,0.0668466164357352,0.110740541277082
2005,41,22862,2364027,1798045,1663933,134112,205642,0.703855328217487,0.0745876771715947,0.123587908888158
2005,42,76895,7762881,5858862,5468081,390781,469670,0.704388100242681,0.0666991303089235,0.0858930217017634
2005,44,6552,673016,531804,500690,31114,43953,0.74394962378309,0.0585065174387556,0.0877848568974815
2005,45,27047,2708426,1995691,1840091,155600,172848,0.679394969624424,0.0779679820172562,0.0939344847618949
2005,46,4713,485690,396022,379774,16248,51600,0.781926743395993,0.0410280236956533,0.135870280745917
2005,47,38331,3879268,2848112,2637375,210737,261588,0.679864087760887,0.0739918233552613,0.0991849850703825
2005,48,138041,14486727,10742851,9914698,828153,986495,0.684398760327298,0.0770887541863887,0.0994982398858745
2005,49,14996,1566518,1224601,1159599,65002,114861,0.740239818501926,0.0530801461047313,0.0990523448192004
2005,50,3842,415224,337211,318755,18456,47173,0.767669980540624,0.0547313106630567,0.147991404056407
2005,51,48209,4889366,3750710,3564227,186483,309792,0.728975290456881,0.0497193864628297,0.0869170229617811
2005,53,40035,4162718,3147619,2924668,222951,289447,0.702586146839637,0.0708316349596314,0.0989674725473114
2005,54,11277,1175010,778506,720073,58433,56903,0.612822869592599,0.0750578672482935,0.0790239322957534
2005,55,36125,3584988,2884827,2703405,181422,249987,0.754090390260721,0.0628883465109,0.0924711613687183
2005,56,3292,337978,273550,258014,15536,29522,0.763404718650326,0.0567940047523305,0.114420147743921
2006,1,30042,2995408,2086006,1939832,146174,175457,0.647601929353197,0.0700736239493079,0.0904495853249147
2006,2,4228,469969,360483,329366,31117,34399,0.700824948028487,0.086320298044568,0.104440045420596
2006,4,37823,3928997,2859745,2715676,144069,265750,0.691188107295577,0.0503782679924259,0.0978577709564764
2006,5,17684,1805784,1295153,1203095,92058,122826,0.666245243063401,0.0710788609531075,0.102091688520025
2006,6,225488,24083999,17537942,16384163,1153779,1898062,0.680292463058149,0.06578759355003,0.115847358208045
2006,8,31742,3244740,2525517,2389760,135757,288994,0.736502770638017,0.0537541422211769,0.120930135243706
2006,9,22385,2328956,1809336,1694873,114463,165309,0.727739381937658,0.0632624343958226,0.0975347415411066
2006,10,5087,551895,413740,389764,23976,31106,0.706228539849066,0.057949436844395,0.079807267987808
2006,11,3968,409871,308564,281536,27028,19279,0.686889289556958,0.087592849457487,0.068477921118436
2006,12,115923,11525150,8505584,8041085,464499,966147,0.697698945349952,0.0546110649192342,0.120151322862524
2006,13,60467,6277351,4609157,4296203,312954,419260,0.684397447267167,0.0678983163298625,0.0975884984950665
2006,15,8283,839399,639449,611894,27555,64020,0.728966796481769,0.0430917868352285,0.10462596462786
2006,16,9324,949286,720193,682632,37561,89305,0.719100460767356,0.0521540753659089,0.130824514526128
2006,17,81552,8439983,6409831,5942819,467012,525385,0.704126892198716,0.0728587071952443,0.0884066972256769
2006,18,41889,4142544,3155551,2935278,220273,242468,0.708568937348644,0.0698049247183772,0.082604782238684
2006,19,19168,1927973,1555543,1480597,74946,153578,0.767955256634818,0.0481799603096796,0.103727077658539
2006,20,17770,1799916,1427580,1356313,71267,124304,0.75354238753364,0.0499215455526135,0.0916484616751443
2006,21,27614,2796839,1975400,1835589,139811,172171,0.656308425333028,0.0707760453579022,0.093796051294707
2006,22,26372,2808258,1965055,1813794,151261,161870,0.645878690633126,0.0769754536132576,0.0892438722368692
2006,23,8312,891814,684415,649921,34494,88472,0.72876294832779,0.0503992460714625,0.136127313935078
2006,24,36549,3776917,2951564,2792962,158602,226558,0.739481963728618,0.0537349012252487,0.0811174659734003
2006,25,42113,4301646,3335332,3137446,197886,296216,0.729359412652738,0.0593302255967322,0.0944130990621034
2006,26,65206,6676370,4908389,4440520,467869,397852,0.665109932493256,0.0953202771825949,0.0895958131029699
2006,27,33471,3431621,2791384,2640505,150879,269039,0.769462886490087,0.0540516818897006,0.101889221948074
2006,28,18148,1869332,1277047,1165025,112022,104481,0.62323065137707,0.0877195592644593,0.0896813373103582
2006,29,37937,3798936,2882468,2701343,181125,252263,0.711078838917002,0.0628367773727237,0.0933842907028097
2006,30,5761,622235,469525,447598,21927,70013,0.719339156428038,0.046700388690698,0.156419376315354
2006,31,11115,1140662,929785,883115,46670,95291,0.774212694032062,0.0501943997805944,0.107903274205511
2006,32,16252,1656348,1260297,1195534,64763,91604,0.721789140929322,0.0513870936771253,0.0766218275682666
2006,33,8463,894426,714090,683800,30290,76127,0.764512659515712,0.0424176224285454,0.111329336063176
2006,34,55476,5754095,4375055,4097535,277520,369720,0.712107638125544,0.0634323454219433,0.0902298577071337
2006,35,11914,1268914,910158,847888,62270,88303,0.668199736152332,0.0684166924863595,0.104144651180345
2006,36,120969,12815698,9294334,8683714,610620,836007,0.677584162797844,0.0656980909014029,0.0962729772076787
2006,37,57838,5873773,4368712,4081735,286977,385296,0.694908536642461,0.0656891550644675,0.0943951530415375
2006,38,4130,418573,342615,331788,10827,38356,0.792664600917881,0.0316010682544547,0.115603939865215
2006,39,74905,7502080,5684475,5268488,415987,419265,0.70227030370244,0.0731794932689475,0.0795797579874909
2006,40,22391,2309659,1680542,1581767,98775,166807,0.684848715762803,0.0587756807030113,0.105456113321368
2006,41,23795,2466407,1857441,1737863,119578,215410,0.704613228879094,0.0643778187301777,0.123951082450113
2006,42,79440,8090312,6004933,5624716,380217,482540,0.695240925195468,0.0633174425093502,0.0857892202913
2006,44,6848,713528,546709,516035,30674,49268,0.723216187731946,0.0561066307670077,0.0954741441956456
2006,45,28379,2856599,2070322,1920932,149390,174638,0.672454201657286,0.0721578575699819,0.0909131609031449
2006,46,4911,495801,397609,381865,15744,48454,0.770198123844042,0.0395966892097513,0.126887774475273
2006,47,39641,3996205,2896051,2679692,216359,262355,0.670559193034391,0.0747082837974884,0.097904908474556
2006,48,144854,15371491,11247865,10450128,797737,999952,0.679838279838956,0.0709234152436929,0.0956880145391521
2006,49,15773,1614064,1239695,1187611,52084,115730,0.735789287165813,0.0420135597868831,0.097447733306613
2006,50,4150,431707,340057,321014,19043,42688,0.743592297553665,0.0559994353887731,0.132978623985247
2006,51,50805,5156141,3947637,3766033,181604,307253,0.730397597738309,0.0460032166078087,0.0815853180256254
2006,53,41744,4303847,3235555,3026140,209415,316104,0.703124437276697,0.0647230536955793,0.104457824158829
2006,54,11856,1195024,791136,740260,50876,55811,0.619451994269571,0.0643075274036322,0.0753937805635858
2006,55,37170,3666714,2937864,2765773,172091,257492,0.754291990048856,0.0585769116609891,0.0930994698408004
2006,56,3465,344743,273644,263802,9842,28735,0.765213506873236,0.0359664381459122,0.10892639176352
2007,1,30242,3018350,2113948,1980044,133904,178499,0.656002120363775,0.0633430907477383,0.0901490067897481
2007,2,4319,482463,371962,341870,30092,36549,0.708593197820351,0.0809007371720767,0.106909058999035
2007,4,38249,4029735,2915231,2743387,171844,266095,0.680785957389258,0.0589469582341845,0.096995064859606
2007,5,17803,1818300,1290053,1194188,95865,126997,0.656760710553814,0.0743109004048671,0.106345901985282
2007,6,226664,24262433,17596248,16418703,1177545,1882345,0.676712966090416,0.0669202320858401,0.114646388329212
2007,8,31929,3315424,2584218,2443849,140369,297585,0.737115071858079,0.0543177858833891,0.121768979998355
2007,9,22564,2321594,1811985,1698552,113433,174185,0.731631801253794,0.0626015116019172,0.102549112420462
2007,10,5362,569022,423326,399901,23425,33129,0.702786535494234,0.0553356042388136,0.0828430036434017
2007,11,3862,416201,313285,289309,23976,19676,0.695118464395809,0.0765309542429417,0.068010328057544
2007,12,116269,11600899,8584511,8044054,540457,949317,0.693399192597057,0.0629572261017547,0.118014747290359
2007,13,61306,6359844,4662001,4332346,329655,432431,0.681203186744832,0.0707110530435322,0.0998145115833315
2007,15,8528,852694,645991,616629,29362,63112,0.72315390984339,0.0454526456250938,0.102350035434597
2007,16,9380,954240,723374,684710,38664,91717,0.717544852448022,0.0534495295656189,0.133950139475106
2007,17,81992,8467221,6448592,5974542,474050,479149,0.705608369026863,0.0735121713391078,0.0801984486844347
2007,18,42100,4147878,3116345,2911257,205088,225396,0.70186659299044,0.0658104285629479,0.0774222268937438
2007,19,19135,1925433,1554807,1479364,75443,154116,0.768327955322257,0.0485224211107874,0.104177200472636
2007,20,17622,1799460,1418639,1344948,73691,125394,0.747417558600914,0.0519448570073148,0.0932333443374763
2007,21,27849,2803635,1984150,1850325,133825,166925,0.659973570026056,0.0674470176145957,0.0902138813451691
2007,22,26961,2822060,1964123,1837401,126722,184384,0.651085022997385,0.0645183626483678,0.100350440649591
2007,23,8163,874116,666140,627351,38789,83231,0.717697651112667,0.0582295013060318,0.132670546472389
2007,24,37084,3759164,2919079,2752039,167040,237559,0.732088038723503,0.057223528380013,0.0863210877462129
2007,25,41923,4325112,3344210,3138654,205556,283895,0.725681554604829,0.061466235672999,0.090451193409659
2007,26,65009,6642974,4853130,4377860,475270,383941,0.659021095069769,0.0979306138512671,0.0877006117143993
2007,27,33885,3456066,2813264,2651503,161761,269514,0.76720265180121,0.0574994028288849,0.101645745827932
2007,28,18545,1894602,1302327,1180719,121608,106526,0.623201601180617,0.0933774697138276,0.0902212973620311
2007,29,37999,3846372,2908810,2720101,188709,243749,0.707186148401663,0.0648749832405692,0.0896102755007994
2007,30,5701,625007,474425,448323,26102,68286,0.717308766141819,0.0550181799019866,0.152314291258758
2007,31,11071,1137460,930136,890117,40019,96397,0.782547957730382,0.0430248909836841,0.108296999158538
2007,32,16694,1685369,1275010,1203989,71021,97606,0.714377088934233,0.0557023082171905,0.0810688469745156
2007,33,8773,896268,712239,677421,34818,79793,0.755824150812034,0.0488852758694764,0.117789380606742
2007,34,55808,5756656,4350248,4088717,261531,364434,0.710259046224058,0.0601186415119322,0.0891316273540086
2007,35,11790,1287825,916113,861103,55010,94932,0.668649078873294,0.0600471775861711,0.110244651336716
2007,36,121316,12889095,9353244,8768516,584728,849405,0.680305017536142,0.0625160639453007,0.0968698694283046
2007,37,59424,5999333,4452335,4152105,300230,402530,0.692094437831672,0.0674320328546706,0.0969460069049314
2007,38,4201,426758,343848,330974,12874,39699,0.775554295408639,0.0374409622856611,0.119945977629663
2007,39,75091,7519814,5672461,5258372,414089,421524,0.699268891491199,0.072999884882417,0.0801624533220548
2007,40,22746,2337709,1700337,1606017,94320,167079,0.687004669956782,0.0554713565604936,0.104033145352758
2007,41,24043,2500924,1874578,1751155,123423,213386,0.700203204895471,0.06584041848352,0.121854433216934
2007,42,80432,8089865,6015688,5654632,361056,470184,0.698977300610084,0.060019070137946,0.0831502386008497
2007,44,6775,707898,538850,506115,32735,48023,0.714954696863107,0.0607497448269463,0.0948855497268407
2007,45,28701,2899864,2089427,1947284,142143,184133,0.671508732823333,0.0680296559774522,0.0945588830391458
2007,46,4898,505871,407296,388390,18906,46866,0.767764904491461,0.0464183296668762,0.120667370426633
2007,47,40024,4073005,2967504,2760587,206917,277098,0.677776481983204,0.0697276229450744,0.100376477901258
2007,48,147725,15622552,11354778,10683439,671339,1005605,0.683847235714114,0.0591239212250561,0.0941274621402341
2007,49,16239,1686130,1301844,1255011,46833,119887,0.744314495323611,0.0359743563744965,0.095526652754438
2007,50,4077,425269,342297,325676,16621,46227,0.765811756793935,0.0485572470690658,0.141941684373426
2007,51,51469,5193010,3934832,3743615,191217,309405,0.720895010793355,0.0485959756350462,0.0826487232260796
2007,53,42400,4361825,3289041,3097177,191864,305006,0.710064479890871,0.0583343290643078,0.0984787114201093
2007,54,11707,1185519,776367,727853,48514,53721,0.613953045037659,0.0624884880475342,0.0738074858522257
2007,55,37614,3701484,2945961,2771928,174033,236806,0.748869372392262,0.059075120139065,0.0854300688906783
2007,56,3419,347139,281547,271888,9659,31234,0.783225163407165,0.0343068830426181,0.114878185135056
2008,1,29941,3034618,2172372,2011682,160690,165227,0.662911114347836,0.0739698357371574,0.0821337567269579
2008,2,4257,479747,378669,350421,28248,34113,0.730428746818636,0.0745981318777085,0.0973486178054397
2008,4,38345,4097119,3046357,2857203,189154,264928,0.697368809644045,0.0620918690750953,0.0927228481840457
2008,5,18021,1830044,1311727,1223464,88263,120393,0.66854348857186,0.0672876292094315,0.0984033857963945
2008,6,226222,24405391,18054797,16691988,1362809,1838450,0.68394675586226,0.0754818234732853,0.11013966700671
2008,8,32436,3354660,2656869,2528676,128193,293634,0.753780114825347,0.0482496502462109,0.116121638359363
2008,9,22312,2307182,1828756,1710571,118185,158756,0.741411384104072,0.0646258986983501,0.0928087755492172
2008,10,5263,570671,443935,412570,31365,28723,0.722955958862462,0.0706522351245115,0.0696197008992413
2008,11,3948,423165,318063,294367,23696,19978,0.695631727576714,0.0745009636455671,0.0678676617963291
2008,12,114942,11602899,8699052,8041723,657329,940903,0.693078772813587,0.0755632912643815,0.117002662240418
2008,13,61732,6443242,4810731,4471069,339662,425962,0.693916044128096,0.0706050702065861,0.0952707283202295
2008,15,8420,845202,664126,637925,26201,64464,0.754760400472313,0.0394518510041769,0.101052631578947
2008,16,9565,977258,750366,708192,42174,78517,0.724672502041426,0.0562045721687816,0.110869651168045
2008,17,81433,8514772,6554710,6099112,455598,489431,0.716297747021294,0.0695069652204293,0.0802462719163052
2008,18,41894,4158334,3192084,2960467,231617,232131,0.711935837765798,0.0725598073233662,0.0784102643265404
2008,19,18995,1941121,1604403,1543509,60894,139572,0.795163722405765,0.0379543044983087,0.0904251287164506
2008,20,17654,1813594,1466691,1402893,63798,115874,0.773543031130451,0.043497914693688,0.0825964631657582
2008,21,27825,2821860,1989727,1854326,135401,155120,0.657128985846215,0.0680500390254542,0.0836530361975187
2008,22,27132,2902875,2061015,1936315,124700,175512,0.667033544331051,0.0605041690623309,0.0906422766956823
2008,23,8029,873517,676498,634367,42131,76305,0.726221699177005,0.0622780850793351,0.120285260740234
2008,24,36855,3774596,3005272,2842674,162598,227152,0.753106822557964,0.0541042541240859,0.0799078614009204
2008,25,42493,4372876,3450951,3244638,206313,295168,0.741991769261237,0.0597843898681842,0.0909710112499453
2008,26,64120,6616955,4900111,4431065,469046,373693,0.669653186397671,0.0957215050842726,0.0843348043867558
2008,27,33836,3472156,2866084,2718177,147907,252204,0.782849906513417,0.0516059543265306,0.0927842447346144
2008,28,18431,1902807,1333730,1229507,104223,100315,0.646154339352336,0.0781440021593576,0.0815896127472231
2008,29,37925,3862260,2968561,2777784,190777,238939,0.719212067545945,0.0642658176806877,0.086017847320022
2008,30,5741,634205,481926,457194,24732,58907,0.720893086620257,0.0513190821827418,0.128844648005004
2008,31,11091,1144620,952501,915546,36955,97799,0.799868952141322,0.0387978595298063,0.106820410989726
2008,32,16743,1708674,1329229,1231775,97454,98186,0.720895267324253,0.0733161855481636,0.0797109861784823
2008,33,8612,890533,721474,687730,33744,73730,0.772267844088877,0.0467709162076527,0.107207770491327
2008,34,55518,5728171,4467612,4195582,272030,346759,0.732447058581177,0.0608893520744416,0.0826486051279656
2008,35,11743,1279435,931430,876320,55110,84098,0.68492733120479,0.0591670871670442,0.0959672265838963
2008,36,121265,13051028,9700485,9089751,610734,822704,0.696477779374927,0.0629591200852329,0.0905089699376804
2008,37,59698,6089906,4623229,4308919,314310,391061,0.707550986829682,0.0679849516431049,0.0907561734161167
2008,38,4196,432257,360467,347979,12488,34910,0.805028027307828,0.0346439479896912,0.100322145876619
2008,39,74428,7504590,5744304,5329214,415090,402368,0.710127268778174,0.0722611477386991,0.0755023161013988
2008,40,22688,2353950,1734155,1652834,81321,158425,0.702153401729009,0.0468937321058383,0.0958505209839585
2008,41,24101,2512326,1903266,1774734,128532,206697,0.706410712622486,0.0675323365204864,0.116466467650927
2008,42,79882,8135559,6149543,5783081,366462,454067,0.710840029554208,0.0595917452727788,0.0785164516976332
2008,44,6601,708257,550715,509143,41572,40916,0.718867586201054,0.075487321028118,0.0803624914807824
2008,45,29168,2948955,2148753,1983680,165073,172748,0.672672183875305,0.0768226966989691,0.0870846104210357
2008,46,4896,511301,419124,403770,15354,48223,0.789691395088216,0.0366335499756635,0.119431854768804
2008,47,40423,4099356,3033991,2822549,211442,264132,0.688534735699949,0.0696910439088316,0.0935792434427179
2008,48,149231,15841331,11768085,11147261,620824,1024320,0.703682095904694,0.0527548874774443,0.091889837333135
2008,49,16541,1730096,1335061,1278630,56431,120398,0.739051474600253,0.0422684806162415,0.094161719965901
2008,50,3992,424759,337638,319918,17720,42534,0.753175330010665,0.0524822442971466,0.13295281915991
2008,51,51980,5209816,4043980,3848003,195977,307568,0.738606315462965,0.0484614167231292,0.0799292516144088
2008,53,42806,4402581,3361152,3180753,180399,312813,0.722474612051431,0.0536717768193762,0.0983455804333125
2008,54,11555,1200948,808491,765642,42849,54028,0.637531350233316,0.0529987346797924,0.0705656168287529
2008,55,37288,3730218,3015751,2863307,152444,239409,0.767597765063597,0.0505492661695213,0.0836127596516895
2008,56,3542,351996,280987,271791,9196,27306,0.772142297071558,0.0327274927309804,0.100466902877579
2009,1,30747,3058743,2172727,1928001,244726,158848,0.630324613738389,0.112635411627876,0.0823899987603741
2009,2,4224,484347,370188,336052,34136,31737,0.693824881748003,0.0922126054869418,0.0944407413138443
2009,4,38534,4180384,3034873,2705860,329013,254589,0.64727546560316,0.108410796761512,0.0940880163792657
2009,5,17978,1847850,1325396,1201335,124061,112730,0.650125821901128,0.0936029684713097,0.093837272700787
2009,6,230568,24477578,18062702,16013080,2049622,1808869,0.654193809534587,0.113472613344338,0.112961966092719
2009,8,32665,3390996,2657209,2430631,226578,275249,0.716789698365908,0.0852691677621143,0.113241787832049
2009,9,22492,2321274,1831185,1660927,170258,156167,0.715523889036796,0.0929769520829408,0.0940239998506858
2009,10,5356,576398,441923,403429,38494,28835,0.69991394834819,0.0871056722551214,0.0714747824276391
2009,11,3987,428679,320051,283545,36506,18928,0.661438978816317,0.114063071198028,0.0667548360930364
2009,12,115044,11745327,8734444,7678017,1056427,893535,0.653708236475664,0.120949541836893,0.116375751707765
2009,13,62245,6515116,4780901,4250805,530096,397918,0.652452696160744,0.11087784499198,0.093610033864174
2009,15,8527,852595,666988,620504,46484,62848,0.727782827720078,0.0696924082592191,0.101285406701649
2009,16,9741,986296,734615,661756,72859,77767,0.670950708509413,0.0991798425025353,0.117516123767673
2009,17,81460,8506535,6509288,5806343,702945,469724,0.682574397213437,0.107991073678104,0.0808984243610824
2009,18,42093,4186155,3171564,2824669,346895,217235,0.674764551240936,0.109376635628352,0.0769063561075652
2009,19,19051,1934603,1571914,1478087,93827,140483,0.764026004301658,0.059689652232883,0.0950437964747677
2009,20,17589,1827301,1443028,1339045,103983,123488,0.732799358179085,0.0720588928281364,0.0922209485118125
2009,21,28138,2844111,1996096,1792528,203568,148867,0.630259508155624,0.101983070954503,0.0830486329920649
2009,22,28386,2945197,2111400,1930627,180773,173941,0.655517101232957,0.0856175996968836,0.0900956010663893
2009,23,8076,876112,666750,617187,49563,81393,0.704461301751374,0.0743352080989876,0.13187737266015
2009,24,37055,3820151,3016006,2772067,243939,234988,0.725643305722732,0.0808814703949528,0.0847699568589071
2009,25,42511,4437122,3471115,3153934,317181,280733,0.710806238818766,0.0913772663827041,0.0890104231730911
2009,26,63660,6574742,4835240,4105864,729376,350646,0.624490512327328,0.150845873214153,0.0854012699884848
2009,27,33792,3484001,2835491,2606126,229365,261069,0.74802676577877,0.0808907522541951,0.100175125838121
2009,28,18303,1898487,1306609,1168455,138154,99827,0.61546642141874,0.105734768396666,0.0854350402882439
2009,29,38056,3895187,2950547,2678525,272022,228038,0.687649912571592,0.0921937525482563,0.0851356623514808
2009,30,5633,638904,485488,448695,36793,62107,0.702288606739041,0.075785601291896,0.13841696475334
2009,31,11184,1154013,948835,892638,56197,85180,0.773507750779237,0.0592273682990193,0.095425021117183
2009,32,17052,1729674,1332081,1171927,160154,85528,0.677542126435386,0.120228424547756,0.0729806549384049
2009,33,8585,896878,725176,665735,59441,66979,0.742280443939979,0.0819676878440544,0.100609101218953
2009,34,55698,5733825,4442461,4010674,431787,328628,0.699476178641657,0.0971954508998503,0.0819383475196438
2009,35,11870,1289929,928470,840871,87599,82857,0.651873862825008,0.0943476902861697,0.0985371121135109
2009,36,122157,13035877,9620736,8738671,882065,804419,0.670355435234622,0.0916837339679625,0.0920527846854516
2009,37,60621,6167969,4599074,4097300,501774,376846,0.664286736849683,0.109103267309898,0.0919742269299295
2009,38,4288,427025,347496,333685,13811,34120,0.781417949768749,0.0397443423809195,0.10225212400917
2009,39,74974,7551510,5700010,5053954,646056,382385,0.669264027989104,0.11334295904744,0.0756605620074896
2009,40,23041,2369614,1718070,1601404,116666,157737,0.675807958595788,0.0679052657924299,0.0984991919590559
2009,41,24542,2538301,1904044,1685850,218194,202149,0.664164730660391,0.114595040870904,0.119909244594715
2009,42,80007,8236286,6203673,5630049,573624,442057,0.683566476443387,0.0924652218129486,0.0785174338624762
2009,44,6774,701467,551019,499261,51758,42671,0.711738399668124,0.0939314252321608,0.0854683221801823
2009,45,29510,2986586,2173665,1915785,257880,161869,0.64146319576935,0.11863833663421,0.0844922577429096
2009,46,5064,519602,416536,394046,22490,47576,0.758361207231689,0.0539929321835328,0.120737172817387
2009,47,40709,4146233,3018417,2686918,331499,246550,0.648038351920888,0.109825448239922,0.0917594061299973
2009,48,152155,16070522,11878382,10887898,990484,991452,0.677507426330022,0.0833854307766832,0.0910600007457822
2009,49,16711,1747188,1353185,1242186,110999,110841,0.710962987383155,0.0820279562661425,0.0892305983161942
2009,50,3998,421190,338466,315456,23010,48249,0.748963650608989,0.0679831947669781,0.152950015216068
2009,51,51860,5285017,4028709,3737467,291242,279323,0.707181641989042,0.0722916447924137,0.07473591071172
2009,53,43603,4478502,3382418,3058551,323867,302484,0.682940635060563,0.0957501408755512,0.0988978114146208
2009,54,11638,1194127,797339,731541,65798,52186,0.612615743551565,0.08252198876513,0.071337081585311
2009,55,37913,3749380,3013492,2769765,243727,224595,0.738726136054494,0.0808785953305999,0.081088106752739
2009,56,3570,362812,289728,273750,15978,30679,0.754523003649273,0.0551482770046388,0.112069406392694
2010,1,30167,3125449,2164433,1907932,256501,155754,0.610450530467782,0.118507248780628,0.0816349848946399
2010,2,4636,492031,379461,344973,34488,28687,0.70112045785733,0.0908868105022651,0.0831572325950147
2010,4,39448,4077156,2910065,2564059,346006,237124,0.628884202615745,0.118899749661949,0.0924799312340317
2010,5,17850,1872730,1320258,1188721,131537,101657,0.634753007641251,0.0996297693329637,0.0855179642657949
2010,6,236013,24891826,18041511,15732270,2309241,1732114,0.632025549270672,0.127995986588928,0.110099432567582
2010,8,32843,3404720,2641898,2378875,263023,269365,0.698699158814822,0.0995583478241779,0.11323209500289
2010,9,22927,2354224,1851515,1656291,195224,155864,0.70354010493479,0.105440139561386,0.0941042365139942
2010,10,5405,587623,436787,395685,41102,27357,0.673365406051159,0.0941007859666153,0.0691383297319838
2010,11,4194,446880,333183,289091,44092,16653,0.646909684926602,0.13233568339321,0.0576046988664469
2010,12,116679,12047525,8780065,7610700,1169365,859915,0.631723113253552,0.133184093739625,0.112987635828505
2010,13,62521,6466951,4665617,4075306,590311,387370,0.630174250585786,0.126523673074751,0.0950529849783059
2010,15,8794,895277,690536,636850,53686,63919,0.711344086802185,0.0777454035705597,0.100367433461569
2010,16,9712,990751,730759,659851,70908,70193,0.666010935139102,0.0970333584670185,0.10637704572699
2010,17,81739,8472516,6423774,5685014,738760,463801,0.670994778882684,0.115004045908215,0.0815830884497382
2010,18,42006,4232576,3134031,2789164,344867,206406,0.658975526960414,0.110039434836477,0.0740028194828271
2010,19,18967,1960893,1583578,1468805,114773,140074,0.749049030212255,0.0724770109208388,0.0953659607640225
2010,20,17405,1834224,1429583,1319369,110214,114498,0.719306366070883,0.0770952088825902,0.0867823937048695
2010,21,28073,2860829,1995201,1768972,226229,140828,0.618342445493946,0.1133865710773,0.0796100786219341
2010,22,28467,2992066,2122836,1910531,212305,161733,0.638532371946341,0.100010080854103,0.0846534288111525
2010,23,8395,876767,663640,611253,52387,79729,0.697166978227967,0.0789388825266711,0.130435351646536
2010,24,37892,3884506,3042304,2769196,273108,211649,0.712882410273018,0.0897701215920566,0.0764297651737183
2010,25,42989,4408714,3431619,3077623,353996,265185,0.698077262439795,0.103157139530933,0.086165524497315
2010,26,63249,6471703,4715897,4008227,707670,321996,0.619346561484666,0.150060529311815,0.0803337735113306
2010,27,34036,3488262,2831462,2600247,231215,239181,0.745427665697129,0.0816592276357585,0.0919839538320783
2010,28,18307,1916860,1290614,1129239,161375,90875,0.589108750769488,0.125037385306529,0.0804745496746039
2010,29,38448,3900442,2933554,2638735,294819,226466,0.676522045450234,0.100498917013288,0.0858236996136406
2010,30,6164,645433,486486,450392,36094,59824,0.69781371575361,0.0741932964155186,0.13282651556866
2010,31,11222,1173310,952088,886726,65362,88719,0.755747415431557,0.0686512171143844,0.100052327325465
2010,32,17295,1789620,1342664,1154196,188468,90596,0.644939149093104,0.14036869983853,0.0784927343362826
2010,33,8739,887088,709649,654016,55633,71216,0.737261692188374,0.0783950939126244,0.108890302377923
2010,34,56146,5796940,4431519,3950926,480593,327042,0.681553716270998,0.108448818565372,0.0827760378199946
2010,35,12104,1330980,924767,835233,89534,80986,0.627532344588198,0.0968179011578052,0.0969621650485553
2010,36,123350,12991444,9466291,8525453,940838,797338,0.656235981158061,0.099388239807967,0.0935244144797936
2010,37,61044,6284306,4619820,4043378,576442,357886,0.643408834642998,0.124775857068024,0.0885116355680819
2010,38,4319,444548,359047,347517,11530,36888,0.78173110665215,0.0321127874623657,0.106147325166826
2010,39,74806,7510697,5626581,4973996,652585,367671,0.662254914557198,0.115982512292989,0.0739186360423289
2010,40,23238,2416557,1759565,1615838,143727,162681,0.668652963700008,0.0816832569413463,0.100679028466963
2010,41,24757,2538252,1873522,1635213,238309,195203,0.644227996274602,0.127198399591785,0.119374662505741
2010,42,80245,8306705,6163444,5557683,605761,444153,0.669059873921128,0.0982828756130501,0.0799169366082952
2010,44,6817,707053,530033,472281,57752,37733,0.667956998980275,0.108959253480444,0.0798952318640809
2010,45,29955,3040927,2178186,1897345,280841,152537,0.623936385187806,0.128933433600253,0.0803949729753946
2010,46,4979,517109,412998,385666,27332,47834,0.745811811436274,0.0661794972372748,0.124029600742611
2010,47,40682,4162416,2976050,2635435,340615,237136,0.633150314624968,0.114452042136389,0.0899798325513625
2010,48,155770,16500396,12028993,10961289,1067704,1004947,0.664304602144094,0.0887608796513557,0.0916814619156561
2010,49,17194,1738766,1321191,1197316,123875,102654,0.688600996338783,0.0937600997887512,0.0857367645634068
2010,50,4250,421303,333670,304727,28943,39770,0.723296534797996,0.0867413911948932,0.130510260003216
2010,51,52091,5406530,4087725,3769476,318249,285269,0.697208005874378,0.0778547969836523,0.0756786884967566
2010,53,43846,4510070,3358493,3004992,353501,286979,0.666285002228347,0.10525583944942,0.0955007534129875
2010,54,11681,1213456,792780,721773,71007,46345,0.594807722735724,0.0895670930144555,0.0642099385817979
2010,55,37356,3736363,2976282,2714578,261704,223399,0.726529515467314,0.0879298399815609,0.0822960327535256
2010,56,3634,373030,286485,268927,17558,26859,0.720925930890277,0.0612876764926611,0.0998746871827671
2011,1,30811,3135526,2146284,1900532,245752,144042,0.606128604897552,0.114501156417324,0.0757903576472272
2011,2,4614,493889,385829,354897,30932,29774,0.718576441265143,0.0801702308535647,0.0838947638328867
2011,4,40814,4125100,2911921,2584010,327911,243381,0.626411480933796,0.112609854456903,0.0941873289964048
2011,5,18105,1874719,1303668,1179218,124450,99578,0.629010534378752,0.0954614211593749,0.0844440976986444
2011,6,241622,25136234,18152438,15897528,2254910,1719294,0.632454646945123,0.124220779599963,0.108148512146039
2011,8,33324,3445527,2675364,2431146,244218,257889,0.70559481902188,0.0912840271454651,0.106077133993598
2011,9,23487,2362510,1857985,1667122,190863,158996,0.705657118911666,0.102725802414982,0.0953715444940442
2011,10,5704,593019,436785,396756,40029,28670,0.669044330788727,0.0916446306535252,0.0722610370101523
2011,11,4541,455259,338843,299880,38963,17940,0.658701969648047,0.114988357439876,0.0598239295718287
2011,12,119364,12188147,8819540,7722163,1097377,845587,0.63357973939763,0.124425650317363,0.109501314592816
2011,13,61448,6524244,4665915,4107799,558116,371441,0.629620688619248,0.119615552362184,0.0904233629736996
2011,15,9084,898083,679354,632304,47050,52546,0.704059647048213,0.0692569705926513,0.0831024317416939
2011,16,9591,999225,737203,666935,70268,70891,0.667452275513523,0.0953170293664025,0.106293716778996
2011,17,81979,8509242,6406541,5694184,712357,448077,0.669176408427449,0.11119213940877,0.078690291708171
2011,18,42165,4244579,3134714,2825725,308989,199156,0.665725623200793,0.0985700768873971,0.0704796114271559
2011,19,19413,1962801,1563130,1465247,97883,138210,0.746508178872947,0.0626198716677436,0.0943253936025803
2011,20,17817,1842404,1441532,1328209,113323,119242,0.720910831717691,0.0786128923950353,0.0897765336630003
2011,21,28298,2866363,1970410,1765924,204486,131562,0.616085262055085,0.103778401449445,0.0745003748745699
2011,22,28312,3012787,2103735,1899305,204430,164101,0.630414629378048,0.0971747867483309,0.086400551780783
2011,23,8727,873551,665489,609267,56222,68488,0.697460136843756,0.084482237873203,0.112410486699591
2011,24,38382,3911593,3054046,2778696,275350,216125,0.710374520048482,0.0901590873221949,0.0777792892781362
2011,25,45430,4440412,3449543,3120412,329131,272881,0.702730287189567,0.0954129286111233,0.0874503110486692
2011,26,63511,6477854,4646080,4034857,611223,331638,0.622869394710038,0.131556710172877,0.0821932474930338
2011,27,34728,3501240,2842845,2630079,212766,256567,0.751185008739761,0.0748426312373696,0.0975510621544068
2011,28,18682,1924913,1293975,1145571,148404,92115,0.595128714908154,0.114688459977975,0.0804096821585044
2011,29,39462,3907357,2919744,2642702,277042,218580,0.676340042642635,0.0948857160079788,0.0827108012935246
2011,30,6233,654001,497147,454637,42510,60545,0.695162545623019,0.0855079081237541,0.133172179123125
2011,31,11531,1183901,970380,907045,63335,88990,0.766149365529719,0.0652682454296255,0.0981097960961143
2011,32,16611,1794196,1327446,1157165,170281,83907,0.644949046815398,0.128277157790223,0.0725108346692131
2011,33,8961,888954,700669,652989,47680,64293,0.73455881856654,0.068049250073858,0.0984595452603336
2011,34,56937,5815061,4432048,3953126,478922,316478,0.679808173981322,0.108058847738111,0.0800576556375891
2011,35,12402,1338278,941441,837545,103896,72618,0.62583783040594,0.110358482369049,0.086703401011289
2011,36,128121,13039851,9511546,8589573,921973,774348,0.658717112641855,0.0969319814044951,0.0901497664668547
2011,37,61557,6338448,4629899,4096519,533380,358091,0.646296853740853,0.115203377006712,0.0874134844730368
2011,38,4377,451419,365119,353881,11238,39947,0.783930228900423,0.0307790062965773,0.112882579172095
2011,39,75290,7517071,5607420,5002774,604646,366193,0.665521717168828,0.107829625745887,0.0731979897552838
2011,40,23531,2441123,1747670,1613442,134228,146474,0.660942525223022,0.076803973290152,0.0907835546614009
2011,41,25258,2555385,1876540,1649249,227291,188194,0.645401377874567,0.121122384814606,0.114108906538673
2011,42,82674,8340772,6175381,5602042,573339,436178,0.671645502358775,0.0928426926209087,0.0778605372826551
2011,44,6987,706050,547465,493585,53880,39758,0.699079385312655,0.0984172504178349,0.0805494494362673
2011,45,30347,3057611,2170188,1908578,261610,163665,0.624205629820144,0.120547159969551,0.0857523245054695
2011,46,5114,521470,412575,391129,21446,44249,0.750050817880223,0.0519808519663092,0.113131473247957
2011,47,40917,4206481,3000199,2682590,317609,237009,0.637727829984255,0.105862644444585,0.0883508102244473
2011,48,156231,16754603,12140969,11105296,1035673,1001803,0.662820599210856,0.0853039819144584,0.0902094820345176
2011,49,17091,1761547,1333829,1221725,112104,97153,0.693552315095765,0.0840467556185988,0.0795211688391414
2011,50,4307,420008,331428,312380,19048,38366,0.743747738138321,0.0574725128836429,0.122818362251104
2011,51,53528,5438047,4103997,3795586,308411,278286,0.697968590562016,0.0751489340757315,0.0733183229150914
2011,53,45261,4577367,3402769,3053716,349053,276146,0.667133747414179,0.10257910542855,0.090429496390627
2011,54,11730,1212154,780055,706786,73269,44680,0.583082677613571,0.0939279922569562,0.0632157399835311
2011,55,38075,3753989,2948395,2698357,250038,216828,0.718797258063356,0.0848047836195625,0.0803555645157405
2011,56,3721,375622,294216,278424,15792,27368,0.741234538978015,0.0536748511297822,0.0982961238973652
2012,1,30150,3127452,2142674,1925203,217471,147339,0.615581949778925,0.101495141118061,0.0765316696473047
2012,2,4511,506948,380363,348888,31475,25858,0.68821259774178,0.0827498994381683,0.0741154754534407
2012,4,40653,4137291,2940318,2647314,293004,231521,0.63986652135419,0.0996504459721704,0.0874550582212764
2012,5,17944,1872081,1308501,1188411,120090,103335,0.634807468266597,0.091776773575259,0.0869522412700657
2012,6,239972,25280851,18298419,16228583,2069836,1770963,0.641931832120683,0.113115564792783,0.109126163387155
2012,8,33412,3477478,2696578,2489758,206820,257200,0.715966571176008,0.0766972066077822,0.103303212601385
2012,9,23213,2358997,1855753,1667765,187988,143705,0.706980551480142,0.101300119143011,0.0861662164633507
2012,10,5478,593068,446419,409602,36817,28131,0.690649301597793,0.0824718481964253,0.068678863872735
2012,11,4588,462172,352324,316109,36215,22985,0.683963978778463,0.10278891020765,0.0727122606442714
2012,12,116774,12276014,8931638,7897599,1034039,873459,0.643335776580248,0.115772605204107,0.110598043785206
2012,13,62185,6551898,4654355,4149627,504728,365655,0.633347314014962,0.108442093480192,0.0881175585179102
2012,15,9038,912251,696757,647957,48800,57573,0.710283682889906,0.0700387653084217,0.0888531183396429
2012,16,9348,1007103,741717,683960,57757,73210,0.679136096307925,0.0778693221269029,0.107038423299608
2012,17,82259,8482286,6443270,5766376,676894,440684,0.679813908656228,0.105054421124677,0.0764230428262049
2012,18,42069,4232359,3152566,2871821,280745,204878,0.678539084231749,0.0890528540877495,0.0713407973547098
2012,19,19419,1964481,1562893,1485264,77629,140649,0.756059233965612,0.049670066984752,0.0946962964159907
2012,20,18060,1852413,1428023,1335486,92537,109137,0.720943979555315,0.0648007770182973,0.0817208117494305
2012,21,28563,2861804,1995875,1802821,193054,139350,0.629959633853332,0.0967264984029561,0.0772955273984494
2012,22,28545,3003532,2114521,1925898,188623,156863,0.641211080820847,0.0892036541609187,0.0814492771683651
2012,23,8401,869018,658424,603099,55325,73567,0.694000584567869,0.0840264024397653,0.121981631539764
2012,24,38099,3934559,3084285,2827124,257161,208783,0.71853643572253,0.0833778331120503,0.0738499620108633
2012,25,45096,4454830,3451141,3145731,305410,257353,0.706139403748291,0.0884953700819526,0.0818102374297103
2012,26,62772,6454378,4636124,4087087,549037,323788,0.633227090201411,0.118425866089863,0.0792221941935662
2012,27,34178,3517908,2863430,2675650,187780,245130,0.760579867352984,0.0655786940836689,0.0916151215592473
2012,28,18492,1917449,1297795,1143025,154770,92109,0.596117549932228,0.119256122885356,0.0805835392926664
2012,29,38760,3891983,2884925,2637124,247801,215580,0.677578499186661,0.0858951272563412,0.0817481468448204
2012,30,6245,651459,488734,451410,37324,62571,0.692921580636694,0.0763687404600458,0.138612347976341
2012,31,11475,1181738,960932,910026,50906,89331,0.770074246575806,0.0529756528037364,0.0981631294050939
2012,32,16944,1807597,1351451,1193170,158281,95272,0.660086291358085,0.117119303622551,0.0798478003972611
2012,33,8823,886405,703603,659585,44018,66628,0.744112454239315,0.0625608475233903,0.101015032179325
2012,34,56336,5826172,4434159,3982557,451602,333546,0.683563238435117,0.101846144894669,0.0837517203143609
2012,35,12348,1335259,930937,835185,95752,74541,0.625485392721562,0.102855510093594,0.0892508845345642
2012,36,127348,13069079,9605920,8712305,893615,797769,0.666634963335978,0.0930275288572047,0.0915680752682556
2012,37,62241,6377809,4660355,4161948,498407,371594,0.652567049279776,0.106946144660654,0.0892836719728358
2012,38,4422,459917,371197,358532,12665,43791,0.779558050691755,0.0341193490249113,0.122139725324378
2012,39,74126,7494585,5550400,5038007,512393,359963,0.672219609224527,0.0923164096281349,0.0714494838931347
2012,40,23175,2441935,1746541,1632368,114173,144497,0.668473157557429,0.0653709245875133,0.0885198680689648
2012,41,24726,2549791,1863332,1652679,210653,186773,0.648162535674493,0.113051780359056,0.113012266749925
2012,42,82362,8326003,6187556,5624880,562676,424816,0.675579867074273,0.0909367123303611,0.0755244556328313
2012,44,7102,700616,538337,485379,52958,37577,0.692788917181452,0.0983733237730269,0.0774178528531313
2012,45,29888,3066524,2197028,1956516,240512,149428,0.638024029813561,0.109471522438494,0.0763745351430809
2012,46,5094,531363,425110,403622,21488,46965,0.759597487969618,0.0505469172684717,0.116358870428272
2012,47,40841,4211319,2991934,2703608,288326,223732,0.641986038103502,0.0963677674708065,0.082753121014585
2012,48,158220,16991204,12322195,11337104,985091,1001297,0.667233705157092,0.0799444417167558,0.0883203505939436
2012,49,17077,1787125,1367051,1271553,95498,100884,0.711507589004686,0.0698569402311984,0.079339201747784
2012,50,4298,419572,331559,309793,21766,39963,0.73835479965298,0.0656474413302007,0.128999041295317
2012,51,54447,5479417,4154270,3863849,290421,293643,0.705156953741612,0.0699090333560409,0.0759975351003624
2012,53,44673,4585742,3415815,3128189,287626,294808,0.682155472331413,0.0842042089515972,0.0942423875283751
2012,54,11602,1203027,787412,723646,63766,42139,0.601520996619361,0.0809817478016591,0.0582315109874165
2012,55,36957,3740782,2931436,2713443,217993,204681,0.725367850893209,0.0743638953741443,0.0754322091895794
2012,56,3643,378890,296684,278725,17959,27533,0.735635672622661,0.0605324183306144,0.0987819535384339
2013,1,30082,3124100,2131663,1921110,210553,141359,0.614932300502545,0.0987740557489622,0.0735819396078309
2013,2,4387,498787,391152,358160,32992,28474,0.718062018456776,0.0843457274921258,0.079500781773509
2013,4,40838,4177482,2931190,2673249,257941,244862,0.639918735736025,0.0879987308908669,0.0915971538753031
2013,5,18215,1869881,1287840,1181137,106703,98112,0.631664260987731,0.0828542365511244,0.083065723959202
2013,6,242656,25413249,18342087,16496757,1845330,1750407,0.649140021411666,0.100606326859097,0.106106127404313
2013,8,34080,3510977,2702617,2512862,189755,261482,0.715715881932579,0.0702115764090879,0.104057445255649
2013,9,23254,2363282,1849533,1675830,173703,155977,0.709111312149799,0.093917221266125,0.0930744765280488
2013,10,5430,596121,441187,399690,41497,27633,0.67048468347869,0.0940576218247591,0.0691360804623583
2013,11,4736,472149,357068,319256,37812,18181,0.676176376525207,0.105895795758791,0.0569480291678152
2013,12,117689,12361358,8897320,8022334,874986,851249,0.648984844545397,0.0983426469993212,0.106109892707035
2013,13,62275,6591994,4712972,4228101,484871,372705,0.641399400545571,0.102880093495145,0.0881495025781078
2013,15,9057,909723,692965,655884,37081,56592,0.72097110878806,0.0535106390654651,0.0862835501399638
2013,16,9581,1006868,741624,684769,56855,75501,0.680098086342996,0.0766628372328835,0.110257619722855
2013,17,82687,8469229,6434291,5822235,612056,429086,0.687457500558788,0.0951240781618363,0.073697815357848
2013,18,42138,4244004,3128268,2881287,246981,209114,0.678907701312251,0.0789513558301271,0.0725765951118372
2013,19,19531,1965635,1552905,1479274,73631,131352,0.752567999654056,0.0474150060692702,0.0887949088539378
2013,20,18101,1845042,1421931,1337271,84660,108340,0.724791630759625,0.0595387539901725,0.0810157402650622
2013,21,28530,2858099,1985726,1815036,170690,139696,0.635050080490564,0.0859584857125303,0.0769659665152647
2013,22,28393,3030936,2099408,1927417,171991,162460,0.635914780120728,0.0819235708352069,0.0842889732735573
2013,23,8138,866020,652011,608228,43783,67149,0.702325581395349,0.0671507075800868,0.110401033822843
2013,24,38312,3951375,3087738,2859751,227987,199958,0.723735661636772,0.0738362516508849,0.0699214721841167
2013,25,45169,4482445,3482799,3206039,276760,258215,0.715243354910099,0.0794648212543991,0.0805401930544201
2013,26,63150,6441109,4662119,4192813,469306,333209,0.650945823149399,0.100663668173206,0.0794714670079491
2013,27,34583,3527502,2861690,2700940,160750,233592,0.765680643129331,0.0561731005105375,0.0864854458077558
2013,28,18535,1918068,1283938,1145807,138131,88680,0.597375588352446,0.107583855295193,0.0773952332286328
2013,29,38560,3889785,2899919,2678890,221029,203885,0.688698732706306,0.0762190254279516,0.0761080148867628
2013,30,6297,652444,486055,448979,37076,57779,0.688149481028257,0.076279433397455,0.128689760545593
2013,31,11582,1188186,957936,915111,42825,83742,0.77017487161101,0.0447054918073859,0.0915102102367909
2013,32,17024,1825189,1357502,1209578,147924,91501,0.662713834019381,0.108967795259234,0.0756470438450435
2013,33,8720,883793,692116,654305,37811,62810,0.740337386695753,0.0546310156101,0.095994987047325
2013,34,56963,5824957,4422828,4018813,404015,316748,0.689930071586795,0.0913476626267176,0.0788163072031468
2013,35,12193,1325842,911077,821300,89777,74394,0.619455410222334,0.0985394209271006,0.090580786557896
2013,36,127601,13093342,9607134,8770384,836750,767857,0.669835401840111,0.0870967345724542,0.0875511266097357
2013,37,61958,6404498,4690920,4233905,457015,352143,0.661083038826775,0.0974254517237557,0.0831721543114453
2013,38,4588,476083,387532,378477,9055,40323,0.794981127240418,0.0233658123716235,0.10654015963982
2013,39,74988,7478725,5558455,5103587,454868,353952,0.682414047849065,0.0818335310801293,0.0693535742606132
2013,40,23151,2453943,1764894,1651394,113500,135177,0.672955321293119,0.0643098112407884,0.0818562983757964
2013,41,24890,2566393,1878833,1703037,175796,178525,0.663591663474768,0.0935665916023404,0.104827434753326
2013,42,81657,8294306,6166251,5639354,526897,404642,0.67990667332505,0.0854485164486493,0.0717532540074626
2013,44,7015,704866,544235,494755,49480,38453,0.701913555200563,0.0909166077154171,0.0777212963992279
2013,45,29664,3088185,2217613,1999340,218273,156721,0.64741587696333,0.0984270023669594,0.0783863675012754
2013,46,5235,537934,428819,410668,18151,49199,0.76341707346998,0.0423278819268736,0.119802370771523
2013,47,41433,4217256,3022945,2751810,271135,222577,0.652511965126139,0.0896923364467432,0.0808838546265912
2013,48,161356,17215306,12527554,11624492,903062,1010051,0.675241671568313,0.0720860592578567,0.0868899045222793
2013,49,17559,1812390,1352097,1273510,78587,103953,0.702668851626857,0.0581223092721898,0.0816271564416455
2013,50,4196,415449,316396,299561,16835,40154,0.721053607061276,0.053208637277336,0.134042815987395
2013,51,54383,5496779,4155522,3880531,274991,272626,0.70596452940895,0.0661748391658136,0.0702548182194653
2013,53,44306,4600151,3412036,3143475,268561,272667,0.68334169900075,0.0787098963785845,0.0867406293989932
2013,54,11452,1191572,785235,719533,65702,48032,0.603851886415592,0.0836717670506282,0.06675440876235
2013,55,37128,3732917,2939950,2744576,195374,203186,0.735236277688467,0.0664548716814912,0.0740318358828468
2013,56,3646,380884,297486,281425,16061,24386,0.738873252748868,0.0539890952851563,0.0866518610642267
2014,1,29819,3124444,2123071,1936127,186944,142696,0.619670891845077,0.0880535789900573,0.0737017767946008
2014,2,4401,502345,380588,354213,26375,34295,0.705118991927858,0.0693006610823252,0.0968202748064018
2014,4,40523,4217011,2971897,2731208,240689,240561,0.647664423924908,0.0809883384249185,0.0880786084399284
2014,5,18058,1879685,1291162,1201911,89251,108296,0.639421498814961,0.0691245560200811,0.0901031773567261
2014,6,243090,25714110,18505509,16918024,1587485,1806368,0.657927651394507,0.0857844547804656,0.106771807393109
2014,8,34122,3555306,2746362,2595343,151019,258685,0.72999145502525,0.0549887451108048,0.0996727600166914
2014,9,22926,2363666,1836857,1688459,148398,142175,0.714339081748437,0.0807890870111283,0.0842039990310692
2014,10,5608,601935,448430,416003,32427,28114,0.691109505179131,0.0723122895435185,0.0675812434044947
2014,11,4752,481641,369096,336521,32575,19666,0.698696747162306,0.0882561718360535,0.0584391464425697
2014,12,117386,12512994,8988944,8253770,735174,896539,0.659615916062934,0.0817864701348679,0.108621757087973
2014,13,62197,6631314,4703929,4306252,397677,380667,0.649381404650722,0.0845414546010367,0.0883986817306558
2014,15,9034,916612,699389,664887,34502,55062,0.725374531426601,0.0493316308949669,0.0828140721656462
2014,16,9215,1014674,733791,693216,40575,74528,0.683190857359112,0.0552950363250571,0.107510501777224
2014,17,81033,8463315,6410513,5867959,542554,450489,0.693340493648175,0.0846350362287698,0.0767709863003474
2014,18,42118,4249453,3144921,2919161,225760,193994,0.686949826248225,0.0717855869829481,0.0664553959168405
2014,19,19259,1972883,1576347,1501687,74660,153463,0.761163738549118,0.0473626682449994,0.102193732781865
2014,20,17557,1843983,1405480,1327919,77561,108502,0.720136248544591,0.0551847055810115,0.0817082969669084
2014,21,28304,2855960,1982695,1828076,154619,135580,0.640091597921539,0.0779842587992606,0.074165406689875
2014,22,27794,3021266,2092491,1932191,160300,157415,0.639530249901862,0.0766072590037424,0.0814696890731817
2014,23,8049,861814,648583,609931,38652,71046,0.707729278011265,0.0595945314632052,0.116482028295004
2014,24,38042,3960377,3077473,2856367,221106,212138,0.721236134842718,0.0718466092147681,0.0742684676023774
2014,25,44505,4509877,3514678,3271074,243604,277532,0.725313351118002,0.0693104745299569,0.0848443049591663
2014,26,61876,6430921,4637795,4241979,395816,325779,0.659622315372868,0.0853457300290332,0.0767988243223269
2014,27,33957,3548949,2879415,2738591,140824,247239,0.771662540092856,0.0489071564883839,0.0902796364992071
2014,28,18132,1911821,1295521,1163621,131900,94629,0.608645370042488,0.101812321066197,0.0813228705910258
2014,29,38224,3897030,2881004,2681938,199066,210518,0.688200501407482,0.0690960512376935,0.078494730303236
2014,30,6015,652825,487185,460059,27126,65479,0.704720254279478,0.0556790541580714,0.142327397138193
2014,31,11666,1190285,967107,930101,37006,81314,0.781410334499721,0.0382646387628256,0.0874249140684721
2014,32,16851,1852317,1370311,1246682,123629,95593,0.673039226007212,0.0902196654628037,0.0766779339077648
2014,33,8747,886841,705502,666134,39368,61247,0.751131262537479,0.0558014009882325,0.0919439632266181
2014,34,56569,5857570,4472597,4134561,338036,329646,0.705849183193713,0.0755793557970906,0.0797293836032411
2014,35,12013,1324289,917437,837674,79763,69497,0.632546219140988,0.0869411196627125,0.0829642557844699
2014,36,126802,13107336,9611509,8914029,697480,782499,0.680079384552284,0.0725671692134919,0.0877828645161464
2014,37,61957,6440070,4689008,4301832,387176,363895,0.66797907476161,0.0825709830309524,0.0845907046114307
2014,38,4686,484034,386455,375209,11246,41172,0.775170752467802,0.0291004127259319,0.10973084334331
2014,39,74079,7466375,5579821,5167757,412064,358531,0.6921373491152,0.0738489639721418,0.0693784556820299
2014,40,23278,2469172,1752127,1652013,100114,142925,0.669055456647006,0.0571385521711611,0.0865156630123371
2014,41,24716,2574673,1881237,1735497,145740,183403,0.674065017188591,0.0774703027848166,0.105677509093937
2014,42,81202,8282326,6146245,5702725,443520,425335,0.688541479772711,0.0721611325288855,0.0745845188046066
2014,44,6980,701650,533226,492112,41114,36978,0.701363927884273,0.0771042672337808,0.0751414312189095
2014,45,29683,3112570,2239573,2049589,189984,154578,0.658487680598348,0.0848304565200599,0.0754190230333984
2014,46,5170,536187,433054,416918,16136,41798,0.77756081367135,0.037260942053416,0.100254726349066
2014,47,41227,4239009,3010969,2768297,242672,243064,0.653052871555592,0.0805959808951869,0.0878027176997266
2014,48,161231,17514007,12730522,11941837,788685,1039761,0.68184493702669,0.0619522907230356,0.0870687650484595
2014,49,17512,1838783,1385312,1317348,67964,106802,0.716423852080425,0.0490604282645354,0.081073490072479
2014,50,4044,413219,320684,300939,19745,37863,0.728279677362367,0.0615715158847963,0.125816195308684
2014,51,54078,5520028,4189024,3935652,253372,287293,0.712976818233531,0.0604847334367146,0.0729975617762953
2014,53,44703,4645319,3452978,3215312,237666,282609,0.692161722370412,0.0688292830130977,0.0878947361873436
2014,54,11303,1181446,763876,710090,53786,39447,0.601034664301204,0.070411951678021,0.0555521131124224
2014,55,36771,3732313,2933069,2773362,159707,207549,0.743067904540696,0.0544504749121142,0.0748366062562334
2014,56,3620,384275,299543,284440,15103,27019,0.740199076182421,0.0504201400132869,0.094990156096189
2015,1,29573,3116488,2102849,1947282,155567,131180,0.624832182893051,0.0739791587508185,0.0673656922828846
2015,2,4319,499754,381228,354087,27141,30090,0.708522593115813,0.0711936164185212,0.0849791153021715
2015,4,40402,4275277,3017506,2807595,209911,243209,0.656704817021213,0.0695644018603443,0.0866253857839183
2015,5,17871,1876047,1283067,1205058,78009,102429,0.642338917948218,0.0607988515019091,0.084999228252914
2015,6,243930,25874648,18694704,17335486,1359218,1827333,0.669979587741638,0.0727060455196295,0.105409966585304
2015,8,34547,3619728,2809201,2662768,146433,267951,0.735626544314932,0.0521262095521111,0.100628744224056
2015,9,22768,2359057,1830728,1702472,128256,148255,0.72167480480548,0.0700573760820832,0.0870821957717954
2015,10,5476,605559,450428,424571,25857,29316,0.701122433982486,0.0574054010851901,0.0690485219197731
2015,11,4755,489290,383232,355070,28162,22354,0.725684154591347,0.0734855126920508,0.0629566001070212
2015,12,117707,12699597,9149409,8494332,655077,942463,0.668866264023969,0.0715977392638147,0.110951985394496
2015,13,62361,6703317,4787175,4449075,338100,383479,0.663712457578837,0.0706262043898542,0.0861929726965718
2015,15,8975,914256,705656,672637,33019,65098,0.735720629670464,0.0467919212760892,0.0967802841651589
2015,16,9505,1033555,759408,718932,40476,77111,0.695591429580429,0.0532994121736932,0.107257710047682
2015,17,80886,8412776,6349257,5896032,453225,438032,0.700842623172185,0.0713823680471589,0.0742926768375748
2015,18,41384,4250906,3157659,2960488,197171,202141,0.696436947794188,0.0624421446394307,0.0682796214678121
2015,19,19411,1974039,1570766,1503930,66836,132328,0.761854249080185,0.0425499406022285,0.0879881377457727
2015,20,17603,1846205,1434434,1365828,68606,114697,0.739803001291839,0.0478279237664473,0.0839761668379913
2015,21,28087,2859283,1977717,1848173,129544,137019,0.646376381771234,0.0655017881729287,0.0741375401545202
2015,22,27750,3024470,2094520,1943993,150527,164746,0.642754928962761,0.0718670626205527,0.0847461899296962
2015,23,8100,854367,644624,611291,33333,70782,0.715489947528404,0.051709213432947,0.115791006247434
2015,24,38111,3970956,3069322,2894652,174670,221280,0.728955949146755,0.0569083335016658,0.0764444223347055
2015,25,45118,4541892,3518151,3312378,205773,259019,0.72929475205487,0.0584889619575737,0.0781972951154729
2015,26,61556,6405974,4649511,4305887,343624,322408,0.67216741747625,0.0739054063965006,0.0748760940544887
2015,27,34130,3555890,2896679,2772507,124172,237977,0.779694253759256,0.0428670211645819,0.0858345894167264
2015,28,18371,1904260,1266680,1150853,115827,85598,0.604357073088759,0.0914414058799381,0.0743778744983069
2015,29,38325,3909800,2916393,2760022,156371,219141,0.705924088188654,0.0536179451809135,0.0793982801586364
2015,30,5965,650599,484752,462926,21826,62414,0.711538136394307,0.0450250849919134,0.134825004428354
2015,31,11548,1195831,965876,932703,33173,81515,0.779962218741612,0.034344988383602,0.0873965238666542
2015,32,16982,1868962,1378306,1265606,112700,96239,0.677170536372596,0.081767038669207,0.0760418329243066
2015,33,8613,884742,705681,674478,31203,58729,0.762344276636579,0.0442168628601309,0.0870732625823229
2015,34,55991,5849086,4426991,4133345,293646,334886,0.706665109728255,0.0663308328388289,0.0810205777644982
2015,35,11775,1310019,898470,832482,65988,76578,0.635473225960845,0.0734448562556346,0.0919875745061155
2015,36,126490,13115233,9637860,8996392,641468,816065,0.685949841684094,0.0665570987750393,0.0907102536216741
2015,37,61528,6495110,4729530,4404382,325148,361041,0.67810737616453,0.0687484802929678,0.0819731349369787
2015,38,4815,494836,398510,386183,12327,41305,0.780426242229749,0.030932724398384,0.106957064396931
2015,39,74044,7460061,5566710,5203131,363579,366047,0.697464940300086,0.0653130843891634,0.0703512942495586
2015,40,23152,2480014,1762749,1663670,99079,144510,0.67083089047078,0.056207094713995,0.0868621781963971
2015,41,25276,2609105,1928841,1790291,138550,190173,0.686170545071969,0.0718307004050619,0.10622463052096
2015,42,81148,8249820,6122128,5725169,396959,420591,0.693975020061044,0.0648400360136214,0.0734635082387961
2015,44,6808,700673,531036,498255,32781,35473,0.7111091764632,0.0617302781732312,0.0711944686957482
2015,45,30028,3139448,2236368,2066721,169647,153479,0.658307129151367,0.0758582666180164,0.0742620798840289
2015,46,5240,535955,423484,404038,19446,48646,0.753865529755297,0.0459190902135618,0.12039956637742
2015,47,41192,4267023,3047162,2853879,193283,224187,0.668822033534856,0.0634304969673421,0.0785551875184617
2015,48,163742,17832421,12906942,12178451,728491,1032310,0.682938732772179,0.0564417969802607,0.0847652956849767
2015,49,17938,1872974,1415784,1357777,58007,115670,0.724931045492356,0.040971645392235,0.0851907198310179
2015,50,4054,414506,320173,308925,11248,37142,0.7452847485923,0.0351310072991789,0.120229829246581
2015,51,54085,5533691,4197225,3968921,228304,283484,0.717228518903567,0.0543940341535181,0.0714259618672178
2015,53,45516,4707710,3493703,3288934,204769,294302,0.698627145682296,0.058610877913778,0.0894824888550515
2015,54,11170,1172537,757102,703265,53837,41542,0.599780646580876,0.0711093089174246,0.05907019402359
2015,55,36669,3730297,2962284,2833241,129043,218473,0.759521560883758,0.0435619947310926,0.0771106305464308
2015,56,3587,375992,293962,278662,15300,27110,0.741138109321475,0.052047543560052,0.0972863181919314
2016,1,29417,3117280,2122408,1982773,139635,148041,0.636058679361495,0.0657908375769409,0.0746636150482178
2016,2,4358,496649,378601,347939,30662,27682,0.700573241866993,0.0809876360601266,0.0795599228600416
2016,4,41616,4316592,3080591,2874382,206209,276683,0.665891518123557,0.0669381297290033,0.0962582565574096
2016,5,18009,1874530,1290287,1222432,67855,95924,0.652127199884771,0.0525890751437471,0.0784698044553808
2016,6,243433,25835386,18795027,17563547,1231480,1867263,0.679825221113399,0.0655215871730325,0.106314686890979
2016,8,35165,3673737,2844500,2708110,136390,288652,0.737154020551825,0.0479486728774829,0.106587989409588
2016,9,22738,2345437,1826103,1708786,117317,156594,0.728557620605456,0.0642444593760593,0.0916404979909714
2016,10,5464,604027,442704,417082,25622,28950,0.690502245760537,0.0578761429758936,0.0694108113032929
2016,11,4745,491687,373840,348209,25631,21441,0.708192406958085,0.0685614166488337,0.0615750885244207
2016,12,118563,12861985,9282535,8711479,571056,965165,0.677304397416107,0.0615194017582482,0.110792323553785
2016,13,62257,6724936,4849207,4552435,296772,402343,0.676948449769634,0.0612001096261719,0.088379735240591
2016,15,8899,908914,702398,673417,28981,58828,0.74090287970039,0.041260083314588,0.0873574620183334
2016,16,9404,1036353,758613,722987,35626,80310,0.69762619493551,0.0469620214786723,0.11108083547837
2016,17,80169,8352054,6342593,5934902,407691,462890,0.710591909487175,0.0642782849222708,0.0779945481829355
2016,18,41454,4246059,3174375,3015575,158800,210394,0.710205628324995,0.050025595589683,0.0697691153428451
2016,19,19354,1976023,1574276,1513298,60978,138439,0.765830154810951,0.03873399581776,0.0914816513337096
2016,20,17418,1838386,1421912,1357108,64804,103008,0.738206230900366,0.045575253602192,0.0759025810768192
2016,21,27989,2858588,1988029,1870610,117419,137878,0.65438251332476,0.059063021716484,0.0737075071768033
2016,22,27090,3014337,2072368,1920963,151405,155306,0.637275460573917,0.0730589354786409,0.0808479913460072
2016,23,7659,850016,637650,609183,28467,62657,0.716672392049091,0.0446436132674665,0.102854150559027
2016,24,37964,3941359,3085588,2919462,166126,218667,0.740724709421294,0.0538393330541861,0.0748997589281861
2016,25,45033,4529419,3530602,3341243,189359,257540,0.737675847608711,0.0536336296189715,0.0770790990059687
2016,26,61615,6404778,4680560,4384118,296442,321579,0.684507409936769,0.0633347291777052,0.0733508997704898
2016,27,33367,3538925,2897626,2786586,111040,235369,0.787410301150773,0.0383210255567834,0.0844650048482265
2016,28,17955,1899749,1269102,1170534,98568,96135,0.616151923227753,0.0776675160861775,0.0821291820656213
2016,29,38239,3889663,2897876,2754075,143801,216362,0.708049771921115,0.0496228962177816,0.0785606782676579
2016,30,6039,653715,495931,470779,25152,67277,0.720159396678981,0.0507167327712928,0.14290569460405
2016,31,11487,1196701,966897,930519,36378,82205,0.777570169992337,0.037623449033351,0.0883431719287838
2016,32,16970,1900378,1407100,1312459,94641,98126,0.690630495617188,0.0672596119678772,0.0747650021829253
2016,33,8617,881161,707342,679431,27911,58139,0.771063403850148,0.0394589887211561,0.0855701314776629
2016,34,55524,5821269,4415280,4150075,265205,322343,0.712915860785681,0.0600652733235491,0.0776716083444275
2016,35,11717,1311852,910212,838777,71435,69907,0.639383863423618,0.0784817163474004,0.0833439638902831
2016,36,125756,13022424,9546176,8963451,582725,775490,0.688308950775985,0.0610427672818938,0.0865169006892546
2016,37,62056,6552934,4782954,4477375,305579,377830,0.683262642352266,0.0638891781104313,0.0843864987855607
2016,38,4826,490325,403246,389451,13795,33614,0.794271146688421,0.0342098867688706,0.0863112432629522
2016,39,73337,7437902,5576473,5253657,322816,360697,0.706335872669471,0.057888920111332,0.0686563664129577
2016,40,22818,2475443,1764238,1656061,108177,153216,0.66899581206273,0.0613165570631627,0.0925183311484299
2016,41,25371,2643004,1953336,1838527,114809,187569,0.695620210941792,0.0587758583264733,0.102021346436577
2016,42,79646,8212079,6091032,5729955,361077,415783,0.697747184360988,0.0592801022880852,0.0725630480518608
2016,44,6666,700935,522864,493688,29176,35596,0.704327790736659,0.0558003610881606,0.0721022184051466
2016,45,29865,3155588,2278888,2131765,147123,160013,0.675552385165617,0.0645591183068233,0.0750612755158284
2016,46,5163,533599,427546,410259,17287,47447,0.768852640278561,0.0404330762070046,0.115651332450964
2016,47,40954,4272161,3054407,2878367,176040,244900,0.673749655034068,0.057634755289652,0.0850829654453376
2016,48,165195,18020518,13135979,12407687,728292,1131253,0.688531095499031,0.0554425368676366,0.0911735603904257
2016,49,18108,1908875,1456400,1392037,64363,114773,0.729244712199594,0.0441932161494095,0.0824496762657889
2016,50,4034,403829,315875,303794,12081,37948,0.752283763672247,0.0382461416699644,0.124913592763517
2016,51,53693,5535342,4209656,4003847,205809,289146,0.723324231818016,0.0488897430098801,0.0722170452567243
2016,53,45792,4760420,3553659,3357595,196064,289355,0.705314867175585,0.0551724293186262,0.086179244369854
2016,54,10899,1157123,757732,694562,63170,43017,0.600249066002491,0.0833672063473629,0.0619339958131887
2016,55,36379,3722476,2941552,2817240,124312,215811,0.75681884852985,0.042260684155847,0.0766036972355923
2016,56,3586,372256,285467,268729,16738,26333,0.721892998366715,0.0586337475084686,0.0979909127783008
2017,1,29501,3105431,2080520,1953541,126979,150271,0.629072421831301,0.0610323380693288,0.0769223681509628
2017,2,4264,489037,372133,345532,26601,28256,0.706555945664643,0.0714825075980899,0.0817753493164164
2017,4,41787,4373634,3150154,2969258,180896,260292,0.678899514682756,0.0574244941675867,0.0876623048586549
2017,5,18222,1876426,1309594,1234262,75332,104999,0.657772808520027,0.0575231713034727,0.0850702687111813
2017,6,244177,26003871,19044150,17904249,1139901,1895462,0.68852245113814,0.05985570372004,0.105866601832895
2017,8,35749,3716808,2911154,2786212,124942,288641,0.749624946997531,0.0429183753246994,0.10359620875942
2017,9,22803,2335653,1802816,1688472,114344,158331,0.7229121791636,0.0634252192126096,0.093771765240999
2017,10,5347,607790,439451,414558,24893,33476,0.682074400697609,0.0566456783577691,0.0807510649896999
2017,11,4798,496551,383372,360289,23083,23453,0.725583072030869,0.0602104483373851,0.0650949654305294
2017,12,120528,13070447,9461406,8930276,531130,961471,0.683241820268274,0.0561364769675881,0.107664197612705
2017,13,63404,6799761,4941496,4649426,292070,428410,0.68376314991071,0.0591055826008966,0.0921425569521915
2017,15,8842,900598,699150,672682,26468,58940,0.746928152183327,0.037857398269327,0.0876194100630015
2017,16,9866,1064744,778750,745728,33022,82274,0.700382439346923,0.0424038523274478,0.110327089769997
2017,17,80286,8309399,6313224,5917601,395623,440994,0.712157521861689,0.0626657631663315,0.0745224289369966
2017,18,41719,4249713,3164617,3009217,155400,204298,0.708098876324119,0.0491054683710541,0.067890750318106
2017,19,19477,1971802,1587858,1526800,61058,130262,0.774317096747036,0.0384530606641148,0.0853170028818444
2017,20,17818,1835118,1423535,1358390,65145,113438,0.740219430031202,0.0457628368814255,0.0835091542193332
2017,21,28044,2847221,1996554,1884829,111725,140551,0.66198900612211,0.0559589172143603,0.0745696293934357
2017,22,27561,3004992,2063150,1922438,140712,172229,0.63974812578536,0.0682025058769358,0.0895888449978621
2017,23,7745,846714,636507,608593,27914,66405,0.718770446691563,0.043854977242984,0.10911232958644
2017,24,37923,3958464,3090104,2931444,158660,227950,0.740550880341466,0.0513445502157856,0.0777603119827634
2017,25,45202,4550544,3517400,3358701,158699,260233,0.738087797854498,0.045118269176096,0.0774802520379159
2017,26,61730,6395918,4683737,4405335,278402,340543,0.688772901716376,0.0594401436289015,0.0773024071949125
2017,27,34025,3572513,2928581,2814865,113716,235747,0.787922955073921,0.0388297267516248,0.0837507304968444
2017,28,17835,1886049,1252835,1164356,88479,90376,0.61735193518302,0.0706230269748211,0.0776188725784897
2017,29,38249,3876831,2906942,2769834,137108,215175,0.71445827790791,0.0471657157246343,0.0776851609157805
2017,30,6125,656295,502749,486091,16658,67561,0.740659307171318,0.0331338302015519,0.138988378719211
2017,31,11707,1202328,979938,945099,34839,75137,0.786057548356189,0.0355522492239305,0.0795017241579983
2017,32,17676,1931019,1443211,1358174,85037,99755,0.703345746468574,0.0589220841581723,0.0734478792849812
2017,33,8796,882524,711302,681358,29944,57739,0.772056057399006,0.042097449465909,0.0847410612335953
2017,34,55648,5851477,4473584,4236829,236755,315853,0.72406146345615,0.0529228913551193,0.0745493858732557
2017,35,11594,1306734,884706,825678,59028,69814,0.631863868239443,0.0667204698510014,0.0845535426643316
2017,36,125926,13011512,9625478,9089855,535623,820622,0.698600977349904,0.055646379327863,0.0902788878370447
2017,37,63237,6620491,4866475,4605412,261063,388742,0.69562997668904,0.0536451949306223,0.0844098204460317
2017,38,4832,489193,398074,387602,10472,40333,0.792329407820635,0.0263066665996774,0.104057770599739
2017,39,74053,7436630,5574301,5282503,291798,359308,0.710335595558741,0.0523470117598601,0.0680185131934615
2017,40,23001,2476927,1766121,1667150,98971,153103,0.67307191532088,0.0560386292898391,0.0918351678013376
2017,41,25746,2665884,1982194,1878668,103526,196761,0.704707331601825,0.0522279857571963,0.104734311757053
2017,42,79953,8181695,6110078,5778708,331370,438287,0.70629716702957,0.0542333502125505,0.0758451543147707
2017,44,6806,701353,537911,504921,32990,40757,0.719924203646381,0.0613298482462712,0.0807195581090903
2017,45,30319,3184382,2300332,2163798,136534,168749,0.679503275674841,0.0593540410688544,0.0779874091759027
2017,46,5297,539214,432567,417608,14959,39584,0.77447544017774,0.0345819260368914,0.0947874561790004
2017,47,41537,4312778,3135637,2979576,156061,258474,0.690871637723991,0.0497701105070517,0.0867485843623388
2017,48,167972,18307241,13325311,12639402,685909,1140267,0.690404523543444,0.051474145706618,0.0902152649310466
2017,49,18882,1943574,1499664,1446041,53623,123011,0.744011290540005,0.035756676162127,0.0850674358472547
2017,50,3939,403804,310008,296055,13953,38385,0.733165099899952,0.0450085159092669,0.129654962760298
2017,51,54311,5541697,4233718,4040784,192934,295949,0.729160038883396,0.0455708197853518,0.0732404899643238
2017,53,46970,4821178,3653449,3473848,179601,305368,0.720539254099309,0.0491593012520498,0.0879048248512888
2017,54,10998,1136787,730207,678411,51796,39293,0.596779343887641,0.0709333106913519,0.0579191669946389
2017,55,36375,3698499,2934742,2833296,101446,205699,0.766066450200473,0.0345672634936904,0.0726006036785426
2017,56,3583,365364,283239,269322,13917,27461,0.737133379314875,0.049135182654931,0.101963448957011
2018,1,29364,3100359,2101392,1980500,120892,153560,0.638796990929115,0.0575294852174178,0.077535975763696
2018,2,4256,484191,371667,345883,25784,28886,0.71435239399328,0.0693739288126199,0.0835137893449519
2018,4,41870,4456337,3221131,3047102,174029,271431,0.683768305673471,0.0540272966234531,0.089078409583926
2018,5,18255,1879932,1300013,1238448,61565,123536,0.658772764121255,0.047357218735505,0.0997506556593414
2018,6,244328,25905027,19123723,18050648,1073075,1940570,0.696800972259168,0.0561122434162009,0.107506943795037
2018,8,35704,3763092,2960735,2843606,117129,278641,0.755656784367749,0.0395607847375736,0.0979886102364392
2018,9,22758,2322957,1800715,1699832,100883,150677,0.73175353654846,0.0560238571900606,0.088642289355654
2018,10,5454,606668,458126,433078,25048,36429,0.71386326623458,0.0546749147614412,0.0841164870993216
2018,11,4815,500887,396789,365586,31203,25974,0.729877197851012,0.0786387727482365,0.0710475784083636
2018,12,120985,13199961,9657488,9144038,513450,997004,0.692732198223919,0.0531659992743455,0.109033230176865
2018,13,64020,6856126,4987215,4743283,243932,412654,0.691831363659303,0.0489114666201477,0.0869975500091393
2018,15,8842,885958,688961,664763,24198,60651,0.750332408534039,0.0351224525045685,0.0912370273315452
2018,16,9800,1078224,798642,762386,36256,79833,0.707075709685557,0.0453970615119165,0.104714672095238
2018,17,79534,8229873,6305450,5949429,356021,462804,0.722906538168937,0.0564624253621867,0.0777896500655777
2018,18,41927,4250033,3192411,3047772,144639,199419,0.717117255324841,0.0453071362052067,0.0654310755528957
2018,19,19447,1969612,1586551,1526381,60170,133825,0.774965323119477,0.0379250336106435,0.0876747024497816
2018,20,17897,1826747,1429638,1372629,57009,107670,0.751406188158514,0.0398765281840578,0.0784407148617726
2018,21,28143,2839369,1993810,1893092,100718,130020,0.666729826239562,0.0505153449927526,0.0686812896573436
2018,22,27027,2961523,2051893,1920433,131460,175442,0.648461281577081,0.0640676682458588,0.0913554391119086
2018,23,7908,845199,652965,627147,25818,67666,0.742011053018283,0.0395396384185982,0.107894959236032
2018,24,37697,3926355,3080513,2929837,150676,213582,0.746197682074087,0.0489126324089527,0.0728989360158944
2018,25,45307,4563257,3557617,3384958,172659,255671,0.741785527310866,0.0485322056871215,0.0755315132418187
2018,26,61289,6372511,4698472,4450351,248121,332749,0.698366938872291,0.0528088706285788,0.0747691586573733
2018,27,33805,3568914,2917880,2816485,101395,236680,0.789171439827354,0.0347495441896171,0.0840338222997815
2018,28,17893,1890957,1263033,1167403,95630,84039,0.61736094474914,0.0757145696114037,0.0719879938633017
2018,29,38118,3872212,2897028,2772822,124206,208125,0.716082177318804,0.0428735932134588,0.0750589111021191
2018,30,6017,658766,508219,490341,17878,60806,0.74433258547041,0.0351777481754913,0.124007578399522
2018,31,11688,1203985,971183,940441,30742,91197,0.781106907478083,0.0316541784607021,0.0969725905187035
2018,32,17987,1942134,1450360,1367853,82507,114658,0.704304131434803,0.0568872555779255,0.0838233348174109
2018,33,8663,884633,701584,676571,25013,57450,0.764804161725823,0.0356521813496317,0.0849134828421555
2018,34,55999,5740158,4430238,4216099,214139,322992,0.734491803187299,0.0483357778972597,0.0766092067572417
2018,35,11602,1303841,890622,835973,54649,74380,0.641161767424095,0.0613604873897119,0.0889741654335726
2018,36,125345,12738021,9433490,8958161,475329,779841,0.703261597700302,0.0503873963930634,0.0870536932747692
2018,37,63601,6663273,4935979,4690560,245419,382283,0.703942341849118,0.0497204303340837,0.081500503138218
2018,38,4782,486299,396942,386607,10335,40502,0.794998550274625,0.0260365494203183,0.104762717695231
2018,39,73675,7416156,5609114,5323803,285311,360182,0.717865562698519,0.0508656090783678,0.0676550202928245
2018,40,23088,2470324,1785554,1705294,80260,148643,0.690311878118012,0.0449496346792088,0.0871656148441266
2018,41,25897,2676833,2012157,1916889,95268,205904,0.716103320603116,0.0473462060863044,0.107415713690255
2018,42,80126,8154606,6161194,5856175,305019,429673,0.718143218691375,0.0495064755305546,0.0733709289766785
2018,44,6587,700413,535043,502761,32282,35733,0.717806494168441,0.0603353375336188,0.071073531956536
2018,45,30575,3204714,2329123,2207315,121808,185597,0.688771291291516,0.0522977962091311,0.0840826977572299
2018,46,5194,543246,436284,420367,15917,45026,0.773805973720929,0.036483116502095,0.107111167146803
2018,47,42106,4328511,3148712,2969470,179242,241599,0.686025748808309,0.0569254984260231,0.0813609836098698
2018,48,168627,18524428,13553057,12882797,670260,1168138,0.695449111843022,0.0494545252779502,0.0906742534249356
2018,49,19440,1985667,1524455,1474486,49969,131239,0.742564589127986,0.0327782715790233,0.0890066097609608
2018,50,3962,405716,318897,307607,11290,35648,0.758183064015223,0.0354032806831046,0.115888129984038
2018,51,53988,5536440,4237026,4063133,173893,301462,0.733889105634668,0.0410412869781776,0.0741944701293312
2018,53,47649,4887982,3709592,3547645,161947,322467,0.725789293004762,0.0436562834942495,0.0908960733106047
2018,54,10883,1125102,739071,691740,47331,37878,0.614824255934129,0.064041208490118,0.054757567872322
2018,55,36695,3708075,2940415,2851898,88517,213832,0.769104724149323,0.0301035738152608,0.0749788386541174
2018,56,3472,363670,285553,275480,10073,25450,0.757499931256359,0.0352754129706219,0.0923842021199361
2019,1,29649,3084620,2143526,2035882,107644,153824,0.660010633400549,0.0502181918950365,0.0755564418762974
2019,2,4185,475622,349424,330052,19372,23984,0.69393762273402,0.0554398095150877,0.0726673372680669
2019,4,42383,4515416,3287017,3122848,164169,281951,0.691596964709342,0.0499446762824774,0.0902864948918423
2019,5,18149,1879829,1319414,1253710,65704,105520,0.666927683315876,0.0497978648096807,0.0841661947340294
2019,6,243366,25793859,19176483,18184770,991713,1875196,0.705003853824277,0.0517150616200061,0.103119038624079
2019,8,36389,3800902,3011724,2898471,113253,300969,0.76257451520718,0.0376040433983991,0.103837161041114
2019,9,22226,2297489,1796017,1695255,100762,144517,0.737872956083794,0.0561030324323211,0.0852479420500161
2019,10,5474,602828,458106,437872,20234,34287,0.726363075371416,0.0441688168240538,0.078303705192385
2019,11,4833,500229,393622,367472,26150,22635,0.734607549742218,0.0664342948310816,0.0615965298036313
2019,12,121359,13226354,9793833,9344435,449398,997896,0.706501202069747,0.0458858140627883,0.106790405198388
2019,13,63494,6868297,5033034,4782909,250125,416939,0.696374807321233,0.0496966640797579,0.0871726808935734
2019,15,8669,878013,686720,662258,24462,57346,0.754269014240108,0.0356215051258155,0.0865916304521803
2019,16,10071,1096865,828847,798517,30330,87319,0.727999343583759,0.0365930020860304,0.109351460269475
2019,17,77573,8135879,6247394,5944033,303361,445170,0.730595059243138,0.048558006746493,0.0748935949716295
2019,18,41617,4260221,3210648,3071263,139385,207365,0.720916356217201,0.0434133545626926,0.067517825728373
2019,19,19446,1960659,1577551,1515961,61590,135980,0.773189524542514,0.0390415270251168,0.0896988774777188
2019,20,17750,1813486,1416503,1364799,51704,109576,0.752583146492446,0.0365011581337985,0.080287280398066
2019,21,27910,2827908,1993454,1897733,95721,141137,0.671073104216969,0.0480176618070946,0.0743713683642536
2019,22,26709,2940598,2037647,1924625,113022,176991,0.654501227301386,0.0554669184603614,0.0919612911606157
2019,23,7924,841491,644886,623608,21278,78292,0.741075067944874,0.0329949789575212,0.125546817872766
2019,24,37566,3899079,3067525,2920395,147130,222203,0.748996109081145,0.047963749276697,0.0760866252681572
2019,25,45419,4538106,3592708,3447185,145523,273883,0.759608744264678,0.0405051008876869,0.0794512043885083
2019,26,61112,6337911,4734858,4488285,246573,337858,0.708164724938548,0.0520761129478434,0.0752755228333317
2019,27,33624,3557094,2928588,2835184,93404,230463,0.797050626157195,0.0318938683078671,0.0812867877358224
2019,28,17691,1873803,1269549,1183383,86166,88954,0.631540775631163,0.0678713464387747,0.0751692393755868
2019,29,38144,3860162,2892637,2779522,113115,204918,0.720053199839799,0.0391044572824036,0.0737241871084309
2019,30,6182,660485,509380,488213,21167,64747,0.739173486150329,0.0415544387294358,0.132620393148073
2019,31,11568,1195178,978728,945491,33237,81696,0.791088022035211,0.0339593840168055,0.0864058991571575
2019,32,18113,1967773,1480062,1404222,75840,116137,0.713609750718198,0.0512410966567617,0.0827055835900591
2019,33,8574,884065,700169,678866,21303,58027,0.767891501190523,0.0304255115550674,0.0854763679430108
2019,34,55606,5697596,4410285,4205348,204937,328151,0.738091644265406,0.0464679720244837,0.0780318299460592
2019,35,11428,1298581,910452,863203,47249,63646,0.664727883743871,0.051896201007851,0.0737323665464555
2019,36,125644,12601299,9476019,9042783,433236,742354,0.717607208590162,0.0457191991700312,0.0820935324888367
2019,37,63695,6707794,4968422,4738575,229847,409777,0.706428223645509,0.0462615695687685,0.0864768416665348
2019,38,4742,481913,399237,390197,9040,38226,0.80968349058855,0.0226431918885274,0.0979658992765193
2019,39,73074,7365245,5614978,5349391,265587,371606,0.72630184060408,0.0472997400880288,0.0694669729694464
2019,40,23012,2479150,1785562,1704253,81309,157669,0.687434402920356,0.0455369233888266,0.0925150197769932
2019,41,25808,2684030,2025473,1924606,100867,190579,0.717058304117316,0.0497992320806054,0.0990223453527631
2019,42,78788,8082535,6136165,5839887,296278,426773,0.722531606729819,0.0482839037085867,0.0730789825214084
2019,44,6611,694254,538335,515934,22401,34890,0.743148761116249,0.0416116358772883,0.067624928769959
2019,45,30672,3222326,2348724,2236596,112128,185932,0.694093645397765,0.0477399643380832,0.0831316876181483
2019,46,5304,536495,432599,417216,15383,48548,0.777669875767715,0.0355594904287805,0.116361788617886
2019,47,42249,4347711,3190127,3038312,151815,256945,0.69883025803693,0.0475890144812417,0.0845683392620639
2019,48,169617,18681909,13824526,13215043,609483,1198167,0.707371125723822,0.0440870811773221,0.090666901348713
2019,49,19689,2010713,1578717,1530546,48171,134555,0.761195655471467,0.0305127518104892,0.0879130715444031
2019,50,3968,402029,315089,303229,11860,35092,0.754246584201637,0.0376401588122721,0.115727717335743
2019,51,53580,5521817,4269106,4099369,169737,302061,0.742394939926477,0.0397593781929987,0.073684754897644
2019,53,48372,4920164,3790285,3615637,174648,302813,0.734861073736567,0.0460778015373514,0.0837509407056073
2019,54,10736,1109138,739975,697061,42914,43161,0.628470938692931,0.0579938511436197,0.0619185408450623
2019,55,36125,3686335,2932486,2836346,96140,207667,0.769421661351993,0.0327844702412902,0.0732163847429051
2019,56,3573,359042,274893,264022,10871,30984,0.735351295948663,0.0395462961952469,0.117353856875563
2020,1,23942,3096504,2128626,2001844,126782,172332,0.646485197500149,0.0595604864358511,0.0860866281288652
2020,2,4059,475566,356589,325379,31210,28807,0.684193150898088,0.0875237318032805,0.0885336791864257
2020,4,31849,4594457,3317529,3095381,222148,275388,0.673720746543063,0.0669618863919502,0.0889674001358799
2020,5,14966,1857334,1282124,1199281,82843,115029,0.645700234852751,0.0646138751010043,0.0959149690522905
2020,6,194821,25583736,18714573,17194217,1520356,1749911,0.67207607989701,0.081239149832593,0.101773229917943
2020,8,30813,3823951,3005046,2809090,195956,302817,0.734604078347238,0.0652089851536383,0.107798966925232
2020,9,18002,2283802,1761846,1634270,127576,141206,0.715591806995528,0.0724104149851917,0.0864031035263451
2020,10,4704,609223,455043,424252,30791,33861,0.696382112953713,0.0676661326512,0.0798134127829686
2020,11,3944,504546,389684,351780,37904,23449,0.697220867869332,0.0972685560608082,0.0666581386093581
2020,12,79196,13370283,9814319,9188131,626188,1072783,0.687205424148464,0.0638035099531613,0.116757477663303
2020,13,40684,6925729,5008043,4665939,342104,460632,0.673710882998743,0.0683109150620312,0.0987222507623867
2020,15,8904,870015,674717,627412,47305,57878,0.721150784756585,0.0701108761154677,0.0922487934562935
2020,16,8988,1123114,845986,806140,39846,89307,0.717772194096058,0.0471000702139279,0.110783486739276
2020,17,73067,8044239,6147926,5683808,464118,459203,0.706568763061366,0.0754917999988939,0.080791434193414
2020,18,35212,4270059,3181551,3007728,173823,238222,0.704376215878984,0.0546346734658662,0.0792033056180612
2020,19,19496,1956945,1546909,1476684,70225,138953,0.754586357817925,0.045396981981487,0.0940979925292073
2020,20,17428,1808505,1408625,1337641,70984,119473,0.739639094168941,0.0503924039400124,0.0893161917136212
2020,21,23957,2818852,1977651,1862750,114901,143388,0.660818659511035,0.0580997354942808,0.0769765132197021
2020,22,19250,2910878,1997593,1822592,175001,168403,0.626131359679107,0.0876059337412576,0.0923975305498982
2020,23,7567,827451,628606,597163,31443,75902,0.721689864414932,0.0500202034342657,0.127104324949804
2020,24,31084,3867639,2982066,2799158,182908,221420,0.723738177218712,0.0613359999409805,0.0791023586378475
2020,25,36003,4515259,3491086,3249810,241276,265754,0.71973944351808,0.0691120184378156,0.0817752422449313
2020,26,60505,6323404,4619387,4254946,364441,337266,0.672888526496172,0.0788938012770959,0.0792644607005588
2020,27,33449,3537372,2873259,2714667,158592,259559,0.767424800105841,0.0551958594752509,0.0956135688097288
2020,28,12387,1835670,1247291,1147423,99868,101698,0.625070410258925,0.0800679232031659,0.0886316554574904
2020,29,34869,3854453,2888524,2738932,149592,232466,0.710589025213175,0.0517883874255502,0.0848746883821869
2020,30,6136,659431,498872,471476,27396,72764,0.714973969983213,0.0549158902484004,0.154332352017918
2020,31,11506,1180953,942489,905180,37309,90436,0.766482662730862,0.039585607895689,0.0999094102830376
2020,32,14211,2013835,1474995,1338018,136977,120810,0.66441292360099,0.0928660775121272,0.0902902651533836
2020,33,7745,887481,698911,662330,36581,58879,0.746303301141095,0.0523399975104126,0.0888967735116936
2020,34,43830,5655993,4338478,3979268,359210,334942,0.703548961252251,0.0827963170494353,0.0841717622437091
2020,35,9552,1307046,887274,814639,72635,74840,0.623267275979575,0.0818630997865372,0.0918689137151548
2020,36,104441,12409052,9080480,8320694,759786,746482,0.670534219697041,0.0836724490335313,0.0897139108829143
2020,37,46691,6772064,4952211,4635193,317018,395750,0.684457943693385,0.0640154468377862,0.0853794005988532
2020,38,4598,468635,382345,368529,13816,39229,0.786388127220545,0.0361349043403209,0.106447525160842
2020,39,62795,7324983,5466836,5117536,349300,376628,0.698641348382652,0.0638943622965825,0.0735955741200453
2020,40,22967,2504943,1780349,1675366,104983,158413,0.668824001184857,0.0589676518480365,0.094554264560699
2020,41,21048,2689188,2007131,1860194,146937,190418,0.691730738051784,0.0732074787345719,0.102364592080181
2020,42,79338,8035902,6025749,5614626,411123,420438,0.698692691872051,0.0682277008219227,0.0748826368844514
2020,44,5096,696753,530000,487822,42178,35254,0.700136203216922,0.0795811320754717,0.0722681633874651
2020,45,22344,3256109,2334362,2188310,146052,188276,0.672062882415791,0.0625661315597152,0.0860371702363925
2020,46,5225,549101,439558,422416,17142,42683,0.769286524701284,0.0389982664403787,0.101044941479489
2020,47,31539,4393774,3203181,2991975,211206,265465,0.680957873572924,0.0659363301667936,0.0887256745126547
2020,48,112084,18887492,13841840,12907259,934581,1306046,0.683376014136763,0.0675185524467845,0.101186936746214
2020,49,18659,2059194,1597328,1528082,69246,137552,0.742077725556698,0.0433511464145122,0.0900161117008119
2020,50,3957,395031,302780,286362,16418,33281,0.724910196921254,0.0542241891802629,0.116220029193818
2020,51,43408,5521428,4223804,3984343,239461,293805,0.721614589559078,0.0566932083022792,0.0737398863501461
2020,53,40226,4976685,3739724,3511323,228401,319030,0.705554601104952,0.0610742931831333,0.0908574916064401
2020,54,8482,1096387,733373,677904,55469,42700,0.618307221811277,0.0756354542640648,0.0629882697255069
2020,55,35713,3680329,2884203,2769966,114237,245033,0.752640864444456,0.0396078223342809,0.0884606525856274
2020,56,3149,353369,272823,259910,12913,24688,0.735520093726388,0.0473310534668998,0.094986726174445
2021,1,29713,3164487,2209623,2090349,119274,169788,0.660564887768539,0.0539793439876395,0.0812247141506036
2021,2,4096,474388,353369,332030,21339,26503,0.699912308068501,0.0603873005272109,0.0798211005029666
2021,4,43413,4516583,3327153,3137747,189406,281025,0.694717001768815,0.0569273489977768,0.0895626702853991
2021,5,17784,1878896,1331372,1259288,72084,126049,0.670227623029694,0.0541426438290726,0.100095450762653
2021,6,245791,25542419,18819764,17286288,1533476,1774650,0.676767850374704,0.0814822119979825,0.10266229510928
2021,8,36811,3836892,3025648,2867458,158190,308611,0.747338731452436,0.0522830150764398,0.107625290414018
2021,9,22407,2323069,1806837,1685821,121016,152853,0.725687011449079,0.0669767112362654,0.0906697686171901
2021,10,5478,619946,466724,439644,27080,32144,0.709164991789607,0.0580214430798502,0.0731137010854237
2021,11,5182,468600,370331,338661,31670,23439,0.722708066581306,0.0855180905730279,0.0692108037240781
2021,12,119557,13413566,9900651,9348672,551979,1133210,0.696956499114404,0.0557517884430024,0.121216147063455
2021,13,60484,6991431,5109460,4824314,285146,454504,0.690032412534716,0.0558074630195755,0.0942111147823297
2021,15,9065,884232,678425,627308,51117,56180,0.709438246975907,0.0753465747871909,0.0895572828658331
2021,16,10319,1171300,889573,860301,29272,104614,0.734483906770255,0.0329056749699013,0.121601625477594
2021,17,77899,8102843,6187022,5734085,452937,461392,0.707663347296745,0.0732075948655104,0.0804647995277363
2021,18,41069,4283692,3214127,3055596,158531,220129,0.713308986733873,0.0493231910251213,0.0720412646174429
2021,19,18932,1977578,1576255,1520913,55342,140846,0.769078640640218,0.0351098013963477,0.0926062174496503
2021,20,17000,1829788,1409395,1352169,57226,118981,0.738975772056654,0.0406032375593783,0.0879926991374599
2021,21,27646,2846323,2014244,1897498,116746,150466,0.666648865922806,0.0579602074028767,0.0792970532775265
2021,22,25992,2897116,1998107,1840769,157338,171553,0.635379805296025,0.0787435307518566,0.0931963760797797
2021,23,7995,860196,652830,621097,31733,77368,0.722041255713814,0.048608366649817,0.124566694091261
2021,24,39099,3963081,3079490,2897113,182377,239364,0.731025431980825,0.0592231181137136,0.0826215615338442
2021,25,46574,4571009,3588060,3352261,235799,259586,0.733374403769496,0.0657176858803922,0.0774360946238971
2021,26,59319,6337726,4666957,4344995,321962,355028,0.685576340788478,0.0689875651307694,0.0817096452354951
2021,27,33471,3592750,2942039,2795657,146382,236065,0.778138473314314,0.0497552887640171,0.0844399008891291
2021,28,17042,1845926,1245361,1164968,80393,100767,0.631102221865882,0.0645539727034972,0.0864976548712068
2021,29,37351,3864955,2927104,2789217,137887,234085,0.721668686957545,0.0471069698924261,0.0839249868332224
2021,30,6084,679190,514457,492045,22412,74976,0.724458546209455,0.043564379530262,0.152376307045087
2021,31,11398,1211136,980797,951951,28846,90431,0.785998434527584,0.0294107751145242,0.094995435689442
2021,32,18319,2006688,1499807,1359091,140716,114983,0.677280673428057,0.0938227385256903,0.0846028705951257
2021,33,8242,896908,713146,685897,27249,53721,0.764735067587757,0.038209567185401,0.0783222553823679
2021,34,57834,5925212,4554051,4197974,356077,347690,0.708493468250588,0.0781890672721935,0.0828232857087729
2021,35,11383,1306184,902450,831181,71269,73328,0.636342965462753,0.078972796276802,0.0882214583827109
2021,36,124453,12733214,9471794,8636315,835479,768620,0.678250989891476,0.0882070492664853,0.0889986064658364
2021,37,63553,6727763,4996989,4712063,284926,431049,0.700390753954918,0.0570195371652809,0.0914777667446297
2021,38,4494,487786,393636,384007,9629,42121,0.787244816374394,0.0244616854149519,0.109688104643926
2021,39,72083,7381877,5570958,5265765,305193,385247,0.713336865406996,0.054782857813683,0.0731606898522817
2021,40,23085,2501054,1809800,1698774,111026,162593,0.679223239482234,0.0613471101779202,0.0957119663945881
2021,41,25730,2698357,2013601,1882718,130883,195891,0.697727543093816,0.0649994710968062,0.104046915151393
2021,42,77495,8135258,6178210,5782354,395856,430718,0.710776966139242,0.064072927271815,0.0744883485168843
2021,44,6846,713673,555763,513547,42216,40114,0.71958305834745,0.0759604363730583,0.0781116431407447
2021,45,30746,3242283,2342025,2212537,129488,193151,0.682400950194662,0.0552889059681259,0.0872984270997502
2021,46,5015,547387,436130,423757,12373,51728,0.774145166034268,0.028369981427556,0.122069959906267
2021,47,42634,4428881,3231983,3059936,172047,295052,0.690904993834786,0.0532326438598223,0.0964242389383307
2021,48,162774,19038467,14026422,13161172,865250,1269437,0.691293684517771,0.0616871501513358,0.0964531882115058
2021,49,20795,2118306,1653426,1595622,57804,154780,0.753253779199039,0.0349601373148844,0.0970029242514831
2021,50,3874,409835,312245,299162,13083,31460,0.729957177888663,0.0418997902288267,0.105160414758559
2021,51,54592,5577486,4271727,4072939,198788,317247,0.730246386992276,0.0465357453788597,0.0778914194393778
2021,53,48351,5001993,3779188,3554734,224454,309368,0.710663529517135,0.059392123387352,0.087029859336873
2021,54,10153,1099217,726533,679988,46545,50016,0.618611247824588,0.0640645366418318,0.0735542391924563
2021,55,35768,3719534,2931523,2830251,101272,224157,0.760915480272529,0.0345458657496462,0.0792003960072799
2021,56,3371,356547,278424,268244,10180,26336,0.752338401388877,0.0365629399764388,0.0981792696201965
2022,1,30727,3181461,2249038,2144712,104326,190388,0.674128018542424,0.0463869441067692,0.0887708932481378
2022,2,4362,479775,362450,347137,15313,31314,0.723541243291126,0.0422485860118637,0.0902064602736096
2022,4,43585,4575931,3405121,3259468,145653,297135,0.712307069315512,0.0427746914133154,0.0911605820336325
2022,5,18725,1892909,1320814,1256931,63883,126246,0.664020827202998,0.0483663861830659,0.100439880948119
2022,6,249389,25390073,18989719,17982651,1007068,1904396,0.708255190916544,0.053032274990483,0.105901849510398
2022,8,37814,3863606,3105416,2995517,109899,301819,0.775316375427515,0.0353894615085386,0.100756897724166
2022,9,22881,2321075,1819657,1734644,85013,147647,0.747345087944164,0.0467192443411039,0.0851166002937779
2022,10,5373,622574,483426,461109,22317,35668,0.740649304339725,0.0461642526467339,0.0773526433012585
2022,11,4860,470880,377524,358168,19356,21580,0.76063540604825,0.0512709125777434,0.0602510553706641
2022,12,127708,13665654,10223764,9814867,408897,1177350,0.718214217921806,0.0399947612249266,0.119955777291735
2022,13,67874,7063930,5278701,5061297,217404,480617,0.716498747864149,0.0411851324786155,0.0949592564909745
2022,15,8944,878838,676654,652676,23978,64853,0.742657918751806,0.0354361313167439,0.0993647690431393
2022,16,11644,1201039,903030,877267,25763,101896,0.730423408398895,0.0285295062179551,0.116151639124691
2022,17,77928,8036465,6231228,5939251,291977,476804,0.739037748562334,0.046857056105153,0.0802801565382571
2022,18,42268,4303848,3282470,3164082,118388,231476,0.735175127002627,0.0360667424226269,0.073157396047258
2022,19,19529,1981111,1595377,1549636,45741,149728,0.782205540224652,0.0286709661728858,0.0966214001223513
2022,20,17576,1827599,1426555,1375013,51542,115370,0.752360337251224,0.0361303980568573,0.0839046612650208
2022,21,28107,2838657,2047285,1952343,94942,165875,0.687769956003843,0.0463745887846587,0.0849620174323877
2022,22,26829,2877774,2032580,1918021,114559,201424,0.666494658718857,0.056361373230082,0.105016576982212
2022,23,8238,857864,660452,640488,19964,72244,0.746607853925564,0.0302277833968252,0.112795243626735
2022,24,38143,3928488,3095793,2972041,123752,238705,0.756535593337691,0.0399742489242659,0.0803168596933892
2022,25,46318,4546838,3578433,3432506,145927,270942,0.75492155207641,0.0407795814536698,0.0789341664661329
2022,26,60375,6306524,4746087,4515048,231039,363884,0.715932897424952,0.0486798914558456,0.0805936060923383
2022,27,34620,3595280,2938526,2838714,99812,246938,0.789566876571505,0.0339666894218394,0.0869893902661557
2022,28,17597,1827042,1259593,1194342,65251,106415,0.653702542141888,0.0518032412056911,0.0890992697234126
2022,29,38439,3859610,2941181,2831708,109473,234925,0.733677236819264,0.0372207626800255,0.0829622969599973
2022,30,6354,688450,533822,515019,18803,66766,0.748084828237345,0.0352233516040927,0.12963793568781
2022,31,11680,1215638,989546,966323,23223,91275,0.79491016240032,0.0234683380055096,0.0944559945277097
2022,32,18788,2032510,1530533,1446268,84265,124927,0.711567470762752,0.0550559837651328,0.0863788730719341
2022,33,8546,896796,713638,693442,20196,61755,0.773243859250041,0.028300062496672,0.08905575376167
2022,34,57639,5903841,4614237,4380711,233526,344801,0.742010328530189,0.0506098841476933,0.0787089127769442
2022,35,11832,1306129,933163,887844,45319,85412,0.679752153118107,0.048564934529123,0.0962015849631242
2022,36,126745,12594137,9451085,8966806,484279,818612,0.711982567761491,0.0512405718496871,0.0912935999730562
2022,37,66178,6805537,5122341,4924843,197498,449601,0.723652373060348,0.0385561992065737,0.0912924533837931
2022,38,4700,488462,395456,388103,7353,40592,0.794540824055914,0.0185937247127367,0.10459079161975
2022,39,71781,7346555,5607737,5392793,214944,396772,0.734057391525688,0.0383299002788469,0.0735744909919591
2022,40,23746,2518258,1816101,1736113,79988,167371,0.689410298706487,0.0440438059337008,0.0964055911107169
2022,41,26409,2692064,2061433,1971548,89885,203119,0.732355545781973,0.0436031634304874,0.103025135578743
2022,42,79038,8125213,6229058,5959804,269254,445121,0.733495109605127,0.0432254764685126,0.0746871876994613
2022,44,6415,710489,551904,526535,25369,46003,0.74108818011257,0.0459663274772424,0.0873693106821009
2022,45,32387,3287587,2431249,2322858,108391,214152,0.706554077504261,0.0445824347896904,0.0921933239139026
2022,46,5279,549800,438499,426786,11713,42597,0.776256820662059,0.0267115774494355,0.099808803475278
2022,47,43758,4482663,3340678,3220600,120078,296505,0.7184568636991,0.0359442005485114,0.0920651431410296
2022,48,182158,19438179,14558247,13918843,639404,1349899,0.716056941342088,0.0439203978336128,0.0969835639355944
2022,49,21796,2159370,1710588,1666589,43999,153304,0.771794088090508,0.0257215647484958,0.0919866865795946
2022,50,4061,408599,323770,313991,9779,34616,0.768457583107154,0.0302035395496803,0.110245198110774
2022,51,55017,5578257,4297451,4145851,151600,322062,0.743216205348732,0.035276725668309,0.0776829654514839
2022,53,49563,5019785,3868076,3710328,157748,322123,0.739140819776146,0.0407820322041242,0.0868179309214711
2022,54,10668,1089869,729896,695809,34087,46396,0.638433609910916,0.0467011738658658,0.0666792180037913
2022,55,36746,3707594,2963435,2881033,82402,231075,0.777062698882348,0.0278062451175747,0.0802056068083913
2022,56,3529,358162,282967,272377,10590,31402,0.760485478638158,0.0374248587291098,0.115288735833055
2023,1,31363,3187150,2261688,2161767,99921,182641,0.678275889117236,0.0441798338232329,0.0844869035377078
2023,2,4277,473141,364327,344762,19565,31881,0.72866650744704,0.0537017569381353,0.0924724882672684
2023,4,44451,4613118,3446076,3301513,144563,303527,0.715679286764397,0.0419500324426971,0.091935727649717
2023,5,18655,1907219,1361027,1303651,57376,116535,0.683535031897228,0.0421564010118829,0.0893912557885508
2023,6,248304,25267509,19034390,17972542,1061848,1877847,0.711290614361709,0.0557857646081645,0.104484218203524
2023,8,38489,3875404,3119268,3002937,116331,300013,0.774870697351812,0.0372943267458904,0.0999065248455096
2023,9,22338,2300466,1821787,1736534,85253,154322,0.754861841035686,0.0467963598378954,0.0888678252196617
2023,10,5504,626272,486778,471331,15447,35874,0.752597912728016,0.0317331514571324,0.0761121165380592
2023,11,4799,474805,388955,367617,21338,19963,0.774248375648951,0.0548598166883058,0.0543037998786781
2023,12,125799,13853880,10439979,10005865,434114,1195531,0.722242794076461,0.041581884408005,0.119483023206889
2023,13,68959,7118642,5327329,5086699,240630,493541,0.714560305181803,0.0451689767986922,0.0970257921689489
2023,15,8913,870630,669702,646047,23655,67704,0.742045415388856,0.035321680389188,0.1047973289869
2023,16,11916,1217324,922021,888334,33687,101348,0.729743272949519,0.0365360441898829,0.114087719258747
2023,17,77630,7983548,6236043,5929648,306395,464662,0.742733431301472,0.0491329197056531,0.0783624930181353
2023,18,42125,4292830,3296673,3176601,120072,235209,0.739978289380199,0.0364221747197857,0.0740442378504571
2023,19,19156,1975998,1591113,1542556,48557,144143,0.78064653911593,0.0305176313687337,0.093444257453214
2023,20,17538,1822015,1436761,1392323,44438,114038,0.764166595774459,0.0309292916497594,0.0819048453555676
2023,21,27892,2833154,2061154,1971981,89173,167439,0.696037349187513,0.0432636280452601,0.0849090330992033
2023,22,26442,2840435,2009337,1906182,103155,181689,0.671088055174648,0.0513378293437089,0.0953156624078918
2023,23,8418,862219,672773,651114,21659,76664,0.755160811812312,0.0321936225145777,0.117742822301471
2023,24,37553,3912607,3110330,2984030,126300,226633,0.762670516103457,0.040606623734459,0.0759486332241968
2023,25,45815,4538619,3608265,3461517,146748,280434,0.762680674451854,0.0406699618791857,0.0810147689582342
2023,26,59854,6254829,4724717,4512005,212712,355979,0.721363445747278,0.0450211092008262,0.078895967535497
2023,27,34458,3577065,2942787,2855866,86921,243645,0.798382472781456,0.0295369661480766,0.0853138767715292
2023,28,17653,1836574,1270592,1209769,60823,108739,0.658709640885693,0.0478698118672241,0.08988410184093
2023,29,38141,3859799,2975044,2870810,104234,233513,0.743771890712444,0.0350361204741846,0.0813404579195419
2023,30,6356,694661,535744,522001,13743,68956,0.751447108733613,0.0256521771592402,0.132099363794322
2023,31,11806,1215166,997085,970803,26282,95611,0.798905663917522,0.0263588360069603,0.0984865106514916
2023,32,18950,2039063,1543536,1475949,67587,133641,0.723836879978696,0.0437871225549647,0.0905458115422687
2023,33,8585,897497,722943,704465,18478,58446,0.784921843749896,0.0255594147809717,0.0829650869809004
2023,34,57830,5874322,4626307,4401125,225182,359309,0.7492141220723,0.0486742449214892,0.0816402624329007
2023,35,12155,1299571,938582,891664,46918,72538,0.686121804810972,0.0499881736491857,0.0813512713309049
2023,36,127154,12446018,9417351,8934629,482722,782450,0.717870486769343,0.0512587881666511,0.0875749849266265
2023,37,67858,6875337,5207581,4997743,209838,462110,0.726908804615687,0.0402947164912077,0.0924637381313925
2023,38,4809,486027,405679,395175,10504,41803,0.813072113277657,0.0258923927538768,0.1057835136332
2023,39,72320,7309806,5637620,5409560,228060,397923,0.740041527777892,0.0404532409066237,0.0735592173855175
2023,40,23711,2526060,1835251,1748718,86533,168803,0.692270967435453,0.0471504987601151,0.0965295719492794
2023,41,26189,2676112,2048781,1961290,87491,193026,0.732887861195645,0.042703929800208,0.0984178780292562
2023,42,78530,8066862,6209508,5930718,278790,447255,0.735195172546648,0.044897276885705,0.0754132973444362
2023,44,6272,704285,549464,521801,27663,41803,0.740894666221771,0.0503454275439337,0.080112916609972
2023,45,33072,3332592,2500137,2389840,110297,222912,0.717111485594396,0.0441163824222433,0.0932748635891943
2023,46,5352,556736,451481,440661,10820,47124,0.79150800379354,0.0239655710871554,0.106939347934126
2023,47,43792,4501060,3380786,3240521,140265,296363,0.719946190452916,0.0414888727059329,0.091455355481418
2023,48,186564,19660619,14869452,14214007,655445,1379466,0.72296843756547,0.0440799701293632,0.0970497622521222
2023,49,22300,2183857,1734726,1674001,60725,144473,0.766534164095909,0.035005528250571,0.0863040105710809
2023,50,3888,404727,322689,312940,9749,33639,0.773212560565517,0.030211751872546,0.107493449223493
2023,51,54796,5563130,4297135,4137577,159558,323529,0.743749831479761,0.0371312514035514,0.0781928650512123
2023,53,50131,5017161,3903719,3731533,172186,314005,0.743753887905929,0.0441081952876219,0.0841490615251158
2023,54,10618,1085810,745353,710649,34704,41829,0.654487433344692,0.0465604887885338,0.0588602812358844
2023,55,36523,3693977,2958032,2877371,80661,205569,0.778935819037314,0.0272684676839196,0.0714433418561597
2023,56,3415,358741,278793,269020,9773,32127,0.749900345932023,0.0350546821476866,0.119422347780834
2024,1,31671,3203620,2289178,2192252,96926,189747,0.684304630386875,0.0423409625638548,0.0865534619195238
2024,2,4254,475387,368590,347856,20734,27511,0.73173225182851,0.0562522043462926,0.0790873234901798
2024,4,43962,4704027,3560539,3397246,163293,308654,0.722199511184779,0.0458618765304916,0.0908541801211923
2024,5,18937,1914483,1376566,1325637,50929,122252,0.692425579125017,0.0369971363523434,0.0922213245405793
2024,6,248364,25563704,19283837,18130392,1153445,1905359,0.709223984129999,0.0598140816062695,0.105091991392133
2024,8,39423,3921931,3175482,3038374,137108,305218,0.774713782572921,0.0431770672924614,0.100454387774514
2024,9,22848,2328813,1847191,1750792,96399,155670,0.751795871974263,0.0521868068867811,0.0889140457575771
2024,10,5358,633176,497709,471773,25936,37856,0.745089832842685,0.0521107715552662,0.0802419807831309
2024,11,4630,493309,394583,372354,22229,23817,0.754808852058243,0.0563354224586462,0.0639633252227719
2024,12,123769,14338606,10917819,10408842,508977,1246512,0.725931237667037,0.0466189263624905,0.11975510820512
2024,13,68723,7205110,5451405,5191725,259680,485573,0.720561518144761,0.0476354260965751,0.0935282589120186
2024,15,8972,871087,693446,670537,22909,63146,0.769770413288225,0.0330364584985709,0.0941722828121342
2024,16,12188,1238254,945483,910731,34752,99793,0.735496109844991,0.0367558168682039,0.109574616434491
2024,17,78438,8088090,6323985,5994225,329760,478263,0.741117494983365,0.052144336205731,0.079787295271699
2024,18,42618,4323141,3327710,3184884,142826,227188,0.73670601999796,0.0429202063881769,0.0713332102519275
2024,19,19338,1988047,1611779,1558929,52850,136054,0.784150978321941,0.032789855184861,0.0872740195352066
2024,20,17706,1832355,1468731,1413860,54871,115077,0.771608121788627,0.0373594620117639,0.0813920755944719
2024,21,28453,2864976,2089683,1984128,105555,158532,0.692546115569555,0.050512446146138,0.0799000870911554
2024,22,26755,2840437,2034269,1924742,109527,180789,0.677621788478322,0.0538409620359943,0.0939289525557192
2024,23,8256,860891,671126,653486,17640,79601,0.759080998639781,0.02628418508596,0.12180980158718
2024,24,38168,3960295,3169276,3029854,139422,235442,0.765057653533386,0.043991750797343,0.0777073746787799
2024,25,46765,4619650,3682132,3531143,150989,266986,0.764374573831351,0.041005862907685,0.0756089458852275
2024,26,59672,6319751,4782172,4566330,215842,366648,0.722549037137697,0.0451347212103622,0.0802938026818036
2024,27,34338,3624922,2981571,2875430,106141,239409,0.793239137283506,0.035599018101531,0.0832602428158571
2024,28,17483,1827036,1298459,1236031,62428,107391,0.676522520629041,0.0480785300113442,0.0868837432070879
2024,29,38391,3883986,2992894,2891367,101527,227440,0.744432909902353,0.0339226848662198,0.0786617541114635
2024,30,6273,696959,546452,529826,16626,70286,0.760196797803027,0.030425362154407,0.132658646423543
2024,31,11659,1237294,1008015,973836,34179,97640,0.787069201014472,0.0339072335233107,0.100263288685158
2024,32,19377,2087342,1607572,1506946,100626,145893,0.721944942419594,0.0625950190722406,0.0968136880817229
2024,33,8370,892664,722440,701850,20590,56335,0.786242079886721,0.028500636731078,0.0802664386977274
2024,34,57433,6002227,4741287,4480811,260476,368658,0.746524748230948,0.0549378259531642,0.0822748381933538
2024,35,11982,1313123,950473,897721,52752,77058,0.683653397282661,0.0555007875026434,0.0858373592686369
2024,36,129267,12606169,9534838,9007536,527302,817554,0.714533971423039,0.055302670061096,0.0907633341681898
2024,37,68478,7001563,5338696,5118657,220039,462425,0.731073476022425,0.0412158699427725,0.0903410797011794
2024,38,4699,496919,401255,395357,5898,39389,0.795616589424031,0.0146988822569189,0.0996289429553543
2024,39,72090,7374339,5708682,5481918,226764,397423,0.743377542041395,0.0397226540206654,0.0724970712805263
2024,40,23436,2569979,1888016,1798570,89446,171101,0.699838403348821,0.0473756578334082,0.0951316879520953
2024,41,26579,2705931,2102753,1999600,103153,202632,0.738969323312383,0.0490561658929984,0.101336267253451
2024,42,78412,8117927,6283177,6006447,276730,465963,0.739899114638503,0.0440430056323417,0.0775771433594603
2024,44,6127,715557,567895,538499,29396,47900,0.752559195144482,0.051763090007836,0.0889509544121716
2024,45,33526,3393808,2562701,2446676,116025,231090,0.72092351718188,0.0452744974930747,0.094450593376483
2024,46,5330,559360,458612,444266,14346,50595,0.794239845537757,0.0312813445788597,0.113884474616559
2024,47,45042,4577129,3464492,3318339,146153,307617,0.724982625571619,0.0421859828223012,0.0927021018648185
2024,48,179509,20197466,15232428,14492781,739647,1398747,0.717554419945552,0.0485573934766014,0.0965133606862617
2024,49,22675,2252616,1790024,1719932,70092,159188,0.763526495416884,0.039157016889159,0.0925548219348207
2024,50,3919,405188,328474,319308,9166,36979,0.788049004412766,0.0279047961178054,0.115809813722174
2024,51,54864,5617520,4351492,4188538,162954,313637,0.745620487332488,0.0374478454746096,0.0748798268035291
2024,53,50745,5127849,3986122,3795374,190748,327060,0.740149329670199,0.0478530260739636,0.0861733257381223
2024,54,10588,1081728,756118,721134,34984,44756,0.666650026624068,0.0462679105642241,0.0620633613170368
2024,55,36394,3710277,2984417,2891999,92418,223153,0.779456358649233,0.0309668521523634,0.0771621981888652
2024,56,3567,361595,289214,278872,10342,31267,0.77122747825606,0.0357589881541004,0.112119538713101
